train-AverageDiscountedReturn,Time-Optimization,n_timesteps,Time-SampleProc,Time-Sampling,ItrTime,Itr,LossAfter,train-EnvExecTime,train-NumTrajs,train-MaxReturn,train-MinReturn,LossBefore,train-StdReturn,train-PolicyExecTime,train-AverageReturn,Time
-29.862135780680045,2.725416421890259,10000,0.19909071922302246,23.22372055053711,26.149413108825684,0,0.029766515,8.412781953811646,100,22.460090176376426,-121.25816507574235,-1.4181946e-05,34.56908011789087,14.117219686508179,-46.922804866994966,26.149424076080322
-27.39678225348978,2.0454089641571045,20000,0.25263071060180664,23.218497276306152,25.524930715560913,1,0.0033659078,8.44106411933899,100,28.599922021260813,-136.23839748797332,-1.4204883e-05,33.603597368883584,14.084195137023926,-43.744130941907834,51.76862955093384
-29.077812626820055,2.3373515605926514,30000,0.1527249813079834,22.799291610717773,25.290616512298584,2,-0.012201301,8.351281881332397,100,20.15370201317232,-145.9111211502715,-1.4230765e-05,34.169451570924444,13.75162124633789,-46.964361593739255,77.12616872787476
-25.4310603396151,2.03646183013916,40000,0.14335346221923828,22.82390809059143,25.0048611164093,3,-0.0116774365,8.356386661529541,100,56.59674312551221,-120.41605904937823,-1.4229546e-05,37.59694318373943,13.774882793426514,-40.86442078016236,102.2831609249115
-35.45814169693156,1.9411733150482178,50000,0.13718152046203613,23.28507709503174,25.365769863128662,4,-0.013105263,8.476282596588135,100,15.07983536830966,-194.8365135620241,-1.42029885e-05,36.459579509413544,14.097848176956177,-56.813399978108556,127.79257726669312
-29.494230676768797,1.6324739456176758,60000,0.1315929889678955,23.44600009918213,25.212419033050537,5,-0.014258543,8.531223058700562,100,38.79706813506517,-180.4815584901542,-1.42046965e-05,39.32315625667664,14.205519914627075,-47.4287875546016,153.11943078041077
-28.531395493916985,1.4060513973236084,70000,0.12342715263366699,23.641844511032104,25.17365002632141,6,-0.011435533,8.551756381988525,100,13.457900446055572,-130.51906141996673,-1.4186139e-05,30.890825049502087,14.372298240661621,-45.55866738279119,178.4167182445526
-30.738269255031085,1.2759296894073486,80000,0.128753662109375,23.844067335128784,25.251328229904175,7,-0.016489897,8.613370180130005,100,29.090957758758986,-153.73261675550805,-1.4158539e-05,42.94143753110107,14.52049446105957,-48.04652609573259,203.7485008239746
-27.77971303733011,1.1368582248687744,90000,0.1340198516845703,23.8855402469635,25.158194065093994,8,-0.013632554,8.552165746688843,100,34.89695176101814,-124.98872222997124,-1.4160733e-05,36.39828011026769,14.609490156173706,-44.8237276833735,228.98763704299927
-26.26092616045009,1.1405975818634033,100000,0.14921998977661133,24.044692039489746,25.335726976394653,9,-0.014661803,8.6261568069458,100,47.419142433943584,-131.61931329416635,-1.4142745e-05,34.937909216347265,14.692843198776245,-42.31879545273698,254.39719939231873
-25.535394420351658,1.1654975414276123,110000,0.12595176696777344,23.984461545944214,25.276562213897705,10,-0.013727865,8.583520412445068,100,42.96612777523144,-120.54169237642203,-1.4142376e-05,33.91548962295317,14.6758291721344,-39.936289005576924,279.74910020828247
-27.303989719966886,1.1490190029144287,120000,0.14656329154968262,23.952770948410034,25.249052047729492,11,-0.014137369,8.600001335144043,100,21.705640259617223,-145.46041381301802,-1.4097589e-05,34.484944588293736,14.6292564868927,-43.262616598789435,305.06597113609314
-26.80061470055461,1.1447694301605225,130000,0.1288304328918457,23.92616105079651,25.200493335723877,12,-0.012887915,8.54412055015564,100,23.819094155957476,-135.64664116026114,-1.4059194e-05,36.94063754011781,14.662525415420532,-43.378966087955675,330.3405656814575
-22.201513888921383,1.1560258865356445,140000,0.12857604026794434,23.930127382278442,25.215339422225952,13,-0.013673223,8.59578537940979,100,35.426913972122925,-148.06266312884938,-1.40526445e-05,35.452974985470895,14.618414640426636,-35.59708300270439,355.6322147846222
-23.156930226659924,1.163064956665039,150000,0.13196539878845215,24.01841926574707,25.314677000045776,14,-0.014848956,8.556036710739136,100,37.75235704674802,-154.70925055936655,-1.4021625e-05,40.50454612420913,14.742482423782349,-36.30753564652029,381.01663041114807
-23.08149591927333,1.1434950828552246,160000,0.1270127296447754,23.968446254730225,25.23976445198059,15,-0.01602216,8.587970495223999,100,36.68462215066639,-149.81833141414674,-1.3999581e-05,37.218484682238845,14.659212589263916,-37.15120104139444,406.3343017101288
-21.46356237611337,1.1903059482574463,170000,0.14982151985168457,24.057292222976685,25.398256301879883,16,-0.014061087,8.646945476531982,100,35.56361002982703,-119.27272835892695,-1.3981484e-05,35.592918351665006,14.677160263061523,-32.603193446586324,431.80845642089844
-20.297950917977563,1.161081075668335,180000,0.13077831268310547,24.00813126564026,25.300594806671143,17,-0.014424866,8.618875741958618,100,34.33441430521056,-119.07667833879623,-1.3986079e-05,34.37666081852779,14.657786130905151,-31.538304354817424,457.1776852607727
-24.272223377042206,1.130220651626587,190000,0.17132091522216797,24.056997060775757,25.359363555908203,18,-0.014128524,8.615514993667603,100,41.395711978418234,-116.82793542516359,-1.3952598e-05,33.355590144221,14.706382513046265,-38.52739387048805,482.60460019111633
-20.229979038778872,1.1335868835449219,200000,0.15601015090942383,24.09760069847107,25.387948989868164,19,-0.0139763765,8.624043226242065,100,74.32689085753174,-121.8440089115697,-1.3968883e-05,33.36571498899032,14.748985528945923,-31.460218349316197,508.0673711299896
-23.214193125203742,1.1934809684753418,210000,0.15037822723388672,24.096375226974487,25.440974473953247,20,-0.01415554,8.65622329711914,100,45.203015015016526,-131.08643222363082,-1.3940086e-05,34.11525444347354,14.718751430511475,-35.26208922584355,533.5807955265045
-19.86926545252044,1.1349589824676514,220000,0.16256165504455566,24.077000856399536,25.375625610351562,21,-0.014842541,8.656346559524536,100,46.03122181452298,-96.78981287520706,-1.3947601e-05,29.874416207438486,14.693002939224243,-30.681427020140287,559.0222976207733
-19.945338581190303,1.133164882659912,230000,0.1324923038482666,23.960177659988403,25.2265887260437,22,-0.015133512,8.597997426986694,100,34.94731142097936,-117.90665785209536,-1.392582e-05,33.00523102067073,14.641686916351318,-31.097987247499727,584.3189313411713
-24.05948830406287,1.1896123886108398,240000,0.14438319206237793,24.015246152877808,25.350106477737427,23,-0.016713325,8.584304094314575,100,40.30747347088773,-150.98680247590175,-1.3923539e-05,35.66205111215003,14.710200071334839,-37.22751837320622,609.7403206825256
-23.292073963848278,1.1468911170959473,250000,0.13701725006103516,24.20622682571411,25.49089789390564,24,-0.0133821275,8.654536485671997,100,32.40942970828198,-162.60623392349703,-1.3908911e-05,37.662968071090724,14.821317434310913,-36.91258613658439,635.3038907051086
-20.12801449270454,1.1673824787139893,260000,0.15471458435058594,23.90718102455139,25.23006319999695,25,-0.01539307,8.577681064605713,100,29.7850908394391,-127.31467282344184,-1.3911658e-05,29.528147084503622,14.605430364608765,-31.384940151695382,660.6064097881317
-19.70212860123896,1.130204439163208,270000,0.12904047966003418,24.07296371459961,25.33282446861267,26,-0.014965769,8.569881200790405,100,55.26367749244762,-130.97207356098363,-1.3882566e-05,35.396863928331264,14.773511409759521,-31.22662383720461,686.0044357776642
-16.607897416143796,1.150594711303711,280000,0.140411376953125,24.11062717437744,25.40234637260437,27,-0.015593388,8.592693328857422,100,40.75623475325073,-138.87343582739805,-1.3855415e-05,32.58992901267952,14.79133129119873,-26.824742559265655,711.4727118015289
-16.00885321619175,1.1350016593933105,290000,0.12402033805847168,24.010582447052002,25.270312309265137,28,-0.016016807,8.604605913162231,100,50.858150288987154,-147.85401839095985,-1.3882192e-05,34.52561137190946,14.674345254898071,-24.468890781160244,736.8110733032227
-17.28009389460724,1.1367456912994385,300000,0.12141132354736328,24.026047468185425,25.284925937652588,29,-0.01152845,8.630437850952148,100,40.63769698466356,-97.9305682188709,-1.38366795e-05,30.537741296136403,14.671494245529175,-26.41544593058118,762.1571958065033
-15.038811356293225,1.1281931400299072,310000,0.15221786499023438,24.054780960083008,25.335898637771606,30,-0.01471784,8.645247220993042,100,42.478844569758856,-118.68202831408468,-1.3824504e-05,30.72422843017673,14.670289754867554,-23.256408815803024,787.5724873542786
-17.049173718362375,1.1583826541900635,320000,0.1332104206085205,24.040146827697754,25.33248257637024,31,-0.01528026,8.648809671401978,100,39.93625525418103,-128.0591225977743,-1.38322475e-05,33.32013418232541,14.65270733833313,-27.130525253502757,812.9753158092499
-17.811106017071385,1.158761739730835,330000,0.11986160278320312,24.043495655059814,25.32322645187378,32,-0.014242622,8.606053829193115,100,57.27561964931954,-91.92688103035314,-1.381742e-05,28.747844259982315,14.709346532821655,-27.713986153372,838.367778301239
-18.034127883736712,1.1463372707366943,340000,0.16501808166503906,23.962478160858154,25.275322437286377,33,-0.016390042,8.626282930374146,100,35.04647849977014,-145.1952904200833,-1.38168425e-05,31.282547960912822,14.609869480133057,-28.015768195704915,863.715827703476
-16.53263848129106,1.1507534980773926,350000,0.1353306770324707,24.150508403778076,25.437324047088623,34,-0.015259669,8.663344621658325,100,38.71951331602398,-123.40969231684431,-1.37906745e-05,32.70708601351214,14.74820613861084,-25.94429439322853,889.2279551029205
-17.99945276259745,1.1345875263214111,360000,0.14473843574523926,24.775725841522217,26.055944681167603,35,-0.014413803,8.880011796951294,100,27.94430947473858,-110.15694339716087,-1.3755382e-05,29.647721913964308,15.147740840911865,-28.046787774866186,915.3499975204468
-16.810470393463856,1.1474015712738037,370000,0.13589930534362793,24.055230140686035,25.339194536209106,36,-0.0149494205,8.61174464225769,100,56.42267789400882,-99.80322854922598,-1.3749326e-05,29.91150904181974,14.723748683929443,-26.264567550328376,940.7608816623688
-16.53559891793498,1.1157736778259277,380000,0.14351749420166016,23.98744559288025,25.247729539871216,37,-0.01601473,8.626311540603638,100,38.21970327574517,-103.01652419584799,-1.3741427e-05,26.277606117117795,14.642881870269775,-27.544672670660162,966.0815551280975
-17.72942050039814,1.16758394241333,390000,0.1433119773864746,24.0677707195282,25.37971067428589,38,-0.014601518,8.660236597061157,100,65.16708429287387,-125.71017907995648,-1.3728822e-05,30.327084784406484,14.685704469680786,-27.70658528126969,991.5270948410034
-16.103263779130405,1.1309924125671387,400000,0.1374342441558838,24.14629101753235,25.415581226348877,39,-0.01732579,8.61024022102356,100,39.69386424584563,-116.54619101664646,-1.3705691e-05,31.924125859894072,14.800079107284546,-25.03363119722175,1017.02245926857
-15.999280968220548,1.1542108058929443,410000,0.13329792022705078,23.96723198890686,25.255504369735718,40,-0.016053528,8.617538213729858,100,44.979589827664604,-121.25093170644543,-1.3734885e-05,30.03867047479287,14.631226062774658,-25.804764036761433,1042.3458411693573
-16.74984295443106,1.1466617584228516,420000,0.14188337326049805,24.001578330993652,25.291011810302734,41,-0.01406137,8.688186883926392,100,24.509271118495345,-98.02118697232187,-1.3718623e-05,27.706253948371604,14.591232299804688,-27.481808301362918,1067.703971862793
-16.71446507463954,1.1558527946472168,430000,0.12957096099853516,23.986269235610962,25.272928714752197,42,-0.012728372,8.605398893356323,100,49.17541677553957,-90.44685108918678,-1.3680086e-05,29.22882008695333,14.653291463851929,-26.960784481240104,1093.0419223308563
-15.303188177412153,1.1541228294372559,440000,0.1338362693786621,23.91375160217285,25.20262098312378,43,-0.012689363,8.581350564956665,100,36.802574192741986,-117.3692560951338,-1.3672991e-05,31.169645917765184,14.612948656082153,-23.862043166903113,1118.3148655891418
-20.50492545242313,1.1402723789215088,450000,0.12662339210510254,24.03453230857849,25.302114725112915,44,-0.015250969,8.648556470870972,100,19.713941083448955,-109.89861262499817,-1.3665586e-05,27.5445146732227,14.647335529327393,-32.89075143579462,1143.695475101471
-17.293745351369648,1.1692347526550293,460000,0.1301288604736328,24.2495698928833,25.549625396728516,45,-0.017020412,8.6692636013031,100,21.02222979419028,-91.4349937679108,-1.3646409e-05,25.652145284929333,14.84456205368042,-27.783188238928805,1169.3104810714722
-16.54754615422867,1.1766440868377686,470000,0.13955235481262207,23.966071367263794,25.283042907714844,46,-0.01631641,8.626395463943481,100,37.718871436447024,-113.90120368010872,-1.3628988e-05,29.09343305530933,14.607099056243896,-25.948152819912004,1194.668058872223
-21.80513739650998,1.1383640766143799,480000,0.14927887916564941,24.100772857666016,25.38909101486206,47,-0.01783293,8.635338068008423,100,27.41080744215046,-122.591948979105,-1.3624456e-05,31.25451335669454,14.735512971878052,-35.808881179304095,1220.127590894699
-18.01853958791996,1.1314284801483154,490000,0.12572622299194336,23.902977466583252,25.16076397895813,48,-0.017015655,8.585232973098755,100,34.59552341989012,-111.7492078713893,-1.36141825e-05,30.434339596835514,14.604865550994873,-28.73753632296427,1245.357956647873
-19.821500424254356,1.1232187747955322,500000,0.17182040214538574,24.005555868148804,25.3015456199646,49,-0.016120652,8.580627679824829,100,32.23421980777543,-142.68852241869286,-1.357776e-05,33.03288647984965,14.703856945037842,-31.479576912790506,1270.7384006977081
-17.91299064259412,1.2509284019470215,510000,0.12278914451599121,24.143872261047363,25.518260717391968,50,-0.014966151,8.657559156417847,100,38.44025394572647,-93.78944745605872,-1.358602e-05,26.96699227327812,14.76703143119812,-29.440643418667992,1296.3332617282867
-18.76066837128062,1.1801764965057373,520000,0.13261747360229492,23.92693853378296,25.240458726882935,51,-0.017196553,8.610668897628784,100,33.24153151600648,-115.5512122147989,-1.3565392e-05,30.776197623531004,14.590708255767822,-28.403322154965664,1321.6521110534668
-18.731269283884693,1.1330695152282715,530000,0.13752460479736328,24.136683702468872,25.407967567443848,52,-0.014945172,8.621512413024902,100,44.486916070612914,-123.8419097175293,-1.3523527e-05,29.856600371245875,14.796229600906372,-29.52850274639808,1347.1316103935242
-19.659225614913364,1.1470167636871338,540000,0.1275944709777832,23.95688509941101,25.232264041900635,53,-0.01667498,8.650190114974976,100,55.10174059882527,-120.39766783957197,-1.3537554e-05,30.21692451078605,14.578296184539795,-31.256676749594686,1372.4272210597992
-20.397961123688553,1.1768512725830078,550000,0.12720298767089844,24.115967512130737,25.42082118988037,54,-0.015642991,8.61716628074646,100,34.120242469779576,-130.44993421560764,-1.35272585e-05,29.8919058927287,14.7571439743042,-31.81056718402994,1397.9170637130737
-18.759262064394246,1.1534652709960938,560000,0.13097715377807617,24.06147003173828,25.34666657447815,55,-0.016541447,8.615046739578247,100,40.39939504026853,-134.83560303039394,-1.3517023e-05,33.228051124316416,14.727037191390991,-29.960872912270055,1423.3421630859375
-17.39878628753091,1.1609270572662354,570000,0.13617992401123047,23.95863914489746,25.25666379928589,56,-0.013841006,8.622312307357788,100,44.70771291269951,-88.77571930836321,-1.3465601e-05,27.592006853790046,14.614500045776367,-26.668270619553837,1448.6721925735474
-15.465690821631847,1.1390955448150635,580000,0.13626551628112793,24.079355478286743,25.355377674102783,57,-0.013392683,8.62568998336792,100,47.08258607746417,-83.24291701218793,-1.3517155e-05,27.607684731182943,14.73756217956543,-23.48095198128484,1474.0962252616882
-15.036866954373496,1.1430277824401855,590000,0.1374378204345703,24.084768772125244,25.36604881286621,58,-0.013833513,8.656620264053345,100,23.765440720227446,-118.10435950284936,-1.3501902e-05,26.43709425992181,14.701586246490479,-23.786787627219155,1499.5289669036865
-15.451273537956956,1.1539158821105957,600000,0.1275339126586914,24.033737659454346,25.31598472595215,59,-0.013566027,8.621602773666382,100,37.03932254050738,-131.71624172856943,-1.3477807e-05,29.611864644227026,14.67441201210022,-25.660372338071337,1524.916520357132
-19.88350844938296,1.123246669769287,610000,0.12361669540405273,24.1119544506073,25.359517335891724,60,-0.013508171,8.690429449081421,100,25.722497502367585,-106.97312669545921,-1.3488591e-05,26.115047620864935,14.701085805892944,-31.23005770025925,1550.3440282344818
-14.652413765076552,1.152817726135254,620000,0.13422751426696777,24.025065898895264,25.313251495361328,61,-0.01644998,8.58395791053772,100,31.105937884071178,-105.70545904505464,-1.3494776e-05,27.339193780686085,14.721352815628052,-23.83407209728619,1575.727995634079
-11.86350585403848,1.1283273696899414,630000,0.1496131420135498,24.14257502555847,25.42157530784607,62,-0.015002293,8.626733541488647,100,30.189385667882505,-99.74499634160638,-1.34505235e-05,27.740167500717934,14.777759313583374,-19.350417258404867,1601.223126411438
-18.227250285197602,1.1307671070098877,640000,0.12600302696228027,24.039727449417114,25.29715847969055,63,-0.016047053,8.598273515701294,100,23.91012230571305,-118.25281644053312,-1.3438021e-05,29.780840886748575,14.721647500991821,-28.80526592239504,1626.5917570590973
-17.49999403218833,1.1664278507232666,650000,0.12779521942138672,24.098438024520874,25.3934268951416,64,-0.016068537,8.655097723007202,100,24.488923403442804,-112.41157983969664,-1.3435283e-05,27.446125922874533,14.721248865127563,-28.218011909732553,1652.0537867546082
-15.377493830920677,1.1313543319702148,660000,0.13293886184692383,23.994504928588867,25.259520769119263,65,-0.014867949,8.625611066818237,100,59.4018690336216,-95.35338014047137,-1.3414096e-05,29.78396557420057,14.641014814376831,-24.29332309317359,1677.3873374462128
-11.238308300754277,1.1511242389678955,670000,0.13003897666931152,24.222116947174072,25.504015922546387,66,-0.012761807,8.672223567962646,100,42.87288197056124,-78.8376150661309,-1.3439096e-05,25.04062179628181,14.817070245742798,-17.70055845387537,1702.9587650299072
-15.902463328917982,1.1132667064666748,680000,0.14018702507019043,23.99811315536499,25.25265407562256,67,-0.015984042,8.61774492263794,100,42.46655285638164,-76.48828594434903,-1.3410725e-05,25.579552667676094,14.649887800216675,-26.135965233023857,1728.2756931781769
-16.27120191747629,1.1699364185333252,690000,0.14386963844299316,24.177842378616333,25.492347955703735,68,-0.016636143,8.660144090652466,100,39.78590554510364,-120.15618376652914,-1.3406845e-05,29.384105184344588,14.79051160812378,-26.546106863935766,1753.8370690345764
-14.814784568094144,1.1520593166351318,700000,0.1367018222808838,24.05657196044922,25.346225023269653,69,-0.014743173,8.614943265914917,100,42.758260276839216,-92.79390068149284,-1.3404136e-05,26.27924391778652,14.712194919586182,-23.394465907977892,1779.2585463523865
-14.210010589554326,1.1336209774017334,710000,0.12799525260925293,23.91673254966736,25.178990364074707,70,-0.01565546,8.606205701828003,100,31.241263030389344,-102.33338457068338,-1.33888625e-05,25.590559401287024,14.58502984046936,-22.699153247133886,1804.5108308792114
-15.00566277129974,1.1197569370269775,720000,0.12981534004211426,24.188109874725342,25.438389539718628,71,-0.01740614,8.683441162109375,100,41.309093132962744,-108.5527763246673,-1.3384248e-05,26.71099522140604,14.766117572784424,-23.71502759275969,1830.0186071395874
-15.566135274929197,1.1830575466156006,730000,0.14788150787353516,24.060960292816162,25.39298725128174,72,-0.014346552,8.655845165252686,100,30.596166101494788,-90.98945680621172,-1.3355665e-05,25.865527149952904,14.685407161712646,-25.363495349539075,1855.4853646755219
-14.009368534277868,1.1383097171783447,740000,0.12917685508728027,24.096794843673706,25.364941835403442,73,-0.017551476,8.665644884109497,100,26.048584252719436,-95.12205675065752,-1.3339981e-05,27.429288697925482,14.701724290847778,-22.531938476798196,1880.9243569374084
-13.982895290826272,1.1616785526275635,750000,0.12617707252502441,24.104456424713135,25.393120527267456,74,-0.015038052,8.66039776802063,100,53.988540879670325,-83.1076514517861,-1.3340963e-05,27.239313965248343,14.713709115982056,-22.186368022937405,1906.3851466178894
-14.69267454214122,1.1965889930725098,760000,0.12720942497253418,24.08697772026062,25.411560773849487,75,-0.017607793,8.583518981933594,100,38.52053237413451,-89.02576875873639,-1.330532e-05,28.471542373673113,14.781593084335327,-23.20037479710693,1931.8717408180237
-12.111653819216496,1.1518054008483887,770000,0.1352694034576416,24.119762659072876,25.40820574760437,76,-0.01671938,8.646918058395386,100,44.79827440560518,-93.36100107671868,-1.3313817e-05,25.656195444344085,14.741788864135742,-19.77381849754815,1957.350596666336
-12.344620674471942,1.1246435642242432,780000,0.12729692459106445,24.059228897094727,25.311845064163208,77,-0.015593847,8.614312887191772,100,39.75342541232641,-91.75878871650323,-1.3283285e-05,27.07603625605429,14.708662509918213,-19.558331866694587,1982.7365562915802
-14.61336710804506,1.1594305038452148,790000,0.1346280574798584,24.120819091796875,25.415597200393677,78,-0.015295382,8.632914066314697,100,49.118873075844,-118.47293733788277,-1.3299994e-05,24.929000510367917,14.75200343132019,-24.154348782030397,2008.2206344604492
-14.384276985720005,1.1317439079284668,800000,0.13604235649108887,23.922675371170044,25.191727876663208,79,-0.016167631,8.588056802749634,100,63.56939018434941,-106.83249698830761,-1.3305722e-05,27.886085391946427,14.610787391662598,-24.774808317272317,2033.4912915229797
-12.97497424365989,1.1503257751464844,810000,0.1227562427520752,24.160852670669556,25.434664726257324,80,-0.01689506,8.695547580718994,100,33.392852494434706,-92.49227998531174,-1.329161e-05,26.13663450449041,14.742777585983276,-20.692186171587096,2058.9942660331726
-15.474581967851584,1.1295669078826904,820000,0.13839983940124512,24.061005115509033,25.329737424850464,81,-0.017274065,8.574037313461304,100,28.349341887037333,-121.09056554440023,-1.3247302e-05,29.773283709315074,14.757511854171753,-25.582961813092666,2084.394108772278
-12.746401692950666,1.154378890991211,830000,0.14608478546142578,23.951992988586426,25.253121852874756,82,-0.0173868,8.586196422576904,100,34.34937208647326,-109.53724507895562,-1.32462565e-05,27.654898161647257,14.643343925476074,-21.586257310792547,2109.718631029129
-14.021786658962505,1.123420238494873,840000,0.14309406280517578,24.021594047546387,25.28950810432434,83,-0.015120531,8.618444919586182,100,64.97927668494073,-106.70405788810575,-1.3224825e-05,28.00967580968365,14.672056674957275,-23.505751790389066,2135.0807313919067
-13.967608957301831,1.1810345649719238,850000,0.12743735313415527,23.935277938842773,25.24447798728943,84,-0.016002996,8.607441663742065,100,56.33128006113484,-106.64360465650273,-1.3228678e-05,25.356098779941895,14.604089498519897,-23.83452968868148,2160.406257867813
-15.04082334233913,1.1542637348175049,860000,0.12428736686706543,24.09033179283142,25.369568824768066,85,-0.015873032,8.58545184135437,100,48.43999907662699,-112.2064660546535,-1.3215101e-05,30.72393855216916,14.763335466384888,-25.657170203142687,2185.860477924347
-10.33538721332249,1.1594898700714111,870000,0.12551259994506836,24.063613653182983,25.349384546279907,86,-0.017468562,8.617369651794434,100,70.3380221482185,-118.22441309118783,-1.31905e-05,32.08816104956812,14.723737716674805,-17.146536923690768,2211.285226583481
-14.059565231012924,1.1414310932159424,880000,0.1358506679534912,24.016772985458374,25.294884204864502,87,-0.016393391,8.632387399673462,100,64.76740987977342,-86.14668571086074,-1.3193153e-05,26.406647730224204,14.655061483383179,-24.068996385363388,2236.6558034420013
-13.701021026027538,1.1466710567474365,890000,0.1292569637298584,23.88990879058838,25.166516542434692,88,-0.01563551,8.598009586334229,100,26.193602511127967,-91.7603415471574,-1.3146197e-05,23.45826492620259,14.569402933120728,-23.78762136770851,2261.899556875229
-13.558685044099512,1.1697289943695068,900000,0.12779974937438965,24.017613410949707,25.315849542617798,89,-0.016324872,8.603620052337646,100,51.96216789457292,-91.12599975829526,-1.3208139e-05,27.170877994796207,14.68995976448059,-22.439343106997185,2287.2896332740784
-14.149758037247265,1.1479527950286865,910000,0.14273476600646973,24.03858971595764,25.33004379272461,90,-0.01686639,8.652159929275513,100,43.30854521889373,-133.94535843876014,-1.3180659e-05,31.489902295249937,14.657168865203857,-23.692613087753056,2312.686952352524
-13.273885093744664,1.1586055755615234,920000,0.1256546974182129,24.06936001777649,25.354363679885864,91,-0.014461451,8.639790534973145,100,41.93168248734746,-85.38074608785361,-1.3209781e-05,24.481097145794212,14.704362869262695,-23.37656217980852,2338.1089837551117
-14.095426186647195,1.1953914165496826,930000,0.12731099128723145,24.117671966552734,25.441067695617676,92,-0.014762885,8.61580491065979,100,32.14734178130827,-86.49924650698108,-1.3170847e-05,23.72124104494287,14.778866052627563,-22.828826959571508,2363.6197788715363
-12.277311288826969,1.1455893516540527,940000,0.12875628471374512,24.038665533065796,25.31404209136963,93,-0.01602267,8.59939980506897,100,30.18637935337971,-108.77439556857712,-1.31696e-05,25.92463941595172,14.720624446868896,-21.291990111481503,2389.0109448432922
-14.368606597675775,1.1137714385986328,950000,0.14639854431152344,24.00558829307556,25.26682472229004,94,-0.017010894,8.637459516525269,100,44.80403854658843,-87.77598232909537,-1.31956185e-05,25.62624472362629,14.640270471572876,-23.868234638521663,2414.3506076335907
-13.470887044167704,1.1327309608459473,960000,0.13383150100708008,23.960826635360718,25.22811222076416,95,-0.019074095,8.600637435913086,100,52.86042592401299,-104.70829919574979,-1.3209583e-05,29.88078925417766,14.645902633666992,-22.01241702715626,2439.64537525177
-16.154420423317426,1.1242091655731201,970000,0.1388099193572998,23.888718843460083,25.152576684951782,96,-0.015358353,8.570648431777954,100,47.43997594187967,-97.42679005256878,-1.3221331e-05,28.88120772346123,14.59896445274353,-26.109886799761853,2464.874039888382
-13.76834620602839,1.1439259052276611,980000,0.15936589241027832,23.9646999835968,25.2701518535614,97,-0.017118195,8.615260124206543,100,67.83758652747221,-89.89914741799221,-1.3202084e-05,26.926409265433442,14.636760711669922,-24.12985064312982,2490.210781812668
-13.78211336091439,1.586108684539795,990000,0.17024517059326172,23.602287769317627,25.360222339630127,98,-0.017786358,8.537964820861816,100,38.58721280351714,-98.27442498385635,-1.3210437e-05,30.06168449106741,14.339059591293335,-22.423544697905005,2515.639446258545
-12.094965792736687,1.6904401779174805,1000000,0.1303389072418213,23.49978256225586,25.32127070426941,99,-0.017923491,8.495464086532593,100,37.35997264313954,-102.33418091888842,-1.3195409e-05,28.201394270411935,14.280597925186157,-21.8247480505491,2541.0311257839203
-13.756582076253633,1.4539692401885986,1010000,0.14103293418884277,23.533259630203247,25.129082202911377,100,-0.017328337,8.49947476387024,100,57.649717593542626,-92.49457948209162,-1.3168926e-05,24.75504086972051,14.319256067276001,-22.985038573554053,2566.274862766266
-14.152491029129292,1.2901067733764648,1020000,0.13521814346313477,23.708627462387085,25.136497259140015,101,-0.017647918,8.562966346740723,100,36.36409519836114,-97.18672319886687,-1.3150133e-05,28.667979951137355,14.430546998977661,-23.459612426946393,2591.50389957428
-11.156810924562741,1.1463592052459717,1030000,0.12255287170410156,23.920158863067627,25.19105052947998,102,-0.017985094,8.606746196746826,100,62.10497298474315,-74.71700663835061,-1.3135848e-05,28.55035886413703,14.59400725364685,-17.898928898497545,2616.7848925590515
-13.125263960643835,1.1440978050231934,1040000,0.13208460807800293,23.95303225517273,25.22994112968445,103,-0.015395351,8.601731061935425,100,32.28972531737696,-106.19561597585442,-1.3111318e-05,28.4282253321077,14.62267017364502,-22.478521694812912,2642.091456413269
-13.00374093156453,1.1744413375854492,1050000,0.13072967529296875,24.118096351623535,25.424108266830444,104,-0.01696434,8.612179279327393,100,73.64892782169541,-115.44873483854342,-1.3126634e-05,32.06151054941678,14.78724479675293,-21.268366496594837,2667.592803955078
-14.367538566984546,1.1554396152496338,1060000,0.13103342056274414,23.83268690109253,25.119789361953735,105,-0.017365793,8.566412925720215,100,48.2279186918842,-103.25002414655367,-1.3123439e-05,27.938088236439206,14.548668622970581,-23.578346528188305,2692.7815039157867
-14.446762333096776,1.1449306011199951,1070000,0.12958240509033203,24.564699411392212,25.84025526046753,106,-0.018343735,8.761262893676758,100,54.51045771572375,-118.13912534486713,-1.3115481e-05,30.193848480683016,15.070911884307861,-22.53347222232393,2718.690171480179
-14.250196137722277,1.1595673561096191,1080000,0.14628028869628906,24.098763465881348,25.405526638031006,107,-0.016868738,8.611175298690796,100,47.57717678821561,-103.1723595212176,-1.3066697e-05,29.28090136171677,14.75392770767212,-23.33945330651737,2744.167358636856
-12.172472040434487,1.1521680355072021,1090000,0.15954923629760742,23.92975401878357,25.242222547531128,108,-0.01849817,8.53411054611206,100,37.471618734335536,-92.49181800111585,-1.3070827e-05,27.40948220221373,14.67184066772461,-19.819916554745678,2769.477177143097
-13.485168181523248,1.1678271293640137,1100000,0.1278095245361328,24.01242709159851,25.30927538871765,109,-0.01665442,8.551514625549316,100,45.05773992383742,-106.75516781248308,-1.3027175e-05,29.47334352948269,14.739489316940308,-22.35972662997962,2794.8586328029633
-12.758787803634133,1.166825294494629,1110000,0.1265108585357666,24.1912682056427,25.485487461090088,110,-0.017838836,8.636852264404297,100,46.60578341926482,-111.95319064693932,-1.2999525e-05,28.428476778987324,14.810980319976807,-20.670023145969182,2820.4076476097107
-14.077350216786305,1.1385254859924316,1120000,0.12429094314575195,24.048046588897705,25.311598539352417,111,-0.01825218,8.59006667137146,100,41.04257150318802,-98.5564071218293,-1.29693235e-05,29.192215416768942,14.728661298751831,-23.21383233534786,2845.7922973632812
-10.959496796820547,1.1627528667449951,1130000,0.13578033447265625,23.90846085548401,25.207848072052002,112,-0.017270857,8.560535669326782,100,54.3394490582747,-138.40218156850023,-1.2981311e-05,34.837078383967075,14.630082607269287,-18.77320242149144,2871.072829723358
-9.377558433230991,1.1691901683807373,1140000,0.13347911834716797,23.875216007232666,25.17867159843445,113,-0.018114284,8.575033903121948,100,47.125852859441785,-79.30631050448721,-1.2967542e-05,28.24188250648664,14.575739622116089,-16.677455916259756,2896.3150339126587
-11.42852567983572,1.1335022449493408,1150000,0.13198280334472656,24.05160117149353,25.317787647247314,114,-0.017503567,8.580771684646606,100,59.51896767964489,-110.78951101372205,-1.2960453e-05,28.571427149089494,14.742415428161621,-18.812637163977545,2921.700686454773
-9.413433610842082,1.1360373497009277,1160000,0.1264193058013916,23.99806022644043,25.261213064193726,115,-0.018615544,8.581324100494385,100,49.93786069136549,-86.09730533309022,-1.2942108e-05,29.942917663043815,14.671536445617676,-16.193756147515902,2947.026449918747
-13.407665865617378,1.142259120941162,1170000,0.1298999786376953,24.230073928833008,25.50300097465515,116,-0.018299816,8.655895233154297,100,34.86543126426782,-96.18400874817627,-1.2912667e-05,27.710866016411803,14.841697692871094,-22.390093400638353,2972.596433162689
-11.3063329170484,1.1525628566741943,1180000,0.13213443756103516,24.00324845314026,25.28852677345276,117,-0.01632182,8.59652042388916,100,48.63699523195553,-130.06062541536423,-1.2904349e-05,29.83820305729172,14.674995183944702,-18.582254514491762,2997.9618577957153
-13.870460832647163,1.1475474834442139,1190000,0.16915678977966309,24.058929920196533,25.37635111808777,118,-0.018161701,8.62322735786438,100,26.536279778754388,-89.00491387456547,-1.2901323e-05,28.82706388327855,14.694578409194946,-22.266290879844846,3023.4094438552856
-15.25764627185242,1.150660514831543,1200000,0.1299729347229004,24.00422191619873,25.285606622695923,119,-0.018920908,8.590234756469727,100,49.829584147261016,-133.3399825418963,-1.2908197e-05,29.12239800944025,14.68504524230957,-25.594948267236656,3048.763998270035
-10.875957943051244,1.1565985679626465,1210000,0.13691020011901855,23.95780611038208,25.25198721885681,120,-0.01965198,8.57659125328064,100,39.50330356681597,-97.7284777001054,-1.2916537e-05,26.50342370996505,14.66037130355835,-17.994505991069722,3074.084641456604
-9.74640669450308,1.1046662330627441,1220000,0.16594696044921875,24.068272829055786,25.339675664901733,121,-0.017464943,8.618976593017578,100,70.63577228370923,-100.24253238938223,-1.2916545e-05,28.20613113012338,14.72365927696228,-16.639390594811243,3099.494176387787
-10.955502955531193,1.1294167041778564,1230000,0.13639354705810547,24.000704526901245,25.267186403274536,122,-0.017047456,8.615715742111206,100,62.169678189762976,-86.5521839618427,-1.2880415e-05,28.48914187635301,14.656188488006592,-17.014867771018384,3124.8336987495422
-11.642055496098935,1.1513853073120117,1240000,0.1558551788330078,24.02167534828186,25.32970952987671,123,-0.018105347,8.588193416595459,100,69.18357322300405,-130.16987164533484,-1.2874025e-05,28.986745472989384,14.708445072174072,-20.679287497373565,3150.2363862991333
-13.121395138284145,1.2061312198638916,1250000,0.1901688575744629,23.824238061904907,25.222994804382324,124,-0.018071065,8.540566682815552,100,40.802200618675165,-116.50424552921599,-1.2889866e-05,27.94812966455447,14.549145460128784,-21.853090169010994,3175.5386397838593
-15.218184880795837,1.497697114944458,1260000,0.19944334030151367,23.620121479034424,25.319051504135132,125,-0.01904343,8.51187252998352,100,35.91608341402707,-90.07011313455331,-1.2894749e-05,26.32775078344535,14.3882577419281,-25.99781575852536,3200.9219348430634
-9.357844058371542,1.6973295211791992,1270000,0.1277625560760498,23.430246114730835,25.256090879440308,126,-0.0198852,8.496224880218506,100,48.50802388540967,-95.24995171453608,-1.2884667e-05,27.786324281816007,14.207381963729858,-16.56668976587741,3226.2468791007996
-14.55804288369999,1.5913898944854736,1280000,0.1209554672241211,23.63188099861145,25.346317768096924,127,-0.018455835,8.556565046310425,100,24.069764869342208,-115.98213525314966,-1.2875948e-05,27.445704777780826,14.352055072784424,-24.795172084954412,3251.6954913139343
-12.3367195086629,1.3658545017242432,1290000,0.1614983081817627,23.648302793502808,25.176475048065186,128,-0.017585017,8.557507276535034,100,37.7322853522375,-136.06620230057456,-1.2847679e-05,32.26309612399351,14.378440380096436,-21.173594047184448,3276.9730863571167
-10.993130089715223,1.186234712600708,1300000,0.11924576759338379,23.76953387260437,25.07626485824585,129,-0.017586775,8.549007415771484,100,37.58645077530746,-87.97475543173798,-1.2818986e-05,23.70300206140421,14.508432626724243,-17.6982924327394,3302.1359066963196
-11.011619787761976,1.132378101348877,1310000,0.12406206130981445,24.13322114944458,25.390687942504883,130,-0.017069446,8.612104177474976,100,51.03044823361489,-122.9287001751579,-1.2855888e-05,31.12192350701485,14.797382116317749,-17.68451442288309,3327.5999591350555
-13.743264562796183,1.1287574768066406,1320000,0.13617515563964844,23.95320463180542,25.219070434570312,131,-0.018786874,8.579326868057251,100,38.98444534611439,-96.5280724987265,-1.2811096e-05,25.444126330720753,14.654141664505005,-22.060544319158165,3352.895506620407
-13.08795700087881,1.16011643409729,1330000,0.1288754940032959,23.95736813545227,25.24714231491089,132,-0.019844638,8.591562271118164,100,48.591646566465435,-86.48230706327399,-1.2774665e-05,25.52451913489657,14.64321494102478,-21.631582435998244,3378.2115666866302
-11.853902251077791,1.1437408924102783,1340000,0.1287543773651123,24.016011476516724,25.289332389831543,133,-0.019319404,8.634180068969727,100,46.03779934570144,-94.33911444613642,-1.2768983e-05,27.410157955451186,14.659273624420166,-19.776467410748648,3403.5704131126404
-11.608603058398076,1.1577608585357666,1350000,0.13799834251403809,24.04253101348877,25.339041471481323,134,-0.017484197,8.58522891998291,100,51.8175692265446,-112.2927964819833,-1.2745143e-05,28.95189658237501,14.725505113601685,-19.91267724305071,3428.9751329421997
-10.010914555743422,1.1481318473815918,1360000,0.13067126274108887,24.010221004486084,25.289801597595215,135,-0.018049058,8.569788455963135,100,45.87035192087742,-94.77943444198783,-1.2715013e-05,25.061240137136924,14.704418897628784,-16.685481061601642,3454.3333592414856
-13.198637043376687,1.1240053176879883,1370000,0.14091897010803223,24.01747727394104,25.28316831588745,136,-0.01885093,8.579596042633057,100,44.612093671552145,-120.80987945659972,-1.269208e-05,29.086362196188723,14.721731424331665,-21.568031866768287,3479.6819174289703
-13.98269748181135,1.1706180572509766,1380000,0.15540242195129395,23.93853235244751,25.265347719192505,137,-0.017527368,8.580406188964844,100,55.866434197716806,-146.72885541009975,-1.2687424e-05,34.084083701393254,14.626654863357544,-23.551568423506254,3505.0177109241486
-11.370135767888852,1.1479456424713135,1390000,0.12599849700927734,23.87934398651123,25.154058694839478,138,-0.01744326,8.555967330932617,100,32.34257971345764,-118.7853516624672,-1.2670533e-05,28.474066420565247,14.595250368118286,-19.606553898534877,3530.242896795273
-11.813069251176783,1.1491444110870361,1400000,0.13919949531555176,24.101145267486572,25.390174388885498,139,-0.019101648,8.61877965927124,100,55.11292007652969,-92.91737152790725,-1.2622896e-05,26.999783586338953,14.751761674880981,-19.970810981225874,3555.70551943779
-13.598105810273694,1.1365277767181396,1410000,0.12739181518554688,23.99806022644043,25.26269507408142,140,-0.01989424,8.588717460632324,100,49.82851545447628,-88.54666601914316,-1.2627902e-05,28.586215510659166,14.678128242492676,-22.332849870248403,3581.0418000221252
-15.145583019610864,1.1339681148529053,1420000,0.1433088779449463,23.99372959136963,25.27175283432007,141,-0.018523045,8.553831577301025,100,42.83036489850473,-104.67094437925181,-1.2609851e-05,31.42266303761252,14.696703910827637,-25.898522592444596,3606.3859729766846
-12.124374271026179,1.1171953678131104,1430000,0.1360306739807129,24.056135654449463,25.310040950775146,142,-0.017789867,8.612783432006836,100,52.01124536574572,-104.16432935224182,-1.2604159e-05,30.02310367193713,14.715314626693726,-20.736987187881645,3631.766476869583
-13.477849714020838,1.159578800201416,1440000,0.14379239082336426,24.002184629440308,25.306259870529175,143,-0.01945955,8.547734260559082,100,35.66834894032401,-107.32694674218125,-1.2590942e-05,29.338578725490457,14.73144817352295,-23.214909812122524,3657.140367269516
-10.883027345207111,1.189023494720459,1450000,0.12286138534545898,24.01779341697693,25.330369472503662,144,-0.019587629,8.60229754447937,100,44.19581048397364,-93.62849054994172,-1.2610975e-05,30.996222209617674,14.689090251922607,-18.79157545047566,3682.5410747528076
-10.75058299819916,1.1359515190124512,1460000,0.12434792518615723,23.982768058776855,25.24380135536194,145,-0.019833092,8.614263772964478,100,44.23527242029387,-114.48733363769153,-1.2613877e-05,28.29457412149728,14.637059926986694,-19.88431998814034,3707.8570086956024
-11.016194482813118,1.215146780014038,1470000,0.14039063453674316,23.953174352645874,25.309505462646484,146,-0.018871892,8.57808780670166,100,42.35665411092946,-100.49726669535933,-1.2596473e-05,28.4996987429593,14.654338121414185,-18.72735410355883,3733.24085187912
-9.014078553522566,1.153580665588379,1480000,0.16120505332946777,23.918195486068726,25.233683109283447,147,-0.019412022,8.551372289657593,100,47.931032072798764,-90.30926000432918,-1.2583461e-05,26.637633332004803,14.637027978897095,-16.04505073528487,3758.551354408264
-14.28753430204216,1.1283962726593018,1490000,0.1279606819152832,23.965203046798706,25.22256588935852,148,-0.019640926,8.621954679489136,100,51.57794874813339,-164.0876775128885,-1.2537882e-05,32.817508471234014,14.6124746799469,-24.426716252571637,3783.8457362651825
-4.387472971909324,1.1625208854675293,1500000,0.1464240550994873,24.070362091064453,25.380093336105347,149,-0.018393783,8.607662677764893,100,68.78367311071334,-64.82980062693888,-1.2545823e-05,26.43772979881477,14.740676164627075,-8.7140609312596,3809.296164035797
-10.197280358626308,1.1524863243103027,1510000,0.13356399536132812,23.83268117904663,25.119749069213867,150,-0.016221525,8.554864883422852,100,59.74145181094393,-117.59604592342917,-1.252483e-05,29.350469349846875,14.556412696838379,-18.691762821292613,3834.4899804592133
-8.199589913211117,1.1490106582641602,1520000,0.13750338554382324,24.11619734764099,25.403329372406006,151,-0.019022072,8.571130514144897,100,76.65695285725553,-77.68052167828043,-1.251797e-05,30.064855396508104,14.813666582107544,-14.67742371716302,3859.9645738601685
-11.958210350501794,1.152420997619629,1530000,0.13031959533691406,23.875145435333252,25.158610820770264,152,-0.01865985,8.517274618148804,100,54.7810798571392,-122.11821562210658,-1.248369e-05,29.997660262814723,14.64723014831543,-21.848391564039897,3885.1896097660065
-6.373431553015248,1.1682512760162354,1540000,0.14024567604064941,23.87363076210022,25.182796001434326,153,-0.016627327,8.550609827041626,100,49.1596878192573,-87.26365685839907,-1.2489106e-05,26.142276665913062,14.607789516448975,-11.678665111172796,3910.44252204895
-4.589119517360047,1.1720759868621826,1550000,0.164017915725708,23.89439845085144,25.231644868850708,154,-0.018286899,8.51858115196228,100,54.36019820341413,-80.77700950415647,-1.2466734e-05,28.595565513809063,14.646900177001953,-8.465007907149616,3935.7542366981506
-7.967722324556905,1.142916202545166,1560000,0.13524842262268066,24.006436824798584,25.28531551361084,155,-0.017495232,8.538309574127197,100,58.85807235269881,-94.39423125830521,-1.2479206e-05,29.647393483743315,14.744588613510132,-15.431036139772136,3961.107671737671
-6.557293134552474,1.1313436031341553,1570000,0.1661663055419922,23.98412561416626,25.28246831893921,156,-0.01682036,8.560470342636108,100,78.97592082900962,-94.04408918295356,-1.2455913e-05,32.32305148087919,14.701240301132202,-10.188976796195607,3986.4633750915527
-6.374224687924495,1.1203389167785645,1580000,0.13863325119018555,23.902668476104736,25.162482976913452,157,-0.015340735,8.545168161392212,100,85.00443228952072,-107.95474078713305,-1.24613425e-05,31.957813924225732,14.637266874313354,-12.626220838576149,4011.688155889511
-5.812409881692121,1.1380975246429443,1590000,0.16115808486938477,23.94684624671936,25.246853828430176,158,-0.013460615,8.526679992675781,100,64.04799286279238,-84.97991935855978,-1.2442438e-05,28.573491962525434,14.695185899734497,-10.765502591508241,4037.0073080062866
-8.289657097234903,1.149853229522705,1600000,0.13373398780822754,24.03903889656067,25.323360919952393,159,-0.015881293,8.56487226486206,100,135.68224433036198,-122.56612630301073,-1.2483871e-05,33.69360696346768,14.756909608840942,-15.622533524537562,4062.3981006145477
-5.332456302656858,1.1464552879333496,1610000,0.128584623336792,23.973307847976685,25.249035120010376,160,-0.015471416,8.600192308425903,100,78.17339128399668,-98.26997204400284,-1.2438823e-05,30.82600900467793,14.656782627105713,-10.540943713131893,4087.716700553894
-7.521551757786054,1.196012258529663,1620000,0.12932276725769043,24.05368709564209,25.37978196144104,161,-0.015556053,8.62366771697998,100,57.12421812954897,-90.74236805409221,-1.242784e-05,29.260813271389587,14.705054759979248,-13.785174678979711,4113.171208381653
-7.728992620251838,1.1739766597747803,1630000,0.12813115119934082,23.902101516723633,25.205036878585815,162,-0.015712673,8.53464937210083,100,54.824953558654556,-81.61064702240701,-1.247348e-05,29.220441771882182,14.640446424484253,-14.80717569150098,4138.4532334804535
-7.3651000082021145,1.1081116199493408,1640000,0.13908147811889648,24.200055599212646,25.447986602783203,163,-0.018292686,8.609833717346191,100,66.52673521407974,-111.96560526146854,-1.2472555e-05,33.416180853250495,14.858980417251587,-13.93103655521962,4163.980734825134
-8.596244857995341,1.141418218612671,1650000,0.14040541648864746,23.993148803710938,25.275916576385498,164,-0.015653046,8.551462173461914,100,77.47488271921674,-99.73308656032809,-1.2471493e-05,34.0985009022956,14.719999313354492,-16.545618763884125,4189.325334072113
-2.7011732143207827,1.2105979919433594,1660000,0.1398177146911621,24.103882551193237,25.45508122444153,165,-0.017046548,8.582369804382324,100,87.79247990954639,-90.6770771680791,-1.2454651e-05,36.4070567539292,14.790837287902832,-6.439864648409111,4214.844505786896
-4.006174778786595,1.172300100326538,1670000,0.13780593872070312,23.972925662994385,25.284348726272583,166,-0.017248746,8.616088151931763,100,101.35203655486752,-86.55973940445134,-1.24354265e-05,38.71816311005986,14.634081602096558,-9.304831216175739,4240.202800512314
-6.949939830689115,1.1348788738250732,1680000,0.14886903762817383,24.104504346847534,25.389132022857666,167,-0.020451747,8.551035404205322,100,42.00536350230339,-87.6970688575228,-1.2422101e-05,28.00452023191869,14.823367357254028,-13.515517782108716,4265.668330669403
-5.159589600778759,1.147857427597046,1690000,0.1291794776916504,24.0722713470459,25.350104093551636,168,-0.018479561,8.630189418792725,100,61.106261567308756,-136.4561996507126,-1.240032e-05,35.581125184760964,14.715062856674194,-11.44939475995495,4291.092386484146
-2.22315146593804,1.175821304321289,1700000,0.1526508331298828,24.01101303100586,25.34021234512329,169,-0.018705633,8.61808180809021,100,72.9694915880231,-71.60614575349152,-1.2386217e-05,33.56990574533677,14.664436101913452,-6.617861687566009,4316.5013546943665
-7.9155400500330755,1.1566579341888428,1710000,0.1530015468597412,24.096951484680176,25.407578468322754,170,-0.017943125,8.576290845870972,100,65.54920663193957,-101.59063470995507,-1.240451e-05,36.441328104650374,14.773123264312744,-15.031210106723895,4341.982638597488
-7.05337249458205,1.136598825454712,1720000,0.13318419456481934,24.006581783294678,25.27716827392578,171,-0.018640459,8.59493374824524,100,87.47775584996769,-99.68049939626137,-1.2362849e-05,35.87248162324784,14.679253339767456,-13.198620276394843,4367.329407691956
-3.3557809916121637,1.147533893585205,1730000,0.13418889045715332,24.019354820251465,25.30194878578186,172,-0.018965231,8.637155771255493,100,124.82611669506727,-97.44555585391639,-1.23633945e-05,41.49668672379656,14.649730682373047,-6.55309186959131,4392.69771027565
0.20430180862589697,1.124262809753418,1740000,0.14853477478027344,23.93887710571289,25.21231460571289,173,-0.018655818,8.566768884658813,100,60.77297213493664,-82.16867082947032,-1.2366447e-05,30.76988399280623,14.650087833404541,-1.2972614666743727,4417.984696626663
-6.596418079220995,1.1915535926818848,1750000,0.1712648868560791,24.06818461418152,25.431775331497192,174,-0.019474657,8.63021969795227,100,71.43854653271656,-108.75629385688738,-1.235471e-05,39.55372355690894,14.702775001525879,-12.947150427339698,4443.487379789352
-3.0125191493894734,1.1903202533721924,1760000,0.14591693878173828,24.168686628341675,25.505651712417603,175,-0.018461619,8.683749914169312,100,94.09273636860563,-78.33807110546992,-1.234747e-05,33.13932408872887,14.730841159820557,-6.1516870030879875,4469.072203636169
-5.3801741650694535,1.188929557800293,1770000,0.13733911514282227,23.97435760498047,25.301330089569092,176,-0.017994381,8.57857608795166,100,97.22042514060128,-82.19184278494474,-1.2340396e-05,38.3172492387645,14.67042326927185,-10.886392472812561,4494.446123838425
-1.6045535578584866,1.1550624370574951,1780000,0.12567138671875,24.594860553741455,25.8764009475708,177,-0.018792119,8.815616607666016,100,106.58100322438042,-127.79991870517436,-1.2345495e-05,38.07568770089329,15.04352355003357,-4.166897600371309,4520.395703077316
-5.327547174760451,1.1451153755187988,1790000,0.1383814811706543,24.0758695602417,25.360262632369995,178,-0.0202101,8.616134881973267,100,86.11727228062725,-83.76601244422437,-1.23112495e-05,35.39820294445394,14.727256774902344,-10.151240814873429,4545.833765745163
2.680997550995012,1.172022819519043,1800000,0.13625502586364746,24.151555061340332,25.461158752441406,179,-0.017529609,8.578532218933105,100,107.27558839543693,-121.7649428668252,-1.23036e-05,39.36768729435925,14.847599983215332,0.43116792763077555,4571.373535633087
-2.761466748540389,1.2316639423370361,1810000,0.1562175750732422,23.986841440200806,25.375438451766968,180,-0.018576704,8.627740859985352,100,86.1907466667887,-72.13206581212422,-1.2288541e-05,35.067782261695875,14.635208368301392,-6.298296461374525,4596.821831703186
-3.5653133241966333,1.1662280559539795,1820000,0.13229012489318848,23.946444749832153,25.24585723876953,181,-0.019381622,8.624756574630737,100,77.62740620567891,-132.00943468789816,-1.2287515e-05,36.93314907650151,14.595613956451416,-7.706231706350321,4622.148302316666
-1.279290277080602,1.1763732433319092,1830000,0.1256241798400879,23.868642807006836,25.171563625335693,182,-0.019503612,8.586655378341675,100,108.87053182580743,-119.59235640753796,-1.2254552e-05,40.72942549893216,14.549574613571167,-3.720621462931261,4647.393790006638
-2.495087934591376,1.1247010231018066,1840000,0.13788533210754395,24.024276971817017,25.287595987319946,183,-0.020262375,8.569706201553345,100,84.97855726651616,-100.54464544302209,-1.2228406e-05,37.96817394934976,14.732529163360596,-5.650317960542927,4672.753116846085
-1.6233774967136276,1.3257389068603516,1850000,0.21149039268493652,23.809616327285767,25.348578214645386,184,-0.020473167,8.550274848937988,100,118.14402906543516,-153.03425802511111,-1.223944e-05,42.35323646731136,14.530117750167847,-5.371506211948608,4698.170748472214
-2.0291481651115895,1.6467714309692383,1860000,0.20997023582458496,23.5387704372406,25.396486520767212,185,-0.019452713,8.521923065185547,100,113.07277647019515,-114.36623100027606,-1.2197845e-05,39.39792272399335,14.302438020706177,-5.559633245975894,4723.629183292389
0.41535359340728684,1.8101963996887207,1870000,0.12945556640625,23.50153946876526,25.441887617111206,186,-0.02111554,8.491723775863647,100,98.5810897851189,-117.17722850021347,-1.2204958e-05,36.3223791969248,14.302905082702637,-1.3113222234935804,4749.135722875595
1.594677394444713,1.4937772750854492,1880000,0.13904643058776855,23.784598112106323,25.418105840682983,187,-0.018842582,8.615834951400757,100,90.38000835998561,-64.5687904420273,-1.219132e-05,34.10922754224414,14.45164704322815,-0.4545945931916392,4774.63730597496
1.8358506174315818,1.3320438861846924,1890000,0.13265633583068848,23.78837490081787,25.254799127578735,188,-0.020125212,8.565612077713013,100,98.11594654924654,-114.05685985896622,-1.2146665e-05,40.6226730937839,14.507379531860352,0.4939549215748718,4799.976341247559
-3.9231977249220766,1.1504366397857666,1900000,0.1211245059967041,23.74468207359314,25.01750159263611,189,-0.019399729,8.57961630821228,100,77.26754187811382,-100.93223386987228,-1.2153444e-05,39.31719288972503,14.441958665847778,-8.585927666249905,4825.087733507156
-0.5924371135742602,1.14654541015625,1910000,0.16720366477966309,23.974887132644653,25.289666175842285,190,-0.021088542,8.580055236816406,100,111.42218557185393,-99.16157845980665,-1.2140499e-05,39.262536826820174,14.661956548690796,-3.3672262572161937,4850.443339109421
-3.2195241642621584,1.1449263095855713,1920000,0.15021991729736328,24.05158519744873,25.34757399559021,191,-0.019469416,8.61163854598999,100,97.8252757017487,-111.26759726270036,-1.2117611e-05,40.50000374807195,14.71556282043457,-5.634543125537236,4875.869923114777
-2.2869747339402617,1.152453899383545,1930000,0.1317441463470459,24.120407581329346,25.4053635597229,192,-0.020234125,8.67045283317566,100,72.69438732477617,-93.56531930490428,-1.20801415e-05,29.499200676998473,14.718135356903076,-5.868608068479029,4901.348928689957
6.52969383008395,1.1934552192687988,1940000,0.15839862823486328,24.070674180984497,25.423292636871338,193,-0.019148527,8.615389108657837,100,109.10733897517268,-78.43276837147864,-1.2048565e-05,32.48218704704849,14.736401319503784,8.350810974600732,4926.842032670975
-0.6119519464803146,1.146118402481079,1950000,0.14467787742614746,23.93333888053894,25.224801063537598,194,-0.019275883,8.601549625396729,100,105.65009132978552,-104.48023473468092,-1.204047e-05,42.037650661209184,14.61008596420288,-2.3006027602344115,4952.141003847122
3.6952367350631357,1.1649279594421387,1960000,0.13291692733764648,24.063159704208374,25.361764669418335,195,-0.017641155,8.549880027770996,100,95.24768974255558,-90.98915822084966,-1.203959e-05,42.274622972199516,14.791702032089233,2.46165166058244,4977.568987131119
3.214333704818606,1.1684763431549072,1970000,0.1334691047668457,24.097302675247192,25.399986743927002,196,-0.020099945,8.630330562591553,100,96.18886489761123,-90.49144740330118,-1.202396e-05,38.83084815254108,14.726708889007568,2.159536865428592,5003.035121917725
3.100481672455921,1.1636261940002441,1980000,0.12671780586242676,23.997889041900635,25.288918256759644,197,-0.017562099,8.597967624664307,100,117.97313799321995,-115.46513963476548,-1.2047372e-05,40.35953809621245,14.67201828956604,2.882274365160171,5028.395913600922
0.5796129586985893,1.1942768096923828,1990000,0.1313643455505371,24.034082412719727,25.360342025756836,198,-0.020077448,8.607319593429565,100,98.7373218486309,-140.00926374813582,-1.2011202e-05,40.80619113521365,14.68834376335144,-1.6410559031518763,5053.83415555954
4.257355920206392,1.149714469909668,2000000,0.12418746948242188,24.13457441329956,25.409098625183105,199,-0.019885138,8.63415789604187,100,167.62968653849438,-92.67181028692873,-1.1992644e-05,46.115705539615405,14.769562244415283,4.903328885242908,5079.314400196075
1.0385963528778188,1.178765058517456,2010000,0.13103818893432617,23.98278284072876,25.293222188949585,200,-0.018770184,8.557773351669312,100,110.30510637713346,-97.68246080495273,-1.19888155e-05,37.71810535240422,14.703206539154053,-0.12340736461691186,5104.676951646805
4.91939755125122,1.1544814109802246,2020000,0.14446115493774414,23.87184715270996,25.17167329788208,201,-0.020554598,8.6090669631958,100,106.04105849549067,-81.48934165838776,-1.1961382e-05,35.46591129410941,14.540563583374023,3.0799586783110304,5129.911098003387
7.235109086489131,1.1529273986816406,2030000,0.15849566459655762,24.043068647384644,25.355235815048218,202,-0.021155858,8.603602409362793,100,102.2095404345688,-82.65939362678075,-1.1957535e-05,39.74943656946328,14.718201160430908,10.258226580185601,5155.329472541809
3.863023730629617,1.1607029438018799,2040000,0.1268482208251953,23.947429418563843,25.235740423202515,203,-0.020061167,8.582062244415283,100,94.28146338396492,-96.2575429723798,-1.1935325e-05,40.55087934598942,14.642854690551758,4.057480632659861,5180.639519691467
4.331013467990129,1.152958869934082,2050000,0.13393592834472656,24.091853618621826,25.379526138305664,204,-0.019231245,8.60892939567566,100,113.60356108901152,-85.50784718278624,-1.193857e-05,35.282055580332084,14.744534730911255,4.230755575877722,5206.08648109436
-0.2223501125366554,1.1517572402954102,2060000,0.12478780746459961,24.02164077758789,25.29885721206665,205,-0.020240933,8.617642164230347,100,106.93152242574911,-109.94988336318359,-1.1924774e-05,44.172312763273574,14.673573017120361,-2.116303695189964,5231.452921152115
3.9634217904310525,1.1535532474517822,2070000,0.1442408561706543,24.031985998153687,25.33049249649048,206,-0.020029541,8.64487886428833,100,108.36166775545597,-105.23091627668543,-1.1919364e-05,40.700170279683206,14.65470027923584,1.9311909716104834,5256.859150886536
1.767468018840084,1.1655082702636719,2080000,0.1357402801513672,23.975077867507935,25.277095794677734,207,-0.019431015,8.594676971435547,100,126.4101234868715,-112.85670495026108,-1.1902386e-05,43.725472275536966,14.6449453830719,0.07432162982570546,5282.214814901352
6.208236216427285,1.1677167415618896,2090000,0.13133811950683594,24.007801294326782,25.307544708251953,208,-0.021423327,8.609577894210815,100,107.1659480601093,-110.30944707502623,-1.1863605e-05,42.20969485583061,14.673638820648193,5.635218367165504,5307.594927310944
8.5437495023363,1.1575610637664795,2100000,0.1392371654510498,23.953643321990967,25.251230001449585,209,-0.021916645,8.60817551612854,100,145.6723407782611,-85.86340000348028,-1.1877936e-05,40.346790908917825,14.628468036651611,9.942603207366812,5332.917819261551
4.111184099392463,1.12367844581604,2110000,0.13103628158569336,23.981398820877075,25.23753595352173,210,-0.02326413,8.59735894203186,100,120.34609681757036,-85.50852180130718,-1.1865669e-05,41.2755475692112,14.658962488174438,3.8050166657787474,5358.220533847809
4.561410169203343,1.1456308364868164,2120000,0.14116954803466797,24.05871891975403,25.346192598342896,211,-0.020314237,8.637779235839844,100,124.5967010681645,-146.67058231201116,-1.1806e-05,44.98725808883687,14.686083555221558,3.648774869255793,5383.6344175338745
8.56798115334068,1.1654508113861084,2130000,0.1656477451324463,24.16224956512451,25.49410605430603,212,-0.02367782,8.593024730682373,100,103.16376072081417,-61.94401121682412,-1.1833381e-05,36.52252936205961,14.848138093948364,9.812225094809607,5409.1943917274475
8.49698390973723,1.1643548011779785,2140000,0.13338232040405273,24.007065534591675,25.305487155914307,213,-0.020553902,8.621927261352539,100,115.21581544709429,-97.91052297370797,-1.1791177e-05,38.932321015742126,14.667418241500854,9.510827764515268,5434.577103614807
-0.042577042899476114,1.1462998390197754,2150000,0.12709879875183105,23.956013441085815,25.23012113571167,214,-0.020994764,8.573896884918213,100,130.20917029657716,-119.12924407423816,-1.176743e-05,42.607851781222806,14.653003215789795,-3.8607926175952034,5459.879202127457
8.31829287774766,1.1813061237335205,2160000,0.14608979225158691,24.037537336349487,25.36660122871399,215,-0.020893876,8.597926378250122,100,112.17779400609032,-111.13438161250772,-1.1728723e-05,43.58076555119237,14.719682455062866,9.67750616231886,5485.31451010704
3.9161748242419687,1.1536262035369873,2170000,0.1352832317352295,24.07929039001465,25.369516849517822,216,-0.020670451,8.587075233459473,100,113.93677868544287,-93.80419626648172,-1.1742943e-05,39.695235210968384,14.77541995048523,2.9114018027819,5510.756435632706
7.0862933406044055,1.1657078266143799,2180000,0.1351485252380371,24.204079151153564,25.5059711933136,217,-0.021726284,8.653808832168579,100,102.67803186460301,-75.23609609755063,-1.1728876e-05,37.27924725459056,14.8064546585083,7.304469323146424,5536.333192110062
10.409432161555532,1.1486485004425049,2190000,0.13422012329101562,24.06663942337036,25.350752353668213,218,-0.020627262,8.623477458953857,100,94.69118332078216,-69.56371119161196,-1.1684619e-05,36.9173376149432,14.720972776412964,11.544624663323717,5561.762174367905
10.28804070721123,1.1829862594604492,2200000,0.18055129051208496,23.88550877571106,25.250970363616943,219,-0.020441739,8.576947450637817,100,112.67158752706771,-108.44461888259326,-1.1686722e-05,39.63221622549241,14.573121547698975,13.373441065846237,5587.091943025589
5.512909577617197,1.4236087799072266,2210000,0.16602039337158203,23.708218336105347,25.29969835281372,220,-0.022124346,8.550211668014526,100,97.95794696827207,-103.53704210676236,-1.1663036e-05,40.35562975778134,14.435068607330322,5.260010615868264,5612.457290649414
5.539210299107614,1.6866662502288818,2220000,0.19965147972106934,23.58899188041687,25.476582765579224,221,-0.02097836,8.508398056030273,100,135.78705805848043,-73.09629303341858,-1.1644806e-05,37.24863852921798,14.360275745391846,4.849639834494489,5638.000643730164
7.839799494057876,1.8301291465759277,2230000,0.12932562828063965,23.481455326080322,25.441654682159424,222,-0.021676905,8.518699645996094,100,112.49491369394359,-73.49077950814973,-1.165513e-05,40.59300453544596,14.247986078262329,9.236499086000428,5663.504432439804
3.593309631403516,1.4680707454681396,2240000,0.13689279556274414,23.367339611053467,24.973015308380127,223,-0.021288818,8.454123973846436,100,104.14116521982034,-83.33213931404707,-1.1661511e-05,35.918387941899184,14.20488166809082,1.5257792982144756,5688.551656246185
9.178735502183724,1.4210031032562256,2250000,0.1405484676361084,23.70584774017334,25.26833415031433,224,-0.021014726,8.54615044593811,100,97.33503258928383,-114.80407498280756,-1.1634889e-05,39.09940500444506,14.439382314682007,11.257332271785954,5713.952565193176
8.889209569937151,1.4231154918670654,2260000,0.1427919864654541,23.867055892944336,25.43428325653076,225,-0.020052489,8.550825357437134,100,106.03677268668056,-85.46332782085703,-1.163023e-05,40.04357352624905,14.594336986541748,10.301156910845123,5739.485118627548
9.883931983055753,1.0969538688659668,2270000,0.12907862663269043,23.695725917816162,24.923694610595703,226,-0.02044553,8.534206628799438,100,153.65023530994893,-66.46229706676081,-1.1644605e-05,39.22405983937219,14.444620609283447,11.382828758652556,5764.4948534965515
10.905407955718829,1.171621322631836,2280000,0.14193224906921387,24.113187551498413,25.427356958389282,227,-0.022557613,8.63276195526123,100,131.39630443586123,-89.61609264559655,-1.1653166e-05,40.28959437491644,14.744855403900146,14.610516405105097,5789.994372844696
8.780303428801894,1.1455192565917969,2290000,0.131317138671875,24.164931774139404,25.443082332611084,228,-0.020711761,8.618064403533936,100,112.85842833647659,-76.74270544375625,-1.1607035e-05,40.192917508937654,14.79581069946289,10.817421603967212,5815.507436037064
12.063231757516261,1.129441738128662,2300000,0.1568150520324707,24.063828706741333,25.351054430007935,229,-0.021775668,8.655807495117188,100,177.81534674398762,-110.61795972893323,-1.1566332e-05,44.4186462726672,14.6804358959198,16.049536938554056,5840.933033466339
8.156235030359076,1.1762821674346924,2310000,0.133622407913208,23.9840989112854,25.29479455947876,230,-0.018693509,8.544180154800415,100,141.22229310832577,-81.68320046180042,-1.1555579e-05,40.639418334814245,14.683531522750854,9.901540389973254,5866.292088508606
14.482818235857039,1.165482521057129,2320000,0.12945246696472168,23.973977088928223,25.269606590270996,231,-0.01798171,8.619503736495972,100,113.8741756471117,-53.07405520838291,-1.1517214e-05,36.813075747646465,14.629356145858765,20.655507428527372,5891.637777328491
10.605115563410694,1.1541438102722168,2330000,0.13068103790283203,24.12128210067749,25.407025575637817,232,-0.020656098,8.651521682739258,100,137.41621918390442,-88.87449297458836,-1.1518446e-05,40.000615925833124,14.747349739074707,13.824438690024785,5917.117011547089
5.3945653430289395,1.123750925064087,2340000,0.1315321922302246,24.024821043014526,25.280765295028687,233,-0.02284313,8.56667971611023,100,144.04109150504397,-91.00956487169866,-1.1498165e-05,43.42214010268348,14.718916654586792,4.694388423971369,5942.4705011844635
8.52788788495988,1.1356616020202637,2350000,0.1222066879272461,24.09717035293579,25.35584259033203,234,-0.022495724,8.608198881149292,100,94.92705549938383,-107.93594281508955,-1.1480376e-05,37.308854753813044,14.753029823303223,10.173140844676062,5967.8949382305145
10.062416073874887,1.1475920677185059,2360000,0.1622023582458496,24.070099353790283,25.380656003952026,235,-0.022148043,8.613641500473022,100,105.71385473099255,-85.90663721977931,-1.1467608e-05,35.72327585861585,14.728383302688599,11.128219736637382,5993.345183372498
12.462284310471661,1.1407902240753174,2370000,0.15445470809936523,23.985851526260376,25.281963109970093,236,-0.02050373,8.55709457397461,100,103.20212488333333,-91.19172357475293,-1.1473013e-05,42.078812053814225,14.708022832870483,17.978832006300046,6018.698653459549
10.511995291090507,1.1567416191101074,2380000,0.137190580368042,24.015020608901978,25.309844493865967,237,-0.020130796,8.569645404815674,100,119.08784014555198,-117.86326922232676,-1.1441183e-05,43.11237991153902,14.707527160644531,12.866818246459525,6044.073021173477
13.937200346792487,1.193314552307129,2390000,0.1316545009613037,23.98664379119873,25.312394618988037,238,-0.021055184,8.556310892105103,100,113.96982432432036,-86.28152127211007,-1.1431757e-05,42.04804736840484,14.710219621658325,17.30416947950063,6069.456680774689
11.856090310932922,1.156747817993164,2400000,0.13415765762329102,23.93262767791748,25.224469900131226,239,-0.019661063,8.54654335975647,100,111.49863753571934,-100.97754629906564,-1.1419612e-05,41.917878325831985,14.661393642425537,14.588006966183576,6094.753049850464
10.22482260462739,1.15032958984375,2410000,0.13303780555725098,24.022257566452026,25.306321144104004,240,-0.020450277,8.586938619613647,100,140.1471083126927,-113.68209444479253,-1.13905135e-05,46.12127544202483,14.709745407104492,12.38605717092639,6120.124899148941
8.300582005335098,1.1745777130126953,2420000,0.14316225051879883,24.022361278533936,25.340942859649658,241,-0.022099419,8.584458827972412,100,131.66572434226921,-89.94524610750643,-1.1405799e-05,40.25706401783316,14.703719854354858,10.97270521118098,6145.543240785599
12.674631271556935,1.1362764835357666,2430000,0.1381978988647461,23.95894718170166,25.234097480773926,242,-0.022788484,8.577096700668335,100,116.67123321476143,-77.03810343696048,-1.1359548e-05,40.17436500723763,14.65364146232605,16.53002700739561,6170.853244781494
14.346263161388077,1.1610620021820068,2440000,0.12923002243041992,23.936365604400635,25.227381944656372,243,-0.020945098,8.593793153762817,100,127.98090780717307,-89.6639668822318,-1.1287032e-05,45.45794663294624,14.616807460784912,19.656730284600826,6196.144433498383
14.695032900645074,1.1304068565368652,2450000,0.13425636291503906,23.921887636184692,25.187280416488647,244,-0.022332894,8.568872928619385,100,127.82620923232729,-72.96804527589644,-1.128074e-05,42.379779431438656,14.637330532073975,20.852567001475606,6221.401092529297
15.686830491776131,1.1552271842956543,2460000,0.13346576690673828,24.02532172203064,25.315058946609497,245,-0.018604774,8.543572664260864,100,117.7743224471212,-48.65465138761726,-1.12094385e-05,39.18773573125205,14.757002353668213,21.992391539697245,6246.783081531525
10.327582276522437,1.133183240890503,2470000,0.12020373344421387,24.06580686569214,25.319942235946655,246,-0.016916363,8.575492858886719,100,126.19233433865104,-81.08703347498731,-1.1198066e-05,44.64671536050524,14.757372617721558,12.873104028245708,6272.183654785156
12.06926107787266,1.1602444648742676,2480000,0.1318187713623047,23.899030447006226,25.191833972930908,247,-0.021730218,8.522878646850586,100,116.2770908877146,-91.1225391979353,-1.1151009e-05,36.90098108525871,14.655430793762207,16.558797499451696,6297.449813842773
11.635619891886027,1.1415627002716064,2490000,0.13730883598327637,24.09737515449524,25.376977682113647,248,-0.022549815,8.600682020187378,100,115.42430378712451,-82.94163545951457,-1.1119511e-05,40.391971253244854,14.773798704147339,15.73625499836192,6322.8973088264465
16.85419293545371,1.1528832912445068,2500000,0.14882898330688477,24.52621364593506,25.828636646270752,249,-0.021791702,8.74331259727478,100,141.6509720486155,-88.78507091379466,-1.1107235e-05,44.9098088150867,15.044824600219727,23.838815319202528,6348.795729160309
14.18159274515929,1.1711196899414062,2510000,0.14044451713562012,24.04743504524231,25.359874486923218,250,-0.020523183,8.573275804519653,100,123.23430724057316,-80.22937925674685,-1.109369e-05,36.71292748554258,14.746663570404053,20.70271255060464,6374.23083114624
11.198662097257595,1.1545195579528809,2520000,0.1303572654724121,24.135674238204956,25.42149591445923,251,-0.021530181,8.617782831192017,100,113.33821555366589,-70.89235506357888,-1.1122413e-05,35.95908194529312,14.789637088775635,12.585560803838227,6399.71885061264
8.886103632343241,1.1317906379699707,2530000,0.13560819625854492,23.95529866218567,25.223390817642212,252,-0.019721853,8.580804824829102,100,140.36808794775422,-82.08654349877084,-1.105043e-05,41.84671034731107,14.648118495941162,10.202861196118977,6425.019001245499
18.153430590121694,1.1432764530181885,2540000,0.1315016746520996,24.181976318359375,25.457513570785522,253,-0.017586576,8.654822587966919,100,126.97635300569591,-79.8578203612392,-1.1071583e-05,40.043869350110604,14.797738552093506,26.741276039157242,6450.539162635803
12.823734200863775,1.1611921787261963,2550000,0.125654935836792,24.002575635910034,25.29047966003418,254,-0.015690694,8.606151342391968,100,121.63633490979574,-105.99802165092771,-1.1062244e-05,39.77566183347666,14.66959810256958,19.283196178329852,6475.89808678627
15.338823624315133,1.1657862663269043,2560000,0.13764500617980957,24.045711278915405,25.349881649017334,255,-0.019975306,8.58464765548706,100,131.927334759541,-63.65966483688126,-1.110808e-05,38.76726803695185,14.741967916488647,24.09568559381741,6501.322631120682
12.001925302595653,1.1416244506835938,2570000,0.12862801551818848,24.069414138793945,25.340684413909912,256,-0.019915532,8.624353408813477,100,124.54329822365548,-66.46603543162898,-1.107571e-05,39.07168526381898,14.713712215423584,16.207370772273045,6526.732863903046
14.481343980135325,1.1484971046447754,2580000,0.17111468315124512,24.042435884475708,25.36282968521118,257,-0.021739189,8.585817575454712,100,146.5095894951846,-81.83458867869751,-1.10807005e-05,47.008756784498395,14.734330177307129,20.689557710214135,6552.165824651718
12.274894739195922,1.1160314083099365,2590000,0.13004517555236816,24.079662561416626,25.326497316360474,258,-0.020402849,8.608192205429077,100,137.83415550491551,-83.2649010923011,-1.1053205e-05,41.246390669438966,14.740251541137695,17.594590563936055,6577.567821502686
17.68004061834476,1.1377911567687988,2600000,0.1508033275604248,23.878148555755615,25.167499542236328,259,-0.019679932,8.547240257263184,100,121.93739381208431,-82.48422209687183,-1.1060279e-05,39.434441692785214,14.606603145599365,26.44052491562408,6602.8020277023315
16.007609129304306,1.1468720436096191,2610000,0.1472938060760498,23.915733337402344,25.21101689338684,260,-0.022966772,8.64030385017395,100,127.2291060722871,-112.27440779179084,-1.1069182e-05,45.640803180752926,14.555806636810303,22.414140744686485,6628.088613986969
16.394750195035073,1.1549880504608154,2620000,0.1365492343902588,24.030733346939087,25.323533535003662,261,-0.02117268,8.555325746536255,100,109.74004186086411,-88.1759609120319,-1.1022043e-05,40.767187748138625,14.747171878814697,23.64010994843448,6653.480376958847
14.297523788908144,1.1487510204315186,2630000,0.13398432731628418,24.08288860321045,25.366607904434204,262,-0.022098292,8.61753249168396,100,127.46452630268541,-104.55109798440246,-1.0998802e-05,39.700206461835045,14.743631839752197,21.634271961301106,6678.914894580841
12.516702742992276,1.1510255336761475,2640000,0.1278698444366455,24.058767318725586,25.33878445625305,263,-0.022533521,8.560023784637451,100,120.25761841577757,-70.94687378999546,-1.1010324e-05,39.82083573784014,14.74311375617981,17.279425973644948,6704.3253383636475
14.600092913363525,1.148674488067627,2650000,0.13814020156860352,23.960516214370728,25.247993230819702,264,-0.021995788,8.541475772857666,100,120.57375963809932,-81.66023417347687,-1.1012329e-05,42.0530296919045,14.708845138549805,21.565059164106184,6729.643035888672
13.65071312312843,1.1323935985565186,2660000,0.12937521934509277,24.196648120880127,25.4591121673584,265,-0.020601057,8.682695865631104,100,108.69082887880674,-80.41357421736913,-1.09926705e-05,40.94629576597682,14.766546726226807,21.699922582683328,6755.165657758713
13.862059781939235,1.144831895828247,2670000,0.14603781700134277,23.978182792663574,25.269827127456665,266,-0.019059772,8.592083930969238,100,137.66173006424378,-77.4788198833611,-1.1004357e-05,48.12546030659542,14.66837191581726,19.885592749449454,6780.508365869522
17.961156411130425,1.125497817993164,2680000,0.14798665046691895,24.161649465560913,25.435762643814087,267,-0.021690214,8.616642236709595,100,136.98967766504745,-67.39855319567218,-1.09914245e-05,45.29624112048865,14.809386014938354,26.854452996566824,6806.018504142761
16.6359787445032,1.1667885780334473,2690000,0.12525224685668945,24.0334255695343,25.326185941696167,268,-0.019589331,8.61815094947815,100,168.19128762464302,-93.95435712925837,-1.0995824e-05,40.03196307401763,14.693592071533203,23.901469859257464,6831.415536403656
17.082121868651974,1.1670477390289307,2700000,0.12857890129089355,24.029296159744263,25.32564425468445,269,-0.021873135,8.608587741851807,100,126.09731858746194,-83.38854059833594,-1.0991651e-05,50.63304966375134,14.700795412063599,26.35731981432509,6856.810224056244
20.18574370053962,1.1367270946502686,2710000,0.14430475234985352,24.07819437980652,25.360469818115234,270,-0.021788312,8.598073720932007,100,110.84842870368607,-69.04185747706005,-1.09984685e-05,34.97069302948407,14.762343406677246,29.305517993379716,6882.240150213242
19.67552928872549,1.1674878597259521,2720000,0.13041234016418457,23.97805118560791,25.27663564682007,271,-0.017815202,8.594812631607056,100,98.24935164743518,-76.92956329661732,-1.0968857e-05,39.04270285965047,14.656178712844849,28.048845199604557,6907.584711313248
24.72983406209791,1.1465394496917725,2730000,0.15583491325378418,24.03768539428711,25.34122347831726,272,-0.023140097,8.536372184753418,100,164.16931015525563,-78.93104620979757,-1.0949877e-05,44.47725499352549,14.773124694824219,38.35988135308601,6932.999798536301
18.416932179829782,1.1378953456878662,2740000,0.13913846015930176,24.0420925617218,25.31994104385376,273,-0.02089952,8.578457593917847,100,141.29808223372015,-71.75632463105474,-1.0937149e-05,41.74128627142176,14.728508472442627,27.440734013949083,6958.391293525696
22.407406614931674,1.1616458892822266,2750000,0.1286163330078125,23.980997562408447,25.27206254005432,274,-0.019905122,8.575752973556519,100,150.78121364648604,-76.0899394651387,-1.09182365e-05,49.006102447825356,14.685235738754272,32.83805313697977,6983.735846042633
21.374489430977068,1.1305937767028809,2760000,0.13672089576721191,24.052026748657227,25.32002353668213,275,-0.021314502,8.597678184509277,100,145.0588258812627,-77.98479409063384,-1.0869269e-05,40.69052457901664,14.719238996505737,30.994115494927705,7009.128159999847
17.777771187016345,1.150580644607544,2770000,0.15196561813354492,23.94907522201538,25.252389669418335,276,-0.020012964,8.615962743759155,100,142.7157771665295,-117.12998173690981,-1.0857991e-05,47.67944273145275,14.609923124313354,26.89570230735068,7034.452595233917
16.459424653445534,1.137298583984375,2780000,0.12868785858154297,24.23430585861206,25.50104808807373,277,-0.021045614,8.619610071182251,100,121.20798907395928,-100.85421055547607,-1.085065e-05,40.78279035009923,14.880128383636475,23.4574114569077,7060.031440496445
19.53560442945952,1.1733920574188232,2790000,0.12800335884094238,23.92465329170227,25.22682499885559,278,-0.020760814,8.599697828292847,100,110.28525319912772,-93.24534809147877,-1.08090935e-05,43.97793891386317,14.589780569076538,26.30268713751,7085.330754041672
19.20511714873733,1.126253366470337,2800000,0.1391432285308838,23.951889514923096,25.218602895736694,279,-0.020137655,8.56920051574707,100,122.53311778526006,-48.58274733208602,-1.0831576e-05,41.96448463435476,14.656940221786499,26.360640576063712,7110.626499176025
18.315597985276767,1.2371447086334229,2810000,0.1960752010345459,23.85887384414673,25.2945237159729,280,-0.021182988,8.49751329421997,100,151.6565330507861,-84.68568526726403,-1.07939195e-05,45.02005087188713,14.636459827423096,26.793820330513636,7135.9879586696625
21.04643389567027,1.4577305316925049,2820000,0.1967322826385498,23.722361087799072,25.378530979156494,281,-0.017438337,8.564083337783813,100,136.57189083617135,-57.56681151425961,-1.0759932e-05,36.861097011470385,14.419182777404785,28.705734354608737,7161.432539701462
23.972187106610022,1.694908618927002,2830000,0.20741796493530273,23.446245908737183,25.349411725997925,282,-0.019085633,8.47149395942688,100,139.79580339439298,-66.26253729448563,-1.0745622e-05,41.68657991513157,14.254738330841064,33.05814138395062,7186.849353551865
22.624042398337675,1.7570831775665283,2840000,0.18034815788269043,23.52974247932434,25.46873426437378,283,-0.020274697,8.503522634506226,100,135.43339657472734,-57.4089953316032,-1.070029e-05,38.70590172233763,14.313613176345825,31.88186988574164,7212.388819217682
23.533390912494657,1.7103087902069092,2850000,0.1595146656036377,23.490594148635864,25.361188650131226,284,-0.020617044,8.475616931915283,100,155.69972079425278,-62.89388267755203,-1.0695284e-05,44.80565517395694,14.296525716781616,34.18977968712275,7237.8182072639465
26.526083373606447,1.5985064506530762,2860000,0.1404421329498291,23.567623615264893,25.308326482772827,285,-0.019415058,8.51243805885315,100,180.51657923377914,-37.17668278928501,-1.0667737e-05,40.069968884895864,14.343601942062378,38.27148074920564,7263.206250429153
18.05379562909059,1.384171485900879,2870000,0.1221303939819336,23.689193725585938,25.196240186691284,286,-0.01910437,8.546449184417725,100,134.80426036908833,-56.43549254295742,-1.0691482e-05,40.90462314224563,14.434468269348145,25.976355843596885,7288.523947954178
24.675793371230096,1.3610804080963135,2880000,0.14606523513793945,23.867639303207397,25.375741481781006,287,-0.019050304,8.569167852401733,100,144.45819409569853,-60.57767473724581,-1.0644413e-05,42.221203515246756,14.579197883605957,37.01201453401286,7314.014772415161
24.61823191237453,1.1492159366607666,2890000,0.15422844886779785,23.85797667503357,25.162456512451172,288,-0.020005092,8.567684173583984,100,154.6275349498814,-42.979245241729174,-1.0633152e-05,41.3739146439595,14.56999683380127,36.29530497415657,7339.2691440582275
23.46308706238311,1.1443285942077637,2900000,0.1370086669921875,24.017575979232788,25.299799919128418,289,-0.020227501,8.648771286010742,100,150.37945439947364,-59.125055763759576,-1.0626854e-05,44.58931591746684,14.647008895874023,32.652942342797644,7364.642128705978
29.44279611904519,1.1594130992889404,2910000,0.1293933391571045,24.013003826141357,25.303448915481567,290,-0.023310456,8.616359949111938,100,168.0076678272341,-106.26580712670302,-1.0615799e-05,48.5575538936844,14.674848318099976,43.78391184152499,7390.018286943436
21.56339651175215,1.150514841079712,2920000,0.13190031051635742,24.0528826713562,25.336066246032715,291,-0.02378089,8.67606258392334,100,179.5843706273673,-60.853742943355435,-1.0595719e-05,46.06852696638218,14.615010976791382,30.499194120755405,7415.42177939415
29.655862525490182,1.1598663330078125,2930000,0.15165948867797852,23.947323083877563,25.25983691215515,292,-0.017856615,8.604940414428711,100,159.13359281583325,-101.51952225515966,-1.0581492e-05,48.28911964739307,14.617928981781006,45.28109628952704,7440.751199245453
27.68068084978758,1.1371333599090576,2940000,0.15417170524597168,24.107571840286255,25.399829626083374,293,-0.020330982,8.626481294631958,100,164.21817292542693,-61.34345749511329,-1.0550438e-05,49.12335952474145,14.73180603981018,42.340886031630276,7466.2302069664
29.319055181549196,1.150768756866455,2950000,0.14749407768249512,23.970937728881836,25.269949436187744,294,-0.019627849,8.626811265945435,100,163.4627291979537,-60.03604168260514,-1.0530612e-05,42.35761328038381,14.622228622436523,44.10553943181751,7491.572765350342
26.645377684410438,1.11238431930542,2960000,0.12872910499572754,23.88901448249817,25.131081104278564,295,-0.01885828,8.667556285858154,100,166.03228647210662,-63.12076125128892,-1.0464348e-05,45.0284875637834,14.495464086532593,37.87834460678909,7516.773267030716
27.439122394936916,1.1538112163543701,2970000,0.12907075881958008,24.019896507263184,25.30419397354126,296,-0.019574236,8.666413307189941,100,166.20194650751012,-57.438184056045515,-1.0461429e-05,50.50635992470511,14.630900144577026,41.86303426210487,7542.14407992363
28.490848685974306,1.1416146755218506,2980000,0.12335634231567383,23.963118076324463,25.228878021240234,297,-0.021706216,8.607064962387085,100,144.47405225604146,-91.0647017380779,-1.043811e-05,43.358383656929306,14.631461381912231,42.36241481615372,7567.446502685547
29.221267268273163,1.1645736694335938,2990000,0.16574883460998535,24.061615228652954,25.392659664154053,298,-0.019446304,8.61567211151123,100,156.25009520305127,-38.76209271056617,-1.0414872e-05,43.58509642154861,14.719034910202026,44.432272144403015,7592.907988786697
28.25414620643926,1.1323983669281006,3000000,0.13481783866882324,24.173566579818726,25.441438674926758,299,-0.01917896,8.688888311386108,100,161.01945985871663,-124.61428658307976,-1.0404012e-05,52.39612061781176,14.750106573104858,42.61592873586053,7618.422163009644
