train-StdReturn,LossAfter,train-AverageReturn,train-MinReturn,Itr,Time-Sampling,LossBefore,Time-Optimization,Time,train-MaxReturn,train-EnvExecTime,ItrTime,train-PolicyExecTime,n_timesteps,Time-SampleProc,train-AverageDiscountedReturn,train-NumTrajs
32.49923899174912,-0.014642385,-26.461447169529528,-105.70058237264463,0,11.641893863677979,-1.419072e-05,0.5445747375488281,12.284126281738281,50.13255069439927,2.6003692150115967,12.284123182296753,8.77796220779419,10000,0.09708619117736816,-16.400193043449107,100
32.01111807252733,-0.015353424,-28.2415878033037,-106.97058632844563,1,16.855347394943237,-1.4207583e-05,0.34370994567871094,29.68509268760681,63.045903665702674,3.870690107345581,17.3662269115448,12.615987062454224,20000,0.15120720863342285,-18.87460806370228,100
30.979527194713295,-0.014483629,-20.788126846247334,-100.75914622295286,2,20.925877332687378,-1.4178932e-05,0.26451539993286133,50.98791217803955,85.31825322214554,4.814450740814209,21.29558777809143,15.674785137176514,30000,0.1030426025390625,-13.996978642593652,100
36.049482733501925,-0.014047314,-23.705913140722775,-132.56652789770715,3,14.967825174331665,-1.4174906e-05,0.2755303382873535,66.37493944168091,83.77972012241565,3.1982812881469727,15.376368284225464,11.446964502334595,40000,0.13053131103515625,-14.52778976038545,100
31.699233037740775,-0.013650675,-24.735209005163803,-99.7666122801063,4,15.151819944381714,-1.4139248e-05,0.4004943370819092,82.06333947181702,57.403389908076036,3.2139170169830322,15.682478427886963,11.584840536117554,50000,0.12932968139648438,-15.157610464878395,100
31.85438220430409,-0.0135689,-18.310578009969273,-97.19816555902261,5,20.630823135375977,-1.4129861e-05,0.48587775230407715,103.3462643623352,75.09496723291711,4.548476934432983,21.274348497390747,15.631928205490112,60000,0.15674686431884766,-11.3813852322164,100
31.37292615487278,-0.013094163,-17.25580299122039,-100.55291272173787,6,23.33597421646118,-1.4113116e-05,0.48082780838012695,127.36688899993896,81.26576458990625,4.958855867385864,24.003515481948853,17.89018940925598,70000,0.18554353713989258,-11.27056948362582,100
32.8097457491493,-0.011649214,-20.540801685263297,-115.20234329717513,7,20.54017448425293,-1.4106844e-05,0.585329532623291,148.66159987449646,60.9023774584724,4.654396295547485,21.27980351448059,15.430789709091187,80000,0.15323638916015625,-12.187332256310825,100
35.150302140701385,-0.01262764,-23.13235464801609,-93.62534741931266,8,23.867887258529663,-1.4097983e-05,0.5666735172271729,173.32258796691895,69.98322880521148,5.061624526977539,24.644861698150635,18.31318473815918,90000,0.2008965015411377,-14.049145627825597,100
30.766456440191792,-0.013386174,-16.631776936658962,-127.44389935488674,9,20.313109636306763,-1.4078008e-05,0.4767110347747803,194.2377462387085,56.190484973878924,4.73278284072876,20.892998695373535,15.136192321777344,100000,0.10166072845458984,-10.916391958271111,100
35.762683362415565,-0.013949059,-17.44549753031488,-98.35065246199392,10,21.385911226272583,-1.4086894e-05,0.44558215141296387,216.18203258514404,89.62375392004743,4.868036985397339,21.932053089141846,16.053094387054443,110000,0.0990607738494873,-10.853262516097605,100
31.409516817039368,-0.011839877,-18.18167475092985,-95.7270168186057,11,21.19186520576477,-1.4066354e-05,0.5573515892028809,238.10883927345276,61.8232214096627,4.751115560531616,21.911722898483276,15.994853973388672,120000,0.1620011329650879,-11.00057608446877,100
31.72284712104638,-0.0115989335,-12.016974799197277,-96.00997319186503,12,22.813825130462646,-1.4046784e-05,0.5137841701507568,261.61410450935364,63.340401839783894,4.905234336853027,23.493730068206787,17.398313283920288,130000,0.16376733779907227,-8.079320462628026,100
33.48919981423138,-0.012406169,-15.826315251567973,-102.16569822327703,13,23.258442163467407,-1.4031535e-05,0.6240160465240479,285.7520718574524,111.1059143962852,5.072883605957031,24.12250590324402,17.69881319999695,140000,0.23927855491638184,-9.867021224425557,100
33.95434837471394,-0.013086434,-14.476211586724755,-105.62325712945565,14,21.618856191635132,-1.4014621e-05,0.5256268978118896,308.10420966148376,85.4760157360676,4.897062063217163,22.334301710128784,16.261000871658325,150000,0.18450164794921875,-9.680767858284417,100
36.723227906435824,-0.01349942,-4.272459639402588,-83.95944528127842,15,21.749257564544678,-1.4008165e-05,0.44454121589660645,330.5200526714325,89.86532891615283,4.849231958389282,22.39328360557556,16.42507815361023,160000,0.1985783576965332,-3.201245279606285,100
29.259241184102095,-0.013368786,-15.810811894772723,-83.94425868096495,16,22.14818572998047,-1.3967909e-05,0.4750022888183594,353.4089505672455,76.33226037865238,4.9898436069488525,22.875765800476074,16.647229433059692,170000,0.24956870079040527,-10.10434616942587,100
32.00187485523609,-0.01290301,-13.34549903769253,-86.60798117993608,17,21.166085720062256,-1.3937732e-05,0.41327738761901855,375.1271336078644,70.50612996649134,4.758775472640991,21.704195261001587,15.96047854423523,180000,0.12380838394165039,-7.675698246463863,100
32.12043662601662,-0.0114022605,-9.290086183507576,-109.39254468547206,18,22.07477641105652,-1.3888665e-05,0.5346276760101318,398.0038335323334,63.93116075088749,4.759127855300903,22.86093497276306,16.861202001571655,190000,0.23881220817565918,-6.149996185646376,100
35.56990750802029,-0.013153446,-3.767501694159571,-96.9438017737372,19,21.092195510864258,-1.3856138e-05,0.5047564506530762,419.7631952762604,104.67096122173113,4.716196298599243,21.743594884872437,15.929092407226562,200000,0.14585280418395996,-2.51438802112682,100
36.75338067833116,-0.011260751,-7.042959818060066,-96.19777060423795,20,21.87016725540161,-1.3856535e-05,0.48688673973083496,442.2830686569214,70.505855729352,4.955653667449951,22.502005100250244,16.461119174957275,210000,0.14371609687805176,-3.214161289632157,100
34.599900636200076,-0.011947156,-5.7732483856308106,-88.80340138050873,21,20.74956202507019,-1.3848172e-05,0.4671952724456787,463.6985082626343,107.26611181526525,4.687248706817627,21.396105527877808,15.610164880752563,220000,0.1781749725341797,-3.9864658165147335,100
34.93542036146578,-0.01247973,0.9772358954517205,-62.89355848905197,22,23.561431646347046,-1.3820239e-05,0.509096622467041,488.01626920700073,114.0006102493596,4.850851535797119,24.301286935806274,18.240482568740845,230000,0.22785711288452148,0.6269649734926344,100
35.44913767335202,-0.011780363,-4.96394654531005,-84.0228928886308,23,22.46408462524414,-1.3807978e-05,0.4527244567871094,511.05437088012695,89.89052764886499,4.9789512157440186,23.02110719680786,16.99152684211731,240000,0.10324549674987793,-3.434767850023436,100
42.98080338999922,-0.012776283,-7.010119852780378,-151.09919084392376,24,23.421393394470215,-1.3804979e-05,0.5371248722076416,535.1917037963867,93.33664038320731,4.973991632461548,24.118129014968872,17.940471410751343,250000,0.1580953598022461,-4.843287049318125,100
37.7349786198669,-0.013446475,1.771293247050722,-84.94992777772963,25,20.76279044151306,-1.3799082e-05,0.4116497039794922,556.5631628036499,129.28533083813096,4.766552925109863,21.35213589668274,15.518437385559082,260000,0.1729276180267334,1.3298905637426424,100
36.2916511995245,-0.013756947,0.6674894575028731,-86.82104028464414,26,20.78450632095337,-1.3765773e-05,0.49903082847595215,578.0327434539795,91.12625598007736,4.755943298339844,21.453172206878662,15.567341804504395,270000,0.16796183586120605,0.9556989270669892,100
36.24013693524443,-0.013647862,4.825020008322104,-76.55145607306414,27,21.362030267715454,-1.3734e-05,0.47762465476989746,600.0383155345917,84.77117395363835,4.756883859634399,21.99018907546997,16.149837970733643,280000,0.15001511573791504,3.302400661163672,100
36.49418259325886,-0.013206592,-3.2309224365693647,-100.27765271614766,28,20.913527727127075,-1.3719731e-05,0.5060956478118896,621.66668176651,114.8062561823879,4.688459396362305,21.619114637374878,15.786343812942505,290000,0.19905900955200195,-1.1337792192133391,100
40.77122261896464,-0.013641071,1.7671300585425207,-90.05982955238886,29,21.1035418510437,-1.3684074e-05,0.4479219913482666,643.4626798629761,104.20744357983133,4.879090309143066,21.7787606716156,15.767435073852539,300000,0.22246527671813965,0.9437044654859416,100
33.81611618679949,-0.012243352,0.5799323908480352,-84.97261088824827,30,22.99228596687317,-1.3645635e-05,0.48450183868408203,667.1028301715851,110.90983554725118,4.943210601806641,23.62674856185913,17.575134754180908,310000,0.1429150104522705,0.5949021539888867,100
44.3646326355895,-0.0121028405,7.601466528170149,-98.97152476289462,31,22.374876499176025,-1.362174e-05,0.43540334701538086,690.1430463790894,136.19305722559332,4.8510706424713135,23.030161380767822,17.021365880966187,320000,0.21537423133850098,4.62865757808268,100
39.94767914045353,-0.015734578,11.397564499945087,-82.14561609885612,32,20.465930938720703,-1.3572006e-05,0.487123966217041,711.3076596260071,113.80135486817876,4.848011493682861,21.128565073013306,15.16700530052185,330000,0.17411422729492188,7.292837136481093,100
38.169965752131006,-0.013721473,9.606639744419414,-103.99025643493817,33,22.162385940551758,-1.353742e-05,0.48064303398132324,734.1081788539886,88.80327297289847,4.983423471450806,22.78738522529602,16.67734384536743,340000,0.14267730712890625,6.609449496660983,100
37.947561217192856,-0.012024563,0.7383245096985886,-87.96444466315327,34,21.401679039001465,-1.3513707e-05,0.45525360107421875,756.1871883869171,92.14803489001353,4.952115774154663,22.063295364379883,15.972183227539062,350000,0.20192718505859375,0.29588734685063217,100
44.85215514396085,-0.012925106,15.52977309426963,-74.82967938160056,35,22.711064338684082,-1.348172e-05,0.4364809989929199,779.5764031410217,120.14563296588857,4.937763690948486,23.37370228767395,17.305015802383423,360000,0.2252030372619629,9.70383802241962,100
42.89273987562039,-0.013101206,23.164920030212592,-94.70366213454989,36,19.77117371559143,-1.34444845e-05,0.49724817276000977,800.0346302986145,119.5415600408766,4.759005069732666,20.439565181732178,14.565202236175537,370000,0.16824913024902344,14.084956573779564,100
39.18753842761025,-0.013643375,12.787337055622729,-77.86993484095302,37,21.93549418449402,-1.34214315e-05,0.48163890838623047,822.6152238845825,90.90441627044623,4.783668756484985,22.56234622001648,16.69762110710144,380000,0.14386773109436035,7.332743426106333,100
34.86827691341558,-0.012469413,19.02646737360697,-56.41237972219095,38,24.26207447052002,-1.3407293e-05,0.4490511417388916,847.5138442516327,96.66841127120131,4.915348291397095,24.882405281066895,18.856589555740356,390000,0.16885781288146973,11.477707428863573,100
42.92182515593431,-0.014481497,16.586870040816855,-113.81367716638478,39,20.027369260787964,-1.3364054e-05,0.4712705612182617,868.1873610019684,125.74740953734938,4.806026458740234,20.657375812530518,14.746684551239014,400000,0.1576097011566162,10.279319559294661,100
39.689376862030514,-0.01337146,21.15165307443289,-85.8641523957964,40,20.737589359283447,-1.3320953e-05,0.46877121925354004,889.5824687480927,110.58606228538505,4.710087060928345,21.381906032562256,15.571452617645264,410000,0.17413806915283203,12.797077770368817,100
46.20960025978908,-0.013591766,26.04262874118686,-67.90273960598978,41,21.873368501663208,-1.3287715e-05,0.42633748054504395,912.0512018203735,125.93226832071502,4.79355788230896,22.45187520980835,16.589558124542236,420000,0.15102243423461914,15.92618590201864,100
43.67781992454235,-0.012085018,32.13740424373587,-64.74707694141279,42,22.207622528076172,-1.32614705e-05,0.4281768798828125,934.8404996395111,137.99638628712495,4.853418588638306,22.76839303970337,16.90610361099243,430000,0.1314852237701416,18.91621735402094,100
44.11881886244347,-0.013839201,32.049081305875895,-71.32822047278253,43,21.964813470840454,-1.3234676e-05,0.48158860206604004,957.4525427818298,126.45833132719582,4.746992588043213,22.599022388458252,16.746549606323242,440000,0.14805102348327637,18.540019823885945,100
44.01845375978125,-0.013236554,37.18530514465477,-47.52144906616968,44,21.515387773513794,-1.3191596e-05,0.48790907859802246,979.6220653057098,154.7865224311862,4.7503674030303955,22.153111934661865,16.300989627838135,450000,0.1485424041748047,21.87156706124743,100
41.02212032981947,-0.013169718,26.146710245770674,-90.24526448366623,45,23.3006911277771,-1.315041e-05,0.5941488742828369,1003.7943818569183,109.89466380956613,5.00910210609436,24.155088186264038,17.79894232749939,460000,0.25620055198669434,15.778670234595575,100
40.996747578359866,-0.011904759,32.62476892673488,-67.91573167007857,46,23.111207485198975,-1.3107785e-05,0.49703192710876465,1027.5888087749481,137.87738943362382,4.927263021469116,23.778225898742676,17.704777240753174,470000,0.16851162910461426,20.27643575911463,100
42.637548253688486,-0.011672823,41.18307155799802,-65.27330209174745,47,21.638283491134644,-1.3081001e-05,0.44970130920410156,1049.8404715061188,156.72011303434502,4.916117906570435,22.23277735710144,16.221960067749023,480000,0.14158940315246582,23.90791068965777,100
42.64066995942041,-0.013011404,37.63678029032363,-83.41399895485372,48,22.471455574035645,-1.3041605e-05,0.45509767532348633,1073.0172188282013,160.56542508031322,4.775662183761597,23.158129453659058,17.211252212524414,490000,0.22929596900939941,22.697752681094418,100
41.62245391658311,-0.016087342,39.877557393809525,-63.0772324755929,49,22.276593446731567,-1.3026671e-05,0.44356608390808105,1095.8970217704773,144.7048339778686,4.7268054485321045,22.86353588104248,17.070146322250366,500000,0.1403486728668213,24.54210062018865,100
42.98545151395902,-0.01320679,47.34702584055595,-32.04049071494339,50,21.508421897888184,-1.2994427e-05,0.4337453842163086,1118.036010503769,140.60175191855433,4.6938183307647705,22.12432289123535,16.37220287322998,510000,0.17834830284118652,29.165005074727624,100
45.78523351160811,-0.014255288,37.03419409233351,-80.4326027377219,51,22.035911321640015,-1.2955789e-05,0.4657270908355713,1140.7035098075867,128.96379388947187,4.717010736465454,22.651912689208984,16.861271381378174,520000,0.14786314964294434,22.172715788881636,100
44.31456905936248,-0.0141927665,55.61171945405372,-56.39794922214886,52,23.732199907302856,-1.295044e-05,0.47693967819213867,1165.1346337795258,137.29908319132588,5.038335561752319,24.40934705734253,18.216281414031982,530000,0.19376444816589355,32.634781348741974,100
42.60718993555284,-0.013872545,49.374867215401785,-51.72410813107118,53,21.388535499572754,-1.2920238e-05,0.4604969024658203,1187.1639046669006,187.35357193944733,4.708737850189209,22.003238677978516,16.209797620773315,540000,0.1518568992614746,30.103736489392332,100
46.40462679340893,-0.014549234,51.209797738098366,-56.982638990409676,54,21.243003845214844,-1.2896419e-05,0.45727038383483887,1209.089230298996,175.4968753685766,4.677321195602417,21.90594172477722,16.109009265899658,550000,0.20458006858825684,29.9058615756309,100
43.784791531381046,-0.014551438,47.189235120295145,-44.77080908219193,55,22.135549545288086,-1.2862213e-05,0.6277415752410889,1232.1105058193207,158.98124631116974,4.746051549911499,22.997693061828613,16.93196964263916,560000,0.22938132286071777,28.043972961341122,100
44.315481926305594,-0.01291039,53.74586696689949,-41.482645445740026,56,20.039965629577637,-1.28252905e-05,0.5451095104217529,1252.881177186966,156.21020050080526,4.698280334472656,20.758033752441406,14.905179977416992,570000,0.17195868492126465,32.492579749229364,100
47.29175650201093,-0.013551575,49.20356217091971,-86.76254055643531,57,20.603769302368164,-1.2781408e-05,0.4432671070098877,1274.0983126163483,144.0482428069344,4.780357122421265,21.202083587646484,15.367217063903809,580000,0.15374994277954102,28.779669552260547,100
46.13304535216973,-0.015440779,52.6633828104133,-66.76494596845883,58,21.720115900039673,-1.27434805e-05,0.4809684753417969,1296.4724581241608,145.81489849960857,4.72268271446228,22.36245107650757,16.556838989257812,590000,0.160064697265625,32.08247378596108,100
51.006008781240894,-0.013324011,56.99521065334476,-87.45814409138465,59,21.576912879943848,-1.2705583e-05,0.5119693279266357,1318.7435774803162,183.23267824050217,4.832738161087036,22.259175539016724,16.24513816833496,600000,0.16958332061767578,34.91904709871945,100
46.334679520613115,-0.014735575,68.02318666091028,-36.05671816922605,60,22.083825826644897,-1.269311e-05,0.5467114448547363,1341.5594141483307,158.41397959981543,4.822252511978149,22.795264720916748,16.81383490562439,610000,0.16168904304504395,40.627174958954235,100
47.463562339677125,-0.015210115,58.72092596354655,-47.97357389224636,61,21.34895896911621,-1.2676688e-05,0.45677947998046875,1363.556207895279,174.31077329898963,4.762741804122925,21.981800079345703,16.117200136184692,620000,0.1749577522277832,34.61620938116032,100
45.54716835405495,-0.016441021,69.87783720255496,-28.172017860285024,62,21.20384955406189,-1.2631833e-05,0.41706037521362305,1385.351833820343,161.44850853695567,4.659350156784058,21.782869815826416,16.089714288711548,630000,0.15154337882995605,41.26219003865605,100
46.26323843344315,-0.015008461,60.250910428297566,-82.78467623458845,63,21.714080572128296,-1.2594343e-05,0.7036478519439697,1407.8823812007904,153.1630870932486,4.789479494094849,22.51070499420166,16.47406530380249,640000,0.09206628799438477,36.42243593589626,100
50.453377406185005,-0.014783629,58.46257710528564,-96.6300255416258,64,20.6042799949646,-1.2575301e-05,0.5935077667236328,1429.245483160019,172.62632941382302,4.861963272094727,21.345898628234863,15.297746419906616,650000,0.14693951606750488,35.09346057912084,100
56.21529454360231,-0.015390699,57.5136556807409,-97.24751484428455,65,21.579691886901855,-1.2523718e-05,0.569821834564209,1451.5463156700134,180.934788182845,4.861339807510376,22.2842013835907,16.2311053276062,660000,0.13132166862487793,34.674626533666476,100
50.40068553664765,-0.015499433,72.55198110429633,-35.588444993461856,66,20.764065265655518,-1.2510317e-05,0.5871162414550781,1473.15571475029,165.5048451582714,4.7281694412231445,21.591288089752197,15.558362245559692,670000,0.23812294006347656,42.46660583480385,100
43.6816303005773,-0.0144201815,59.26855064497294,-49.95668742313457,67,20.169142246246338,-1.24893895e-05,0.4358072280883789,1493.942423582077,152.82725292901134,4.803084850311279,20.739558935165405,14.878096580505371,680000,0.13097119331359863,35.338923626065956,100
42.34571259014365,-0.013350999,66.80869140438159,-27.141697430870295,68,24.708460092544556,-1.2459742e-05,0.46509861946105957,1519.291780948639,202.65752671720202,4.888507127761841,25.334264039993286,19.32630753517151,690000,0.15750455856323242,38.80101974400934,100
45.05753967480891,-0.013924761,66.3222336232869,-36.95793856033142,69,23.042226791381836,-1.2419701e-05,0.5409071445465088,1543.0479311943054,182.31851415817982,4.835478067398071,23.729608297348022,17.716349124908447,700000,0.14499473571777344,39.16064998768638,100
41.106355275386505,-0.015353516,73.94090200764384,-68.29764741821087,70,21.14417862892151,-1.239441e-05,0.46179842948913574,1564.8183710575104,183.36268628665914,4.765791893005371,21.751951217651367,15.927323579788208,710000,0.14482569694519043,43.15369304751951,100
46.5923021412986,-0.014330348,73.73418212637323,-38.466207688785296,71,21.354042768478394,-1.2353348e-05,0.4786701202392578,1586.843511581421,167.8084681308554,4.725948810577393,22.010022163391113,16.15611958503723,720000,0.17618370056152344,43.515892577189426,100
48.986206844097,-0.013547496,71.74714436851383,-39.78275793568678,72,20.766929626464844,-1.232477e-05,0.4435606002807617,1608.2383885383606,176.2959398754059,4.637380599975586,21.378813982009888,15.663583040237427,730000,0.16683292388916016,42.878875985175384,100
51.62017273603616,-0.013628189,64.93057960825494,-50.00032655984882,73,20.43055772781372,-1.2315792e-05,0.4832489490509033,1629.362812757492,163.2201538605847,4.701493501663208,21.110122680664062,15.249736785888672,740000,0.19505548477172852,38.533193688347545,100
46.45077382270446,-0.013536567,64.46170132892343,-55.29470499262168,74,20.883204460144043,-1.2292997e-05,0.43735599517822266,1650.839988708496,149.79103038987677,4.817209005355835,21.46138620376587,15.611215353012085,750000,0.1402292251586914,38.05832266723065,100
42.15245233837253,-0.014713003,84.82959668581725,-33.142094139127714,75,24.17758274078369,-1.2274537e-05,0.5134894847869873,1675.741440296173,163.199653319548,4.796076059341431,24.883440494537354,18.890873432159424,760000,0.19164013862609863,48.85854596676811,100
49.697451961894906,-0.01425969,74.87573154189894,-43.04229387772421,76,21.53903841972351,-1.2238978e-05,0.5595014095306396,1698.132383108139,156.53047831761887,4.652370929718018,22.36706018447876,16.435745000839233,770000,0.2671027183532715,43.830590031489955,100
51.25082927677065,-0.01364706,75.95808528336038,-64.18259278407773,77,20.850780725479126,-1.2237442e-05,0.6529242992401123,1719.8647665977478,199.45322428820788,4.72843074798584,21.714016914367676,15.660743713378906,780000,0.20909404754638672,44.87159961472606,100
47.36279560997624,-0.015677165,80.28800233935881,-41.01066553501271,78,20.727586269378662,-1.2200664e-05,0.46748828887939453,1741.2703778743744,179.00832219517818,4.510777235031128,21.388970851898193,15.77665638923645,790000,0.17848515510559082,47.96718916300031,100
49.050702335722484,-0.014728718,83.90035341395274,-58.647860447166174,79,23.275240421295166,-1.2182277e-05,0.523453950881958,1765.267629146576,177.87772132521636,5.138066291809082,23.981122493743896,17.613014459609985,800000,0.1797804832458496,48.26298613700396,100
49.05804332447136,-0.014061934,65.98211964574028,-117.87583437477916,80,21.841705799102783,-1.215363e-05,0.5269889831542969,1787.8053081035614,192.21984167821714,4.836833477020264,22.521857023239136,16.49271583557129,810000,0.15045571327209473,39.20529249573251,100
50.64528001864204,-0.015698414,80.26656773161837,-41.876255675521094,81,20.770763158798218,-1.213233e-05,0.5194518566131592,1809.2635612487793,196.40972783798165,4.576106786727905,21.44186568260193,15.726866722106934,820000,0.1454453468322754,48.775760797145914,100
50.58576539888521,-0.014448493,89.7000613433067,-34.99286136673286,82,20.076443433761597,-1.2123374e-05,0.4681830406188965,1829.9546377658844,203.61041890214494,4.767997980117798,20.673765182495117,14.858118295669556,830000,0.12807440757751465,52.477426191798095,100
50.4933151524189,-0.016123757,90.24139742637031,-63.83843717071286,83,20.981235027313232,-1.2092932e-05,0.45432019233703613,1851.5591249465942,192.10961646768735,4.724074125289917,21.591370344161987,15.80134892463684,840000,0.1535336971282959,52.64080685442966,100
49.05224448569718,-0.013770932,85.86653573585552,-52.55852836574472,84,21.705275297164917,-1.2060891e-05,0.450817346572876,1873.890645980835,175.88172699008442,4.797142267227173,22.31556534767151,16.430483102798462,850000,0.15788912773132324,50.56619127494266,100
58.002466485725016,-0.015606866,77.47649513732762,-61.8420700156732,85,22.01628303527832,-1.20188215e-05,0.5603823661804199,1896.6647136211395,194.68584453020833,4.848569393157959,22.757680416107178,16.695675134658813,860000,0.18015098571777344,46.73992138644833,100
46.32484780545534,-0.01538569,88.31602833624194,-20.220971380541293,86,22.712051391601562,-1.1992641e-05,0.5029439926147461,1920.131876707077,199.37028057028877,4.979736328125,23.447929859161377,17.24396014213562,870000,0.23168206214904785,52.09098571536077,100
53.49253085948359,-0.016045637,95.51056788354886,-88.44683456658782,87,21.594735860824585,-1.1965264e-05,0.42046666145324707,1942.2954413890839,230.69142627489666,4.804890394210815,22.146498441696167,16.32181406021118,880000,0.12772583961486816,56.63040038846488,100
50.407045206856104,-0.0155615965,98.4552681172126,-16.379543662103234,88,21.196871519088745,-1.1934177e-05,0.4342978000640869,1964.0953409671783,207.01813573467493,4.6811254024505615,21.78432559967041,16.055694580078125,890000,0.15155529975891113,58.0454662744893,100
47.83446386003215,-0.015185033,96.60682080851902,-17.46848418952932,89,19.80331802368164,-1.1913948e-05,0.4594459533691406,1984.5697326660156,201.44422683713918,4.719250440597534,20.45900249481201,14.627913475036621,900000,0.19537806510925293,57.108485716041976,100
50.58379449069769,-0.0138776945,93.87019507450525,-37.23694545222776,90,21.527954816818237,-1.1869839e-05,0.40383362770080566,2006.6791772842407,197.46860767983821,4.668436050415039,22.092337131500244,16.37420916557312,910000,0.15744972229003906,55.624461799967804,100
55.79777071121894,-0.014777234,91.63743342522702,-29.269653412047855,91,21.429842710494995,-1.185426e-05,0.4150385856628418,2028.697603225708,219.89170508658722,4.877214670181274,21.997198581695557,16.046668767929077,920000,0.15120172500610352,53.62696758640021,100
54.15727400332384,-0.015712742,106.88708145540812,-33.49941741947669,92,21.333597660064697,-1.182896e-05,0.5494673252105713,2050.732343196869,196.13275948301307,4.682558536529541,22.022223472595215,16.20000958442688,930000,0.13760876655578613,63.047662672272374,100
63.33600350174766,-0.0141573325,87.0223859968717,-56.659266618339664,93,21.179259538650513,-1.1802001e-05,0.5540421009063721,2072.6411061286926,182.18354418853147,4.876259803771973,21.885730028152466,15.834448337554932,940000,0.14901399612426758,52.22263739629283,100
51.88709826454874,-0.015522623,104.97609786265346,-18.93649543206201,94,21.156102657318115,-1.1802478e-05,0.45861005783081055,2094.4253191947937,214.9746197964545,4.666234731674194,21.766467809677124,16.043901443481445,950000,0.1488020420074463,61.948279286821496,100
57.26635189913168,-0.016345924,97.1335201917015,-92.53326335956596,95,22.435405731201172,-1.1752052e-05,0.46324777603149414,2117.4941136837006,196.08774347984618,4.8805930614471436,23.051063537597656,17.091959476470947,960000,0.1492173671722412,56.9667083333688,100
47.5813961542956,-0.014325649,113.46289578534589,-48.64950142470954,96,20.295801162719727,-1.1736737e-05,0.44077014923095703,2138.454561471939,220.52584179587487,4.882769823074341,20.94563126564026,14.9328031539917,970000,0.20650935173034668,66.03529630718525,100
57.8930729014491,-0.013180067,107.42336781642688,-52.34798047118439,97,20.9426429271698,-1.1703786e-05,0.4638833999633789,2160.049298763275,191.83634300437413,4.67881965637207,21.57859778404236,15.799570560455322,980000,0.17096471786499023,62.206561237390076,100
49.44385580555456,-0.01590927,101.3984438918126,-10.226037959775189,98,20.864049196243286,-1.1683221e-05,0.4063084125518799,2181.463543653488,214.46426235193186,4.7195398807525635,21.400524377822876,15.702251672744751,990000,0.1293625831604004,60.421388842708886,100
60.194374900472795,-0.015265733,110.15757847666445,-63.06776607167292,99,21.38357901573181,-1.1649925e-05,0.47498035430908203,2203.4775042533875,204.8781493177644,4.867193937301636,22.00330686569214,16.06238627433777,1000000,0.14379167556762695,64.27351847526934,100
65.1106549563837,-0.014233732,92.61855631795186,-52.428312090635224,100,21.51842164993286,-1.1649741e-05,0.5307142734527588,2225.7084369659424,221.26879435729046,4.759687900543213,22.215891361236572,16.29746985435486,1010000,0.16527390480041504,55.39978718269953,100
56.82638072299144,-0.014290668,116.89654459635155,-47.43466049691285,101,21.42293095588684,-1.1619328e-05,0.4643831253051758,2247.7686660289764,216.68654374233003,4.828018426895142,22.04724645614624,16.118814706802368,1020000,0.15928173065185547,68.51357425952621,100
55.9920819595188,-0.014086219,117.82627568854903,-26.805872839929282,102,21.346105575561523,-1.1586778e-05,0.5087695121765137,2269.789438724518,235.98141708580312,4.744168043136597,22.00538182258606,16.136900424957275,1030000,0.14949607849121094,67.82924155281884,100
59.0824665928779,-0.0140543375,105.54262114507172,-87.41748532649433,103,21.083046197891235,-1.1558926e-05,0.5914595127105713,2291.774624824524,205.8797516764991,4.726126194000244,21.968894958496094,15.903291463851929,1040000,0.28919053077697754,62.7761824902383,100
51.516976718275004,-0.015053744,120.94594292789108,-32.75396356219529,104,21.539151191711426,-1.1529851e-05,0.48567748069763184,2313.9465761184692,217.47840987907227,4.724535703659058,22.15952491760254,16.374000310897827,1050000,0.13384079933166504,69.36577883459726,100
50.19028878413409,-0.014990349,116.31914969245938,-20.976533583779815,105,20.244335889816284,-1.1500379e-05,0.45881032943725586,2334.834030151367,192.00011763829772,4.573060750961304,20.87322759628296,15.226652145385742,1060000,0.16878986358642578,67.66835571729187,100
61.4966247369393,-0.014542178,116.63061018990258,-77.72003462789883,106,21.947171688079834,-1.1489865e-05,0.6250262260437012,2357.601371049881,239.50558669995502,4.7832417488098145,22.751880168914795,16.697391986846924,1070000,0.17783308029174805,68.25362578340095,100
52.09953943607248,-0.012655766,122.75579944551693,-14.731841682722784,107,21.694339513778687,-1.1462489e-05,0.5501258373260498,2380.0201098918915,222.89227304680676,4.763771057128906,22.403147220611572,16.46437430381775,1080000,0.15721869468688965,70.99234544129484,100
47.929583620450806,-0.014231074,128.95960778330743,-5.230327318002432,108,21.384482383728027,-1.1419414e-05,0.4687180519104004,2402.0577044487,226.58618317943603,4.81632399559021,22.022121906280518,16.099701166152954,1090000,0.1676952838897705,74.79309929110758,100
58.881368135083285,-0.015177135,128.63889987560654,-13.2230491417558,109,20.655144691467285,-1.1397878e-05,0.4278378486633301,2423.3222873210907,237.37205330672086,4.793572902679443,21.249787092208862,15.385615587234497,1100000,0.1642589569091797,74.6658632009739,100
59.9718455898356,-0.016314048,119.7012935271749,-38.00245464618662,110,22.076923847198486,-1.137955e-05,0.431685209274292,2446.0578701496124,223.83716298399375,4.980512619018555,22.717485189437866,16.625680446624756,1110000,0.20601725578308105,69.37545722400556,100
54.207053153936904,-0.016176391,126.20455635752636,-54.403854927737704,111,21.828959226608276,-1.1339677e-05,0.43213868141174316,2468.545523405075,224.70546628779343,4.937666893005371,22.468538761138916,16.410828351974487,1120000,0.2061176300048828,72.94153458094765,100
52.397422785147334,-0.015440675,125.88718466602135,-15.98097975356925,112,20.556809902191162,-1.1282758e-05,0.48462986946105957,2489.8260445594788,223.05189861415118,4.70491099357605,21.267616748809814,15.38719367980957,1130000,0.22489380836486816,73.44792605469952,100
62.696049198199525,-0.015197192,124.3913179716369,-69.69511374155782,113,20.925811052322388,-1.1233708e-05,0.4454762935638428,2511.342561483383,219.3168404641578,4.879409551620483,21.503588914871216,15.570165157318115,1140000,0.13137245178222656,72.89157730142928,100
57.14757166099763,-0.0149005,127.21313212409792,-16.702469427030852,114,20.357415199279785,-1.1217861e-05,0.5032339096069336,2532.371682405472,237.2016723779585,4.577823162078857,21.012433767318726,15.332147359848022,1150000,0.1508176326751709,73.29275410881262,100
56.751805204694115,-0.01540362,131.06266333914147,6.809690803963397,115,23.52570867538452,-1.1178861e-05,0.513430118560791,2556.5760159492493,246.7134304315069,4.846150636672974,24.19022822380066,18.1922664642334,1160000,0.14930081367492676,76.4177701108525,100
57.51394393907416,-0.013809389,134.83545248496114,-15.58948176629847,116,20.5276038646698,-1.1161705e-05,0.4669480323791504,2577.771401166916,236.93268578125918,4.689502716064453,21.175966024398804,15.364018678665161,1170000,0.17294001579284668,78.58175431059276,100
57.42447866751102,-0.013508924,137.97109698226063,-38.78381869379438,117,20.601847648620605,-1.1126695e-05,0.4168109893798828,2598.9682862758636,252.9189526241624,4.637559175491333,21.18095374107361,15.50191330909729,1180000,0.16069436073303223,79.49979555348246,100
60.75040653202097,-0.015368538,138.16490113978088,-79.65873471798228,118,21.801028966903687,-1.1117161e-05,0.41594576835632324,2621.3531064987183,226.986194204012,4.776497840881348,22.369060039520264,16.533002853393555,1190000,0.14931750297546387,80.05252033018806,100
57.53931800622824,-0.014150539,142.47096295694908,-5.038805419485402,119,22.334998607635498,-1.1066405e-05,0.4397716522216797,2644.3242905139923,256.47077685476415,4.926071882247925,22.95866084098816,16.935919761657715,1200000,0.18310856819152832,82.1910589254106,100
68.1804539348864,-0.013973612,146.19803161122607,-137.55371364703745,120,21.838563919067383,-1.1062737e-05,0.47055602073669434,2666.802397966385,254.06691346478414,4.879588842391968,22.464197874069214,16.47041153907776,1210000,0.15413880348205566,84.63851526728584,100
55.29543463642328,-0.015824474,142.21586549717728,-13.397964665083203,121,21.095569849014282,-1.1044637e-05,0.5970141887664795,2688.6937601566315,244.91520017065733,4.829034090042114,21.879154443740845,15.811651706695557,1220000,0.18352293968200684,82.7705602449916,100
61.32347127150473,-0.01563841,149.1722041672148,-73.00510350089205,122,20.77571392059326,-1.1017622e-05,0.5608181953430176,2710.2214226722717,258.81064530524037,4.632009983062744,21.512662410736084,15.678005933761597,1230000,0.17467761039733887,85.58324826992495,100
65.51796796737344,-0.015228954,151.65292927413927,-97.00977682880844,123,21.449984073638916,-1.0972758e-05,0.4937629699707031,2732.3347477912903,257.8129605436879,4.716455936431885,22.09707283973694,16.264490127563477,1240000,0.15033888816833496,87.13823261129471,100
62.432280522650004,-0.016225848,157.88462435155367,0.8923213765954356,124,20.943711042404175,-1.0954363e-05,0.454054594039917,2753.931136608124,263.38239070834436,4.759960412979126,21.575279235839844,15.711768388748169,1250000,0.17639517784118652,91.43066778395712,100
63.71907474084099,-0.014292979,160.1316601027363,-62.26371019603023,125,23.114232778549194,-1.0928015e-05,0.46097421646118164,2777.723534345627,266.41317863902685,5.0162882804870605,23.775186777114868,17.606600999832153,1260000,0.19845199584960938,91.90477371501773,100
57.09630470654461,-0.015998663,155.54752162082127,-44.12566728727805,126,20.865168571472168,-1.0881611e-05,0.5009167194366455,2799.2537746429443,242.39122672309782,4.900275945663452,21.513289213180542,15.50552749633789,1270000,0.14565372467041016,89.68574545173196,100
68.19860398013121,-0.015960587,147.52675414897735,-38.9342056845286,127,21.639431715011597,-1.0888355e-05,0.4863412380218506,2821.5623037815094,263.9782803130369,4.734399795532227,22.295040369033813,16.44585418701172,1280000,0.16762399673461914,85.96919594659381,100
67.8922788388578,-0.01396324,152.22004566385098,-32.741932832303846,128,22.816920280456543,-1.0851025e-05,0.5269246101379395,2845.0884075164795,252.01825406087687,4.884450912475586,23.50436019897461,17.467119932174683,1290000,0.15874314308166504,87.51610623829248,100
48.545140312115294,-0.015612267,168.58638589543477,-7.946005424181105,129,21.79980182647705,-1.0803737e-05,0.5609180927276611,2867.6146433353424,255.70216466675004,4.657479286193848,22.505901098251343,16.692941427230835,1300000,0.14351129531860352,96.60275567246363,100
56.61311923439565,-0.0138089955,161.756908273037,-6.073220610973889,130,20.819458961486816,-1.0793727e-05,0.5854923725128174,2889.2587938308716,262.8042675977208,4.993550777435303,21.6148419380188,15.329350233078003,1310000,0.2077322006225586,93.51171796113458,100
54.9905286309334,-0.014325995,157.08512346391612,-0.3866047258498769,131,21.052531719207764,-1.07517935e-05,0.5548381805419922,2911.0528078079224,248.4407643960739,4.849456310272217,21.780726194381714,15.727566242218018,1320000,0.17190170288085938,91.22313678250411,100
63.8624496882905,-0.015065616,161.36871493819885,-74.52247412011724,132,22.085932731628418,-1.07368005e-05,0.6619358062744141,2934.004201889038,281.28940662788517,4.883823871612549,22.935205221176147,16.735036611557007,1330000,0.18574190139770508,92.50494213517837,100
58.06579301585976,-0.012563791,167.67724506238662,-35.201024867206726,133,20.383495807647705,-1.0710085e-05,0.543710470199585,2955.0984687805176,274.35450949515393,4.763335704803467,21.08284091949463,15.176756858825684,1340000,0.1549842357635498,96.80251161740365,100
77.16949008812873,-0.013628018,158.64007875264016,-115.99698532011037,134,20.769617080688477,-1.0688983e-05,0.5351986885070801,2976.565950155258,315.8410573218947,4.739269256591797,21.45324993133545,15.577333688735962,1350000,0.14753365516662598,92.67188294940257,100
69.4721305101759,-0.015088193,160.76654858570444,-43.60953284169117,135,22.66753911972046,-1.0684766e-05,0.4562864303588867,2999.866448402405,267.9389567371078,5.028329610824585,23.280848026275635,17.142333269119263,1360000,0.15539264678955078,93.21763555119134,100
59.062336301658966,-0.0140428385,176.22795519144853,-11.718604476159692,136,21.61719512939453,-1.06583775e-05,0.449404239654541,3022.1039168834686,267.2234537136114,4.8729517459869385,22.22262978553772,16.246323823928833,1370000,0.14345479011535645,100.44109925639582,100
62.808013361356934,-0.013773329,170.1610631319235,-67.05908494594198,137,22.946691036224365,-1.0651182e-05,0.5303061008453369,3045.794049024582,274.20719992515063,4.819319009780884,23.67729139328003,17.655710458755493,1380000,0.19684553146362305,97.82159278926007,100
74.36007017020631,-0.014612452,165.06528169861105,-25.104392051316314,138,22.029462337493896,-1.06311545e-05,0.4320368766784668,3068.3919785022736,281.68103317621205,4.8893866539001465,22.577547788619995,16.65104389190674,1390000,0.11468696594238281,96.0760126758938,100
60.10695250505245,-0.014451058,178.3157485590644,8.499362157016218,139,20.78401231765747,-1.0601239e-05,0.5169038772583008,3089.8773152828217,272.1699508398576,4.717147350311279,21.47509241104126,15.598797798156738,1400000,0.17328786849975586,102.59540919451481,100
65.93619366198773,-0.014908682,176.42864632166834,-41.5621697417024,140,21.487946033477783,-1.0547514e-05,0.45442938804626465,3112.013306617737,307.7743482695978,4.671882152557373,22.118278980255127,16.35130476951599,1410000,0.1746845245361328,101.41448073933836,100
69.24916522025661,-0.013272067,169.19842061139423,-76.52876175520088,141,20.95757555961609,-1.052715e-05,0.4915635585784912,3133.641764640808,302.23585477452616,4.797133445739746,21.60950231552124,15.69272255897522,1420000,0.1592271327972412,97.93304212064801,100
61.57760778064859,-0.013916472,171.13012495645424,-78.80937252870763,142,22.3300678730011,-1.0524387e-05,0.48809194564819336,3156.6536955833435,264.9460823447739,5.0382115840911865,22.98847198486328,16.79850721359253,1430000,0.16896724700927734,99.60734750463428,100
61.92770898176125,-0.013071876,172.4865962878911,-1.7466595272748284,143,21.482154607772827,-1.0504291e-05,0.5190129280090332,3178.857183933258,272.4636560089588,4.837412118911743,22.188187837600708,16.177985191345215,1440000,0.1861283779144287,98.42239531692535,100
61.278100754716235,-0.012918377,183.3438187009347,-48.62837273702067,144,21.204187393188477,-1.0472907e-05,0.4259188175201416,3200.664724111557,290.95205180906873,4.856280565261841,21.792473793029785,15.874924421310425,1450000,0.16167855262756348,105.18821223502124,100
70.22006997777035,-0.012351892,168.47466733436605,-26.01484903028601,145,22.573668241500854,-1.0437232e-05,0.5123672485351562,3224.0056343078613,275.2056750596485,5.086181879043579,23.326745986938477,16.997490167617798,1460000,0.22264885902404785,97.53281694248543,100
74.87176145343119,-0.012735987,182.01653161677416,-57.72140306705775,146,20.99955129623413,-1.0443022e-05,0.41912412643432617,3245.5904359817505,301.62514828634727,4.725882053375244,21.571924686431885,15.82475233078003,1470000,0.1521775722503662,105.14618954906513,100
68.24864280504524,-0.012700217,179.91042146623488,-6.600088783046266,147,21.5160551071167,-1.04381115e-05,0.5233500003814697,3267.7899272441864,290.66971919236823,4.866051435470581,22.181862592697144,16.19155502319336,1480000,0.14018964767456055,102.61183351388262,100
74.84982875173921,-0.014105855,184.61952028268138,-58.72590298198061,148,20.839701890945435,-1.03970315e-05,0.47928595542907715,3289.3495881557465,358.1873881603828,4.7250566482543945,21.547162532806396,15.642926931381226,1490000,0.22199416160583496,106.36207459923519,100
71.91192459740087,-0.015746666,175.31727855026472,-44.72954987415222,149,22.490785360336304,-1.0375595e-05,0.5622367858886719,3312.5808515548706,297.96050565654434,4.9715025424957275,23.216824769973755,17.049525260925293,1500000,0.1624772548675537,99.93911861067657,100
73.58166391805376,-0.012749942,167.3508621701609,-18.88633783959941,150,22.53541922569275,-1.0372213e-05,0.5623409748077393,3335.896933078766,301.5098359338963,4.996746301651001,23.3048415184021,17.035402536392212,1510000,0.20439863204956055,97.45720907684694,100
63.72580745020948,-0.015035114,187.93857769822702,-2.607264057709225,151,23.348159074783325,-1.0349073e-05,0.5887367725372314,3359.943873643875,301.7941212127148,4.867084503173828,24.031128406524658,18.004002571105957,1520000,0.09283924102783203,107.66863419249985,100
65.2678816741949,-0.013418442,187.0117425879019,-46.13639823488325,152,20.679611682891846,-1.03157145e-05,0.5150024890899658,3381.231188774109,325.7655288618053,4.846210479736328,21.272525548934937,15.365877628326416,1530000,0.07511138916015625,107.18971448697442,100
74.9299910380279,-0.012540484,176.15589840645578,-70.90095028004575,153,22.44676423072815,-1.0305652e-05,0.46176791191101074,3404.3638167381287,282.5274736770633,4.792729616165161,23.103043794631958,17.15746760368347,1540000,0.19341826438903809,101.55860533820876,100
57.302446834228604,-0.014241513,191.35683817039433,-11.516715341234676,154,21.970401763916016,-1.0323328e-05,0.49311399459838867,3427.0368571281433,287.0309278728037,4.948495388031006,22.656543970108032,16.536699533462524,1550000,0.1864016056060791,109.43921986438647,100
58.37445703282991,-0.012826999,192.2105608219746,-14.119769969814763,155,21.284326314926147,-1.0305878e-05,0.5077195167541504,3449.0504755973816,316.08682950815097,4.836020231246948,21.99584460258484,15.989091157913208,1560000,0.20150256156921387,109.93095904008149,100
68.80675293088636,-0.012100407,175.11405848262157,-25.497266644747782,156,22.741745710372925,-1.0296203e-05,0.49478816986083984,3472.4562559127808,304.2780779197842,4.769911527633667,23.39034605026245,17.518458127975464,1570000,0.15240192413330078,102.32900072281564,100
62.662011007648246,-0.014534333,193.91637977911125,4.978205460178688,157,21.28348398208618,-1.0267032e-05,0.4515519142150879,3494.428791284561,324.36272174628465,4.80011773109436,21.955708265304565,16.025134325027466,1580000,0.2201237678527832,110.79230078318257,100
54.217296565700785,-0.014692513,195.41325763091083,-3.301374869944632,158,22.35178852081299,-1.0247093e-05,0.5439255237579346,3517.489462375641,288.5148119303092,4.777414083480835,23.0468647480011,17.121360778808594,1590000,0.14968609809875488,111.37382107204294,100
65.18946236442969,-0.013423842,183.96550052106616,-25.653083255430207,159,19.933534383773804,-1.0237278e-05,0.532109260559082,3538.1274361610413,301.09112806746487,4.892608165740967,20.624963760375977,14.583280086517334,1600000,0.15749120712280273,104.95720125515076,100
70.009662386997,-0.01341581,190.05380592921358,-52.982729739914596,160,22.07202672958374,-1.0205591e-05,0.4609110355377197,3560.8292968273163,271.21692924111005,4.681642293930054,22.688820600509644,16.92627239227295,1610000,0.15500593185424805,109.05373891221487,100
65.52930691471691,-0.013703226,184.61364183471989,-5.449104259542127,161,22.73160171508789,-1.0177787e-05,0.5043301582336426,3584.232986688614,295.8322453323275,4.872042179107666,23.388431787490845,17.375328302383423,1620000,0.14944005012512207,105.73716659086286,100
59.71332809720192,-0.01507852,192.23121128509817,-6.26777794512015,162,22.735230445861816,-1.0153006e-05,0.5971817970275879,3607.768383741379,306.34223530890927,4.836223602294922,23.51933455467224,17.419280290603638,1630000,0.18041515350341797,110.41598435157377,100
63.28372153326945,-0.013269275,203.38761517720627,-15.524285607849514,163,22.684134006500244,-1.0120865e-05,0.5069317817687988,3631.1339433193207,302.16126788899777,4.881675720214844,23.348466157913208,17.361928701400757,1640000,0.15419459342956543,116.23322462908841,100
64.74235816298936,-0.01397924,194.77554097302362,-13.786057853313261,164,22.667306900024414,-1.0076569e-05,0.48991847038269043,3654.545132637024,297.83678819934755,4.977736949920654,23.39635133743286,17.229079246520996,1650000,0.23793244361877441,111.96029063244917,100
54.98852945614923,-0.013829278,210.4978517768425,3.784275098013002,165,21.489187240600586,-1.0045102e-05,0.5116045475006104,3676.7313289642334,301.47848917866264,4.760846853256226,22.165414810180664,16.26196050643921,1660000,0.16348648071289062,120.49076679852956,100
62.069200171868864,-0.011861952,199.5888218351857,38.5864388253851,166,22.401350498199463,-1.0033743e-05,0.5342628955841064,3699.848160505295,283.22669047502495,4.826775074005127,23.10173463821411,17.068869590759277,1670000,0.16515707969665527,113.91934300300603,100
56.088917064663406,-0.014805716,207.95254438317002,36.374456469508836,167,21.57248020172119,-9.988417e-06,0.5922400951385498,3722.279302597046,346.49140215329584,4.7228782176971436,22.41876459121704,16.404086589813232,1680000,0.2501499652862549,118.81046514401018,100
70.94146583590219,-0.0136645045,197.1301362466165,-26.763271992204942,168,19.718615531921387,-9.936932e-06,0.5524508953094482,3742.7158737182617,331.6557757793944,4.570230960845947,20.413793802261353,14.708287715911865,1690000,0.14139246940612793,113.95430437204577,100
49.98195873629184,-0.013008512,205.73553515990406,37.43020782907393,169,23.35541868209839,-9.914708e-06,0.690626859664917,3766.9771599769592,300.6401821442816,5.05500340461731,24.21489930152893,17.786958694458008,1700000,0.16685271263122559,117.0365915310526,100
61.668611658214765,-0.011909753,209.68527965595752,10.019042820467758,170,20.685434818267822,-9.88326e-06,0.43036508560180664,3788.2844660282135,318.53649771045195,4.903082847595215,21.28668737411499,15.321247577667236,1710000,0.16974639892578125,119.52815547257796,100
67.1609338974917,-0.0071116877,206.04584411541745,-4.821945144130283,171,21.935725450515747,-9.894973e-06,0.4719393253326416,3810.866115093231,311.91540823659614,5.087228536605835,22.563564777374268,16.37235140800476,1720000,0.15381288528442383,117.97332114115574,100
66.43949662499088,-0.010847255,194.87534147831965,-45.14342218550299,172,21.571837186813354,-9.8382925e-06,0.46282219886779785,3833.122535943985,287.9794026550877,4.870664358139038,22.24373483657837,16.238879442214966,1730000,0.2084200382232666,111.24033595243154,100
46.41702909453667,-0.012569409,225.34414957380923,21.705094964780418,173,24.600961446762085,-9.828522e-06,0.5166399478912354,3858.464462041855,307.1129796618428,5.107966661453247,25.329033136367798,18.970886707305908,1740000,0.2107834815979004,127.85503422837299,100
56.739481815871194,-0.011319871,212.4621928697785,-8.421183990823707,174,21.55462336540222,-9.780414e-06,0.4796133041381836,3880.6921615600586,303.71182805597715,4.730241775512695,22.21213126182556,16.366925716400146,1750000,0.17422986030578613,121.14043142608385,100
55.00260460379281,-0.013076633,212.1197970642794,-22.392356700239972,175,20.952579259872437,-9.768736e-06,0.4640023708343506,3902.2975368499756,318.45531700448737,4.790769815444946,21.59089732170105,15.706542730331421,1760000,0.17142581939697266,120.69830405325352,100
68.7484967112969,-0.013969913,200.97093140186595,-22.118743973491934,176,22.899911403656006,-9.748693e-06,0.46247005462646484,3925.858965396881,295.4353703479759,4.830264091491699,23.547539949417114,17.594486951828003,1770000,0.1832129955291748,115.3786821103069,100
64.77439552657904,-0.013244482,215.3310516057827,-43.71439981961355,177,21.482685089111328,-9.695203e-06,0.4894533157348633,3947.9834825992584,299.00970278940355,4.8080644607543945,22.10882258415222,16.229024648666382,1780000,0.13436222076416016,122.3923968059356,100
61.720798460286495,-0.014317208,215.95032187150613,-16.34544800415341,178,21.78680157661438,-9.682394e-06,0.5670809745788574,3970.5199825763702,304.25565986014135,4.988923788070679,22.52213716506958,16.342881202697754,1790000,0.16536831855773926,123.38555997693484,100
57.34642398000823,-0.014776194,208.54818879406594,23.946335817406002,179,21.47195816040039,-9.633059e-06,0.45927929878234863,3992.636726617813,301.6759630987892,4.7903735637664795,22.096340894699097,16.23200821876526,1800000,0.16365385055541992,119.82555295373136,100
54.77974786653245,-0.013375292,218.61004107642958,-50.90187840076008,180,21.49662208557129,-9.6107615e-06,0.5548200607299805,4014.9123845100403,305.20722504830314,4.895877361297607,22.25833010673523,16.158151865005493,1810000,0.20238423347473145,125.08283187459287,100
60.569241971451376,-0.01262111,210.3687007503556,4.0313627480861935,181,22.70772695541382,-9.562642e-06,0.6283378601074219,4038.4485573768616,316.8130442086659,4.761615991592407,23.513509035110474,17.474599361419678,1820000,0.1759624481201172,120.67327607248748,100
52.598337362056256,-0.0140705975,216.50090827296944,20.89999761462296,182,20.946250200271606,-9.519911e-06,0.4464113712310791,4060.100070476532,305.8970055516286,4.833794832229614,21.634430408477783,15.638964891433716,1830000,0.24069619178771973,123.46471044606032,100
59.84813708709647,-0.012939594,213.91423022961018,-69.07024321685971,183,21.468934535980225,-9.491143e-06,0.5755584239959717,4082.321501970291,305.58204133166413,4.780681848526001,22.205453157424927,16.23634696006775,1840000,0.15973687171936035,121.75234214376476,100
72.85644981266778,-0.01284821,215.59166668560673,-141.36188200385632,184,20.692447900772095,-9.45222e-06,0.45046186447143555,4103.639200925827,310.90351927412917,4.798548936843872,21.29794955253601,15.435727596282959,1850000,0.15339970588684082,123.03909801042238,100
59.66732273291967,-0.014586044,204.61027121085536,36.61139122663033,185,21.704901218414307,-9.45587e-06,0.4939701557159424,4126.029356718063,304.91242904019657,4.965077877044678,22.375218391418457,16.284128189086914,1860000,0.17551064491271973,117.64012248226187,100
51.26432201096596,-0.013898481,224.72629872820914,50.64208272973554,186,24.091087102890015,-9.401831e-06,0.5598287582397461,4150.8832359313965,313.9345135483821,4.937506914138794,24.8257474899292,18.675002336502075,1870000,0.17146706581115723,128.3887259503322,100
61.997256408046866,-0.014040295,214.41768295456532,10.697014059010996,187,22.318549633026123,-9.387707e-06,0.4950530529022217,4173.883725643158,313.217651557229,4.902766704559326,22.9877769947052,16.95622444152832,1880000,0.17352008819580078,123.52426710258564,100
56.897411901477625,-0.014385051,212.57699443397948,-20.651746716001178,188,21.474883317947388,-9.372235e-06,0.5108861923217773,4196.032328605652,306.7510504888115,4.753115892410278,22.136431455612183,16.241814374923706,1890000,0.15012598037719727,121.71829462752183,100
68.87162734261412,-0.015025772,206.49634589241901,-2.530021901524923,189,23.967015504837036,-9.362941e-06,0.5134139060974121,4220.706607103348,319.79241742726424,4.920414686203003,24.654263496398926,18.546123504638672,1900000,0.17070317268371582,119.43014884932484,100
57.62250610503349,-0.013938737,221.61405674953983,20.628268246467403,190,21.698694229125977,-9.311801e-06,0.42035865783691406,4242.982984542847,314.26020335824717,4.865023612976074,22.259796619415283,16.35767388343811,1910000,0.13961553573608398,127.18421342909603,100
71.79354688559746,-0.014259191,209.01832626352177,-18.36588268469832,191,22.72351622581482,-9.257972e-06,0.4945096969604492,4266.354689836502,319.05692739371506,4.848700284957886,23.356613874435425,17.39704203605652,1920000,0.13730549812316895,119.89106882138427,100
72.77035874953728,-0.014497631,215.99203668560497,-85.11046262262417,192,21.05937123298645,-9.268645e-06,0.42827486991882324,4288.0516810417175,315.23630645254934,4.786345958709717,21.682961225509644,15.82002568244934,1930000,0.19012188911437988,123.44497992780106,100
61.621124613303316,-0.012969793,221.74716432272842,-47.76719282852907,193,21.229238510131836,-9.2326745e-06,0.448486328125,4309.905797719955,311.9536194953637,4.704492807388306,21.83634090423584,16.070112943649292,1940000,0.15784215927124023,126.1584197462675,100
49.07090259155893,-0.013331661,232.62237422560017,94.14482313261159,194,21.94496250152588,-9.211854e-06,0.4698972702026367,4332.440028190613,342.10064021302156,4.957624912261963,22.51876425743103,16.507814407348633,1950000,0.10091447830200195,131.77643724908899,100
70.192821137952,-0.014176557,220.0656605123012,-80.0690280543831,195,22.275120735168457,-9.180293e-06,0.46314358711242676,4355.356667280197,321.1947800184141,4.926495790481567,22.89289093017578,16.871736764907837,1960000,0.15200161933898926,126.16389262039796,100
62.71030107482379,-0.01225974,225.43223592541216,-13.936322933580287,196,21.907920122146606,-9.177819e-06,0.5762515068054199,4378.050404787064,332.5881538586699,4.799692630767822,22.68207573890686,16.64442014694214,1970000,0.18535661697387695,129.33768721979234,100
61.57354500929203,-0.012669087,224.54402807436392,-11.973314962682426,197,22.396068572998047,-9.148164e-06,0.4985513687133789,4401.143069982529,332.6142322518159,5.015417575836182,23.074886560440063,16.905838012695312,1980000,0.17917633056640625,128.37449887766326,100
66.5220318963117,-0.012536662,232.5256534048331,-20.416214930180086,198,20.88203477859497,-9.125658e-06,0.47805213928222656,4422.700897455215,334.97467901077863,4.998245000839233,21.531434535980225,15.424145936965942,1990000,0.16983366012573242,132.67775600876456,100
52.30633462353185,-0.014110761,231.62787616150376,73.3383098357585,199,20.92348551750183,-9.106433e-06,0.4425995349884033,4444.242834329605,320.8896371633891,4.959570646286011,21.51796317100525,15.468205451965332,2000000,0.15072894096374512,132.94169592386555,100
56.95049152805778,-0.014625066,221.86946005918605,53.18862641130678,200,20.76117467880249,-9.085481e-06,0.5054283142089844,4465.685489177704,320.034088562436,4.665968894958496,21.432523012161255,15.65760350227356,2010000,0.1651020050048828,126.13053410593994,100
67.8034946602724,-0.013467757,223.8624590876055,17.26949186080959,201,21.28442144393921,-9.058921e-06,0.516761064529419,4487.678604841232,315.89603574051296,4.807453870773315,21.976775884628296,16.01932144165039,2020000,0.1730055809020996,129.4989275996037,100
57.02186532050593,-0.013509868,228.53387537987135,42.388036589616995,202,21.790287017822266,-9.034907e-06,0.4960322380065918,4510.245858669281,326.55321948936273,4.965008735656738,22.547308683395386,16.35559916496277,2030000,0.25904297828674316,131.5057886470525,100
67.7698755462777,-0.014269221,221.65848392531913,-18.946292133061995,203,21.805106163024902,-9.0115955e-06,0.4675130844116211,4532.678409576416,346.12097003395064,4.874387979507446,22.420307636260986,16.46487522125244,2040000,0.14702081680297852,126.66969361967887,100
56.14291198733453,-0.012049996,235.88512455510212,32.18700156418215,204,23.758010149002075,-8.992342e-06,0.49383020401000977,4557.1006581783295,330.00490180038526,5.087721586227417,24.403616428375244,18.1495144367218,2050000,0.14649033546447754,134.0483379279136,100
75.85297062646092,-0.011873806,230.79225996465718,-32.94264294556831,205,21.53057360649109,-8.972716e-06,0.4337456226348877,4579.223190546036,348.3608538145833,4.90032434463501,22.10593318939209,16.165639638900757,2060000,0.14030027389526367,131.39067367456477,100
67.87063071125618,-0.012940199,237.21377426042417,-14.17899270832382,206,21.64204454421997,-8.941105e-06,0.48906755447387695,4601.533667087555,351.1581235846739,4.753612756729126,22.29473066329956,16.42553186416626,2070000,0.15921354293823242,136.35103482174475,100
67.82875616881596,-0.014887915,223.6243094455915,-38.76007526575644,207,23.28020930290222,-8.9171535e-06,0.4503016471862793,4625.440634012222,348.4359698426452,4.980256795883179,23.889394998550415,17.734363555908203,2080000,0.15801095962524414,128.2109562795548,100
60.61735958359191,-0.01126284,230.3401975957291,11.745811916931153,208,22.795353174209595,-8.887581e-06,0.6782855987548828,4649.102685213089,314.88728770157604,5.057398557662964,23.651644706726074,17.247450590133667,2090000,0.17706513404846191,132.49466833581118,100
68.7679487634868,-0.014333286,226.53751461875333,-0.40505501994251725,209,22.18024253845215,-8.893056e-06,0.5124821662902832,4671.960485458374,335.5768071043131,5.047280550003052,22.841068029403687,16.639527320861816,2100000,0.1473848819732666,129.68246824534197,100
57.54167116073258,-0.0117455805,232.5725563674206,29.17566943219042,210,21.923357725143433,-8.88332e-06,0.7079250812530518,4694.850551605225,349.77071567976816,4.914801597595215,22.86621904373169,16.534757375717163,2110000,0.23277783393859863,134.11691842623517,100
60.23229131081185,-0.014394583,229.81960344670784,-24.88400054901614,211,23.856090784072876,-8.861952e-06,0.5077619552612305,4719.379290103912,312.3910128532912,5.068395614624023,24.51321053504944,18.281681060791016,2120000,0.14851903915405273,131.65277558548766,100
60.190363716666454,-0.014853991,232.24239446947232,41.38969340377084,212,22.55236291885376,-8.861305e-06,0.5679237842559814,4742.757594347,344.89328133234494,5.02671480178833,23.360244274139404,17.05409836769104,2130000,0.2283782958984375,133.22174078779523,100
66.190373759769,-0.015077429,230.88450779424164,29.5197228777434,213,21.893208980560303,-8.811614e-06,0.4750494956970215,4765.368944644928,323.56894096239864,4.940073728561401,22.595027446746826,16.47370934486389,2140000,0.22377300262451172,132.53837326992877,100
50.807112008018485,-0.014547773,240.94424652818782,106.44410158319232,214,21.428531169891357,-8.810007e-06,0.5145232677459717,4787.480935335159,352.2255809696621,4.94245457649231,22.091519355773926,16.004979610443115,2150000,0.14559698104858398,136.5162502863156,100
69.09515482043727,-0.007399173,223.01245063074623,-3.4865753393519032,215,24.630675792694092,-8.8034485e-06,0.511028528213501,4812.948879241943,320.72817838567386,5.265875577926636,25.44764256477356,18.870452642440796,2160000,0.3015460968017578,127.85888983632933,100
62.95278935341455,-0.009672891,229.22275407735648,-79.23944964940839,216,23.29060935974121,-8.7826775e-06,0.45331335067749023,4836.850568532944,313.3969076749229,5.290462017059326,23.883368253707886,17.52185320854187,2170000,0.13871359825134277,130.75887831738228,100
78.03454227221243,-0.0135370465,216.58696051192499,-10.763254983146581,217,22.166497707366943,-8.753889e-06,0.49491119384765625,4859.715843915939,324.1696596488703,4.952181577682495,22.842689275741577,16.74428701400757,2180000,0.17971467971801758,124.16887104757052,100
45.5897313517948,-0.012677581,240.55841135106547,76.85288122685233,218,23.115861654281616,-8.738524e-06,0.47643542289733887,4883.513040065765,327.27451969409003,5.017380952835083,23.78044366836548,17.624770164489746,2190000,0.18691301345825195,137.01920002640668,100
65.08523214462141,-0.011272418,230.59589782467134,-2.05174445581103,219,24.081868886947632,-8.733934e-06,0.6551964282989502,4908.430823564529,354.0647716697138,5.098323583602905,24.899704456329346,18.477619171142578,2200000,0.16119384765625,131.4939651700504,100
68.32426848902983,-0.01450094,232.72619864428086,-117.77109045931923,220,21.246798753738403,-8.725469e-06,0.49751830101013184,4930.361799955368,332.7319244870221,4.912957668304443,21.914318799972534,15.842082977294922,2210000,0.1649775505065918,132.92509291507236,100
60.54727606582809,-0.013698682,235.39971556470834,12.466781962350941,221,22.082131385803223,-8.703151e-06,0.5406346321105957,4953.193300962448,319.32717155310337,4.91619873046875,22.81318211555481,16.690517902374268,2220000,0.1860370635986328,134.34940004890103,100
53.03352576906056,-0.010237628,237.25978688666655,68.93573089968194,222,21.485733032226562,-8.6880555e-06,0.5762240886688232,4975.473557472229,317.75825436906183,4.967428207397461,22.241857528686523,16.02545976638794,2230000,0.17862844467163086,136.26380005386008,100
60.34328772674318,-0.013340662,236.58034603393543,-43.56797397500553,223,22.8035306930542,-8.651206e-06,0.5077815055847168,4999.061952829361,327.00059098774204,5.029974699020386,23.56840991973877,17.26188850402832,2240000,0.2301328182220459,135.04780013987968,100
64.2374319986236,-0.0141835855,240.24455738802592,43.03593651641979,224,22.915024518966675,-8.650282e-06,0.5588943958282471,5022.706105709076,391.86205367096863,5.020615339279175,23.62604594230652,17.422441244125366,2250000,0.15107131004333496,137.84567140520062,100
61.10515171134535,-0.013225457,237.5538052453345,-11.729772195923887,225,23.12115979194641,-8.627705e-06,0.4515876770019531,5046.538047790527,337.09229384942614,5.002456903457642,23.814130783081055,17.636802673339844,2260000,0.23936676979064941,135.2697948716455,100
69.68897176959015,-0.013599441,239.02715721259153,-18.317877361479,226,22.917045831680298,-8.608134e-06,0.5320930480957031,5070.17168879509,382.34860350521205,4.8397135734558105,23.615076541900635,17.59214758872986,2270000,0.16431617736816406,137.09793963248393,100
63.295951313483855,-0.013499498,225.19014267352028,1.763244609941263,227,21.9783833026886,-8.582134e-06,0.5439972877502441,5092.872286081314,341.77244577341514,4.924352169036865,22.68344020843506,16.57125496864319,2280000,0.16014504432678223,129.522604759594,100
67.59445599987083,-0.01286996,235.56114248964212,31.84464375885128,228,24.08826184272766,-8.544309e-06,0.580176591873169,5117.762092590332,351.41929281380635,5.047549724578857,24.871583223342896,18.53028917312622,2290000,0.20159339904785156,135.33293059757108,100
71.17934294352898,-0.011957654,233.14482364220177,-0.8031995947532491,229,22.43746566772461,-8.504524e-06,0.48001837730407715,5140.924054145813,337.83235889909935,5.187160968780518,23.12643265724182,16.75337815284729,2300000,0.20792508125305176,133.69701887032699,100
60.43632944903267,-0.014003314,248.01171618531222,42.2985053675256,230,22.950901985168457,-8.489693e-06,0.4874265193939209,5164.64270234108,355.1222000681498,5.101772308349609,23.69960045814514,17.350416660308838,2310000,0.25257205963134766,141.80393589799087,100
62.81410127181736,-0.014426384,241.5793709200416,24.65866163463473,231,22.725725650787354,-8.485071e-06,0.45844364166259766,5188.030517578125,393.153699959684,4.925725698471069,23.36748719215393,17.3154034614563,2320000,0.1825268268585205,138.63093765143074,100
69.54772542447967,-0.014306017,234.78141506324587,-36.10258993550518,232,21.868916988372803,-8.465976e-06,0.5923545360565186,5210.6728620529175,336.163662904765,5.005858898162842,22.62592101097107,16.39427399635315,2330000,0.163283109664917,134.375233991323,100
68.96186521728868,-0.012179217,238.8018067297945,20.801315899682297,233,23.082217931747437,-8.420751e-06,0.5176794528961182,5234.4445078372955,329.3105311979281,5.19484806060791,23.751617908477783,17.384778022766113,2340000,0.15043878555297852,137.3010864559483,100
65.69048866675563,-0.013526047,237.5968032530167,29.49204338318811,234,22.23031187057495,-8.392889e-06,0.48090171813964844,5257.324786186218,331.25573840737246,5.062511682510376,22.864192962646484,16.66144299507141,2350000,0.15224671363830566,135.97445911595474,100
87.28955826807488,-0.01336454,221.55807949524603,-58.50388018289152,235,23.73866033554077,-8.36642e-06,0.4638853073120117,5281.75749373436,330.6379730008104,5.392831563949585,24.41463589668274,17.83787989616394,2360000,0.2078845500946045,127.99469006460536,100
74.4609834645261,-0.014448701,231.24917541775574,-3.679750764553713,236,22.336843252182007,-8.386245e-06,0.5067346096038818,5304.784866809845,352.3809838727938,4.994929552078247,23.007000207901,16.824668407440186,2370000,0.16284704208374023,132.9225818004505,100
64.66568461347427,-0.009406602,242.16890421876488,5.578712303666164,237,22.849724292755127,-8.341461e-06,0.5294628143310547,5328.3586621284485,342.40968038442725,5.006390810012817,23.558293104171753,17.357620239257812,2380000,0.17700648307800293,138.48402882218227,100
63.97357817325269,-0.012978107,249.65273040134224,-9.03309947133249,238,21.972934246063232,-8.341237e-06,0.5283236503601074,5351.0672607421875,339.2590822436775,4.973523378372192,22.681705951690674,16.53071665763855,2390000,0.15953922271728516,143.34176851229878,100
50.63467096075631,-0.009603745,259.9845872323448,81.36486231659953,239,22.79349374771118,-8.3243285e-06,0.650437593460083,5374.6828026771545,342.81331689796696,5.108713150024414,23.603079080581665,17.200308322906494,2400000,0.1581249237060547,147.83762742415365,100
69.1142203189569,-0.014242053,236.6898671066191,14.43245934413701,240,22.356085777282715,-8.307628e-06,0.6083242893218994,5397.846082448959,328.85516752464486,5.1035871505737305,23.142958164215088,16.79603338241577,2410000,0.17461490631103516,135.83342591540574,100
66.68647225617869,-0.015292531,241.37901275206096,25.20716254336939,241,20.807781457901,-8.325357e-06,0.5330872535705566,5419.356391906738,329.27098140186035,4.9762256145477295,21.49772024154663,15.341943264007568,2420000,0.15236854553222656,138.5754158869637,100
64.80259754468698,-0.013459745,238.76144270014075,24.03808732604226,242,22.08620810508728,-8.312677e-06,0.5838589668273926,5442.232311487198,355.88861764980527,5.017087936401367,22.853130102157593,16.595290899276733,2430000,0.1814277172088623,136.37413587270711,100
68.02746201072446,-0.013012838,248.78630792445531,-15.643174411386319,243,22.94138526916504,-8.335631e-06,0.5138370990753174,5465.844824552536,335.33819909182483,5.033274412155151,23.58903408050537,17.40690588951111,2440000,0.13198637962341309,142.85635283037243,100
68.55398866718008,-0.014111603,245.76163134022175,37.09700848503755,244,21.405572175979614,-8.314212e-06,0.5397806167602539,5487.9621732234955,336.9403941148355,4.884382009506226,22.102821826934814,16.0612211227417,2450000,0.15680193901062012,140.54095472740977,100
62.62230616521446,-0.0134700565,255.33928544491238,18.56426555331815,245,21.10880398750305,-8.283091e-06,0.5211172103881836,5509.783684968948,355.2772727036654,4.952629804611206,21.808437824249268,15.696388483047485,2460000,0.17693495750427246,145.82397875020652,100
61.197242870436384,-0.012753916,248.27970599538006,6.049454821016024,246,23.17974543571472,-8.27616e-06,0.4846220016479492,5533.607848882675,346.0617644261938,5.127415418624878,23.80413794517517,17.57225799560547,2470000,0.13869118690490723,143.29112991690488,100
65.40295811206626,-0.014147369,251.6478551303944,6.5547252573432715,247,22.059919118881226,-8.267744e-06,0.5447509288787842,5556.427637338638,361.33641513431195,5.053107500076294,22.804691791534424,16.5097553730011,2480000,0.19785165786743164,143.1407329113854,100
52.18176219985586,-0.012643409,259.63126229578546,78.85072262209864,248,22.96892023086548,-8.2624065e-06,0.4893229007720947,5580.095632076263,350.5552077397715,4.987862825393677,23.644983768463135,17.500367641448975,2490000,0.18539118766784668,148.22816223069034,100
62.383350152132486,-0.015175407,252.7041462203674,11.130791407876258,249,22.50987935066223,-8.260943e-06,0.6351833343505859,5603.547366857529,357.08639435896964,5.075606346130371,23.43897557258606,16.954339027404785,2500000,0.28766298294067383,144.7671713167716,100
65.75182823345571,-0.010297007,248.43947538374908,-47.38214727407204,250,21.212087869644165,-8.258231e-06,0.5415060520172119,5625.466680288315,371.8013068871372,4.961720943450928,21.901146173477173,15.78079867362976,2510000,0.14449286460876465,142.02589944394595,100
55.93321218667902,-0.013175916,261.5588643187273,65.99085352097823,251,22.528247356414795,-8.2585075e-06,0.48867201805114746,5648.709968805313,339.7890479342715,5.017905235290527,23.22624659538269,17.02092146873474,2520000,0.2054593563079834,148.81892182370206,100
66.06893785354133,-0.011549593,238.80202660113792,29.99513995878889,252,22.96696138381958,-8.214757e-06,0.455291748046875,5672.30801486969,359.48887267069426,5.218763828277588,23.576475858688354,17.26790714263916,2530000,0.15345001220703125,137.14409920417333,100
68.95389976205868,-0.012494144,252.05125991652912,38.112790791363196,253,21.504984617233276,-8.188081e-06,0.4952225685119629,5694.4914700984955,348.8749868942579,5.080942153930664,22.166762351989746,15.94726848602295,2540000,0.1650547981262207,145.07048787803788,100
60.46985433176486,-0.011315576,262.0636401388704,52.8643582398202,254,22.17635726928711,-8.18681e-06,0.46660685539245605,5717.289827108383,356.03805941198834,5.121267795562744,22.778754711151123,16.558969497680664,2550000,0.13401341438293457,150.0794132563283,100
57.73274163931285,-0.013164415,261.0165523885468,92.07841652833014,255,22.189964294433594,-8.140468e-06,0.5246520042419434,5740.222430706024,372.4817518322647,5.110713005065918,22.907405853271484,16.580023527145386,2560000,0.18901491165161133,149.23130926065505,100
68.52232512417677,-0.012192621,247.61608399957956,-15.010379360448178,256,22.559809684753418,-8.13728e-06,0.5120508670806885,5763.546404838562,388.9792444989264,4.879082441329956,23.306008100509644,17.211058616638184,2570000,0.23295378684997559,142.18692002775623,100
69.74096377256718,-0.012621397,254.6714619794389,-29.782255457956342,257,21.900017261505127,-8.103863e-06,0.5057418346405029,5786.194550514221,347.16638699795385,4.9276440143585205,22.627716779708862,16.482691287994385,2580000,0.21705055236816406,146.44252625663563,100
76.37372314131923,-0.014348999,240.83456123491996,-18.293641412517125,258,22.66441059112549,-8.106045e-06,0.5894389152526855,5809.638715267181,349.6648251894679,5.017909049987793,23.429061889648438,17.1692373752594,2590000,0.17212939262390137,138.64919234902356,100
50.6935379999264,-0.013799658,262.5308350207948,40.091696987104335,259,21.770326614379883,-8.086572e-06,0.7056558132171631,5832.309419155121,344.9033402976967,5.0014119148254395,22.65499186515808,16.28968572616577,2600000,0.17798495292663574,149.65037088610953,100
68.52762701269923,-0.012449661,257.9141135550677,-64.23633917077679,260,21.6937038898468,-8.0623695e-06,0.4760150909423828,5854.6307990550995,355.71328670438044,4.943027496337891,22.30532145500183,16.2762508392334,2610000,0.13417601585388184,147.4523058523611,100
66.35363515976536,-0.014593758,246.25347113372953,36.56936481656093,261,21.041081190109253,-8.066788e-06,0.49411964416503906,5876.360119104385,342.67808646872976,5.103939771652222,21.712640285491943,15.436819791793823,2620000,0.1765432357788086,141.59945778799838,100
69.45647815284495,-0.014075317,254.1016575425144,43.43876384701941,262,22.42005205154419,-8.056129e-06,0.4677083492279053,5899.4696843624115,353.9215938971528,4.9558398723602295,23.096996307373047,16.98043942451477,2630000,0.2085890769958496,145.6360132753341,100
52.607151398210355,-0.0121091,263.72872471939695,39.94956507473075,263,22.722981691360474,-8.019234e-06,0.5138483047485352,5923.022394895554,356.7610501480842,5.0271031856536865,23.53564190864563,17.206592321395874,2640000,0.28888916969299316,151.4277356773467,100
53.83922828420859,-0.014424004,273.04174616871654,17.34907166463404,264,22.55320405960083,-7.995645e-06,0.5067453384399414,5946.361399650574,373.18562158134574,5.026387453079224,23.320490837097168,17.0265953540802,2650000,0.24873757362365723,156.04238566341775,100
59.6746634403065,-0.013843082,264.4622641043161,43.079894403837265,265,20.702152252197266,-7.9624715e-06,0.4681844711303711,5967.693432569504,362.4509830782249,4.630859136581421,21.319206476211548,15.617899894714355,2660000,0.14837646484375,150.92089725166153,100
62.19201311351844,0.003295023,260.0648832597804,11.742621152608663,266,21.855945587158203,-7.967372e-06,0.5112030506134033,5990.275014400482,356.5260470159014,4.823587894439697,22.557926654815674,16.572711944580078,2670000,0.19009685516357422,148.82077321425143,100
58.03272317221595,-0.008404888,266.8636388724906,-14.175884413324832,267,22.623743772506714,-7.943179e-06,0.5263311862945557,6013.6188061237335,372.0490237320499,4.873521566390991,23.324090242385864,17.28726577758789,2680000,0.17328596115112305,152.10725946179355,100
65.19517444234923,-0.010267858,261.5340000632237,15.496535569031543,268,23.206992149353027,-7.892114e-06,0.49293994903564453,6037.480719804764,362.373565598199,5.06224250793457,23.842571258544922,17.664361000061035,2690000,0.14095854759216309,150.3530654647044,100
60.41504992105553,-0.011517998,256.4928275957924,-5.933453293583311,269,20.759381771087646,-7.880159e-06,0.5046696662902832,6059.009124755859,349.7535899900269,4.931219816207886,21.51663303375244,15.335461854934692,2700000,0.23738861083984375,146.1604776696064,100
47.31777078622871,-0.00954568,279.0695102842159,26.647547010568275,270,22.521268367767334,-7.861065e-06,0.5981552600860596,6082.40567946434,358.8176597824703,4.662029027938843,23.36514115333557,17.403406620025635,2710000,0.23060226440429688,158.5272069946863,100
52.304605682297584,-0.010973608,274.0812927488429,56.13786843366758,271,22.324419021606445,-7.863268e-06,0.48236608505249023,6105.472944259644,372.28445195457726,4.975326776504517,23.0453839302063,16.868727922439575,2720000,0.23760342597961426,156.96143877154483,100
60.8389753779541,-0.011551859,275.177809977627,42.33613112254418,272,23.075910568237305,-7.83807e-06,0.45189762115478516,6129.203150272369,375.02935002124724,4.970872402191162,23.71280026435852,17.587475299835205,2730000,0.18229889869689941,156.99200187288966,100
61.81005568284277,-0.0125737665,266.90811614339145,-22.41340195365633,273,20.832738161087036,-7.8185985e-06,0.49684715270996094,6150.7230389118195,347.1244047915257,4.856831789016724,21.502837896347046,15.512381553649902,2740000,0.17200493812561035,151.86105840699534,100
53.2529234393962,-0.015654746,280.97896202162804,-46.54287052484831,274,20.878484964370728,-7.813852e-06,0.48569679260253906,6172.380398273468,370.29300758577875,4.850241184234619,21.637694120407104,15.56187391281128,2750000,0.27237844467163086,160.39289488496544,100
62.547257943557355,-0.011933556,264.5906107557688,62.66121596018742,275,24.8206844329834,-7.799588e-06,0.546471118927002,6197.913783788681,360.96934488396107,5.157038688659668,25.520869731903076,19.169236183166504,2760000,0.15066862106323242,151.76028164874901,100
52.66597707684756,-0.013084552,274.1180990117856,98.25784108990881,276,23.015759229660034,-7.758767e-06,0.46666526794433594,6221.553372144699,377.8132286563633,5.209994554519653,23.59785008430481,17.29468297958374,2770000,0.11466693878173828,157.2834249624106,100
73.0344955837342,-0.012823653,264.2623488702493,-35.44363998238348,277,22.869228839874268,-7.76752e-06,0.4904820919036865,6245.089249372482,396.30974504442514,5.084549188613892,23.522557973861694,17.280401945114136,2780000,0.1614847183227539,152.086705877986,100
55.089486783585045,-0.013186349,271.5773912515046,48.65657256240491,278,21.310853481292725,-7.733896e-06,0.5503675937652588,6267.169004201889,364.15642144736375,4.746918201446533,22.06163263320923,16.112738847732544,2790000,0.1997675895690918,155.3709489425293,100
65.51890747627284,-0.011006634,275.4945463610585,16.80496325830252,279,23.103162050247192,-7.686763e-06,0.666924238204956,6291.094820261002,364.8485822632746,5.084981918334961,23.9057400226593,17.485291481018066,2800000,0.13519787788391113,157.7652279494914,100
67.49451942294151,-0.016570458,260.1754945982632,10.325484672459993,280,22.875,-7.682874e-06,0.5549192428588867,6314.681243896484,353.2436926049561,5.004158020019531,23.573909282684326,17.388559579849243,2810000,0.14314055442810059,148.24565793903082,100
63.145708271523844,-0.012519022,272.73510330109605,-10.379479237215778,281,22.436261653900146,-7.69294e-06,0.55124831199646,6337.878673553467,355.1339231107948,4.892965316772461,23.177717685699463,17.077515602111816,2820000,0.18590426445007324,155.7816654014804,100
63.06026747378298,-0.013000243,262.7729709295079,19.556710031270804,282,22.825334548950195,-7.64735e-06,0.5078279972076416,6361.322463512421,365.13954050525524,4.979247331619263,23.42763042449951,17.37502384185791,2830000,0.09310173988342285,152.02298394470375,100
51.126303199953526,-0.010482873,286.20816399847854,55.213267788502925,283,22.744352102279663,-7.609659e-06,0.5987191200256348,6384.8193554878235,365.6075232328778,5.019103527069092,23.483242511749268,17.23429250717163,2840000,0.13942837715148926,164.11708756433865,100
60.778710882245136,-0.012817583,272.25417941465753,22.23100341413438,284,22.306178331375122,-7.5904604e-06,0.43041467666625977,6407.725672483444,353.51824546319955,4.984064102172852,22.889584064483643,16.824050188064575,2850000,0.15141868591308594,155.56502545993578,100
50.94895804821485,-0.01318506,276.4487618441524,67.7122930375576,285,20.26706314086914,-7.5546864e-06,0.5772895812988281,6428.741565465927,364.5933840068203,4.7923359870910645,20.997666597366333,15.019141912460327,2860000,0.15194296836853027,157.44224146473863,100
58.02858474735264,-0.013660298,271.29962917353123,37.19881087321459,286,22.495405912399292,-7.5452e-06,0.6266789436340332,6452.025603055954,378.05100634782184,4.858744144439697,23.260528087615967,17.16310715675354,2870000,0.13610219955444336,155.59272918368654,100
67.41829506395338,-0.013558524,276.01579869762935,-4.8731024401664875,287,22.190807580947876,-7.528195e-06,0.6451528072357178,6475.026178598404,372.32005255928584,4.958392858505249,22.97270393371582,16.748770475387573,2880000,0.13511896133422852,157.73843037267298,100
53.04813504969447,-0.013119188,288.7399076188722,51.6176469233868,288,21.65889596939087,-7.5048424e-06,0.4924314022064209,6497.4432780742645,383.5233783411867,4.95206880569458,22.402358770370483,16.24996519088745,2890000,0.2393021583557129,164.52759917236176,100
66.24878530597447,-0.011295313,269.3365250610612,-28.6599433107585,289,24.39864230155945,-7.4426025e-06,0.626854419708252,6522.694058895111,377.0694660688223,5.114609718322754,25.233476400375366,18.76675057411194,2900000,0.20722436904907227,154.4465026276039,100
59.26461690362254,-0.014025457,279.7437133535678,-13.748832389213412,290,21.35482096672058,-7.462218e-06,0.7093842029571533,6544.97155714035,385.1223515820327,4.776037931442261,22.265568494796753,16.109193325042725,2910000,0.2007145881652832,159.81757887950045,100
64.83109144009985,-0.00998522,274.07680853390644,19.09600927460058,291,23.557648420333862,-7.443896e-06,0.47780513763427734,6569.270841598511,354.11290112482516,4.8768532276153564,24.28573226928711,18.22110652923584,2920000,0.24772405624389648,157.02214492935911,100
65.59866613268433,-0.010895935,275.8874511584781,15.592324460041658,292,19.757575035095215,-7.3945744e-06,0.5448355674743652,6589.87065911293,408.81674699482915,4.589271783828735,20.5813090801239,14.720361471176147,2930000,0.2598593235015869,158.9954996193303,100
63.83807223736435,-0.008242012,274.5433548650246,40.787527366752606,293,21.977532863616943,-7.3922783e-06,0.48895835876464844,6612.512556552887,372.7117968931979,4.847205400466919,22.62677001953125,16.679662227630615,2940000,0.15864920616149902,156.88998612813393,100
64.06549082782003,-0.0035980023,282.3062140168286,45.82543206302452,294,22.257725715637207,-7.36249e-06,0.5413088798522949,6635.606105327606,381.7895965788743,5.079068183898926,23.077043771743774,16.691080331802368,2950000,0.27703404426574707,162.20558783904934,100
60.13306013309295,-0.01253399,273.86016876778444,68.68240836676641,295,22.227383613586426,-7.3496394e-06,0.5638015270233154,6658.54185295105,371.7800752703391,4.9641008377075195,22.922480821609497,16.801733255386353,2960000,0.13054132461547852,157.65859253968864,100
57.339764817532895,-0.0107128015,280.09983657750666,64.86189534029754,296,22.17820930480957,-7.3139004e-06,0.649583101272583,6681.553593158722,376.00978452436215,5.032092809677124,22.99867582321167,16.670774221420288,2970000,0.17002534866333008,160.27107677394687,100
70.61055769958239,-0.011847878,268.9853151274467,1.7907086918073896,297,25.082383394241333,-7.2985044e-06,0.5164573192596436,6707.44308590889,355.14109264505583,4.949607849121094,25.866706132888794,19.632306575775146,2980000,0.2649524211883545,154.11993966495228,100
62.85034048814511,-0.013784179,284.15549826976655,52.26894073822773,298,22.02437472343445,-7.2669263e-06,0.6080975532531738,6730.422062635422,390.5771127256027,5.064441680908203,22.927748203277588,16.448540449142456,2990000,0.28685522079467773,162.7410965438667,100
53.83540034383913,-0.014863859,283.9755250248014,73.69425910120708,299,22.730347156524658,-7.236176e-06,0.4113028049468994,6753.770749092102,383.1946392710189,5.052209138870239,23.335237741470337,17.194502592086792,3000000,0.19286394119262695,163.0424781180078,100
