train-NumTrajs,LossAfter,Itr,train-MaxReturn,n_timesteps,ItrTime,train-MinReturn,LossBefore,Time,Time-SampleProc,Time-Sampling,train-AverageDiscountedReturn,Time-Optimization,train-StdReturn,train-AverageReturn,train-EnvExecTime,train-PolicyExecTime
100,-6.1217313,0,172.95089797190093,10000,28.50755524635315,-194.79155678193425,-0.008832138,28.507563591003418,0.054326534271240234,26.326817274093628,-12.257062347218556,2.125706911087036,99.37882133328159,-41.61909064033732,11.103674173355103,14.511574745178223
100,-0.1270105,1,209.7577073957128,20000,27.16204071044922,50.66083800476429,-0.0037894286,55.7743353843689,0.06031656265258789,25.49596929550171,90.68278621385811,1.604996681213379,31.599100644625462,151.20774746856887,10.88509488105774,13.920810222625732
100,-0.07654797,2,195.04256038881385,30000,27.012788772583008,117.4071733582413,0.026960583,82.85185670852661,0.06320691108703613,25.361246347427368,98.61671306348244,1.5873386859893799,18.441830218719346,167.89815257391066,10.946203470230103,13.725252389907837
100,-0.69694823,3,183.6011941781282,40000,27.004631757736206,133.53248463005716,0.003815091,109.92013740539551,0.06314778327941895,25.61841130256653,100.9593652964184,1.3218045234680176,9.017191883219187,172.48372633308335,11.085754156112671,13.83642840385437
100,-3.4272075,4,180.5798849740438,50000,27.02800416946411,148.84454777956412,0.0027030625,137.0083086490631,0.07463884353637695,25.79481863975525,98.95130964388649,1.1561834812164307,6.976572747888111,167.8024309785013,11.116271495819092,13.986639976501465
100,-13.947897,5,160.3546885669502,60000,27.312345266342163,130.8226885471121,0.011391528,164.37840962409973,0.04668784141540527,26.17703104019165,91.44082671865623,1.087939977645874,5.531249748465195,148.99017651142714,11.237314939498901,14.221864938735962
100,-4.9285173,6,117.30419555901994,70000,27.593857049942017,58.84954265054426,-0.0036268693,192.04234862327576,0.04199481010437012,26.48003315925598,68.38031202201799,1.0707433223724365,11.902303771221767,99.45158509162468,11.397225141525269,14.379180431365967
100,-8.945021,7,140.3342628851834,80000,26.96291732788086,-3.7151968676046216,-0.0077324407,219.07519698143005,0.04711508750915527,25.838855028152466,49.30115773192934,1.076169729232788,34.02737262412549,62.500871274553035,11.110999584197998,14.02356505393982
100,-10.952946,8,100.66807738189827,90000,26.934646368026733,-19.25715914672041,0.0092139775,246.08025407791138,0.037584781646728516,25.809988021850586,35.57605500552914,1.0863261222839355,33.72269848489563,37.27912373574787,11.134105920791626,13.980178594589233
100,-5.6653876,9,108.28078935258912,100000,27.10574698448181,-24.932061260695722,-0.012816345,273.2542357444763,0.04072427749633789,25.992180347442627,42.92346569008675,1.0721163749694824,37.15694273152306,56.767787159531736,11.233115673065186,14.062642097473145
100,-1.7707485,10,116.30945586818417,110000,27.11176109313965,-53.0712602186071,-0.008989511,300.42933416366577,0.03925323486328125,26.00509023666382,40.321893057301665,1.0668120384216309,42.7260449340951,53.43429761972574,11.322566509246826,13.98272967338562
100,-0.62047887,11,129.85734940774404,120000,27.212572813034058,-26.71084312252964,0.009129443,327.70190238952637,0.03357672691345215,26.1024911403656,34.76034934002596,1.0757062435150146,47.062126625347034,36.40131131536641,11.42780876159668,13.972597599029541
100,-0.60278064,12,124.9295387486585,130000,27.187344789505005,-53.989239646972855,0.0154277645,354.96510767936707,0.05387377738952637,25.90834355354309,29.607550001716,1.223522424697876,44.345695322453295,24.855319126194164,11.339356899261475,13.873406648635864
100,-0.56111187,13,128.08565001057707,140000,27.311229944229126,-63.87165179509402,-0.0102629885,382.3373749256134,0.06112074851989746,25.98521614074707,26.44731385825826,1.2636644840240479,42.923929807436004,17.434131308405902,11.336049556732178,13.955138206481934
100,-0.4703305,14,123.64620246482801,150000,27.070618152618408,-61.18092765926495,0.0155250365,409.4688355922699,0.05952310562133789,25.635985612869263,27.64451808835476,1.3744449615478516,40.01544409877693,20.677287184944852,11.229334592819214,13.711061000823975
100,-0.42616308,15,127.23220753561026,160000,27.247096061706543,-128.48196507837886,-0.012275672,436.77319717407227,0.05068778991699219,25.49432682991028,23.25253119640395,1.701308012008667,47.57489789362519,16.265221570137324,11.179586172103882,13.615625381469727
100,-0.5521849,16,111.06173069441923,170000,27.105846166610718,-133.1736736427923,0.006306641,463.9411861896515,0.053704261779785156,25.47551131248474,12.53386157425317,1.5756886005401611,46.97740862238249,0.589189105310735,11.10986614227295,13.673752784729004
100,-4.0157256,17,88.74281603912732,180000,26.566837787628174,-168.77027608647475,0.020961378,490.5919246673584,0.03950810432434082,25.432647466659546,-14.118928801798482,1.092541217803955,51.71797170824497,-45.30631627689289,11.052501201629639,13.686391115188599
100,-10.8633,18,70.13416015875131,190000,27.06356453895569,-136.6816550781179,-0.015010717,517.7453398704529,0.03841447830200195,25.940061807632446,-12.670248359470497,1.0837352275848389,51.63721216480269,-40.759372772758056,11.254660367965698,13.967205047607422
100,-11.387365,19,35.12102990505355,200000,27.73746085166931,-202.07014732200503,0.004298962,545.5519306659698,0.03911638259887695,26.559595346450806,-72.3587335307297,1.137890338897705,47.37274765513675,-149.75038601264828,11.841720581054688,14.019170045852661
100,0.24559376,20,-87.3505948318609,210000,28.4258291721344,-146.02062966494518,0.013884982,574.0634074211121,0.04186272621154785,26.716211795806885,-62.55807412722155,1.6664414405822754,8.233306053631756,-131.36849856926008,12.019399404525757,13.9984610080719
100,0.09967174,21,-39.55665643025062,220000,27.551965475082397,-52.959442532728765,-0.013036232,601.6834399700165,0.06591391563415527,25.94394564628601,-15.364065193361357,1.5405950546264648,2.7013590766971745,-46.977302744877186,11.51344633102417,13.736500024795532
100,-0.04671219,22,-39.908444731282124,230000,27.651951789855957,-53.658839650108334,-0.0076726503,629.3909430503845,0.08017778396606445,26.336820363998413,-15.265846581367564,1.2330498695373535,2.616763501213233,-46.79098272459882,11.685803890228271,13.94734239578247
100,-0.06144773,23,-38.988920028663244,240000,27.4461567401886,-53.38499621304855,-0.011133058,656.9056923389435,0.05830574035644531,26.316752910614014,-15.15367275932232,1.0690019130706787,3.1329294741322324,-46.54214321477244,11.584255933761597,14.029138565063477
100,-0.029823141,24,-38.827344141831254,250000,27.425007343292236,-54.30581794012387,0.010624772,684.3958280086517,0.039716482162475586,26.291423797607422,-15.311619315591264,1.0930743217468262,2.890744731021333,-46.89711171346355,11.582746028900146,14.013534784317017
100,-0.039811302,25,-39.58739909722818,260000,27.3086040019989,-53.6726127253817,0.004159411,711.7705745697021,0.044214725494384766,26.202118396759033,-15.450964152989727,1.0613877773284912,2.723634553831741,-47.19328691912237,11.526216745376587,13.980784893035889
100,-0.03731452,26,-39.155255727102734,270000,27.5704243183136,-53.04806314399512,-0.00035531615,739.4092020988464,0.041207075119018555,26.454367637634277,-15.431014735685464,1.0741126537322998,3.1802069288087735,-47.13513896696219,11.635469436645508,14.104625701904297
100,-0.059444945,27,-38.536599836342944,280000,27.45211625099182,-53.79961927538029,-0.0070497687,766.9203288555145,0.04413890838623047,26.34622097015381,-15.320076554098119,1.0609924793243408,3.1927640257967673,-46.905727815972575,11.639708995819092,13.999019622802734
100,-0.016432457,28,-39.04768972825562,290000,27.487708568572998,-52.93426285972863,0.022271384,794.4666907787323,0.04059267044067383,26.386144876480103,-15.371653172530571,1.0602526664733887,2.9141462679031647,-46.996528497525404,11.585732698440552,14.092931985855103
100,-0.026860513,29,-40.692074575786776,300000,27.49615168571472,-58.10519916773001,0.012038157,822.0202763080597,0.04233980178833008,26.387107610702515,-15.705970432336821,1.0660054683685303,3.0379654485335195,-47.68347668734102,11.636328220367432,14.035896301269531
100,-0.028493002,30,-38.27324640682018,310000,27.59278678894043,-53.678648757357486,-0.0024282883,849.672666311264,0.03957343101501465,26.466994762420654,-15.418153126960087,1.0853114128112793,3.4318953439130016,-47.110092880756405,11.666182518005371,14.095224618911743
100,-0.014615281,31,-39.05225654095132,320000,27.520881414413452,-52.6310932078651,0.010758348,877.2551333904266,0.038503170013427734,26.40287137031555,-15.315071648210466,1.0786588191986084,3.098688266749383,-46.91139346435962,11.65146803855896,14.05525279045105
100,-0.0089279935,32,-38.574322212976824,330000,27.495118141174316,-54.876074472851656,0.017705847,904.8118560314178,0.04192543029785156,26.36944317817688,-15.391450688876748,1.0830512046813965,3.2359046189903173,-47.06518712936042,11.640970706939697,14.029319763183594
100,-0.016614111,33,-39.3819890156524,340000,27.405425310134888,-53.37142006150356,0.006175868,932.2883470058441,0.039481401443481445,26.291995763778687,-15.421253579975946,1.0732040405273438,2.7124419163106994,-47.12863463745638,11.585699081420898,14.009391784667969
100,-0.029029014,34,-40.150745795847826,350000,27.821364164352417,-53.228324989828444,-0.0042061554,960.175553560257,0.04326128959655762,26.718873023986816,-15.443507453789612,1.0585155487060547,2.47607187415663,-47.11353724257142,11.778890371322632,14.231600522994995
100,-0.036658708,35,-39.591338429132485,360000,27.406342029571533,-52.84707669456124,0.00076255226,987.6454529762268,0.041419029235839844,26.296095848083496,-15.21427589084606,1.0681591033935547,2.5149584711057336,-46.66687601016758,11.601592063903809,13.997900247573853
100,-0.05102025,36,-39.704525538431255,370000,27.375671863555908,-54.466540501295114,-0.018781373,1015.0814673900604,0.04107236862182617,26.24100422859192,-15.271266139448379,1.092606544494629,3.1562004927463647,-46.76955983607706,11.503230810165405,14.028173208236694
100,-0.034326795,37,-38.55717537456582,380000,27.388108253479004,-54.47233679435901,0.009834567,1042.533552646637,0.04812359809875488,26.283196449279785,-15.419229244248772,1.0561206340789795,3.209873209130298,-47.084696253600704,11.594118118286133,13.989103317260742
100,-0.06178015,38,-38.21521131396825,390000,27.460500955581665,-53.06406544229383,-0.008919233,1070.0569107532501,0.04313015937805176,26.35871124267578,-15.2158963443571,1.0580730438232422,3.0779541979790372,-46.66085385258972,11.537389039993286,14.124136924743652
100,-0.03738197,39,-39.04410262971682,400000,27.520575284957886,-54.448993621469604,0.012912195,1097.6334071159363,0.043511390686035156,26.374392986297607,-15.464046798699496,1.101738691329956,3.283162140963273,-47.19873839544681,11.594466924667358,14.070103645324707
100,-0.057590898,40,-39.25923517276757,410000,27.51997137069702,-53.02598384763682,-0.013556027,1125.2207312583923,0.03603053092956543,26.414499282836914,-15.410081724074303,1.068793535232544,2.985844294980681,-47.07656625070271,11.589487552642822,14.115058183670044
100,-0.040530726,41,-39.22311155555313,420000,27.394463300704956,-52.39552594534148,0.019737927,1152.6708614826202,0.05139636993408203,26.26682138442993,-15.275834195495495,1.0755584239959717,2.7304221957598473,-46.77877695554035,11.568552494049072,13.992032289505005
100,-0.07765702,42,-38.70461755066097,430000,27.460125207901,-54.14727760974039,-0.010436258,1180.1913213729858,0.039403676986694336,26.347418546676636,-15.446823714740255,1.0726110935211182,3.2827484202841797,-47.14442915664641,11.587172508239746,14.061532735824585
100,-0.0709652,43,-39.0305606025842,440000,27.38923668861389,-53.210316764592804,0.004232162,1207.6429147720337,0.0453953742980957,26.256256580352783,-15.42463842844436,1.0868680477142334,2.869366240292204,-47.08098685100272,11.578200101852417,13.977423429489136
100,-0.0728573,44,-37.60757209933072,450000,27.407493114471436,-54.948956602464754,0.016067395,1235.1141376495361,0.04074907302856445,26.289554834365845,-15.39865898650193,1.0764391422271729,3.319549957021368,-47.05351416133085,11.613087892532349,13.979811668395996
100,-0.08277996,45,-37.73612934769617,460000,27.376301765441895,-54.0925043514308,0.007971544,1262.5504384040833,0.04218244552612305,26.257097244262695,-15.355825572491801,1.0761151313781738,3.1641865184678655,-46.95198198031405,11.610907316207886,13.937755346298218
100,-0.10881836,46,-39.62931490186464,470000,27.43321919441223,-53.12727852008462,0.0065935585,1290.048635482788,0.041771888732910156,26.316120862960815,-15.100092461059617,1.0745203495025635,3.281953253319095,-46.45705768589177,11.555517435073853,14.060194969177246
100,-0.13608548,47,-39.777694314349475,480000,27.505916833877563,-54.03314721124465,0.0058569154,1317.6150302886963,0.03754305839538574,26.39005947113037,-15.534440446982556,1.0775868892669678,3.042618555572314,-47.34600878795501,11.610605955123901,14.06263279914856
100,-0.18862608,48,-37.355093735865395,490000,27.521753549575806,-53.98098181945572,-0.012013687,1345.198158979416,0.03610944747924805,26.398710250854492,-15.342385320214971,1.086148738861084,3.090925506116953,-46.92987428096636,11.583626508712769,14.110496044158936
100,-0.24134819,49,-38.89928516890205,500000,27.560853004455566,-53.32619737682704,-0.009450801,1372.8187024593353,0.04758763313293457,26.44235372543335,-15.163588818356653,1.0702259540557861,3.4548850360898986,-46.55856162876918,11.66547966003418,14.071974277496338
100,-0.26019356,50,-38.53331625229387,510000,27.485527753829956,-53.273986525990686,-0.011109718,1400.367975950241,0.03882026672363281,26.383670806884766,-15.13137834089482,1.0623204708099365,3.45604264643153,-46.50352970755228,11.642463207244873,14.036100387573242
100,-0.3425027,51,-39.450292239747846,520000,27.61090660095215,-54.57776478450128,-0.008036412,1428.0354788303375,0.05008649826049805,26.475014448165894,-15.326226401272901,1.085103988647461,3.076339769134783,-46.88888926472145,11.644033908843994,14.122413158416748
100,-0.4277548,52,-40.8623129226386,530000,27.53504991531372,-53.58409592768749,-0.0018096458,1455.6400310993195,0.042923927307128906,26.41328191757202,-15.735122387063283,1.0779922008514404,3.186723723967052,-47.761428973493786,11.587498188018799,14.125929355621338
100,-0.5084493,53,-37.74916407856615,540000,27.515398025512695,-53.568040989927795,-0.0065903715,1483.2190520763397,0.04326772689819336,26.3912410736084,-15.51223049957247,1.0795574188232422,2.8006543611414747,-47.29199047275819,11.59486198425293,14.091999053955078
100,-0.60639036,54,-38.8925569741579,550000,27.448501586914062,-53.189255091829594,0.011070341,1510.7262179851532,0.040689706802368164,26.316431522369385,-15.333181948636117,1.0906670093536377,3.1522290931846144,-46.920876230550675,11.579629898071289,14.02587342262268
100,-0.7823312,55,-37.30700766905728,560000,27.549590826034546,-53.35789429725434,-0.019899152,1538.3368604183197,0.03904438018798828,26.44203472137451,-15.448375600781384,1.0678057670593262,3.110514094264704,-47.16771212219305,11.605981588363647,14.136695146560669
100,-0.874723,56,-38.826621563412864,570000,27.69253897666931,-53.560304589539456,-0.0018348275,1566.0949029922485,0.0376591682434082,26.586731672286987,-15.573680834257875,1.0674667358398438,2.7711148195396547,-47.39672307178187,11.704766035079956,14.156383275985718
100,-0.8967504,57,-38.979372784926596,580000,27.40999436378479,-54.618869169975405,0.025491728,1593.5637378692627,0.038787126541137695,26.33777093887329,-15.373698241673116,1.0327765941619873,2.9496051117251794,-47.021168082918756,11.595363140106201,14.036510229110718
100,-0.79171085,58,-39.17981107836149,590000,27.49708390235901,-53.34483762442555,0.022641467,1621.1206135749817,0.04387545585632324,26.37844967842102,-15.217694623051427,1.0740454196929932,3.178988555020923,-46.71335765708869,11.59609341621399,14.073525667190552
100,-1.0835047,59,-39.32984976376043,600000,27.411420106887817,-79.4832759255248,0.009441261,1648.589340686798,0.0405428409576416,26.291319847106934,-15.572772645242107,1.078887939453125,4.290383831864168,-47.432681659505086,11.6073157787323,13.964386940002441
100,-0.6659832,60,-38.963037611299804,610000,27.468219757080078,-54.75061648818181,-0.005677533,1676.120453596115,0.04309201240539551,26.33294916152954,-15.208558932901848,1.091357707977295,3.2232929171427234,-46.62061590364867,11.630714654922485,13.993841409683228
100,-0.91297615,61,-39.03096146437153,620000,27.507473707199097,-53.378568922261,0.02489658,1703.6912899017334,0.04111886024475098,26.378308534622192,-15.435380940498623,1.0873470306396484,3.040953593801433,-47.11874797553619,11.632414102554321,14.042425632476807
100,-0.9271374,62,-38.8558842137557,630000,27.532342433929443,-54.6869992802343,-0.0010244126,1731.287088394165,0.038168907165527344,26.416314125061035,-15.198719152022937,1.0771150588989258,3.07858470583875,-46.61353329579769,11.610952854156494,14.099165439605713
100,-0.9045045,63,-38.199033960551944,640000,27.48680353164673,-54.2069854376269,0.0047842925,1758.833237171173,0.049456119537353516,26.361464023590088,-15.511867841931835,1.0751795768737793,3.3547124015260796,-47.30155360270449,11.610327005386353,14.027095079421997
100,-0.8805619,64,-39.80182104006026,650000,27.45982050895691,-54.64870352359778,-0.0024224503,1786.3511831760406,0.04378247261047363,26.366007328033447,-15.580490806801425,1.0494086742401123,3.1402822301341256,-47.447406958702366,11.601900577545166,14.049686431884766
100,-0.80926514,65,-38.82359263811954,660000,27.47195267677307,-53.133739990069856,0.018868914,1813.8839001655579,0.043496131896972656,26.34565019607544,-15.255237115850969,1.0821738243103027,2.8770861481570282,-46.776220795695735,11.635475873947144,14.004934549331665
100,-0.7563265,66,-40.53550366500555,670000,27.440727710723877,-53.40034161983455,-0.0014547241,1841.3850631713867,0.0376434326171875,26.35890221595764,-15.463090185591218,1.0434892177581787,2.673566622632985,-47.172171396069636,11.608513593673706,14.048287868499756
100,-0.74722856,67,-39.50217130012132,680000,27.488123655319214,-54.34329778107156,0.024611114,1868.9331567287445,0.04269981384277344,26.365151166915894,-15.073149696803105,1.0795691013336182,3.1329665248805743,-46.36459090824526,11.620530366897583,14.034630298614502
100,-0.7912362,68,-39.83907578997947,690000,27.417661428451538,-53.09931918843631,-0.0045329453,1896.4208958148956,0.03802061080932617,26.319103717803955,-15.110997864244114,1.0599124431610107,2.979974823472938,-46.484344374667984,11.589199781417847,14.032526969909668
100,-0.8823409,69,-40.48982886307005,700000,27.410495042800903,-54.054596319421485,0.0017561996,1923.891821861267,0.037117958068847656,26.29504656791687,-15.327560644318407,1.077528953552246,2.9889199078279947,-46.9030859401843,11.576203346252441,14.014842510223389
100,-1.0811739,70,-38.804910900502435,710000,27.395991563796997,-52.75032651781067,-0.008158964,1951.3528311252594,0.045285940170288086,26.264159679412842,-15.235941575659208,1.0858447551727295,2.966327984854224,-46.68512031112473,11.547865390777588,14.005342721939087
100,-1.2171093,71,-38.993150149989965,720000,27.98745059967041,-53.66587272612551,0.0046973135,1979.4049060344696,0.04180455207824707,26.804664373397827,-15.125573119598553,1.1401464939117432,3.1572881385117744,-46.459712127557324,11.786569833755493,14.304851770401001
100,-1.410796,72,-39.36486604213181,730000,27.437407732009888,-55.25934581262696,0.0070312833,2006.9233899116516,0.03861641883850098,26.36716938018799,-15.44352765731188,1.0309414863586426,3.2063055961259166,-47.156240587215414,11.54595947265625,14.115854740142822
100,-1.5453138,73,-39.163740037499664,740000,27.41870641708374,-54.55156566937843,-0.026360845,2034.4013748168945,0.03573489189147949,26.291202783584595,-15.571389443558846,1.0908217430114746,2.5174193941377125,-47.41898051143287,11.603246212005615,13.987704038619995
100,-1.8009602,74,-39.76733913141008,750000,27.597878217697144,-53.686019220254636,-0.015617925,2062.0607488155365,0.04464292526245117,26.487818956375122,-15.505875611556494,1.064683437347412,2.8261239761781076,-47.296133130906625,11.696014881134033,14.090951442718506
100,-1.7179742,75,-39.33105636056792,760000,27.5752375125885,-54.315805799148,0.013922046,2089.702477455139,0.04117012023925781,26.452335357666016,-15.235979551819996,1.0809524059295654,2.9725741587370793,-46.66520812287259,11.619826316833496,14.135040283203125
100,-1.7713269,76,-39.91270830570489,770000,27.41145896911621,-53.2226693311172,0.0025507626,2117.178723335266,0.03847169876098633,26.29590916633606,-15.578204000598262,1.0762660503387451,2.8686680227163537,-47.4100128155002,11.60089373588562,13.987671375274658
100,-1.6475115,77,-38.83757839279762,780000,27.54451060295105,-53.32844449478101,-0.0012404022,2144.7933070659637,0.04730105400085449,26.438540935516357,-15.291963647126666,1.057854413986206,2.8959886101826915,-46.85043935878961,11.652785539627075,14.08681058883667
100,-1.7053211,78,-38.945801423044,790000,27.659359455108643,-54.85935376840066,-0.028686749,2172.5133044719696,0.04092764854431152,26.54268169403076,-15.393101583573971,1.0750024318695068,2.958619246882342,-47.00824946398399,11.673607587814331,14.157520055770874
100,-1.684764,79,-39.312795436703965,800000,27.480438947677612,-54.39537618641166,-0.010111937,2200.063411474228,0.04395651817321777,26.364476919174194,-15.510665885494696,1.0712978839874268,2.8507062957042377,-47.297700429325744,11.599426507949829,14.067988395690918
100,-1.9115447,80,-39.64047445989573,810000,27.41750478744507,-54.547811098217274,0.0048877825,2227.542012453079,0.038454532623291016,26.34226393699646,-15.609727200685432,1.0361287593841553,2.8791337514534963,-47.48421883054,11.59128451347351,14.049447774887085
100,-2.0620933,81,-39.68875886970683,820000,27.44727063179016,-53.423605816729,-0.009155847,2255.048295736313,0.04580950736999512,26.328320503234863,-15.439883894583755,1.0724067687988281,2.988032380292573,-47.11700192822455,11.590152025222778,14.042994260787964
100,-2.255836,82,-39.486592096240805,830000,27.430899620056152,-53.40586060709975,0.0024322495,2282.536874294281,0.04218912124633789,26.34159541130066,-15.261971665003621,1.0465147495269775,2.707951402403976,-46.78022117613903,11.603124856948853,14.039348602294922
100,-2.1721327,83,-39.116863101482465,840000,27.569302082061768,-53.76069952008811,-0.005197261,2310.168013572693,0.04249215126037598,26.45335292816162,-15.697073782086518,1.0727581977844238,3.2762990735428628,-47.676286356872424,11.678081274032593,14.07547926902771
100,-2.2473118,84,-39.116204053030174,850000,27.46362566947937,-58.66694976691008,0.0072295507,2337.698958158493,0.04207038879394531,26.332670211791992,-15.492199974500586,1.0881764888763428,3.241708426832095,-47.25080661646403,11.566495180130005,14.062092065811157
100,-2.062345,85,-38.64059853298114,860000,27.55837321281433,-53.80259137086935,0.011730981,2365.319034576416,0.04250645637512207,26.457355260849,-15.572544492671858,1.0578491687774658,3.31436689180321,-47.449776507866936,11.617748260498047,14.119925022125244
100,-1.5868787,86,-39.22135686762699,870000,27.537890672683716,-53.06332843676329,0.01754745,2392.918255329132,0.04278159141540527,26.45414400100708,-15.318496085428277,1.0402913093566895,2.92124156189611,-46.86347020942639,11.650885581970215,14.096843004226685
100,-1.9602779,87,-39.469548033026555,880000,27.460140705108643,-53.07888586330194,-0.006131177,2420.4368889331818,0.03887677192687988,26.33776569366455,-15.542420404427043,1.082723617553711,3.0482617276617625,-47.36220695569519,11.591372728347778,14.035824060440063
100,-1.0703846,88,-38.53712875496397,890000,27.410887956619263,-53.36491768825318,-0.00032774202,2447.9090616703033,0.03873252868652344,26.28766703605652,-15.51399561665762,1.083745002746582,3.212899450864742,-47.28126349783338,11.542312622070312,14.036962270736694
100,-1.8178389,89,-38.63081395879249,900000,28.699851751327515,-53.95627381284811,0.027248884,2476.6749229431152,0.0357968807220459,27.58801770210266,-15.397626630208418,1.0751004219055176,3.188035891649463,-47.05212978808378,12.035953760147095,14.835436344146729
100,-1.8084362,90,-40.63349616634382,910000,27.371243000030518,-52.00233025074392,-0.0025900914,2504.1116273403168,0.0469813346862793,26.260414600372314,-15.352654470942774,1.0631144046783447,2.333695608709344,-46.931635613413455,11.566942930221558,13.982430458068848
100,-1.7356707,91,-38.67746073364415,920000,27.389833688735962,-53.51610572399046,0.006072998,2531.566385746002,0.03858041763305664,26.278992652893066,-15.239429321647178,1.0715816020965576,3.3973654510152227,-46.68624179968425,11.58039903640747,14.007888793945312
100,-1.7545035,92,-39.632680949385694,930000,27.391149044036865,-53.69149373906182,-0.010003985,2559.0198526382446,0.04701423645019531,26.287633657455444,-15.410724988894563,1.055704116821289,2.7045078083615355,-47.087192949450355,11.581858396530151,14.010005712509155
100,-1.6769353,93,-38.996556543193016,940000,27.506776571273804,-54.80004649359957,0.016258245,2586.5867400169373,0.04149007797241211,26.39347791671753,-15.346616878170696,1.0711114406585693,3.082211880169265,-46.97513670049447,11.637476205825806,14.05079960823059
100,-1.6210905,94,-39.26564242166265,950000,28.019842386245728,-54.45181295598343,0.004720047,2614.6659104824066,0.043166399002075195,26.913631439208984,-15.138528160409757,1.0619935989379883,2.8996844574358804,-46.50175228951005,11.842669486999512,14.36041259765625
100,-1.6140078,95,-38.73062396327674,960000,27.227248668670654,-53.53580464197602,-0.017157001,2641.9484603405,0.03809404373168945,26.097251653671265,-15.362924951683073,1.0908215045928955,3.055209171647621,-46.96243484240453,11.52481460571289,13.869448900222778
100,-1.5313673,96,-38.96883957996022,970000,27.523279905319214,-54.63992633193553,-0.0045982483,2669.5342268943787,0.03484845161437988,26.426635026931763,-15.101926001534952,1.0611939430236816,3.0364127309110347,-46.482326828118445,11.632011890411377,14.094877481460571
100,-1.3294252,97,-37.106999417677606,980000,28.304689168930054,-53.49212817185186,-0.008296573,2697.9040327072144,0.04308795928955078,27.18195939064026,-15.340829083635574,1.079016923904419,3.056517986030366,-46.92059150560028,11.93405556678772,14.52492880821228
100,-1.3809398,98,-37.51465500003686,990000,27.827439069747925,-57.97181469420801,-0.0034731468,2725.792932987213,0.05085039138793945,26.695669174194336,-15.315816760450971,1.080155372619629,2.791903032344174,-46.863600109516284,11.700624942779541,14.27997636795044
100,-1.3994511,99,-38.66944141346892,1000000,27.46682643890381,-53.6802752024614,0.004463583,2753.3244190216064,0.040869951248168945,26.351699590682983,-15.307927893101409,1.0735960006713867,2.95771531766171,-46.86545457686098,11.610180616378784,14.038298606872559
100,-1.4099001,100,-39.381296440715865,1010000,27.941586017608643,-53.222596514414995,-0.031357545,2781.3251292705536,0.04489541053771973,26.843032598495483,-15.427571995575045,1.0529146194458008,3.0466038845961405,-47.137196482764764,11.735405921936035,14.385761499404907
100,-1.4447478,101,-38.68786418560832,1020000,27.497467041015625,-55.1899927924004,0.007760298,2808.8866171836853,0.04163694381713867,26.411323308944702,-15.614346820984473,1.0437066555023193,3.298748555000587,-47.46358046760956,11.622018575668335,14.080397605895996
100,-1.5176764,102,-38.651726253001286,1030000,27.357821941375732,-52.703107075961505,-0.004258848,2836.309426546097,0.041356801986694336,26.22060799598694,-15.202237670220354,1.0950677394866943,2.8372963842760344,-46.6362591950951,11.580391883850098,13.934908628463745
100,-1.4272183,103,-39.42727302067835,1040000,27.406455755233765,-53.93177029998334,0.013225018,2863.777160167694,0.04615211486816406,26.268460035324097,-15.366247546520288,1.0910885334014893,3.2829209054633686,-46.98614515602059,11.629512071609497,13.92749547958374
100,-1.3946126,104,-39.14716057456536,1050000,27.546952486038208,-53.27095787078103,0.025988659,2891.3838601112366,0.04787731170654297,26.430520057678223,-15.47058953744179,1.0677525997161865,3.2707924602530074,-47.1830554505946,11.684854984283447,14.037979125976562
100,-1.4401718,105,-38.59919711791433,1060000,27.57964015007019,-53.10846214301332,-0.011107843,2919.023107767105,0.04461359977722168,26.444433212280273,-14.988212553319542,1.089785099029541,3.150158617985687,-46.17508171691398,11.665120840072632,14.082711219787598
100,-1.4912894,106,-39.71616448609135,1070000,27.41096019744873,-54.12065543865198,-0.008826633,2946.494930267334,0.04108405113220215,26.277440071105957,-15.441061173828807,1.0917563438415527,2.919425367035488,-47.126436037171246,11.599955081939697,13.972403287887573
100,-1.4851707,107,-38.30700414888381,1080000,27.42599606513977,-53.29528730116478,-0.003591909,2973.9794778823853,0.03834247589111328,26.3342866897583,-15.313832718842376,1.0527079105377197,3.30205584385615,-46.85699058354339,11.582361221313477,14.032201528549194
100,-1.54914,108,-39.10447295632803,1090000,27.430386066436768,-53.326899979997336,0.02280516,3001.4684965610504,0.04199957847595215,26.311715126037598,-15.493717175534533,1.0760796070098877,2.9196786536076815,-47.27945675494359,11.586289882659912,14.020313262939453
100,-1.6039377,109,-39.277387543216236,1100000,27.363363027572632,-53.00963714935057,0.01004104,3028.8927738666534,0.039313554763793945,26.264460563659668,-15.417231300640278,1.0588624477386475,3.040635080607134,-47.093738781962685,11.600229263305664,13.964365243911743
100,-1.5711604,110,-39.328217611692274,1110000,27.383113384246826,-53.91091743405882,0.0071543297,3056.3320031166077,0.037514448165893555,26.265142679214478,-15.349961531806182,1.0796518325805664,2.838747473003134,-46.96658434089478,11.590532541275024,13.977404594421387
100,-1.6756421,111,-38.610392447667564,1120000,27.502312421798706,-53.03745600914642,0.0022343993,3083.894002199173,0.038750410079956055,26.376256704330444,-15.464075385146552,1.0866103172302246,3.2121790296691293,-47.16148375437976,11.585928678512573,14.088804721832275
100,-1.8173448,112,-40.23455719265817,1130000,27.52651047706604,-53.18525019568822,-0.037003923,3111.478392124176,0.04358363151550293,26.360492706298828,-15.409625140241308,1.1214709281921387,3.0529058978241257,-47.112276066120295,11.64512038230896,14.010509014129639
100,-1.8421055,113,-39.62503159299978,1140000,27.80741262435913,-53.64734253139501,0.006750933,3139.356451034546,0.04302835464477539,26.378769159317017,-15.365802413683495,1.383589267730713,3.2634819936318307,-46.964644959192675,11.65352463722229,14.015937328338623
100,-1.864773,114,-38.454470969991995,1150000,27.649908781051636,-53.199173351529154,-0.0012759418,3167.0869348049164,0.04352235794067383,26.142725467681885,-15.377564957117647,1.4625229835510254,3.079628137332228,-47.01343372632858,11.601632833480835,13.841259241104126
100,-2.0265946,115,-39.09623610786134,1160000,27.671711206436157,-53.0373835169199,-0.005723523,3194.8465552330017,0.06090354919433594,25.967158317565918,-15.335527443774522,1.6422884464263916,2.956015730606946,-46.93427480261766,11.519352436065674,13.760217666625977
100,-2.042251,116,-39.85650737668673,1170000,27.577443599700928,-53.05967161135532,0.005981212,3222.480058193207,0.06875324249267578,26.062585830688477,-15.667147771928567,1.4453904628753662,2.7149899758372515,-47.61998152464741,11.541528940200806,13.815807104110718
100,-2.1697702,117,-39.03083802625101,1180000,27.414118766784668,-55.06152795691505,0.002030609,3249.9516608715057,0.06490254402160645,26.098453283309937,-15.116625889654875,1.2487928867340088,3.324542882345472,-46.48110583730151,11.53899359703064,13.862475156784058
100,-2.2538524,118,-39.61542418505614,1190000,27.507732152938843,-53.91180661069876,0.0056041153,3277.5190749168396,0.03736376762390137,26.397011041641235,-15.43448174105317,1.0726556777954102,3.336591425876246,-47.13615393526363,11.635094404220581,14.05538010597229
100,-2.3109305,119,-39.09892742291582,1200000,27.293919801712036,-53.70992701122464,3.769207e-05,3304.8745369911194,0.043970584869384766,26.1781804561615,-15.324561424037304,1.0710582733154297,3.1627138084164366,-46.92116119651989,11.533919095993042,13.940258502960205
100,-2.3835075,120,-38.888342528279175,1210000,27.50603723526001,-53.083503619626434,0.0041324035,3332.446681499481,0.04116201400756836,26.311466455459595,-15.414581082273322,1.1526668071746826,2.831731951689884,-47.07315974114074,11.657039165496826,13.950426816940308
100,-2.4666934,121,-40.04996375002978,1220000,27.53084683418274,-52.516898830721665,-0.011866281,3360.0425567626953,0.044205427169799805,26.394887447357178,-15.473930249246477,1.0904359817504883,2.395452482333715,-47.18480710293794,11.642114400863647,14.049329996109009
100,-2.5365381,122,-38.93275000994295,1230000,27.50684881210327,-54.52029757499117,-0.009314679,3387.613473176956,0.03751111030578613,26.382771253585815,-15.207857839478674,1.0857954025268555,3.4482455883983163,-46.61173134521342,11.666941404342651,14.002902269363403
100,-2.5334187,123,-39.445757657669674,1240000,27.446425676345825,-52.39693180770072,0.008895652,3415.127798318863,0.04304838180541992,26.33306097984314,-15.088609543858848,1.0694172382354736,2.967019571252426,-46.41088017890145,11.638572692871094,13.989708423614502
100,-2.637524,124,-37.267614875091105,1250000,27.60179352760315,-53.77442219530992,-0.0024993438,3442.79008102417,0.04130053520202637,26.44964289665222,-15.302964286144059,1.1100265979766846,2.994425459975223,-46.859252143765346,11.638561248779297,14.10729694366455
100,-2.7005804,125,-38.0085988594337,1260000,28.801137924194336,-54.63861395180443,0.010506517,3471.652188539505,0.04447293281555176,27.5176944732666,-15.455958941426964,1.2382662296295166,3.054600981548477,-47.181869048409645,12.108404397964478,14.680278539657593
100,-2.826167,126,-38.30673038669617,1270000,29.727947473526,-53.668648846298076,-0.011132358,3501.458713054657,0.06285786628723145,28.409318447113037,-15.441528034286916,1.2545759677886963,3.038728537328569,-47.20110768063946,12.421335697174072,15.238168001174927
100,-3.0353837,127,-39.61647974971863,1280000,28.30391812324524,-54.01897439202567,0.0075976937,3529.8261017799377,0.040390729904174805,27.189532995224,-15.342427819868554,1.0733168125152588,3.134092024250468,-46.95187671882062,11.964663982391357,14.49732494354248
100,-3.0649853,128,-39.526520650455474,1290000,27.44014835357666,-55.1427844503888,-0.00040503425,3557.326558113098,0.0469822883605957,26.331127405166626,-15.28562853153142,1.0612695217132568,3.1286920869307173,-46.817922448227435,11.571032762527466,14.06045126914978
100,-3.089786,129,-28.40960210023658,1300000,27.41635513305664,-52.87966089571943,-0.011740594,3584.802611351013,0.03970646858215332,26.290285348892212,-15.186016108914027,1.0856287479400635,3.428599677967411,-46.64138743373469,11.564200401306152,14.015116930007935
100,-2.7550316,130,-21.557874627738606,1310000,27.456100702285767,-53.87660762633179,-0.009086676,3612.315008878708,0.03657341003417969,26.354194402694702,-15.267840737659414,1.0646781921386719,4.644586952678233,-46.79931401759209,11.630435943603516,14.02616572380066
100,-3.1594353,131,-24.784641418702737,1320000,27.459938526153564,-53.18438999390994,-0.0075969948,3639.835099697113,0.04405832290649414,26.347864151000977,-15.344117514794831,1.0673131942749023,4.2092076985178455,-46.966158443635024,11.605087518692017,14.040404319763184
100,-3.2259078,132,-22.7615702841167,1330000,27.38618040084839,-55.24687177533484,0.017617581,3667.286167383194,0.043489933013916016,26.29160189628601,-14.905509038356792,1.050288438796997,4.801131935238088,-46.02942499595178,11.572084426879883,14.016114234924316
100,-3.1782348,133,-22.055888677984242,1340000,27.59359073638916,-53.99874292957059,0.014363101,3694.9457697868347,0.045768022537231445,26.51294231414795,-15.340213578033392,1.0342116355895996,4.560276225668369,-46.945237823449744,11.64178466796875,14.170970439910889
100,-3.3135657,134,-23.26883688497026,1350000,27.47442626953125,-53.604014241672786,0.02363181,3722.480087041855,0.041965484619140625,26.344297409057617,-14.95990054008474,1.0875301361083984,4.8179125114076955,-46.143980132566824,11.605611085891724,14.027830123901367
100,-3.2869797,135,-22.407523199636152,1360000,27.477603673934937,-53.43067193145923,0.0016668579,3750.0227262973785,0.042444705963134766,26.378188610076904,-14.96508815501104,1.0563173294067383,5.155208080506448,-46.1771889593321,11.608158588409424,14.069835662841797
100,-3.2794702,136,-19.931224062547138,1370000,27.437860012054443,-55.24965128416106,0.011363175,3777.523968219757,0.04017186164855957,26.31576156616211,-14.408786457621803,1.0813188552856445,6.301934032389781,-45.021275248527225,11.618770837783813,13.997440576553345
100,-3.278107,137,-17.89539242512774,1380000,28.00633215904236,-53.63071658374617,0.001974878,3805.586749792099,0.04521894454956055,26.886295318603516,-14.276277543001143,1.074105978012085,7.501477400404365,-44.72333881791452,11.908914566040039,14.260717391967773
100,-4.0885305,138,-19.13392127629742,1390000,27.40038228034973,-54.339960602466014,0.0133131575,3833.0496418476105,0.04123115539550781,26.296618223190308,-13.498999716743155,1.0618138313293457,7.980046699923884,-43.22995186639118,11.569090604782104,14.026101112365723
100,-4.1753078,139,-17.583839053894756,1400000,27.57345986366272,-53.49541941464569,0.01866811,3860.688000202179,0.04919791221618652,26.363967895507812,-12.074554774071553,1.1596620082855225,10.395826825771364,-40.30400710470067,11.656728506088257,14.014954566955566
100,-8.772363,140,-18.38807472687602,1410000,27.478315353393555,-53.725212169306864,-0.0028414642,3888.228043079376,0.04537820816040039,26.387959241867065,-9.05267972578246,1.0442535877227783,12.289169030567495,-34.44552038561874,11.585248708724976,14.098778009414673
100,-18.311625,141,-13.886127156246088,1420000,27.62864065170288,-87.81069688527329,-0.004438927,3915.9170129299164,0.03779029846191406,26.498358011245728,-5.248775441616706,1.091834306716919,13.905274566750322,-28.096671390051,11.634333848953247,14.154445171356201
100,-1.273958,142,-13.20986432101468,1430000,27.631158590316772,-133.95130490732762,0.01884347,3943.607513189316,0.045082807540893555,26.509411811828613,-14.313517803001869,1.0760624408721924,26.94781416950979,-46.51822116797591,11.548157691955566,14.266661405563354
100,-2.4138741,143,-16.378530793137735,1440000,27.902766942977905,-129.56486357552063,-0.0016913575,3971.570438146591,0.03919696807861328,26.782294034957886,-10.18357670149006,1.0806057453155518,23.431410180818066,-37.43548107736102,11.720495700836182,14.356380701065063
100,-1.6707696,144,-16.10634746638437,1450000,27.465235948562622,-129.28763131252802,0.01665506,3999.095447063446,0.03936314582824707,26.354243993759155,-10.751690223106616,1.0709028244018555,23.94121814127839,-38.77005748807267,11.647932767868042,14.00516963005066
100,-1.3252865,145,-16.546039075746215,1460000,27.42547607421875,-88.22783223604213,-0.0048263306,4026.585297346115,0.04368710517883301,26.295790195465088,-13.935106846440782,1.085268497467041,23.092402917692553,-45.6285855302699,11.62156867980957,13.948391199111938
100,-0.7536414,146,-16.85593974228081,1470000,27.480419397354126,-102.84255734832446,-0.02102436,4054.1212904453278,0.04003095626831055,26.379427909851074,-7.280783154942233,1.0601751804351807,18.58660788431277,-32.05134001163744,11.62066388130188,14.054219961166382
100,-1.482028,147,-16.350676237935666,1480000,27.478155612945557,-46.76449210337732,-0.006183606,4081.6561510562897,0.036852359771728516,26.381961584091187,-4.878461111880466,1.0587315559387207,9.835130595612872,-27.466421224736695,11.684118032455444,14.00810194015503
100,-1.4396421,148,-14.126337770881195,1490000,27.597736358642578,-45.46471579687116,-0.0069761993,4109.309503316879,0.040526628494262695,26.47125244140625,-4.496780865347054,1.0852508544921875,9.677047104059646,-26.769916817664875,11.70512318611145,14.071901559829712
100,-1.3246688,149,-6.5719116079185795,1500000,27.502347230911255,-46.49481496104627,-0.0118040955,4136.8753926754,0.04067826271057129,26.398020267486572,-4.697323059901504,1.0626194477081299,9.541907412238139,-27.072205692708117,11.628127336502075,14.067998886108398
100,-1.137501,150,-10.992658195209799,1510000,27.499894380569458,-43.92874462441355,0.010104707,4164.43457365036,0.04423880577087402,26.416583776474,-3.8089872080194764,1.0384595394134521,8.253411142932103,-24.44730447166562,11.63005542755127,14.088061809539795
100,-1.0496429,151,-14.418736848621197,1520000,27.504046201705933,-51.625961324504395,-0.00811726,4191.994669437408,0.04293942451477051,26.39646339416504,-5.04957410278784,1.0640780925750732,10.438483733421682,-27.662698951701312,11.6758131980896,14.012291669845581
100,-1.0004311,152,-13.800398495260112,1530000,27.55030059814453,-50.81401787464743,-0.0073762024,4219.597706317902,0.03791046142578125,26.392386198043823,-4.348281674399397,1.1193294525146484,9.672135071242918,-25.980217115645857,11.695647239685059,13.98782992362976
100,-0.90940744,153,-16.467346591939304,1540000,27.418272018432617,-48.51548968096666,0.008641974,4247.077688217163,0.038365840911865234,26.326544046401978,-4.552338584092342,1.0527300834655762,9.586731235626557,-26.180522973293964,11.575703859329224,14.049846172332764
100,-0.87864774,154,-16.14527041238694,1550000,27.468412399291992,-45.66399262960772,-0.0072616194,4274.604113101959,0.03635907173156738,26.345125436782837,-4.484467853940392,1.0862152576446533,9.073037045009455,-26.024860713314073,11.545103311538696,14.102696657180786
100,-0.79155827,155,-16.559668843771153,1560000,27.539007425308228,-50.615579780719,0.006889929,4302.201854467392,0.03501248359680176,26.42762517929077,-4.963464562125725,1.0753207206726074,10.024263972749866,-27.506938168096376,11.678550481796265,14.05444622039795
100,-0.7365983,156,-15.78305082750042,1570000,27.48212957382202,-45.339173754457846,0.018049723,4329.746087312698,0.03508400917053223,26.399511098861694,-4.704332972539436,1.0467519760131836,9.830536108706367,-26.9719366804733,11.66317081451416,14.037853717803955
100,-0.7356325,157,-16.028558881109717,1580000,27.47738552093506,-50.20396576865034,-0.010031812,4357.278825521469,0.045641422271728516,26.36864733695984,-4.507821094293215,1.0624351501464844,9.624904187068825,-26.26529049195994,11.620548725128174,14.047497510910034
100,-0.6545092,158,-18.05472658288138,1590000,27.595327138900757,-44.29012354481491,0.014943745,4384.933511734009,0.04003405570983887,26.46147632598877,-4.418125588401635,1.0931212902069092,8.661083457996732,-25.758498179256033,11.69789433479309,14.055383682250977
100,-0.58941364,159,-15.457573625382446,1600000,27.988714456558228,-47.34818359556917,-0.001266858,4412.981690406799,0.03494548797607422,26.879442930221558,-4.3763082700018865,1.0736627578735352,9.435236205446929,-25.896515925034475,11.87242078781128,14.293986558914185
100,-0.55942583,160,-14.609754528968795,1610000,27.40204620361328,-45.910989977854896,0.007882943,4440.445353746414,0.040854454040527344,26.275667190551758,-4.228760940702934,1.0848891735076904,9.123759910015034,-25.38323238923793,11.569429159164429,14.011240482330322
100,-0.5781234,161,-17.409433650443976,1620000,27.54785680770874,-45.451052059872076,-0.011113629,4468.055651426315,0.04265141487121582,26.41946506500244,-4.334887559022269,1.0849518775939941,9.01975766578561,-25.785974581718616,11.659255266189575,14.05472469329834
100,-0.5102955,162,23.91625345094355,1630000,27.423014163970947,-48.975093668969485,0.004830722,4495.5330765247345,0.03910517692565918,26.305455684661865,-5.069343395456252,1.0778086185455322,11.745172494559265,-27.584338541551496,11.601601839065552,13.986852407455444
100,-0.51396024,163,-14.912152512307253,1640000,27.4682514667511,-46.325594425278766,0.016127575,4523.060403585434,0.04267263412475586,26.354199647903442,-4.110009272573907,1.0706281661987305,8.678798185388011,-24.87191696748742,11.680875062942505,13.970318794250488
100,-0.5478306,164,-16.257631013508345,1650000,27.437769174575806,-45.7936855197583,-0.0143220555,4550.562750577927,0.0510256290435791,26.307674407958984,-3.97509464342892,1.078343152999878,8.487571452780957,-24.72370813091634,11.619181156158447,13.990375518798828
100,-0.54431367,165,-15.923999480290288,1660000,27.660897970199585,-49.68872279174918,-0.011462164,4578.279612064362,0.05088353157043457,26.497970581054688,-4.233601318148179,1.1112804412841797,8.312635176828108,-24.84790351034565,11.71648621559143,14.080675840377808
100,-0.50603724,166,-13.608660565212237,1670000,27.483895778656006,-49.371366346404294,0.009347049,4605.820559024811,0.04000258445739746,26.360623359680176,-4.882862995914115,1.082170009613037,9.976629563040458,-26.78523269491093,11.638429403305054,14.021931171417236
100,-0.58683634,167,-16.320803840895568,1680000,27.439744472503662,-48.614545618256805,-0.0096331425,4633.326496362686,0.04889392852783203,26.337344646453857,-4.794029092014535,1.0526165962219238,9.659216214275308,-26.196744025752633,11.643653631210327,13.985936641693115
100,-0.7484519,168,-15.445452490877274,1690000,27.419800519943237,-53.617816854081234,0.018547053,4660.805353164673,0.03979611396789551,26.298349142074585,-4.288443833579702,1.0810306072235107,8.85989011929363,-25.331923723218196,11.661786556243896,13.944083213806152
100,-0.7987441,169,-15.09053493685516,1700000,27.56029200553894,-50.36540714415787,0.008241082,4688.423857212067,0.04056692123413086,26.451711416244507,-4.650809416969184,1.067270040512085,9.718259000047626,-26.09490997278486,11.677622556686401,14.070396900177002
100,-0.96727127,170,-16.2996824270859,1710000,27.517749786376953,-52.08396302157419,-0.013863832,4715.996017217636,0.04510140419006348,26.383700847625732,-4.647182100899413,1.0883214473724365,9.754870557163525,-26.124107588183602,11.643028974533081,14.031437397003174
100,-0.71931803,171,-17.3987724069528,1720000,27.53102970123291,-46.68476837801025,0.012490366,4743.590725660324,0.04148459434509277,26.428356885910034,-5.214958552482748,1.0604565143585205,9.619041384853894,-27.57126973848504,11.619940996170044,14.118060111999512
100,-0.7015771,172,-16.635465995493988,1730000,27.569095849990845,-68.69003295703956,-0.0020594117,4771.218966722488,0.04234647750854492,26.415599822998047,-4.87460241817329,1.1103734970092773,10.57846667354328,-27.29057867866715,11.632036447525024,14.084107637405396
100,-0.750173,173,-16.650280011319275,1740000,27.351150512695312,-48.978044058992595,-0.012347613,4798.6432864665985,0.039128780364990234,26.231248140335083,-4.71691518223064,1.0799522399902344,9.698463149024567,-26.498686738063178,11.634045124053955,13.90112590789795
100,-0.57011396,174,-15.351763946220773,1750000,27.532426834106445,-46.1465101367697,0.004210074,4826.238176345825,0.052466392517089844,26.425906658172607,-4.641999624399864,1.0533301830291748,9.19776344121319,-26.534603730307282,11.676771879196167,14.03938364982605
100,-0.6228653,175,-16.09722005631252,1760000,27.521294832229614,-44.244481091896134,-0.006805225,4853.823649406433,0.04439973831176758,26.389875888824463,-4.125542407385458,1.0860443115234375,8.544568002983308,-25.155917478414768,11.586547136306763,14.094182252883911
100,-0.55016935,176,-16.35559996315631,1770000,27.544803142547607,-47.40859353179084,0.014265574,4881.43740606308,0.04060816764831543,26.428735494613647,-4.614421204714499,1.074699878692627,9.445142257150879,-26.45627621099434,11.682141065597534,14.040984630584717
100,-0.46086338,177,-14.295152513573607,1780000,27.37492299079895,-73.01533402671714,-0.0040205442,4908.8724246025085,0.04161214828491211,26.249088764190674,-5.064429387530595,1.0833978652954102,10.748315856167519,-27.563781325658326,11.568822622299194,13.980994939804077
100,0.6270125,178,-13.814314543080462,1790000,27.386885404586792,-67.74757674723703,-0.0034239488,4936.317589759827,0.05175185203552246,26.280247449874878,-4.954379015804991,1.0542404651641846,10.756012540988117,-27.4170347724944,11.616191148757935,13.955307006835938
100,0.56969255,179,-14.341691372877404,1800000,27.537123203277588,-48.62015982682159,0.0011964935,4963.91459441185,0.04140520095825195,26.41099524497986,-5.179163044135501,1.0840020179748535,10.61676258375746,-27.710863151735474,11.638179302215576,14.062928915023804
100,1.210242,180,-13.303946223738407,1810000,27.48875617980957,-45.6633397136886,-0.0289849,4991.457743883133,0.03802061080932617,26.3618745803833,-4.745971513941,1.088115930557251,9.877613093301733,-27.078505150529146,11.612970113754272,14.047241926193237
100,-0.24109541,181,-13.899266408664996,1820000,27.51939296722412,-86.662736526878,-0.006412537,5019.040433168411,0.043769121170043945,26.403736114501953,-7.414273478609837,1.0711231231689453,14.674201530021607,-32.61529627195484,11.657608985900879,14.044594526290894
100,0.47374034,182,-16.821641333613393,1830000,27.41866183280945,-90.53294255422512,0.009226483,5046.520601034164,0.03806114196777344,26.332146644592285,-6.544816465523637,1.0478088855743408,13.776593402018364,-30.544070247877883,11.612474918365479,14.010658979415894
100,-0.3088065,183,10.946647356048707,1840000,27.61138415336609,-90.3479378682879,-0.01148695,5074.202025175095,0.037943124771118164,26.489204168319702,-5.852774631290722,1.0835120677947998,13.447397476910352,-29.38450004696476,11.665144681930542,14.126106262207031
100,-0.3027223,184,-14.088186277674907,1850000,27.483421087265015,-84.52710120898779,0.0077258484,5101.747913360596,0.04350614547729492,26.375451803207397,-5.430803012691143,1.0633580684661865,12.836534749943166,-28.51965329271036,11.638083457946777,14.02916145324707
100,-0.3066434,185,-13.85976819637778,1860000,27.46035623550415,-83.18891279135389,-0.005229846,5129.277527809143,0.03942990303039551,26.32554340362549,-5.84344855047209,1.0946474075317383,12.515303408218305,-29.775724499206323,11.609478950500488,14.01990294456482
100,-0.28688923,186,-14.084291454894,1870000,27.41456937789917,-64.28202783937635,-0.0027942017,5156.7510488033295,0.038797616958618164,26.296239137649536,-5.370310307874818,1.0789556503295898,11.096488022367918,-28.386439993834973,11.579035997390747,14.01722526550293
100,-0.26136306,187,-14.810658601697092,1880000,27.61268424987793,-88.74428403084558,0.0019921386,5184.424973011017,0.04098343849182129,26.47475790977478,-6.5060381970905565,1.0961604118347168,15.632798255669906,-30.719003768741835,11.704032182693481,14.070140600204468
100,-0.23807016,188,-17.073896096295773,1890000,27.345012187957764,-87.8848017071716,0.0052652224,5211.836445093155,0.04310274124145508,26.22782325744629,-5.6412830189172185,1.0733628273010254,13.136783443770646,-29.078055675369473,11.60822868347168,13.923350095748901
100,-0.24911445,189,-16.6661286465768,1900000,27.517855167388916,-87.25148407143361,-0.023474233,5239.411986351013,0.042359352111816406,26.384780883789062,-6.131923585966613,1.0900278091430664,12.83621324531814,-30.465854027790236,11.650901794433594,14.026067733764648
100,-0.22658664,190,-14.075826766711131,1910000,27.512492179870605,-56.65842600092856,-0.040432442,5266.987411737442,0.0477902889251709,26.393830060958862,-4.884771850012862,1.070220708847046,10.940553758042896,-26.816799920066106,11.67533254623413,14.019312143325806
100,-0.16713858,191,-16.32702039012979,1920000,27.522953748703003,-88.33802646492231,-3.8134767e-05,5294.57163977623,0.04160642623901367,26.397063493728638,-6.833437210060559,1.083550214767456,16.837162211493663,-31.44246178964876,11.651691198348999,14.049705028533936
100,-0.18070395,192,-14.044951575716219,1930000,27.718828201293945,-89.96533649067577,0.001569791,5322.354290485382,0.04060983657836914,26.605405569076538,-5.770502091419428,1.0720388889312744,13.342675069253914,-29.23235274162008,11.740327835083008,14.16285252571106
100,-0.17526679,193,-14.840590100838142,1940000,27.330459356307983,-86.48668977650347,0.0063779205,5349.745547294617,0.03482389450073242,26.238030433654785,-6.034068796834983,1.0568463802337646,14.12287767217237,-29.998795362892334,11.561909198760986,13.978116750717163
100,-0.16395535,194,-14.439025969282838,1950000,27.41837167739868,-85.20723406061305,0.00056728517,5377.224876403809,0.04298663139343262,26.327491521835327,-5.207939660574208,1.047349452972412,11.483072962988057,-27.585730411009298,11.629801988601685,13.991464138031006
100,-0.16376033,195,-14.567039250367493,1960000,27.478872776031494,-85.05352953120578,0.008722815,5404.7655918598175,0.03709578514099121,26.36615777015686,-5.781990520253487,1.0749306678771973,12.678478216187608,-29.514477754000506,11.614126443862915,14.053447723388672
100,-0.16011743,196,-16.177090435294183,1970000,27.33532977104187,-74.76660278022433,0.0024281982,5432.163994312286,0.04129195213317871,26.22475290298462,-5.867909128009598,1.068469524383545,12.11023706232024,-29.68672839292408,11.551721811294556,13.971070289611816
100,-0.16643366,197,-14.73115896834778,1980000,27.509639024734497,-73.8420503165644,-0.020569058,5459.739755630493,0.043264150619506836,26.404670238494873,-5.806091448294199,1.0609710216522217,12.654512612454642,-28.694842131864704,11.61037302017212,14.084959506988525
100,-0.16236976,198,-14.41276063135706,1990000,27.522765398025513,-75.97537190552985,-0.01215249,5487.327502965927,0.04248404502868652,26.420369625091553,-6.232092826294548,1.0591659545898438,13.450087397603571,-30.283236990107635,11.605850219726562,14.106821537017822
100,-0.14047976,199,-14.948517064444315,2000000,27.423142194747925,-68.83208441315931,0.0011861206,5514.819714307785,0.04005694389343262,26.303863048553467,-5.460526204365829,1.078465461730957,11.133398411483336,-28.739147264544403,11.61318588256836,13.993002653121948
100,-0.1520069,200,-14.773788506880617,2010000,27.498021125793457,-82.62283527822079,-0.0029755128,5542.380227088928,0.03484487533569336,26.400705575942993,-5.62459336011472,1.0617060661315918,13.048446569211745,-28.535278523987746,11.674662113189697,14.030863523483276
100,-0.14632241,201,-17.160003848117867,2020000,27.491464853286743,-83.58139754503742,-0.009596533,5569.9324316978455,0.04516148567199707,26.390284776687622,-6.336659912513602,1.055321216583252,12.876098593190438,-30.550079804924998,11.647856712341309,14.041049480438232
100,-0.12403935,202,-16.216617628834435,2030000,27.56165361404419,-59.399716481596556,0.010451257,5597.558354616165,0.042473793029785156,26.45890474319458,-5.276372704982035,1.059535026550293,10.292527423096704,-28.241030538756487,11.633902549743652,14.125712633132935
100,-0.15222459,203,-16.47775398566806,2040000,27.74020791053772,-75.20986148267521,-0.010947748,5625.366023540497,0.0426633358001709,26.509650707244873,-6.040601964025659,1.1871721744537354,12.389216620966678,-30.195732314091384,11.704511404037476,14.099607706069946
100,-0.16798198,204,-14.777253865848625,2050000,27.82367515563965,-72.91766455801967,-0.015627978,5653.256985425949,0.045891761779785156,26.702751874923706,-4.773801201589747,1.0743203163146973,10.629960422237371,-27.00095188857439,11.741188526153564,14.250571489334106
100,-0.15166917,205,-15.130811296045735,2060000,27.588833808898926,-89.68825714301742,0.003594818,5680.902792215347,0.04224061965942383,26.47664213180542,-5.611609572820479,1.069310188293457,13.315225028982615,-28.675661042256756,11.646989345550537,14.129688739776611
100,-0.16579624,206,-14.424463023117085,2070000,27.475540161132812,-89.79087558715578,-0.008646979,5708.4375030994415,0.0384373664855957,26.35105037689209,-4.388782814933989,1.0853385925292969,11.030955034772038,-25.499007715909702,11.617191553115845,14.037008047103882
100,-0.15073504,207,-13.706879327028,2080000,27.574193716049194,-79.1444260871994,0.010056441,5736.069684267044,0.0367436408996582,26.420607089996338,-5.718786499184143,1.1161129474639893,12.403705610996395,-28.583805822493254,11.626402139663696,14.096506357192993
100,-0.15877914,208,-14.926253425591657,2090000,27.542611598968506,-77.18418581122192,0.010986917,5763.6760404109955,0.04573845863342285,26.390754461288452,-5.004302297611631,1.1053211688995361,11.56385548194353,-27.02662690467123,11.640349388122559,14.041942119598389
100,-0.17726482,209,-14.259024399941486,2100000,27.489150524139404,-66.67665288456901,0.011170897,5791.22719168663,0.0389401912689209,26.381128549575806,-4.664526232156649,1.0683653354644775,10.275238997766715,-26.45690915361922,11.688933610916138,13.988587856292725
100,-0.17903364,210,-13.957731254124475,2110000,27.494796991348267,-94.71688882014396,0.010509223,5818.775577783585,0.040224313735961914,26.382720470428467,-4.905399485143175,1.0712366104125977,11.954303637433826,-26.72731289435627,11.599516153335571,14.073118448257446
100,-0.18956058,211,-16.76424221292632,2120000,27.649533987045288,-50.02532190759812,0.0018905426,5846.490886211395,0.04147505760192871,26.382415056228638,-4.435356952939397,1.2249469757080078,9.613721073798214,-25.99785484416879,11.644395351409912,14.03905725479126
100,-0.19901624,212,-14.086327356998176,2130000,27.656114101409912,-60.41258396386803,-0.0055793948,5874.227807760239,0.04262185096740723,26.183051347732544,-4.890797831881023,1.429567575454712,11.0226327428258,-26.68842904681837,11.560914039611816,13.920869827270508
100,-0.20240146,213,-16.85109982160993,2140000,27.64724898338318,-46.184046301166205,0.0030967407,5901.995620012283,0.03844332695007324,26.009021282196045,-4.786714201057141,1.5989863872528076,9.425200292366815,-26.877251036884434,11.512379884719849,13.795735120773315
100,-0.20515583,214,-16.842958612331213,2150000,27.667678356170654,-47.67592033991545,0.0034523439,5929.780146121979,0.07465600967407227,26.03201651573181,-5.135345576586896,1.5583195686340332,10.351333987852794,-28.039076987242915,11.53834342956543,13.79804515838623
100,-0.22188196,215,-11.360886001146746,2160000,27.528637647628784,-46.864802391046624,0.0019981933,5957.372770786285,0.055475711822509766,26.26573133468628,-4.557199983171489,1.2062392234802246,9.788666328137813,-26.610275133616902,11.58631706237793,13.985714197158813
100,-0.23090136,216,-16.13948936849217,2170000,27.43050742149353,-85.38158157963312,0.0054461183,5984.86367225647,0.04999136924743652,26.3256778717041,-4.802047197544742,1.0541365146636963,10.831750104482744,-26.82499292967168,11.596558809280396,14.025624513626099
100,-0.22183032,217,-16.516272734998097,2180000,27.414371728897095,-49.016779395049966,0.011178583,6012.337631702423,0.04066658020019531,26.308526277542114,-4.435531366902366,1.0642740726470947,9.892341267131435,-26.288520961398195,11.585117101669312,14.02622365951538
100,-0.2244722,218,-16.942084631013845,2190000,27.44707703590393,-48.960764573924045,-0.0015698121,6039.8420333862305,0.040517568588256836,26.348167419433594,-4.4029784376137036,1.0577356815338135,9.352248408081024,-25.583502907017934,11.629229307174683,14.019675254821777
100,-0.2648672,219,-16.50125661643588,2200000,27.48678994178772,-49.454588020948506,-0.005146527,6067.386909246445,0.03946352005004883,26.354356050491333,-4.873467473714777,1.0922839641571045,10.348980306342112,-27.299532397475346,11.593920707702637,14.061273097991943
100,-0.31309003,220,-15.104783198007192,2210000,27.526967763900757,-45.58830621711145,-0.004421746,6094.976913690567,0.040181875228881836,26.415903568267822,-3.97581594819206,1.0701744556427002,8.45211581027855,-24.83315789554146,11.670321226119995,14.04484748840332
100,-0.32830143,221,-13.803011859304652,2220000,27.42894673347473,-46.35534714013503,0.016525282,6122.470424890518,0.050423383712768555,26.310736656188965,-4.737159223609587,1.0670428276062012,9.888934433739948,-27.23781212074231,11.644609689712524,13.97354793548584
100,-0.43446562,222,-14.55364842004747,2230000,27.408461093902588,-78.91952737252647,0.0025190553,6149.934570550919,0.0402979850769043,26.30537223815918,-5.0777357404057195,1.0618507862091064,11.379458038363888,-26.99094601514059,11.647031307220459,13.951197147369385
100,-0.55578697,223,-16.851377679646,2240000,27.512656211853027,-72.99550015340775,0.016330715,6177.50860285759,0.040537357330322266,26.424617528915405,-5.418632307671898,1.0468008518218994,11.50966378119046,-28.385296217047525,11.66131591796875,14.066221237182617
100,-0.9728851,224,-14.754659314227823,2250000,27.533979892730713,-75.77459826008115,-0.007906372,6205.100396156311,0.0436708927154541,26.40887475013733,-4.722704956950267,1.0808663368225098,10.771714216437983,-26.657768731876214,11.600947618484497,14.114696979522705
100,-1.2247617,225,-15.885969724547667,2260000,27.481304168701172,-89.32865497227144,-0.02040639,6232.639132738113,0.04067850112915039,26.368884563446045,-5.365512819109118,1.0711359977722168,11.435495070660691,-28.12349740536365,11.629267454147339,14.03534460067749
100,-1.8000593,226,-16.762869414241916,2270000,27.510698080062866,-52.87715961405179,-0.017997155,6260.207613706589,0.04780721664428711,26.37309694290161,-5.122650309063448,1.089036464691162,9.769133955639651,-27.71720867827345,11.57501220703125,14.103172779083252
100,-6.016553,227,-13.889115613525245,2280000,27.50358009338379,-47.2380756152659,0.0032194946,6287.769745826721,0.04471731185913086,26.42277693748474,-4.206882267937178,1.0354092121124268,9.254021476150683,-25.137553997513873,11.634124040603638,14.087414503097534
100,-10.88611,228,-15.637285283705069,2290000,27.41243863105774,-46.473524339974965,0.023517987,6315.241374015808,0.04375195503234863,26.262012720108032,-4.933578859672938,1.1059930324554443,9.675158483012478,-26.98872470401278,11.597198009490967,13.969791889190674
100,-243.95003,229,-13.882905293499785,2300000,27.42527174949646,-49.045834016449255,-0.0149569595,6342.733688831329,0.03742861747741699,26.313847064971924,-4.587340363541372,1.0731732845306396,9.199842613566437,-25.857624605848255,11.62682557106018,13.982654333114624
100,-11286.522,230,-16.284671118315934,2310000,27.577149391174316,-52.873291320383466,0.0015650246,6370.375399112701,0.03948807716369629,26.483637809753418,-10.401005950196348,1.0533554553985596,11.109710918111432,-37.04967633789885,11.6718909740448,14.088793992996216
100,-1096.8737,231,-38.58178658563491,2320000,27.45174503326416,-53.188884325337725,0.010933164,6397.886501073837,0.04864978790283203,26.289546966552734,-15.38540197314046,1.1129631996154785,3.025023162847297,-47.0245107318096,11.587139129638672,13.998274326324463
100,-53.395363,232,-39.25898664192145,2330000,27.475850105285645,-51.47780714216789,-0.018359046,6425.426064252853,0.040595054626464844,26.380850553512573,-15.159262583291666,1.0536754131317139,2.517196482614058,-46.56796084358173,11.625104427337646,14.053947448730469
100,-192.02223,233,-40.9252284124438,2340000,27.30421543121338,-53.89189669275047,0.016018348,6452.793956518173,0.04245400428771973,26.193482637405396,-15.406995621348665,1.0673861503601074,2.702305864206625,-47.03765889965089,11.549000263214111,13.94934344291687
100,-276.90894,234,-40.08430780878616,2350000,27.51216721534729,-53.011086147516046,0.015271973,6480.365099668503,0.04070782661437988,26.408833026885986,-15.450352332124572,1.0620372295379639,2.6983908824323066,-47.17466568341219,11.612891912460327,14.097313642501831
100,-337.7516,235,-38.347651492174975,2360000,27.513720512390137,-52.948285093762756,0.0069284514,6507.94203042984,0.04528164863586426,26.387576818466187,-15.672615357693976,1.0801432132720947,2.9124940115985387,-47.639240978838764,11.612822771072388,14.058862924575806
100,-247.3297,236,-26.896256267348257,2370000,27.620683670043945,-53.726953924339625,-0.0056393705,6535.623538970947,0.03771519660949707,26.499266862869263,-15.054435413042208,1.0830175876617432,3.7219337716240655,-46.48979907424605,11.61031174659729,14.197655200958252
100,-98.42953,237,-29.548992331458965,2380000,27.361956357955933,-81.37512550167966,-0.021178283,6563.04948925972,0.059234619140625,26.240017414093018,-10.470465088869316,1.062016248703003,9.297847489877133,-43.30072760644155,11.526982069015503,14.01125717163086
100,-83.19514,238,11.501920027688117,2390000,27.25797939300537,-91.30796714667159,-0.0029587036,6590.365524291992,0.040548086166381836,26.129802942276,-20.49184226954765,1.08693528175354,20.4518164211084,-55.619164337210215,11.467082977294922,13.955932140350342
100,-553.959,239,71.35557435695385,2400000,27.060988903045654,-74.26803784085911,-0.0017712768,6617.482134342194,0.03846931457519531,25.95694327354431,-9.235947093608727,1.0647141933441162,39.98724390704374,-33.56220308975779,11.238868474960327,14.007564544677734
100,-291.0798,240,57.7721703045425,2410000,27.677222728729248,-24.618510398481902,-0.026797516,6645.226848602295,0.0448000431060791,26.552655935287476,28.614683788690826,1.0789833068847656,19.685191449913546,45.03017676180584,11.804398775100708,14.037153244018555
100,-142.32774,241,109.26515792101105,2420000,27.822956800460815,71.87089419656087,-0.009356569,6673.111147642136,0.043244361877441406,26.685959815979004,64.75512171221374,1.093085527420044,4.765936374634453,103.5954694631068,11.968407392501831,14.024560928344727
100,25.106752,242,189.5583059938894,2430000,27.622793197631836,163.7044226564644,0.011259013,6700.793159484863,0.036928653717041016,26.514735460281372,105.28148631727086,1.0704503059387207,4.7415026231382456,179.06877971044844,11.766380786895752,14.052015542984009
100,-306.9614,243,140.3948193086811,2440000,27.522088766098022,120.28209482170467,0.01056166,6728.378461360931,0.040114402770996094,26.43724751472473,79.70411195353601,1.0439016819000244,3.9619903633258615,130.25354737210543,11.737649202346802,13.998725891113281
100,-2000.8055,244,114.11403192047942,2450000,27.388171434402466,44.17152629020647,0.015131592,6755.826851606369,0.04872775077819824,26.254506826400757,44.67906933658592,1.0836362838745117,17.475974473362673,73.30333481919044,11.57523798942566,13.980954885482788
100,-413.1898,245,51.762326800211696,2460000,27.24692726135254,-66.99355049711558,-0.016238391,6783.13244843483,0.04462623596191406,26.103994131088257,11.198105651352009,1.0975725650787354,24.094947333175828,12.20523564429032,11.2891104221344,14.114875078201294
100,-164.07343,246,20.15732640409931,2470000,26.5354061126709,-223.05164608828198,0.0075819823,6809.726866483688,0.04255819320678711,25.427764892578125,-76.49300464239654,1.0643556118011475,64.75235912359487,-146.3433709625542,10.701058626174927,14.026049852371216
100,-306.54135,247,26.93803842975758,2480000,26.552896738052368,-208.75630021755396,0.0016249275,6836.3398604393005,0.04008889198303223,25.39856505393982,-52.336302309839354,1.1135389804840088,36.71578008381456,-91.6894322803037,10.652529001235962,14.049330949783325
100,-200.5165,248,33.511745284639694,2490000,26.8616943359375,-193.56011251500706,0.0035354614,6863.267692804337,0.03915905952453613,25.767959117889404,-21.178202751412215,1.053786277770996,83.23545934360008,-46.898084519790785,11.045939445495605,14.020401000976562
100,-221.33768,249,83.95548734170431,2500000,26.592292070388794,-214.62073443096202,-0.0039068484,6889.918896436691,0.06088590621948242,25.071519136428833,-61.207162145512775,1.4582934379577637,94.84114723231176,-117.6003167898597,10.585586309432983,13.799230098724365
100,-438.0202,250,64.73506990512445,2510000,25.997772216796875,-220.82642430531675,-0.014685901,6915.977783918381,0.03666090965270996,24.89237689971924,-39.93888602183217,1.0679409503936768,110.79117916111983,-71.90338603087604,10.623315334320068,13.581847906112671
100,-443.4507,251,57.43710704317655,2520000,26.67203116416931,-193.27850273628096,-0.02272312,6942.707843780518,0.04098773002624512,25.531891107559204,-42.61339503437506,1.0983123779296875,76.94209703954988,-72.870748641369,10.763113498687744,14.06246566772461
100,-226.62587,252,27.816681436489826,2530000,26.681490659713745,-186.65393759012258,-0.024075156,6969.44945192337,0.03687596321105957,25.458934545516968,-56.72755268541498,1.1849555969238281,31.910001463149406,-94.57372371703501,10.782163381576538,13.97344183921814
100,-141.25107,253,33.48063429395287,2540000,26.372129678726196,-116.62302660810806,-0.003278949,6995.886719465256,0.04916214942932129,25.26265263557434,-49.936613567587884,1.0595660209655762,32.25290758485823,-78.95713833611929,10.693259239196777,13.866312265396118
100,-590.9423,254,43.18572417959054,2550000,26.521656036376953,-120.32489406284155,0.006923462,7022.478968858719,0.04567313194274902,25.423609733581543,-51.13330756371563,1.0515480041503906,30.103967971341905,-78.99253580017053,10.756060600280762,13.965729713439941
100,-1234.3618,255,44.42814231765436,2560000,26.568182706832886,-182.73395468540528,0.0011308929,7049.106178998947,0.037758827209472656,25.47565197944641,-49.344342436528635,1.0540368556976318,37.95287331508321,-74.9899357976922,10.761465787887573,14.016101121902466
100,-2879.4392,256,43.38113083564618,2570000,26.808415412902832,-131.6145004349751,0.01814218,7075.984483003616,0.04756736755371094,25.064151525497437,-53.0413376612622,1.6952741146087646,35.101536435041474,-83.29348978747403,10.645283699035645,13.729345083236694
100,-4813.3745,257,42.77700066160073,2580000,26.351390600204468,-199.8495616866814,0.011484918,7102.389008998871,0.041669607162475586,25.158092260360718,-60.324046718752555,1.1509480476379395,41.45979299645027,-99.55259266369468,10.672165393829346,13.783668279647827
100,-4279.411,258,-40.05677475573717,2590000,26.47542929649353,-128.66798310602377,-0.01698916,7128.95570063591,0.04304909706115723,25.371838331222534,-48.68434250581677,1.0590403079986572,24.12874276628783,-72.87659895331778,10.702545642852783,13.96152639389038
100,-832.91693,259,-36.03658552857965,2600000,26.49178719520569,-121.6371004194132,-0.001154953,7155.505554199219,0.04633736610412598,25.39504647254944,-47.94091022275968,1.0497159957885742,27.718389273630887,-71.0507785985777,10.733800888061523,13.960069179534912
100,25.886488,260,-37.106971747163534,2610000,26.602721214294434,-167.17080649113475,-0.005438432,7182.1638650894165,0.03737831115722656,25.471614122390747,-55.13523235389003,1.0930225849151611,30.900777453258673,-87.18607557683207,10.720770835876465,14.053495168685913
100,16.190546,261,-38.87641555424071,2620000,26.56327772140503,-138.5230325326511,0.0011980034,7208.784090042114,0.03769946098327637,25.46224021911621,-57.81662251304807,1.0625884532928467,28.56562035704921,-93.41853768703466,10.693641185760498,14.072607040405273
100,-1.5320175,262,-38.51968153509904,2630000,26.654826402664185,-124.97742105104577,-0.0074678618,7235.501420259476,0.03947615623474121,25.514127016067505,-55.1418357018152,1.1005361080169678,29.224513043565764,-87.09909175330415,10.746927261352539,14.05946683883667
100,-0.9855861,263,-38.99828138449415,2640000,26.491904973983765,-130.18342814016182,0.006976938,7262.06179857254,0.04245185852050781,25.335800647735596,-55.124673183512904,1.1127781867980957,29.64186453815655,-86.93965663412153,10.737784385681152,13.904743909835815
100,-0.4073368,264,-39.040157285016186,2650000,26.971369743347168,-171.8105843697908,0.014944586,7289.093042612076,0.04565715789794922,25.878976583480835,-56.251802640442136,1.0460669994354248,30.467996817553356,-89.49182355672069,10.95335602760315,14.213947057723999
100,-0.31920925,265,-31.755440283517494,2660000,26.632731676101685,-133.064522641815,-0.025592934,7315.782023906708,0.0411221981048584,25.517940044403076,-52.68033389975364,1.0730087757110596,28.80798909821223,-81.47432721600069,10.748220443725586,14.065636157989502
100,-0.17495291,266,-35.81341974865079,2670000,26.57323431968689,-161.43162903178973,-0.0050539062,7342.418790578842,0.04862403869628906,25.452445030212402,-51.82745372924987,1.0713670253753662,31.388458597430333,-79.18524689299537,10.751000165939331,13.994700908660889
100,-0.09693867,267,-38.32227216038375,2680000,26.68149185180664,-128.01237432663766,0.0020758782,7369.164045095444,0.03697633743286133,25.537190198898315,-48.55979400800604,1.1065621376037598,25.013995731943517,-72.10030046971463,10.72600793838501,14.106361150741577
100,-0.03599838,268,-37.22259160863145,2690000,26.541770458221436,-130.43271248627204,0.021320567,7395.772689580917,0.04030489921569824,25.418826580047607,-52.47602156705489,1.0819268226623535,28.55109392975872,-81.2026891845711,10.7361741065979,13.980983018875122
100,-0.030022938,269,-40.707525379737035,2700000,26.722498893737793,-129.81739445304208,0.006452124,7422.555622339249,0.03760480880737305,25.63203716278076,-51.429324595749,1.0517551898956299,26.027518651575427,-78.78720201877651,10.751994848251343,14.17984652519226
100,-0.032618992,270,-37.21568659216817,2710000,26.94348454475403,-130.91577503644027,0.00010402527,7449.55729675293,0.048754215240478516,25.723017930984497,-49.79729742007057,1.1709229946136475,25.725579464094356,-74.75697576378286,10.879608869552612,14.139791011810303
100,-0.028498054,271,-29.607081320785152,2720000,26.872226238250732,-134.37162047711573,-0.0117222965,7476.500713825226,0.03747391700744629,25.754000902175903,-48.08415769405098,1.0794460773468018,26.024682642148274,-71.16443846466825,10.881929159164429,14.16824221611023
100,0.0042106905,272,-39.89639942760616,2730000,26.587934494018555,-132.0213222091137,0.015603888,7503.144908905029,0.039948225021362305,25.461369276046753,-49.38751962524271,1.0859870910644531,24.53840062119351,-73.91179747077253,10.795457124710083,13.966117143630981
100,-0.011650757,273,-37.627396160508354,2740000,26.63740563392639,-129.1315673293887,-0.004373224,7529.84099650383,0.03940606117248535,25.5416738986969,-50.457542580695865,1.0556387901306152,26.314861662743542,-76.53781823444965,10.782116413116455,14.05411982536316
100,-0.015044385,274,-38.96631180911944,2750000,26.38667631149292,-131.44474477677565,-0.0072069946,7556.288951635361,0.0430605411529541,25.265674591064453,-51.22603917426093,1.0773236751556396,27.492797162459283,-78.21469564114746,10.71872615814209,13.853715896606445
100,-0.0034598329,275,-36.55353736667002,2760000,27.60770344734192,-128.20309843328792,0.0031868927,7583.963801622391,0.05432581901550293,25.899122953414917,-52.183853372979385,1.6532471179962158,27.626210035998668,-80.57418540344425,10.931105613708496,14.24760890007019
100,-0.012884509,276,-38.24655267898947,2770000,26.216882944107056,-172.23456465712832,-0.009909442,7610.237553358078,0.04051566123962402,25.08552122116089,-49.358702930156454,1.0901319980621338,26.390400757179655,-73.90504908344705,10.631610870361328,13.75269865989685
100,0.008955463,277,-40.05179587867599,2780000,26.646292209625244,-154.47614794347723,0.010142651,7636.950520038605,0.03645014762878418,25.52734613418579,-52.036053068766016,1.081606149673462,26.69193517702251,-80.20497048985871,10.789478540420532,14.039929866790771
100,0.00686709,278,-37.981922422801645,2790000,27.249032258987427,-129.76019660214286,0.0083729,7664.262299776077,0.04468107223510742,26.128042697906494,-50.68022394196585,1.075608491897583,25.81893659256142,-76.90273078376185,11.027249574661255,14.384512186050415
100,-0.008816746,279,-38.992895540681324,2800000,27.078645706176758,-131.27841897646977,-0.0061402344,7691.405446767807,0.0407564640045166,25.936983585357666,-51.074526181089524,1.1000018119812012,25.56317957564169,-77.947024454925,10.92216968536377,14.29851508140564
100,0.0016845826,280,-44.04853400465772,2810000,27.10517907142639,-127.15823569453468,0.0026766846,7718.571993112564,0.03943800926208496,25.957494735717773,-51.132403640815944,1.1075408458709717,23.722250970626813,-77.86782286480428,10.99864935874939,14.247848272323608
100,0.0052701784,281,-36.05250138492731,2820000,26.852347373962402,-175.05102522327613,0.0060713743,7745.48842382431,0.04483675956726074,25.70526432991028,-50.768178908399044,1.1014673709869385,29.150954463462313,-77.25733096278134,10.887859106063843,14.100513458251953
100,-0.013267431,282,-39.91892383385347,2830000,26.943087100982666,-130.0799865442894,-0.011398523,7772.49355506897,0.03509879112243652,25.812862157821655,-49.45745209450489,1.0944669246673584,24.998831531101512,-74.0557126819498,10.888540267944336,14.205642938613892
100,-0.009443689,283,-39.171522380687264,2840000,26.646654844284058,-123.2749245287736,-0.0082925595,7799.200021505356,0.03665280342102051,25.54221272468567,-51.0723819974674,1.0670337677001953,25.294465150999933,-77.88884207638479,10.770736694335938,14.067801237106323
100,-0.029282764,284,-5.5382978824277025,2850000,26.77929711341858,-121.18813371553678,-0.028881686,7826.043940544128,0.03983807563781738,25.67062783241272,-49.18702863470789,1.068131446838379,24.97463415196184,-73.8740206309599,10.809255599975586,14.165207386016846
100,0.0016255432,285,-38.26458346676856,2860000,26.54883360862732,-122.51485471840046,0.0028876709,7852.646665096283,0.03830432891845703,25.427350521087646,-51.32048157722229,1.0825271606445312,26.64708154405755,-78.45260224611846,10.72536826133728,14.007423877716064
100,0.006523334,286,-33.89438464071209,2870000,26.558145761489868,-132.74572149596452,0.007557593,7879.266342163086,0.04672837257385254,25.47064709663391,-49.64950922619444,1.0399720668792725,25.52766244825409,-74.51658040748562,10.751288890838623,14.018309116363525
100,0.002748822,287,-38.75771582436997,2880000,26.505574464797974,-122.33677029808048,0.003365686,7905.832068681717,0.04028630256652832,25.416109561920166,-49.80617221031416,1.0484352111816406,24.870210242868193,-74.98467343142693,10.745490550994873,13.973848819732666
100,-0.004064505,288,-37.69864343549827,2890000,26.36265802383423,-131.1716887639711,-0.0028442414,7932.252505779266,0.04351234436035156,25.26517128944397,-52.87647359985776,1.0532400608062744,28.864131382339618,-81.95821964216954,10.616623640060425,13.951677799224854
100,0.0092437565,289,-39.20537281067283,2900000,26.67697024345398,-158.3165038681389,0.010531175,7958.9865889549255,0.03992009162902832,25.592508792877197,-49.71339408798398,1.043846845626831,26.84475513096081,-74.34149007039225,10.809831619262695,14.058624982833862
100,-0.00565757,290,-38.34288855055517,2910000,26.625929355621338,-130.33582397592124,-0.0047496073,7985.667762041092,0.036818742752075195,25.52205991744995,-52.31753989683501,1.06630277633667,27.073687414125033,-80.6264297216814,10.739652633666992,14.077853441238403
100,-0.0042624758,291,-39.6411288077373,2920000,26.514703273773193,-130.5457556531205,-0.0031421508,8012.240386962891,0.04424858093261719,25.390180826187134,-51.42365074507552,1.0795035362243652,27.148570945650892,-78.6591801370983,10.662150144577026,14.02211856842041
100,-0.008670611,292,-41.37298255668936,2930000,26.68533682823181,-138.51218430223923,-0.007339761,8038.987045288086,0.047928571701049805,25.569892168045044,-50.0936817659118,1.0667989253997803,24.88018653163265,-75.55124584194438,10.762795209884644,14.103002548217773
100,0.004661163,293,-38.42828278632368,2940000,26.52368664741516,-122.22131910912465,0.005294237,8065.568077325821,0.06252264976501465,25.3893826007843,-48.91216749916682,1.0704832077026367,23.41998067073505,-73.02261876256745,10.695022583007812,13.994495391845703
100,0.009547711,294,-39.00000319554687,2950000,26.78842043876648,-124.5706501099809,0.010480524,8092.413019657135,0.04077458381652832,25.057496547698975,-51.486407098341026,1.689302682876587,24.179732454570296,-78.96267537786592,10.627213478088379,13.73419737815857
100,0.013278225,295,-35.85159211023469,2960000,26.075970888137817,-133.4814781524163,0.014484296,8118.544257640839,0.03643465042114258,24.970367431640625,-51.07625476494964,1.068352222442627,26.977344553214994,-78.01736003466038,10.604594469070435,13.687410593032837
100,0.009328077,296,-38.85732805700641,2970000,26.542083263397217,-123.0942509923276,0.010171252,8145.140786886215,0.04395270347595215,25.452341318130493,-47.753133029926865,1.045140027999878,21.735657300086203,-70.35425936134762,10.766530275344849,13.98904299736023
100,0.0033618102,297,-35.25691695349754,2980000,26.613988637924194,-122.39406874275245,0.0043238252,8171.809213876724,0.045049190521240234,25.496363401412964,-49.24648131899123,1.0719006061553955,23.579630817269123,-73.76875030955436,10.752429246902466,14.044064044952393
100,-0.011293734,298,-38.88384219702266,2990000,26.5886390209198,-129.10392687174206,-0.009915574,8198.460483789444,0.03674721717834473,25.45859146118164,-48.46049795792386,1.0926461219787598,24.23200001197177,-71.78234934717602,10.790379285812378,13.964541912078857
100,0.0006288063,299,-39.63191600940447,3000000,26.57991862297058,-131.78814158613085,0.0016313762,8225.097303152084,0.03688216209411621,25.492910146713257,-51.17803703053597,1.049436330795288,25.286660331870976,-78.19833996854526,10.724513292312622,14.060937404632568
