train-MaxReturn,n_timesteps,train-PolicyExecTime,Time-Sampling,train-EnvExecTime,Time-Optimization,LossAfter,train-StdReturn,train-MinReturn,LossBefore,ItrTime,Time-SampleProc,train-AverageDiscountedReturn,Itr,Time,train-NumTrajs,train-AverageReturn
100.32527858977268,10000,13.47758674621582,18.282485723495483,4.469456434249878,1.120387077331543,0.014677692,76.42000629176002,-249.91218042712728,-1.418991e-05,19.650949239730835,0.24670743942260742,-19.679739483953504,0,19.650951862335205,100,-53.360732795472906
135.68610626202116,20000,16.2770414352417,22.497427225112915,5.784369230270386,0.2754533290863037,-0.011430221,78.36441752603228,-221.49669683943964,-1.4219722e-05,22.899255514144897,0.11725592613220215,-12.460233679990923,1,42.59235954284668,100,-42.404895215468116
141.72539382575363,30000,14.04943037033081,19.57654595375061,5.131472826004028,0.22657227516174316,-0.0062328563,78.60364386560185,-224.2030381941166,-1.4213168e-05,19.91454553604126,0.1045389175415039,24.041550607766865,2,62.51382756233215,100,29.361001699229327
166.8857198206674,40000,9.02164340019226,13.035276174545288,3.7192888259887695,0.33754682540893555,-0.010935369,58.372180255911736,-178.25662536111457,-1.42000445e-05,13.514981985092163,0.12970376014709473,63.493256934926094,3,76.04077816009521,100,103.46357711113272
213.31552712193582,50000,15.094012260437012,21.224478244781494,5.707246541976929,0.6555600166320801,-0.011114225,25.542315432428992,60.35027567350431,-1.4171892e-05,22.02785634994507,0.14643001556396484,99.00330268095689,4,98.07757568359375,100,168.70880342872184
209.25385567007908,60000,18.03509211540222,25.545488119125366,7.010488271713257,0.6161656379699707,-0.012361384,11.900600083588131,131.89249283217853,-1.4136377e-05,26.24690580368042,0.08379459381103516,114.38181878484362,5,124.34271621704102,100,194.62915422736194
212.14102643527616,70000,18.554526329040527,25.791848182678223,6.781318187713623,0.6126956939697266,-0.0050027575,6.576502687625831,175.6167329535396,-1.4102216e-05,26.6399986743927,0.23411965370178223,117.94079150492723,6,150.99891114234924,100,199.62466042159832
211.54576950476044,80000,19.1496741771698,26.271738290786743,6.631386041641235,0.40432000160217285,-0.005739016,5.247478659720839,180.10831862905184,-1.4063715e-05,26.801576375961304,0.12402796745300293,119.05322263403713,7,177.8236997127533,100,202.32946013678347
213.69977397185124,90000,16.633273601531982,23.66503095626831,6.583994388580322,0.4899179935455322,-0.0071635805,5.655641420863826,180.65281887227087,-1.4010657e-05,24.285547494888306,0.1290891170501709,119.47511226016869,8,202.1268846988678,100,202.28324804601024
213.18110760640283,100000,16.963592767715454,23.97555136680603,6.550140142440796,0.45946168899536133,-0.0051398114,4.052083156188421,193.11633759175473,-1.3957325e-05,24.66613793373108,0.22967123985290527,120.87786479236819,9,226.80757641792297,100,205.71273352999972
216.08844402384426,110000,16.733229637145996,23.86592173576355,6.647315740585327,0.43329286575317383,-0.0056139543,3.765465834348707,199.06529923005814,-1.3899459e-05,24.49835467338562,0.19640755653381348,121.4082966999559,10,251.32196974754333,100,206.99042859725162
214.17718374773412,120000,16.98582100868225,24.13835048675537,6.709367513656616,0.4926164150238037,-0.0048076413,3.4600894683089134,198.94507887860178,-1.3842068e-05,24.85393261909485,0.22188401222229004,121.92498416126655,11,276.1918349266052,100,208.1242960753056
215.1406647063597,130000,17.91496205329895,25.14091444015503,6.730355262756348,0.4988057613372803,-0.0034377996,3.0750085086225067,201.2101142710748,-1.3796597e-05,25.782898902893066,0.14169549942016602,122.13554030894349,12,301.992036819458,100,208.51164439869513
216.5185700424132,140000,18.555763959884644,25.833722352981567,6.804943561553955,0.4325547218322754,-0.006780612,3.1655196740097002,199.14628180369385,-1.3747497e-05,26.437026023864746,0.16907715797424316,122.30840776515039,13,328.4475681781769,100,209.04330401986007
216.39773983255176,150000,17.688913822174072,24.793206453323364,6.652172327041626,0.40700483322143555,-0.0042499998,3.2952800264441486,198.51464311601865,-1.3688382e-05,25.357938766479492,0.15426063537597656,122.67104572707362,14,353.821653842926,100,209.8879329905037
217.4900303294534,160000,16.239031314849854,23.4646155834198,6.759685277938843,0.39469265937805176,-0.0030587702,3.8328965763414375,198.8211420478779,-1.3648571e-05,24.036487579345703,0.17621874809265137,123.20173585962004,15,377.876681804657,100,211.03770143664505
217.01765025785238,170000,15.973170280456543,23.11815905570984,6.688561916351318,0.5950644016265869,-0.0050859456,2.863650019440742,203.77775939554434,-1.3577251e-05,23.86114239692688,0.14662814140319824,123.73876041622808,16,401.7538101673126,100,212.20715875751546
220.36204720346103,180000,16.58667778968811,23.557294845581055,6.508946657180786,0.36890101432800293,-0.0030724078,3.005869983365696,204.7137572028675,-1.3526309e-05,24.087896585464478,0.16097593307495117,123.99465464822269,17,425.8636908531189,100,213.03343902917942
220.69450670957164,190000,18.29547119140625,25.86679697036743,7.0718278884887695,0.5367946624755859,-0.004296213,2.907746450889268,206.50722651910786,-1.3470449e-05,26.564120292663574,0.1523580551147461,124.2218329483246,18,452.44186639785767,100,213.51128667771619
224.01178955124854,200000,18.568013668060303,25.592771530151367,6.545004606246948,0.3663945198059082,-0.0043159355,2.9216285769143306,207.7380617741378,-1.34248e-05,26.08683443069458,0.1266777515411377,124.45876844378877,19,478.54560828208923,100,214.29427259225278
226.09309685694888,210000,17.799131870269775,25.05156922340393,6.788935899734497,0.4398372173309326,-0.0048368084,3.3697191508397286,206.81869544645835,-1.336361e-05,25.63180947303772,0.13940048217773438,124.87966498060851,20,504.2031488418579,100,215.23654255724733
228.75270786755058,220000,18.13357448577881,25.506555318832397,6.888314723968506,0.41047167778015137,-0.003979412,3.516193508353419,206.7429180163059,-1.33055355e-05,26.08862805366516,0.16957807540893555,124.7212108572682,21,530.3091969490051,100,215.06841125645553
224.58529832649515,230000,16.212717533111572,23.23909306526184,6.5448317527771,0.610213041305542,-0.004674442,5.965411234304494,171.2944025317902,-1.3247808e-05,24.04246711730957,0.1922309398651123,124.7888929300734,22,554.3647999763489,100,215.3802830926256
221.1992222346994,240000,17.27799701690674,24.478184938430786,6.72557520866394,0.477827787399292,-0.0040632533,3.0763708947813906,206.79681819398232,-1.3190588e-05,25.14056086540222,0.18389225006103516,124.98361932601232,23,579.5343210697174,100,215.5989656552123
222.6517687467014,250000,15.609783411026001,22.94747304916382,6.855917692184448,0.41272687911987305,-0.003855709,2.7747473753095733,208.28880228712816,-1.3134547e-05,23.45711874961853,0.09438586235046387,125.2162935375846,24,603.0030930042267,100,215.8700020231758
230.24061624487143,260000,15.399012565612793,22.321544408798218,6.478113174438477,0.35428643226623535,-0.0021454578,3.3892948978696333,209.24044618602744,-1.3091365e-05,22.829181432724,0.15242624282836914,125.73668138570223,25,625.8481981754303,100,217.20542917601952
224.00101778923263,270000,16.946616172790527,23.967933416366577,6.578189849853516,0.4117271900177002,-0.0053240047,3.813805442807111,205.0064434108549,-1.3044372e-05,24.62532615661621,0.22748017311096191,125.48583105138908,26,650.4932270050049,100,217.45560189023126
226.23812482271276,280000,17.235235452651978,24.447684049606323,6.729039192199707,0.4723029136657715,-0.0043740044,3.3807415990594083,203.50509702331598,-1.2994225e-05,25.080825805664062,0.15989303588867188,125.66830596560631,27,675.5896842479706,100,217.3536538429055
226.35239049983684,290000,17.400108575820923,24.361271619796753,6.4626898765563965,0.49037718772888184,-0.0038856077,2.986296424046872,211.96090642098545,-1.2939664e-05,25.072734117507935,0.2176375389099121,126.03242279487988,28,700.677116394043,100,218.01419871214273
231.5285967172419,300000,18.197115182876587,25.4724280834198,6.791469573974609,0.47377586364746094,-0.0016101684,3.7604293971043954,209.45646875502587,-1.28855e-05,26.0723717212677,0.12483358383178711,126.07823288176964,29,726.7707533836365,100,218.48460693257223
233.5904068518803,310000,18.943135976791382,26.043978691101074,6.5959086418151855,0.396648645401001,-0.0034378758,4.627495079678632,206.56705189518746,-1.2831186e-05,26.566932201385498,0.12353944778442383,126.15493614944023,30,753.3516712188721,100,219.1463326779425
229.3519123676155,320000,15.538841962814331,22.346668481826782,6.371402740478516,0.42969274520874023,-0.0017318832,3.7850929622039833,209.52907433618523,-1.27867925e-05,22.996951580047607,0.21789956092834473,126.40851587254078,31,776.3641369342804,100,219.3267324489134
239.14673456348532,330000,17.61850929260254,24.847862243652344,6.730769157409668,0.4052009582519531,-0.005326431,4.700947855789428,205.629342902684,-1.27211e-05,25.427310943603516,0.17293787002563477,126.361820608121,32,801.8100395202637,100,219.69569642045434
230.21220604986007,340000,19.52445125579834,26.97159767150879,6.953246593475342,0.39129066467285156,-0.0017378061,4.285670689426607,202.91335819881675,-1.2681218e-05,27.52488374710083,0.16129612922668457,126.4260784577067,33,829.3468685150146,100,219.54605341930915
235.81755629565407,350000,17.2093722820282,24.20211100578308,6.5400567054748535,0.5052359104156494,-0.0046974425,5.5572829584195915,193.9053111516674,-1.2624363e-05,24.849279403686523,0.1410369873046875,125.98927051213464,34,854.2058448791504,100,219.2284655755401
238.0740112463131,360000,17.07474446296692,24.025149822235107,6.477910280227661,0.4763829708099365,-0.0019810558,4.603798543717651,205.752107761214,-1.2567489e-05,24.571427822113037,0.06649398803710938,126.63868385407223,35,878.7920868396759,100,219.8115693278879
231.93333380260285,370000,15.509786367416382,22.47845220565796,6.517361640930176,0.45606112480163574,-0.007382351,2.822382618974503,212.87115340264668,-1.2529666e-05,23.207396507263184,0.26944971084594727,126.74025728974898,36,902.0122849941254,100,219.79310220956114
230.67309970976493,380000,18.154187202453613,25.53635025024414,6.893441438674927,0.45789337158203125,-0.0021704019,3.8265249736756437,208.47142359767923,-1.2476482e-05,26.2778103351593,0.2769606113433838,126.93294120380766,37,928.3135328292847,100,220.7166765869095
238.19512577327055,390000,19.086708307266235,26.22882890701294,6.680276393890381,0.3764197826385498,-0.0040596714,4.721821913299184,200.86067360911474,-1.242266e-05,26.753198862075806,0.14389467239379883,126.95039682804325,38,955.0825581550598,100,220.7636815318903
231.6410743926657,400000,18.029057025909424,25.205966472625732,6.715467214584351,0.4160029888153076,-0.007829395,3.501888183558232,206.12359700286572,-1.2365047e-05,25.799152612686157,0.17651891708374023,127.0797460171501,39,980.8982036113739,100,221.1359967389152
235.0587480310356,410000,18.762913465499878,26.015444040298462,6.77557635307312,0.43567371368408203,-0.0057154316,3.5139640924085382,211.60868336207372,-1.2312231e-05,26.662142038345337,0.2099463939666748,127.68797243861593,40,1007.577624797821,100,221.94190891556352
237.60324992954418,420000,17.04349136352539,23.94161057472229,6.430384159088135,0.44388794898986816,-0.004249192,4.859979759012822,208.64589602729072,-1.2256895e-05,24.575554370880127,0.18922948837280273,127.62574037553208,41,1032.168374300003,100,222.56564172826077
238.45792838567868,430000,17.80555295944214,24.75318145751953,6.469436883926392,0.4009573459625244,-0.0043068696,7.53481830371177,196.93853370157555,-1.2195195e-05,25.374274253845215,0.2166597843170166,127.54045761707779,42,1057.5561301708221,100,224.33167871702233
238.98220184293476,440000,17.039302110671997,24.0363929271698,6.526817798614502,0.4521946907043457,-0.0042845206,5.869348706170371,207.1234670235337,-1.2148494e-05,24.643489122390747,0.1545255184173584,128.03229950522572,43,1082.212110042572,100,224.2989262500617
238.2018228139341,450000,18.934544563293457,26.08837890625,6.687320232391357,0.38896918296813965,-0.0047780704,5.250765328372008,213.01040328341747,-1.2110457e-05,26.600873231887817,0.12008118629455566,128.19981623573247,44,1108.8465640544891,100,224.9818697325264
241.52791126744896,460000,17.385284185409546,24.383980989456177,6.540114164352417,0.43227219581604004,-0.005053943,9.68018927757383,173.56208278453593,-1.2076104e-05,24.96385908126831,0.14607810974121094,127.81558556959355,45,1133.8226838111877,100,225.36434321721316
240.05681784799458,470000,17.595383167266846,24.525455713272095,6.462626934051514,0.47519707679748535,-0.0031362094,6.2936766377569135,204.72476987464773,-1.2039395e-05,25.140098333358765,0.1350536346435547,128.3259655411768,46,1158.976270198822,100,224.7172056088326
244.8185767159022,480000,16.690017461776733,23.677504777908325,6.503798484802246,0.3915741443634033,-0.006549758,7.192697799282298,192.67183278241026,-1.2002401e-05,24.265042543411255,0.19187474250793457,128.75888602596123,47,1183.2540814876556,100,226.0100051134967
243.62948589702864,490000,16.494681119918823,23.39024782180786,6.431775808334351,0.4665865898132324,-0.0030645204,8.232148721832997,198.25228035834093,-1.1965464e-05,24.022083044052124,0.1619706153869629,128.92979842332653,48,1207.2889964580536,100,227.9920739849698
244.95448624411227,500000,16.451477766036987,23.453253269195557,6.50982141494751,0.5513041019439697,-0.00727067,7.884079494175501,210.1319308163349,-1.1942588e-05,24.18444323539734,0.17444658279418945,130.41608396345924,49,1231.4831399917603,100,230.56107509788512
243.65484927924186,510000,16.96016573905945,23.75697112083435,6.33666205406189,0.49221348762512207,-0.0059714685,9.050058444737767,172.83516876609812,-1.1920992e-05,24.502533435821533,0.23913192749023438,130.46312393746513,50,1256.0039241313934,100,232.28691099726885
247.64911409325356,520000,16.644877433776855,23.44260048866272,6.330279111862183,0.4412224292755127,-0.0050527994,7.505534833553915,213.7920026382547,-1.1905098e-05,24.030202865600586,0.14504623413085938,131.60410750321506,51,1280.0528061389923,100,233.33775155823136
249.947498922923,530000,16.23538875579834,23.14728569984436,6.442057847976685,0.377713680267334,-0.0058731013,8.845382148214208,196.31137945573968,-1.1870567e-05,23.753627061843872,0.22150754928588867,130.6409529840719,52,1303.8232939243317,100,232.49358521140286
256.0595796040818,540000,18.52116107940674,25.77532458305359,6.748696327209473,0.40613436698913574,-0.0026563408,7.701168530952731,206.67424872330284,-1.1858164e-05,26.323330879211426,0.14081144332885742,132.46674529582108,53,1330.1589238643646,100,235.57334612188532
252.37905280430948,550000,16.83205771446228,23.667824268341064,6.380467653274536,0.42134928703308105,-0.0056411847,7.940712048535149,212.3551267615524,-1.1831469e-05,24.30302357673645,0.19707751274108887,132.9578047895373,54,1354.4779183864594,100,236.80694404784182
256.77147749965695,560000,18.005847930908203,24.981884002685547,6.493736743927002,0.41756653785705566,-0.004697477,9.362023266025725,205.65555093821942,-1.1792857e-05,25.624983072280884,0.22324037551879883,133.7926182764985,55,1380.1123623847961,100,239.7083635810745
257.60433161588395,570000,17.639286756515503,24.476248025894165,6.374246835708618,0.42655444145202637,-0.005543854,7.314180772118459,220.96853809314382,-1.1767286e-05,25.018335819244385,0.11188793182373047,134.75891970959003,56,1405.1461458206177,100,240.92967016728363
257.99113470729793,580000,17.480990886688232,24.47762417793274,6.523381948471069,0.43560171127319336,-0.00440972,7.519448409321628,216.7514972609858,-1.17369145e-05,25.071241855621338,0.15684032440185547,134.67876805086678,57,1430.2375667095184,100,240.70746832689642
255.5483352437962,590000,15.550254344940186,22.120249271392822,6.1164870262146,0.3967447280883789,-0.006104632,7.574684172127203,220.0178575363232,-1.169904e-05,22.676185131072998,0.1579570770263672,134.76617140380185,58,1452.9275538921356,100,240.53824066322034
260.8996649408014,600000,17.11701011657715,24.027022123336792,6.419108629226685,0.43819618225097656,-0.0029118927,8.816875217650306,211.93065873057242,-1.1664638e-05,24.6151340007782,0.1493830680847168,135.68624260545258,59,1477.5628459453583,100,242.89171017859246
257.04682543292023,610000,16.591771125793457,23.356340885162354,6.3205931186676025,0.3827037811279297,-0.0055597955,6.41410246034828,225.1150507006563,-1.1623788e-05,23.908362865447998,0.16515851020812988,136.71293109494556,60,1501.4846255779266,100,244.8656108318509
260.21038741011176,620000,16.693119764328003,23.5354962348938,6.34727931022644,0.4300720691680908,-0.0050429176,7.791617985336878,218.77938360847506,-1.1596445e-05,24.116158723831177,0.14983677864074707,136.63543550147182,61,1525.6116409301758,100,245.72458345124562
263.86961018985534,630000,17.954538583755493,25.01377558708191,6.5828306674957275,0.4013547897338867,-0.0046007535,6.32112088537661,226.5123497650821,-1.1571054e-05,25.65943717956543,0.21801972389221191,137.74787301535895,62,1551.2860915660858,100,247.0067327848068
263.40351195841544,640000,17.156655311584473,23.956028938293457,6.3337085247039795,0.37407970428466797,-0.0062676873,7.569636701460177,226.01453613084306,-1.1545687e-05,24.529982805252075,0.1972191333770752,137.64291352362727,63,1575.830665588379,100,247.264497392408
262.495370919144,650000,16.652353286743164,23.60791039466858,6.472548007965088,0.4071519374847412,-0.0041089924,8.397139373831275,215.23777919390355,-1.1510465e-05,24.17320704460144,0.15658283233642578,137.9221639360931,64,1600.0160458087921,100,248.54948568741708
261.82255274339434,660000,15.597087621688843,22.16686201095581,6.117533445358276,0.5123181343078613,-0.004047219,6.8737267597764395,227.06454457484966,-1.1489511e-05,22.841694355010986,0.16035246849060059,138.7382281003313,65,1622.8729441165924,100,249.74694504805305
264.2329054694185,670000,18.933318614959717,25.808498859405518,6.39104437828064,0.42712998390197754,-0.0038547104,8.91907276619785,209.28685371555306,-1.1441501e-05,26.446213960647583,0.20341968536376953,138.29345358238876,66,1649.332661151886,100,248.63070037035735
264.1668872207912,680000,14.988751888275146,21.541321277618408,6.081087589263916,0.46766233444213867,-0.004517312,7.402802568650548,226.42309848198082,-1.1407611e-05,22.135464429855347,0.1253504753112793,138.81575843512388,67,1671.4809122085571,100,250.16166815573644
263.3750874997019,690000,18.18993616104126,24.815162658691406,6.179942846298218,0.5127379894256592,-0.004088475,7.5267424892174475,224.43958280558934,-1.1382499e-05,25.468682765960693,0.13614368438720703,139.0169582505781,68,1696.9675378799438,100,250.34229410143496
263.6647504932214,700000,17.031256437301636,23.78128433227539,6.2810163497924805,0.42172980308532715,-0.0025320707,6.378101762447342,227.86339050648348,-1.1342244e-05,24.351335763931274,0.14783525466918945,138.96376742921586,69,1721.3316464424133,100,249.84308524906072
264.26943214423994,710000,16.940814971923828,23.862781286239624,6.456881761550903,0.452404260635376,-0.002875507,6.5693388193722875,232.68780621788693,-1.13008855e-05,24.503576040267944,0.1805558204650879,139.26021010598924,70,1745.8472971916199,100,250.3142722591166
266.3145478662965,720000,17.528457403182983,24.49215269088745,6.50658917427063,0.3821122646331787,-0.0043488825,7.201035171617648,224.96937518729916,-1.12777925e-05,25.013875484466553,0.13845014572143555,140.0042347071979,71,1770.8803269863129,100,252.12737946038257
263.0772918862539,730000,17.78146767616272,24.548116445541382,6.294219493865967,0.406660795211792,-0.0051345914,7.211279169899391,224.22300195889997,-1.1231967e-05,25.177106857299805,0.21983766555786133,139.07062235139273,72,1796.0742740631104,100,250.27079744149876
264.47387871904846,740000,19.190958499908447,26.09074354171753,6.431074857711792,0.4196500778198242,-0.004023943,8.640864489436185,212.96994461646662,-1.1181343e-05,26.653377532958984,0.14209890365600586,139.76063934773768,73,1822.7417602539062,100,251.42012427324428
266.325220533293,750000,17.113815546035767,23.915775299072266,6.330357551574707,0.3969249725341797,-0.0057712146,6.36113465506801,233.6387571207802,-1.1128124e-05,24.45045280456543,0.13668560981750488,140.6547685132832,74,1847.211886882782,100,254.1062566241315
268.83971355211975,760000,17.188039302825928,24.073113918304443,6.410877704620361,0.4233405590057373,-0.0052725472,6.245455052613395,232.49021164836827,-1.1089901e-05,24.66691255569458,0.16615056991577148,141.16205833616274,75,1871.8910174369812,100,254.7019291868981
270.52198624603136,770000,17.948649168014526,24.87889838218689,6.474327802658081,0.4740622043609619,-0.0053860517,6.803811803591025,228.58083122565694,-1.10530555e-05,25.505714178085327,0.15165090560913086,141.2757340065705,76,1897.4113261699677,100,254.996137322674
267.19193937871705,780000,17.47896409034729,24.23649573326111,6.296504735946655,0.408414363861084,-0.00836823,7.353339152367787,223.65029327584105,-1.1012469e-05,24.777259588241577,0.13164234161376953,141.6374242010634,77,1922.20481133461,100,255.87791366712696
276.06107350282895,790000,17.564638376235962,24.29797673225403,6.2667481899261475,0.380695104598999,-0.0022086499,8.821326718198419,227.67543813119934,-1.0969094e-05,24.806431531906128,0.12627220153808594,142.35701395091291,78,1947.0246455669403,100,257.6369943006212
270.88693837098094,800000,18.122875690460205,24.991449117660522,6.417827606201172,0.4887816905975342,-0.006343717,8.777527399979292,224.46778585513857,-1.0939759e-05,25.623525142669678,0.14069390296936035,141.81490610507754,79,1972.661413192749,100,256.5897423470746
266.8949172925174,810000,17.149423360824585,24.031776905059814,6.419326543807983,0.373767614364624,-0.0036528748,7.2721134026559,232.89094611034864,-1.0919389e-05,24.589779138565063,0.18300247192382812,142.280505998576,80,1997.2656548023224,100,256.84117441541696
272.0231745120802,820000,17.915019273757935,25.13700795173645,6.742783308029175,0.39490175247192383,-0.0044662845,7.148472290730195,226.26006401959435,-1.0894156e-05,25.6877224445343,0.1549844741821289,142.93547357761406,81,2022.9655480384827,100,258.45621831563267
269.90602810402606,830000,16.455318689346313,23.233375787734985,6.314738988876343,0.4052422046661377,-0.0039276774,9.10368521516178,219.08958658461404,-1.086455e-05,23.78250741958618,0.14307332038879395,141.8833831238919,82,2046.7667622566223,100,255.83424052840667
273.07316297086857,840000,17.705413103103638,24.565784454345703,6.404618263244629,0.5320661067962646,-0.0027273141,6.641623883688255,239.3000499969035,-1.083509e-05,25.265502452850342,0.16652393341064453,142.96774945302593,83,2072.049781560898,100,258.86304640069187
272.28235268091737,850000,18.009108781814575,24.867950916290283,6.366732597351074,0.4001455307006836,-0.0041865683,7.055970228100035,232.17738592332717,-1.0804005e-05,25.51384472846985,0.2435922622680664,142.81216131882874,84,2097.579614162445,100,258.7292486427096
272.3998908766803,860000,16.905232667922974,23.813740015029907,6.456088304519653,0.5174465179443359,-0.0052585173,10.393850071412768,209.6113897134061,-1.0775565e-05,24.48526692390442,0.1500563621520996,142.02311658857852,85,2122.0780243873596,100,257.748680999973
272.0434727247761,870000,16.720264196395874,23.650196075439453,6.456008434295654,0.4334399700164795,-0.004170096,7.083735367400788,240.61039073548898,-1.073984e-05,24.21242046356201,0.12768006324768066,142.98189544646672,86,2146.305435657501,100,258.3879653669842
275.9579415069042,880000,18.34237313270569,25.326701879501343,6.465801000595093,0.3784639835357666,-0.003689086,7.511378182667402,219.86915941246514,-1.0714784e-05,25.901127099990845,0.19499683380126953,143.65025783597287,87,2172.2216968536377,100,259.79199830099066
277.0999675760772,890000,16.04503059387207,22.86920189857483,6.374359369277954,0.4153459072113037,-0.0038497916,14.448005905730989,140.02437804581874,-1.0682651e-05,23.442281246185303,0.153731107711792,142.9233324771042,88,2195.6763474941254,100,258.2360945916005
273.7171676897631,900000,15.601497650146484,22.31219220161438,6.269182920455933,0.44152379035949707,-0.0038116889,8.045484210801279,234.04955230433512,-1.0657347e-05,22.912784814834595,0.15831708908081055,144.00710478570198,89,2218.6109354496,100,261.00012613785077
273.91763224939245,910000,16.588850259780884,23.054421186447144,6.024927139282227,0.4248850345611572,-0.0048128404,6.832988162162832,239.11626235692341,-1.0609066e-05,23.63260006904602,0.15224170684814453,143.61241412413372,90,2242.260290145874,100,260.3815751584761
274.0925927488356,920000,17.175924062728882,24.058220148086548,6.414751768112183,0.39552927017211914,-0.0030260761,8.09761762839361,236.07364915214404,-1.0592595e-05,24.629169702529907,0.17423558235168457,143.9354372688732,91,2266.9098653793335,100,260.88565822454
273.35053166876736,930000,16.4907009601593,23.196393251419067,6.266425609588623,0.5081424713134766,-0.0037495003,7.068524744781166,235.8678236108113,-1.0555327e-05,23.917831659317017,0.20871591567993164,144.42232925710775,92,2290.8380506038666,100,261.8505708999233
273.0825053681155,940000,16.634872674942017,23.114434719085693,6.0399816036224365,0.4455986022949219,-0.0052544996,18.046240784279693,137.52132107275048,-1.0515006e-05,23.752805948257446,0.17109417915344238,143.44690665210027,93,2314.6057653427124,100,258.9372662211315
277.8692155854551,950000,17.419228553771973,24.277517795562744,6.396371126174927,0.44077301025390625,-0.0026840132,7.013598212306802,244.73693126938272,-1.0494495e-05,24.874337434768677,0.15262413024902344,144.80276472047993,94,2339.499968767166,100,262.73691471272275
274.20201935629353,960000,16.499776363372803,23.069743871688843,6.123096227645874,0.4859280586242676,-0.0055661877,7.927906765683499,218.692155749193,-1.0467997e-05,23.700120210647583,0.14353227615356445,144.16552010840923,95,2363.21488904953,100,261.78813523097847
281.55796298729194,970000,19.30900001525879,26.264358520507812,6.444031000137329,0.4117262363433838,-0.003760263,14.543339399633682,154.57999230529327,-1.0448004e-05,26.815016269683838,0.1369490623474121,144.3064988736907,96,2390.046941280365,100,261.2817923330416
275.39391691577356,980000,17.594656944274902,24.498899459838867,6.4477174282073975,0.45957255363464355,-0.004332241,14.467630655997011,148.51711053644982,-1.0433765e-05,25.231477737426758,0.27111244201660156,144.00150615742876,97,2415.2944996356964,100,261.08470096557943
275.5711549670563,990000,19.46064591407776,26.567240715026855,6.653571605682373,0.4405512809753418,-0.002332955,15.1412722653339,147.39263530040472,-1.041635e-05,27.190170288085938,0.1813192367553711,144.5739267489672,98,2442.504164457321,100,262.51375346222335
275.60796001795615,1000000,16.476503610610962,23.17838430404663,6.243662357330322,0.49099254608154297,-0.0043216185,6.971929036406233,232.34372239415578,-1.0378116e-05,23.907521724700928,0.23745369911193848,144.82769079365792,99,2466.4250495433807,100,263.0005178216188
276.84757880578974,1010000,19.643457412719727,26.51728892326355,6.40146017074585,0.4490237236022949,-0.0035416458,8.074258716487817,236.48833814044517,-1.03584325e-05,27.124152898788452,0.15678858757019043,144.7843644220532,100,2493.5638675689697,100,262.9949859468866
274.585941111861,1020000,17.560136556625366,24.30984592437744,6.306376695632935,0.4094882011413574,-0.0045046606,6.317140504344733,240.99299451334036,-1.0320336e-05,24.903346061706543,0.18279314041137695,144.92359490235629,101,2518.488252878189,100,263.0466384211619
275.64294060198586,1030000,17.673242330551147,24.34198236465454,6.209052085876465,0.4268527030944824,-0.0011255558,6.720034229295307,236.555512889819,-1.0290638e-05,24.88096284866333,0.11064648628234863,145.63371416047607,102,2543.3835711479187,100,264.14855272358784
275.8576513678762,1040000,15.481763362884521,22.144572019577026,6.210221529006958,0.4173097610473633,-0.005078605,6.641322522543497,229.68039875653878,-1.0251095e-05,22.70923948287964,0.14637422561645508,146.1711334255589,103,2566.106704711914,100,265.5902507411155
278.6023710689222,1050000,17.11054754257202,23.6646146774292,6.120386362075806,0.3718099594116211,-0.0034611446,13.168005055575078,158.67105995367905,-1.0204961e-05,24.228190898895264,0.16507887840270996,145.55029553037298,104,2590.3472032546997,100,264.0325912754988
277.2415351135895,1060000,15.662249088287354,22.455289363861084,6.339722633361816,0.566105842590332,-0.003526255,7.07359030491397,237.05909525576897,-1.0165623e-05,23.159632205963135,0.13732314109802246,146.1686965230929,105,2613.518768310547,100,265.56475871434833
276.59900304034954,1070000,17.92723250389099,24.868055820465088,6.434338331222534,0.48111653327941895,-0.0021953396,8.272978005009936,207.74033663885808,-1.0125695e-05,25.579776763916016,0.2292194366455078,146.4164191987151,106,2639.117309808731,100,266.089878898433
275.67446602766,1080000,16.483790636062622,23.345070600509644,6.364753007888794,0.5054097175598145,-0.0034938238,14.772139801851004,150.06052710545666,-1.0086702e-05,23.975231409072876,0.12285161018371582,146.00426364788754,107,2663.1102204322815,100,265.6708248527787
279.24247403160916,1090000,16.40728735923767,23.2868709564209,6.440739154815674,0.42319464683532715,-0.0032691152,11.78928247425473,161.77847199699522,-1.007287e-05,23.88901376724243,0.17044401168823242,146.41585272014174,108,2687.016926050186,100,266.336200913248
279.24987020502846,1100000,15.775498151779175,22.644999504089355,6.413027048110962,0.3778340816497803,-0.0036825868,12.439626817600567,167.190715060387,-1.0032543e-05,23.18679118156433,0.16246724128723145,145.69737154443894,109,2710.218747854233,100,265.3197415489399
277.6063639302331,1110000,15.821913957595825,22.73234224319458,6.446104288101196,0.43663477897644043,-0.0038881456,5.721703121110202,246.59805863107863,-1.00048865e-05,23.33853816986084,0.16864013671875,146.52880619044168,110,2733.574323415756,100,266.8250530168586
276.41511826963307,1120000,16.783841371536255,23.52602195739746,6.278311014175415,0.4600231647491455,-0.0035048407,12.78105704003779,150.3248557681773,-9.989331e-06,24.177894830703735,0.19128704071044922,146.2975033633208,111,2757.7632739543915,100,265.57272735926654
280.6156646881741,1130000,17.578389644622803,24.63366961479187,6.585555076599121,0.5508737564086914,-0.002787643,11.871890060007305,162.8238061611985,-9.982218e-06,25.336530685424805,0.15133333206176758,146.73737911802203,112,2783.114619255066,100,266.91397191462255
277.19592937218255,1140000,14.873345136642456,21.441956281661987,6.11558723449707,0.4284183979034424,-0.0032514287,5.58049483546021,238.2278181503806,-9.948599e-06,22.023854970932007,0.15157508850097656,146.32806865405485,113,2805.1584162712097,100,265.9732270718307
279.017779058462,1150000,16.028313636779785,23.05778169631958,6.563199043273926,0.4891929626464844,-0.0034587246,4.847903801119339,251.23199101693584,-9.9349145e-06,23.701488494873047,0.15254735946655273,146.47898864306052,114,2828.8772869110107,100,266.7559299243823
276.995939852763,1160000,16.290565252304077,23.349651336669922,6.556487560272217,0.4167513847351074,-0.004546413,5.4344109255581365,242.88257042804025,-9.907234e-06,23.89433002471924,0.12712788581848145,146.83688855559853,115,2852.783527612686,100,267.5053934442227
277.1372695651963,1170000,17.821476697921753,24.7646381855011,6.476018190383911,0.43584418296813965,-0.00550265,6.063509389828734,241.65398019808805,-9.876486e-06,25.348066806793213,0.14677143096923828,147.0455995578684,116,2878.146836042404,100,267.70870342267574
277.3821318536302,1180000,17.363487482070923,24.06185507774353,6.246776342391968,0.47307395935058594,-0.003103372,18.375117530500866,163.75378812188836,-9.84553e-06,24.707242250442505,0.16679739952087402,145.2019477463813,117,2902.8698840141296,100,262.99437436268715
279.54551979947615,1190000,17.159093618392944,24.026775121688843,6.3907763957977295,0.42085742950439453,-0.00361002,16.764311255258523,155.74757593771275,-9.82167e-06,24.623018980026245,0.17483806610107422,145.9809544227591,118,2927.5047240257263,100,265.1012316960444
276.90101816859243,1200000,15.93415355682373,23.078433513641357,6.6617231369018555,0.4344596862792969,-0.004566031,11.586812266479507,168.41363311690864,-9.773166e-06,23.691255807876587,0.176436185836792,146.65906120340628,119,2951.2102193832397,100,266.77713416616297
276.5631139553241,1210000,19.688119411468506,27.114206790924072,6.9368836879730225,0.4394669532775879,-0.0032949643,5.047678722956213,249.54820074561172,-9.76004e-06,27.742212533950806,0.17967796325683594,146.79651643379074,120,2978.9717669487,100,267.2845303501871
275.58077849019065,1220000,18.217553853988647,25.22474241256714,6.501983165740967,0.4452965259552002,-0.004450285,5.692059004570981,246.8950905491675,-9.7240045e-06,25.818568468093872,0.14748334884643555,145.88369560061955,121,3004.8090240955353,100,265.4908711465355
279.102788446801,1230000,16.59533953666687,23.57073736190796,6.521416664123535,0.4474787712097168,-0.0045428206,8.162632361298716,228.12120450948476,-9.687829e-06,24.21388053894043,0.17720746994018555,146.4920066877089,122,3029.0385253429413,100,266.3661904298949
277.118165149533,1240000,17.20986580848694,24.239174604415894,6.5173540115356445,0.44634032249450684,-0.0037912831,6.053235050083219,238.75570544720955,-9.653604e-06,24.929746866226196,0.24181556701660156,146.77371215572407,123,3053.97846531868,100,266.9439839937462
280.12956036839165,1250000,20.043647289276123,27.61535930633545,7.032566547393799,0.37805843353271484,-0.004599553,21.480975770994398,160.2389920750206,-9.627921e-06,28.221821069717407,0.2191164493560791,144.9411722320422,124,3082.2147393226624,100,261.82909684585024
277.3865908434349,1260000,17.537052154541016,24.4267520904541,6.427834749221802,0.5005769729614258,-0.005730014,23.05789686454119,150.67308121302167,-9.6050335e-06,25.15581750869751,0.2235414981842041,144.90687108010894,125,3107.3844323158264,100,261.74878718445615
279.66072948229044,1270000,16.52221918106079,23.472540378570557,6.477298974990845,0.40343475341796875,-0.0038514545,13.51880168010501,143.48090782495996,-9.579569e-06,24.0270516872406,0.15026473999023438,146.3471539550593,126,3131.4263303279877,100,265.48978119235477
275.4236877490547,1280000,16.486899614334106,23.397514820098877,6.451059818267822,0.5119514465332031,-0.00421636,5.293348750685139,248.2211612518297,-9.557869e-06,24.075173139572144,0.16469979286193848,146.54553910727716,127,3155.514901161194,100,266.29824028041304
276.64584774863545,1290000,17.24908208847046,24.007301330566406,6.300004005432129,0.4045562744140625,-0.0036510015,5.769060083261706,248.82408778839596,-9.522374e-06,24.56384515762329,0.15125775337219238,146.62832160982114,128,3180.092235326767,100,266.47551933205204
278.0993238985037,1300000,17.35938024520874,24.23405957221985,6.413607120513916,0.45935797691345215,-0.004406114,4.52547363388899,253.8710879173789,-9.497037e-06,24.87795329093933,0.1833484172821045,147.74590547387606,129,3204.986392259598,100,269.03767441882394
277.17984743485977,1310000,17.743475675582886,24.845223665237427,6.614534616470337,0.41237950325012207,-0.0030824684,5.548568974652941,243.56232741287803,-9.45833e-06,25.432187795639038,0.17298269271850586,147.377886758261,130,3230.4411067962646,100,268.5098306258893
277.12941547993995,1320000,17.630884885787964,24.657284259796143,6.520874261856079,0.47539734840393066,-0.003245829,13.746846867326655,147.70686901139848,-9.428079e-06,25.2844557762146,0.14831137657165527,146.92528020191887,131,3255.742652654648,100,267.1313605470258
275.9316543681172,1330000,16.751912832260132,23.871838569641113,6.659609794616699,0.39820361137390137,-0.004227862,15.253588239684277,163.7309128910615,-9.39717e-06,24.348012685775757,0.07723808288574219,146.630221656221,132,3280.111176967621,100,266.6174190936612
277.5497502604514,1340000,18.792998552322388,26.07305335998535,6.750055313110352,0.3943188190460205,-0.0032113746,5.246883606618572,252.3517076294846,-9.368362e-06,26.614275455474854,0.1458597183227539,146.74046441562197,133,3306.7446167469025,100,267.43481736011086
278.2672665051086,1350000,15.697717428207397,22.493562936782837,6.342652082443237,0.44087672233581543,-0.0036843764,5.15186947201897,252.49510841129745,-9.339143e-06,23.11322331428528,0.1777336597442627,147.12026917240735,134,3329.873107433319,100,267.9224315862928
277.17356220929105,1360000,17.85116457939148,24.917235136032104,6.578210353851318,0.4323253631591797,-0.0028009214,5.723415541331908,243.99122160928133,-9.305158e-06,25.591779947280884,0.23419952392578125,147.14404426739193,135,3355.4872558116913,100,267.3683897549403
277.38768863887145,1370000,16.262616634368896,23.233935594558716,6.500422716140747,0.3891129493713379,-0.005994261,4.603657875777673,256.0157524764861,-9.278016e-06,23.79764485359192,0.17128539085388184,147.8604056360508,136,3379.300345182419,100,268.7523096163624
277.60460192208194,1380000,16.536577939987183,23.147421836853027,6.150771379470825,0.3642270565032959,-0.004126516,19.43542407645335,160.357119190123,-9.230639e-06,23.64936113357544,0.1367170810699463,146.49664809764616,137,3402.967080593109,100,265.1327328166354
278.9451120119066,1390000,17.79486894607544,24.8076274394989,6.540910720825195,0.5004212856292725,-0.0038799962,12.70834322551854,150.7533735588207,-9.189791e-06,25.467477321624756,0.15450215339660645,147.84062970706196,138,3428.4458436965942,100,268.3770654789376
278.6081627657657,1400000,16.686635971069336,23.708696603775024,6.508283376693726,0.46395230293273926,-0.0026453305,12.05133963372074,161.09269114684992,-9.162915e-06,24.353700399398804,0.17551398277282715,147.74541281532996,139,3452.813200235367,100,268.512253697317
280.22348641612894,1410000,15.95522165298462,22.935760974884033,6.5107338428497314,0.5968904495239258,-0.0029788108,16.60181769718334,155.40034303633186,-9.124848e-06,23.72058939933777,0.18505620956420898,146.7642998784783,140,3476.55175948143,100,266.58109644662017
278.3993156288116,1420000,17.359702348709106,24.316773176193237,6.48717999458313,0.387209415435791,-0.0046613053,4.0418288326250025,256.34677002111727,-9.098091e-06,24.879103899002075,0.17421865463256836,147.45604500317143,141,3501.4438257217407,100,268.3404359108344
278.1614712652607,1430000,19.99512243270874,26.727646112442017,6.264477252960205,0.3963770866394043,-0.0037772288,3.8473745398791603,258.5775070845061,-9.061805e-06,27.311651945114136,0.18290472030639648,148.07043481690428,142,3528.773025035858,100,269.2974860748318
276.0212933232212,1440000,18.87935185432434,25.712188005447388,6.373457431793213,0.4395637512207031,-0.0033306924,25.966798659994375,146.4047814745266,-9.017818e-06,26.320245027542114,0.1665031909942627,144.96873293591324,143,3555.1085801124573,100,261.2005772766017
279.0115743062758,1450000,16.712908267974854,23.726773500442505,6.533996343612671,0.4582788944244385,-0.003952177,5.7803410288433,250.24213676743108,-8.986525e-06,24.33983826637268,0.1533665657043457,147.771437509622,144,3579.465067625046,100,268.33051929285136
279.0247257233321,1460000,18.861836433410645,25.62822651863098,6.318812131881714,0.44580864906311035,-0.0026705905,5.260400014310099,253.8955445061827,-8.951674e-06,26.270498752593994,0.19443225860595703,147.78301961908414,145,3605.7494349479675,100,268.7350812470772
280.9121424376029,1470000,17.83644413948059,25.037211894989014,6.719686031341553,0.3880467414855957,-0.00419206,5.446711448699562,250.9037992878336,-8.924695e-06,25.577587366104126,0.15164875984191895,148.42821886645518,146,3631.3388838768005,100,269.83844804199146
279.23353449332666,1480000,14.625315189361572,21.198963165283203,6.130692481994629,0.4917256832122803,-0.005935872,23.148436496895137,136.12581995825786,-8.907985e-06,21.980802059173584,0.28927183151245117,145.81487464352315,147,3653.338231563568,100,263.0167706283639
277.79836571802906,1490000,16.441417932510376,23.42020559310913,6.5223472118377686,0.3993351459503174,-0.0013236159,5.5461984683164,247.44780385636005,-8.882692e-06,23.967925786972046,0.14765238761901855,148.10311969603038,148,3677.322214126587,100,269.5571886466381
281.9276328238356,1500000,16.51455593109131,23.39725136756897,6.42702841758728,0.44654345512390137,-0.0030669295,12.587352665756258,154.65966827471732,-8.849846e-06,24.032300233840942,0.187150239944458,148.09436877363657,149,3701.3727056980133,100,268.96429901791294
276.2444703176182,1510000,18.305725574493408,25.363821983337402,6.583566427230835,0.5148379802703857,-0.002968419,5.593629001129175,237.94069287860097,-8.826615e-06,26.03506350517273,0.15465044975280762,147.4438696220212,150,3727.420069217682,100,268.043869168247
279.75448427576475,1520000,17.93538546562195,24.628647327423096,6.236487150192261,0.4097280502319336,-0.0040507796,12.491647241633832,157.65168564450028,-8.789226e-06,25.277554512023926,0.22790908813476562,147.33509341103175,151,3752.7130651474,100,267.11650415977346
278.81921821176667,1530000,17.699050903320312,24.581984519958496,6.423861503601074,0.5187375545501709,-0.0043661706,12.652153142596305,153.36682332676236,-8.74053e-06,25.26413106918335,0.1622154712677002,147.20740526743356,152,3777.9951705932617,100,266.8717089896589
277.8378643225853,1540000,17.55412197113037,24.50965452194214,6.462721109390259,0.41202449798583984,-0.00478043,4.2333165975541105,248.78234545742185,-8.70606e-06,25.069435596466064,0.14623498916625977,147.6127503543801,153,3803.0787963867188,100,267.9579868462364
279.1880778140685,1550000,17.615665912628174,24.89184260368347,6.785065174102783,0.39246153831481934,-0.005209485,7.510467064054945,230.88130582088527,-8.670244e-06,25.435408115386963,0.14980673789978027,147.27960562686133,154,3828.526867389679,100,266.9437068214733
277.31233518696973,1560000,18.761927366256714,25.68396782875061,6.452998399734497,0.5159745216369629,-0.0026670955,22.190813642895833,152.17979569196413,-8.6326245e-06,26.46692943572998,0.26483583450317383,146.17386918150547,155,3855.0059835910797,100,264.3094274933013
279.38542704825215,1570000,15.788872003555298,22.803609371185303,6.545469284057617,0.36798596382141113,-0.002954211,14.053523654730744,162.52740589565553,-8.606648e-06,23.297587394714355,0.12499594688415527,146.85812511239644,156,3878.316261291504,100,266.37179125612363
278.20857260198375,1580000,16.91209602355957,23.83246684074402,6.461533069610596,0.4237065315246582,-0.0046603954,5.055686657196102,242.75980207067147,-8.576026e-06,24.377090454101562,0.11994743347167969,146.9007047200299,157,3902.7060718536377,100,267.391525484862
279.0295585907814,1590000,15.997190713882446,22.69576358795166,6.247554540634155,0.4457833766937256,-0.003478689,5.254100449098092,252.40898128511455,-8.556557e-06,23.330678462982178,0.18828487396240234,147.50786160993022,158,3926.050916671753,100,268.3312283318253
278.81387728807454,1600000,15.907521963119507,22.854802131652832,6.4705750942230225,0.5801820755004883,-0.0039904807,16.407383333738515,162.36018346393985,-8.508687e-06,23.615888357162476,0.17953968048095703,147.18602028211058,159,3949.679573535919,100,266.84418143139845
279.7036257804955,1610000,16.694586038589478,23.79142689704895,6.6121826171875,0.43651485443115234,-0.0024250087,17.594523823069764,157.07968308312817,-8.4938065e-06,24.440669536590576,0.1824791431427002,146.48504000466252,160,3974.1551315784454,100,265.4641870983451
276.3360404300823,1620000,16.404760122299194,23.347490787506104,6.435055494308472,0.4675261974334717,-0.0055880914,5.273129919036976,244.80923034716895,-8.465891e-06,23.972254037857056,0.15581274032592773,147.61810994247733,161,3998.1448731422424,100,268.5342714284666
280.26146296220793,1630000,17.767017364501953,24.69653010368347,6.419851779937744,0.39258337020874023,-0.0040078014,19.38096728607468,148.60477012875458,-8.444393e-06,25.254693508148193,0.16321468353271484,146.40639849858738,162,4023.4128913879395,100,265.15147328164704
275.93456608342,1640000,19.341655015945435,26.41702961921692,6.606248378753662,0.47063732147216797,-0.0018202276,21.766319417989493,143.05956157910674,-8.41286e-06,27.087635278701782,0.1937558650970459,145.79680086099623,163,4050.5125386714935,100,263.2651485964402
275.61528167118723,1650000,15.321976900100708,22.186638355255127,6.3952476978302,0.4194004535675049,-0.0044993963,5.152723054368032,252.20937605977815,-8.37002e-06,22.76638388633728,0.15713810920715332,147.08708557677699,164,4073.2925169467926,100,267.59523206452917
277.1777036736997,1660000,18.07918691635132,25.05655002593994,6.506333827972412,0.4413025379180908,-0.0038810344,11.327692935659277,162.88094135703378,-8.350688e-06,25.723844051361084,0.19398927688598633,147.05401831664634,165,4099.036653757095,100,267.01545893585103
279.19015072514907,1670000,16.986882209777832,24.07903265953064,6.607038259506226,0.419567346572876,-0.0037572333,13.012117766204767,156.69321042402518,-8.306549e-06,24.6484158039093,0.14912652969360352,147.0807994945608,166,4123.7018275260925,100,266.93833279210645
280.100731900605,1680000,17.22018265724182,24.292102575302124,6.573081731796265,0.4364664554595947,-0.004111675,10.563982703812735,174.6311125272752,-8.286748e-06,24.92474937438965,0.19298434257507324,147.02284656501936,167,4148.640972137451,100,267.81062015620375
275.26084810475464,1690000,18.03521156311035,25.192137479782104,6.688267946243286,0.5195469856262207,-0.0012954479,3.9377997539478176,251.64314756714532,-8.248203e-06,25.86402678489685,0.14911913871765137,147.30085651026434,168,4174.516643285751,100,268.30347076680295
277.12651431147276,1700000,17.86603832244873,24.72352433204651,6.380397319793701,0.49440884590148926,-0.005440403,4.051074084174411,252.43406048303615,-8.218443e-06,25.382076740264893,0.16123247146606445,147.72473850816104,169,4199.916688203812,100,268.90281874603465
276.5753261454947,1710000,17.098145723342896,24.27377152442932,6.712600231170654,0.5748991966247559,-0.0031022793,23.41786363233292,144.97739436731305,-8.184316e-06,25.09392809867859,0.24262762069702148,145.45822908072228,170,4225.0236711502075,100,262.6758817931411
280.0193262016221,1720000,17.576292753219604,24.61440634727478,6.580020427703857,0.43897271156311035,-0.0027116695,15.843833600493259,157.21097170264804,-8.154588e-06,25.225652933120728,0.17123651504516602,146.86280693515778,171,4250.271735906601,100,266.16331794463485
277.875941726202,1730000,16.266499519348145,23.22414755821228,6.455031871795654,0.362504243850708,-0.00216396,12.750095064360734,148.64400427242822,-8.138832e-06,23.74707269668579,0.15920138359069824,146.99608442876985,172,4274.031476736069,100,266.9988111755456
275.0903283686187,1740000,18.634742498397827,25.749128818511963,6.6140522956848145,0.59134840965271,-0.004428767,5.1245283211111285,245.46816396446314,-8.093207e-06,26.516058683395386,0.17471981048583984,146.15895406826417,173,4300.560642004013,100,264.950908101754
274.68633452730546,1750000,17.588971853256226,24.842249631881714,6.76446270942688,0.36290478706359863,-0.0034204258,11.358738046488341,167.68191787269097,-8.076446e-06,25.360025644302368,0.15177416801452637,146.52322912150095,174,4325.93758559227,100,265.3964576590044
277.1162272797581,1760000,16.76412796974182,23.58804750442505,6.3706371784210205,0.3913156986236572,-0.0040664235,5.647275968660158,238.7071929654011,-8.041973e-06,24.1247718334198,0.14433670043945312,146.54299215416967,175,4350.077350616455,100,265.41001706838756
275.4455140886115,1770000,16.875351428985596,23.96424651145935,6.609313726425171,0.39093494415283203,-0.003874881,4.123197790007998,253.34423401731175,-7.997555e-06,24.506452560424805,0.14920496940612793,147.525871768306,176,4374.596280097961,100,267.9855918281405
275.72910806364814,1780000,18.487792491912842,25.507030248641968,6.535429000854492,0.4494771957397461,-0.0044858432,4.931011498087238,243.53596639640577,-7.975161e-06,26.1320321559906,0.17404866218566895,147.48195762748887,177,4400.746296167374,100,267.8306270851044
277.0177493561057,1790000,16.26578116416931,23.12895441055298,6.402393341064453,0.4486236572265625,-0.003104425,4.394512320126144,249.22934599245403,-7.93617e-06,23.756271600723267,0.17771267890930176,147.9405163836355,178,4424.519604921341,100,268.4754270240026
278.17642799848784,1800000,19.296157598495483,26.406797647476196,6.606281757354736,0.49892735481262207,-0.002866376,11.947612315233824,165.4621166051632,-7.8886305e-06,27.058362245559692,0.15134549140930176,147.36557783075696,179,4451.590106725693,100,266.92889520786065
278.4171386105232,1810000,16.972445726394653,24.032464027404785,6.593011140823364,0.4301464557647705,-0.004291102,12.346329676131258,150.18547624858132,-7.86402e-06,24.599428176879883,0.1356804370880127,147.71142006572205,180,4476.210029840469,100,267.63029725624875
276.32116644966186,1820000,17.266496419906616,24.35761523246765,6.6220643520355225,0.5155029296875,-0.004131475,3.6099023246613564,258.8185206569195,-7.836813e-06,25.025387048721313,0.14937210083007812,148.0718318534299,181,4501.250327825546,100,268.93541739776356
278.53048159586024,1830000,18.03271198272705,24.92825436592102,6.426687002182007,0.4432079792022705,-0.0027905002,4.590104813993245,253.37467423968468,-7.796784e-06,25.583751440048218,0.21158385276794434,147.7630800096659,182,4526.858965396881,100,267.7897322312304
276.24202553323863,1840000,17.76571035385132,24.828025817871094,6.547588109970093,0.4343869686126709,-0.0020972139,19.527919267594903,157.88547235132341,-7.748232e-06,25.4678692817688,0.20235276222229004,146.32314144463462,183,4552.342367172241,100,263.7688114602134
277.4562412174867,1850000,17.43670105934143,24.48226308822632,6.59243631362915,0.5745630264282227,-0.0038061892,4.151524155240063,250.37153948509425,-7.712976e-06,25.231159687042236,0.16499876976013184,147.86886852683912,184,4577.589639186859,100,268.55223731748015
277.7763241726811,1860000,16.94850754737854,23.87194275856018,6.4669272899627686,0.4107322692871094,-0.0037287865,4.598937651988934,245.1731424559892,-7.6830775e-06,24.43777298927307,0.15207862854003906,147.86069575218846,185,4602.04495882988,100,268.6209173461396
276.6435648096691,1870000,16.91712522506714,24.126302480697632,6.714400291442871,0.45355224609375,-0.002307196,3.8324962955823314,252.2086628523321,-7.656859e-06,24.74369764328003,0.1623859405517578,148.56572773987838,186,4626.807291030884,100,269.99362257235555
278.29603692986433,1880000,17.659199953079224,24.617122650146484,6.500741720199585,0.4607875347137451,-0.003349146,15.55408386641416,158.14455171440852,-7.622776e-06,25.233033180236816,0.15355491638183594,147.79925312037736,187,4652.058696269989,100,268.302983106773
277.8392793467599,1890000,18.493910312652588,25.6533145904541,6.692908048629761,0.4182288646697998,-0.002741119,3.0405175018515993,263.743349604825,-7.5806506e-06,26.19658136367798,0.12140941619873047,148.7844057859306,188,4678.271567583084,100,271.00053771128705
278.4647141474296,1900000,17.7970769405365,25.003228902816772,6.695881366729736,0.3785743713378906,-0.0034039724,3.8083071698778705,256.8619121088606,-7.551128e-06,25.534104108810425,0.14504361152648926,148.35434582962623,189,4703.822664260864,100,269.3587177092858
278.0616128126237,1910000,16.751879930496216,23.704304695129395,6.48427414894104,0.4533848762512207,-0.002482207,4.011149620697625,256.5675222965174,-7.514319e-06,24.291279315948486,0.13268589973449707,148.77761842154285,190,4728.129572153091,100,269.9228727635735
277.246514814253,1920000,16.797654390335083,23.61111330986023,6.357138633728027,0.43064069747924805,-0.0022506022,17.705523031860935,148.10960777973227,-7.4662235e-06,24.19324254989624,0.15011811256408691,147.0909757395094,191,4752.338057279587,100,265.7762784222005
276.9155850255627,1930000,18.55284357070923,25.674081087112427,6.652245759963989,0.428072452545166,0.0014337389,4.539759867620254,249.75000470017451,-7.4238114e-06,26.276564598083496,0.17179322242736816,148.36112525731113,192,4778.628201246262,100,269.3889769292598
276.29402176935594,1940000,18.999261379241943,26.373406887054443,6.873481512069702,0.4947023391723633,-0.0020317084,4.436928395764356,247.40478688071397,-7.3727647e-06,27.052167177200317,0.18261194229125977,147.8707720143121,193,4805.700697422028,100,268.31432222974104
278.135106233027,1950000,17.274327039718628,24.48909878730774,6.706894636154175,0.48502445220947266,0.0020414693,3.9372231549999746,257.54580425203136,-7.3440688e-06,25.15929412841797,0.18219685554504395,148.38080198157323,194,4830.875987291336,100,269.2470532292628
277.123331070654,1960000,16.66942048072815,23.71126961708069,6.556600093841553,0.3992617130279541,-0.0016421899,12.951324905127976,152.19857371891206,-7.3086135e-06,24.311145305633545,0.19931769371032715,147.93463042679056,195,4855.20779466629,100,267.7741249724444
276.95288000557144,1970000,16.957371711730957,24.37391471862793,6.925029516220093,0.5654504299163818,-0.0009163191,10.982697774608031,166.0691759666117,-7.288453e-06,25.157578945159912,0.21558356285095215,148.59088766627497,196,4880.379568099976,100,269.4223131850555
275.8992906892578,1980000,16.665780305862427,23.806938886642456,6.627590894699097,0.38483405113220215,-0.0033182874,3.538685345673516,259.42331499898796,-7.2599096e-06,24.322437047958374,0.12894248962402344,148.78099286825568,197,4904.716538667679,100,270.2970387606866
277.3728599083377,1990000,16.054792642593384,23.007092237472534,6.486558675765991,0.692432165145874,-0.0055135195,3.1567938174970904,253.7646149793693,-7.2238204e-06,23.860674619674683,0.15858244895935059,148.69130681278963,198,4928.595067977905,100,269.9761296058394
275.20381353218596,2000000,18.60319757461548,25.747137308120728,6.659046649932861,0.44297313690185547,0.0009057247,3.23522421824367,257.6637879800567,-7.1913173e-06,26.46544051170349,0.27454710006713867,148.67669778823344,199,4955.090329647064,100,269.94044536924
278.9029267114325,2010000,17.67769503593445,24.703916549682617,6.509110689163208,0.3909919261932373,-0.004880644,3.8340069632182407,260.25851194402446,-7.1680206e-06,25.23753809928894,0.14056968688964844,149.01394352610262,200,4980.341834068298,100,270.1148631962662
278.3639367263877,2020000,17.925846576690674,25.40457582473755,6.970706462860107,0.4328629970550537,-0.0007204633,16.358991798377108,151.9667385860067,-7.1107784e-06,25.965826511383057,0.12772893905639648,147.6299879541269,201,5006.320241212845,100,266.7199412505322
276.623259482927,2030000,18.412176370620728,25.502902507781982,6.621958017349243,0.4160609245300293,-0.0027018397,17.30125976599392,133.4163256365924,-7.080226e-06,26.07790470123291,0.15801072120666504,147.86071011655312,202,5032.412440299988,100,267.1821132934351
277.8139071233194,2040000,17.80821990966797,24.959800004959106,6.685361385345459,0.4061765670776367,-0.0031410044,11.97520336046047,169.79146015765866,-7.052684e-06,25.51304340362549,0.14371299743652344,148.49669465766857,203,5057.943465232849,100,269.42443609861033
279.81927644452276,2050000,17.080469131469727,24.41929268836975,6.87559962272644,0.5178055763244629,-0.0038561956,2.836190167009149,264.6358965381798,-7.038515e-06,25.08925151824951,0.15007901191711426,149.02569444874604,204,5083.066816329956,100,270.8554550252677
276.63366581300215,2060000,18.060352563858032,25.420820474624634,6.833623886108398,0.43348121643066406,-0.002000511,9.351991737137755,181.90863899869112,-6.992664e-06,26.009154558181763,0.15340566635131836,149.01527897425115,205,5109.089533805847,100,270.4504806241751
276.44240437493994,2070000,19.042906761169434,26.322129487991333,6.765590190887451,0.4315500259399414,-0.003705212,3.6305295060992973,253.54438729539427,-6.971085e-06,26.91053032875061,0.1555638313293457,148.69382907742155,206,5136.01674246788,100,269.7585060910435
278.7174458007394,2080000,17.76992392539978,25.20810294151306,6.940732479095459,0.426067590713501,-0.00024543583,3.251681385824875,261.29415706655504,-6.937745e-06,25.843103408813477,0.20753121376037598,149.081082529935,207,5161.8776342868805,100,270.6392179708838
278.36013837091286,2090000,19.063055276870728,26.33532452583313,6.764154434204102,0.4958786964416504,-0.004440441,4.4215569497317055,239.01624685094035,-6.8921295e-06,26.984260320663452,0.15181756019592285,149.5609706186022,208,5188.882827281952,100,271.0427958838263
277.01118382920356,2100000,17.65187931060791,24.774789094924927,6.6372129917144775,0.49866294860839844,-0.0029972668,11.615729989129443,162.82982274615497,-6.8446852e-06,25.41001319885254,0.13585400581359863,149.00200929407987,209,5214.306654691696,100,269.94898546785674
279.5500481108565,2110000,20.074912309646606,27.52769923210144,6.924149990081787,0.43671727180480957,-0.0033927679,3.9515901351249645,256.6499184856438,-6.8008344e-06,28.107346534729004,0.14139080047607422,149.45019539053618,210,5242.430906534195,100,270.9739627544926
277.4106644896691,2120000,17.464456796646118,24.53150224685669,6.578633546829224,0.5499699115753174,-0.0028167183,4.446133820341159,252.71116904947246,-6.7630212e-06,25.25699019432068,0.1741938591003418,149.57782930076738,211,5267.700568437576,100,271.52380022483965
281.97807756476345,2130000,19.05867600440979,26.249308347702026,6.690478086471558,0.413454532623291,-0.004079224,12.327529235952056,162.6401702817515,-6.730156e-06,26.85338282585144,0.18497490882873535,149.21378106508072,212,5294.577946662903,100,270.48025659697373
279.7032340939454,2140000,17.396048545837402,24.497876167297363,6.604965686798096,0.4960362911224365,-0.00085413334,15.475777056077026,158.1883462877501,-6.69712e-06,25.144766092300415,0.14971089363098145,148.6795853995472,213,5319.741212844849,100,269.80268750400256
279.42719891490776,2150000,18.54119062423706,25.91000747680664,6.883699655532837,0.45322084426879883,-0.0013510212,3.6216047975610945,263.5721965283783,-6.682522e-06,26.52634024620056,0.16149067878723145,149.66413517991532,214,5346.286052465439,100,272.28336119950967
281.27309701007175,2160000,16.401143074035645,23.388965606689453,6.5204596519470215,0.449817419052124,-0.004322023,10.094364671028888,179.85776868562132,-6.65658e-06,23.992847204208374,0.152540922164917,149.23945289397508,215,5370.294674396515,100,270.7531903441536
279.36950268385823,2170000,17.91851496696472,25.29383087158203,6.855170249938965,0.4716010093688965,-0.003338858,6.249901105418453,241.679691461469,-6.6050284e-06,26.02376961708069,0.24628925323486328,149.05319259739818,216,5396.333678007126,100,270.234639326603
283.1591378093599,2180000,19.274004220962524,26.56035280227661,6.766165256500244,0.5549495220184326,-0.0015893502,22.046739634829624,160.710235836183,-6.582598e-06,27.33150362968445,0.21484923362731934,148.24170648675127,217,5423.686180591583,100,268.0838514487365
278.73428147997447,2190000,19.87174129486084,27.319687604904175,6.958082675933838,0.4283876419067383,0.0001835458,3.8605598237236327,255.10014071041456,-6.557651e-06,27.92224383354187,0.16851305961608887,150.03496909146338,218,5451.624009847641,100,273.19266186260853
280.9530674041015,2200000,18.335700511932373,25.635409593582153,6.799574375152588,0.5444056987762451,-0.0039923126,4.3354558210524745,256.97748977286,-6.530941e-06,26.32510209083557,0.14439606666564941,149.97266687798356,219,5477.9675307273865,100,272.83317659233114
280.70362867456,2210000,16.82446265220642,23.970024824142456,6.674791097640991,0.4820983409881592,-0.0033132313,10.7235826077331,172.59739397764787,-6.496918e-06,24.71823024749756,0.26571178436279297,150.40140689667763,220,5502.700696468353,100,273.6587755751267
281.3806285582736,2220000,19.105939626693726,26.67139768600464,7.066246747970581,0.488283634185791,-0.0047213756,15.633944174222632,163.10027092289732,-6.4618102e-06,27.32755994796753,0.16632938385009766,149.2915803122933,221,5530.047189235687,100,270.89459687142676
281.7834661607544,2230000,18.02988862991333,25.27526021003723,6.772277355194092,0.48076415061950684,0.0041584834,4.262025343778797,260.2974245338777,-6.4211563e-06,26.021539211273193,0.26049041748046875,149.99723188722356,222,5556.104313850403,100,272.77577490253753
279.48539460597135,2240000,17.879783153533936,25.118764877319336,6.758052110671997,0.4712398052215576,0.0011940319,15.85036180581445,160.8596850114481,-6.4030723e-06,25.750000715255737,0.15816593170166016,149.62689505394303,223,5581.876950263977,100,271.3248822749188
279.6729855088692,2250000,19.090720176696777,26.121312141418457,6.570168733596802,0.43268680572509766,-0.0026129156,4.611899125371198,251.62048160312645,-6.3630405e-06,26.70044231414795,0.1452319622039795,150.2422573319918,224,5608.596799135208,100,272.26515373255006
278.324139247995,2260000,19.390766859054565,26.641984939575195,6.717507839202881,0.45755910873413086,-0.0030675242,16.217839704221028,163.68650585546283,-6.3358552e-06,27.25835609436035,0.15781235694885254,149.27534071240623,225,5635.872358083725,100,270.39721405562716
281.73751884809735,2270000,16.979527473449707,24.194502592086792,6.724035263061523,0.5013515949249268,-0.003635065,3.63334829828148,260.76997511020176,-6.303395e-06,24.830575704574585,0.13175392150878906,150.56128906410035,226,5660.717567682266,100,273.25687230902633
279.3836903753802,2280000,17.541905879974365,24.911765575408936,6.875425815582275,0.5397541522979736,-0.0035661762,12.076330765436007,164.59918422003767,-6.269391e-06,25.73743176460266,0.28353095054626465,149.781786030021,227,5686.472581624985,100,271.6241744581424
280.53061431436726,2290000,18.53660750389099,25.941468238830566,6.920960187911987,0.4294548034667969,-0.0029376885,12.207986515381297,159.58377016033432,-6.2173326e-06,26.536149978637695,0.1644282341003418,149.75898781211797,228,5713.029549121857,100,271.54598195293346
283.000202545465,2300000,17.163947820663452,24.30436897277832,6.656317949295044,0.44666266441345215,-0.005792153,6.859044534987819,233.70823566722018,-6.1850787e-06,24.904151439666748,0.15195322036743164,149.50931005605088,229,5737.950152635574,100,271.8678027711112
281.3681225826027,2310000,18.206243991851807,25.080337524414062,6.407983064651489,0.4279909133911133,-0.00494566,11.343484239310985,171.732778666929,-6.1447545e-06,25.679644107818604,0.1687769889831543,149.72901531314628,230,5763.643121242523,100,272.0752697916833
280.4572145504585,2320000,16.934518337249756,24.002253770828247,6.582828760147095,0.5022633075714111,-0.0031686192,5.648353075369952,237.04065596292358,-6.100714e-06,24.71467137336731,0.2052135467529297,149.97134607615556,231,5788.3708481788635,100,272.62614459027344
281.0886639093895,2330000,17.91642737388611,24.85841131210327,6.473593235015869,0.5180792808532715,-0.0041071232,4.234464570974811,251.52632130966595,-6.0616735e-06,25.53671932220459,0.15893125534057617,150.29863305842116,232,5813.923895120621,100,273.3201145701938
282.88646987528534,2340000,17.201231956481934,24.190054416656494,6.504637956619263,0.4353330135345459,-0.0018177714,11.32486919470715,167.44387548521703,-6.0135144e-06,24.82709288597107,0.1998453140258789,149.8366753911015,233,5838.763390779495,100,272.4980536163013
281.347028527766,2350000,18.001343727111816,25.30543804168701,6.799910068511963,0.42104578018188477,-0.004463075,3.9044850257680452,255.15605385322553,-5.986973e-06,25.862136840820312,0.13487529754638672,150.67704640284973,234,5864.684811592102,100,274.8866625776825
281.49206948366316,2360000,17.092928171157837,24.333802700042725,6.6891255378723145,0.5705037117004395,-0.0011616104,15.740200014756914,164.11393018871144,-5.9387967e-06,25.158324718475342,0.24539470672607422,149.7586332743991,235,5889.8609709739685,100,272.46893977573427
281.47324532277185,2370000,18.37363052368164,25.558738231658936,6.685896396636963,0.4353032112121582,-0.001781731,11.568082717905835,170.3355765906058,-5.9137556e-06,26.154112577438354,0.15891480445861816,150.04340755673883,236,5916.033308267593,100,273.6984191920954
283.30302216194053,2380000,19.646859407424927,26.970234394073486,6.842222452163696,0.5626800060272217,-0.00070092623,12.68833274504799,161.08968283005606,-5.8980327e-06,27.71398138999939,0.17972660064697266,149.57164898358397,237,5943.7644600868225,100,272.4130970296153
283.21457209944623,2390000,19.901424884796143,26.998982191085815,6.6133973598480225,0.4096841812133789,-0.0018962291,7.335661369113568,241.29643443698677,-5.861909e-06,27.496001958847046,0.08592033386230469,148.93218356667256,238,5971.278638124466,100,271.21364168775045
283.9263853237284,2400000,16.476871967315674,23.36406421661377,6.422641754150391,0.3913767337799072,-0.0013745045,3.906751281610956,257.40848090859527,-5.8272367e-06,23.899761199951172,0.14346623420715332,150.59586855821283,239,5995.193512916565,100,275.6129242319355
283.4011525717802,2410000,17.68618631362915,24.82675790786743,6.651422500610352,0.4535183906555176,-0.003631669,15.102344220129925,172.9414423453774,-5.812801e-06,25.4522442817688,0.17052054405212402,149.78721124967612,240,6020.662911891937,100,273.8808684703838
283.7599679006341,2420000,17.88489007949829,25.111578226089478,6.690755844116211,0.431368350982666,-0.0035623931,4.7556281276949335,254.77051525098946,-5.786457e-06,25.790605783462524,0.2470111846923828,150.7362488967754,241,6046.469007015228,100,275.96674729537693
285.288516671428,2430000,18.036012411117554,25.00441837310791,6.482050895690918,0.5276648998260498,-0.0022842186,5.555196592044388,248.50881371037917,-5.772775e-06,25.642471313476562,0.09900140762329102,150.78279770021965,242,6072.12495970726,100,275.89240297786404
283.5780661369581,2440000,16.659276485443115,23.71904754638672,6.579267263412476,0.42315101623535156,-0.0011006774,5.845950221835056,243.8128666335924,-5.7340803e-06,24.293113470077515,0.14969444274902344,150.96796709946483,243,6096.434361934662,100,276.1606583872033
286.05004666062035,2450000,18.777397871017456,25.732234239578247,6.478726863861084,0.40613389015197754,-0.0046139,20.256624813128333,158.60988848897998,-5.698873e-06,26.305898427963257,0.1640491485595703,149.7387680033168,244,6122.759107589722,100,272.93444472499255
284.51563147090224,2460000,16.03522253036499,23.1389582157135,6.61577296257019,0.49480509757995605,-0.004163032,12.06882383418427,167.71303454497925,-5.6721688e-06,23.779571294784546,0.1448955535888672,150.9390387231582,245,6146.553102493286,100,275.7880871787349
286.24351640399067,2470000,18.42009663581848,25.429933786392212,6.5095579624176025,0.65376877784729,-0.007041454,13.374524382022207,170.38414562222638,-5.617107e-06,26.27892279624939,0.19444823265075684,149.99197112839232,246,6172.854942321777,100,274.1166564435304
286.13471862166574,2480000,17.104625940322876,24.186418056488037,6.601037263870239,0.4604451656341553,-0.0046010558,7.260282285615792,238.942421449092,-5.588312e-06,24.88219428062439,0.23189854621887207,150.69400423861515,247,6197.753645896912,100,275.5573167323434
286.7338557541492,2490000,17.359397649765015,24.402692794799805,6.5830464363098145,0.4274139404296875,-0.003328472,5.935614831719639,233.41999855271732,-5.5405167e-06,24.9767165184021,0.14394068717956543,151.50584821173405,248,6222.748143911362,100,276.67204995198716
284.6907092106355,2500000,16.013087034225464,23.153355836868286,6.65970516204834,0.4722933769226074,-5.1607392e-05,5.4169353779051495,253.89979870485746,-5.4943416e-06,23.797313928604126,0.16986799240112305,151.32656289240643,249,6246.561349630356,100,276.60877152610556
285.255945443661,2510000,19.354480504989624,26.71858859062195,6.825234651565552,0.6446607112884521,-0.004460819,4.780827960377612,252.47377011006486,-5.4579455e-06,27.563199996948242,0.19826507568359375,151.5968653388461,250,6274.1459608078,100,277.0888294230974
284.3104228647564,2520000,16.67436909675598,23.888755798339844,6.740415096282959,0.48807621002197266,0.00067212834,3.9322123478670696,256.46357143960284,-5.411051e-06,24.513416051864624,0.13523554801940918,152.0047333863783,251,6298.67862701416,100,277.99236024191913
284.9788146869834,2530000,18.261013984680176,25.457989931106567,6.688401460647583,0.4789161682128906,-0.0035606103,3.810885942258652,260.27669849670906,-5.363416e-06,26.088115215301514,0.14950299263000488,151.79877625276052,252,6324.780232429504,100,277.1623059874902
284.5999167232787,2540000,17.64746332168579,25.109529733657837,6.936990976333618,0.3628501892089844,-0.0029338156,11.904743333160622,163.22185301281294,-5.3259405e-06,25.60332751274109,0.12959647178649902,151.39698488481022,253,6350.4013235569,100,275.86622807566386
285.9053960792848,2550000,18.17876434326172,25.341489553451538,6.673942804336548,0.43875646591186523,0.0033942894,10.504106604816965,178.58702441914875,-5.282521e-06,25.974852323532104,0.18219661712646484,151.73965883513162,254,6376.393857717514,100,277.24067099182446
285.33279059233763,2560000,17.27669095993042,24.13434338569641,6.3965864181518555,0.49971461296081543,-0.0010974634,4.692943067543238,258.2942394121011,-5.2401806e-06,24.787774324417114,0.1520366668701172,151.87497699316805,255,6401.201974391937,100,277.3583317314432
284.7146730877734,2570000,16.725653409957886,23.648958921432495,6.468429088592529,0.4444310665130615,-0.0016577638,12.175634469790385,164.45179378010587,-5.199186e-06,24.166600704193115,0.07228541374206543,151.3982963944494,256,6425.3838930130005,100,275.78580577820026
285.6534968126311,2580000,18.5594425201416,25.507789611816406,6.4714515209198,0.5379817485809326,-0.004751118,5.571482390668736,248.8312144490103,-5.1623015e-06,26.257100582122803,0.2104942798614502,151.82628645554556,257,6451.658602714539,100,276.99996092460134
285.6198675769312,2590000,17.431735038757324,24.53570818901062,6.636991024017334,0.43488430976867676,-0.005533061,5.399326902795044,259.6327451820573,-5.150387e-06,25.21975088119507,0.24313712120056152,152.02075042753168,258,6476.893807649612,100,277.20830636343425
285.24467514532085,2600000,16.48823070526123,23.37249183654785,6.427560806274414,0.41539883613586426,-0.0006992243,24.57321191847995,155.05175727616015,-5.107061e-06,23.94338822364807,0.1505589485168457,149.30784297225068,259,6500.849792003632,100,271.132373167645
285.4693249746372,2610000,17.368744373321533,24.388484477996826,6.539400100708008,0.4125363826751709,-0.0024286988,7.699630180214397,237.14187093133515,-5.0747767e-06,24.97030472755432,0.16582989692687988,151.43728258288675,260,6525.835937023163,100,276.7105706899388
286.82851342824057,2620000,17.620144367218018,24.47954535484314,6.393872976303101,0.4894850254058838,-0.0027870366,16.877459143329478,157.5198303005828,-5.0287463e-06,25.1403911113739,0.17001581192016602,151.06014118076047,261,6550.990897893906,100,275.4498775588011
284.43713061021305,2630000,18.752618312835693,25.747894048690796,6.523471355438232,0.40934324264526367,-0.0031213318,4.544461094752555,258.67995550560164,-4.97572e-06,26.310455799102783,0.15271687507629395,151.88396725519112,262,6577.315851449966,100,277.95291780515333
285.2991451917148,2640000,16.54526710510254,23.39302897453308,6.4018049240112305,0.3946564197540283,-0.0048795026,11.529011343497343,174.49350847235596,-4.950304e-06,23.939407110214233,0.14911460876464844,151.39765280862053,263,6601.268097877502,100,277.0084286190424
287.4101096828374,2650000,17.832640647888184,24.938572645187378,6.59283709526062,0.42011499404907227,-0.0029307296,6.623704891809563,242.01112318702985,-4.9092946e-06,25.61605405807495,0.2427537441253662,151.81119807415658,264,6626.897079467773,100,277.78841736206357
287.47698418549635,2660000,20.4203941822052,27.80535578727722,6.844353675842285,0.5051472187042236,-0.0068433746,12.504779087484708,167.9816552471235,-4.8881598e-06,28.449921369552612,0.13170289993286133,151.3713202847428,265,6655.360719680786,100,276.66375199126253
285.6166498797354,2670000,19.127542972564697,26.584245681762695,6.9599549770355225,0.5008113384246826,-0.0043945336,14.150230739393686,164.5660962381747,-4.8461056e-06,27.206971645355225,0.12073302268981934,151.2242594834656,266,6682.5843334198,100,276.2950944179885
288.5378421075263,2680000,16.733392238616943,24.031949996948242,6.797299385070801,0.382946252822876,-0.0028307098,6.270503898456437,257.268518002064,-4.809291e-06,24.631741523742676,0.21474528312683105,151.76439213854744,267,6707.238202571869,100,278.54310102111515
288.1836561432127,2690000,17.818859577178955,24.87466812133789,6.581452131271362,0.5753910541534424,-0.0053768354,8.081528973544817,243.38648885613418,-4.775268e-06,25.620017528533936,0.16780877113342285,151.12991540127308,268,6732.872911930084,100,276.8676612469522
289.0363705177834,2700000,16.68889021873474,23.71014404296875,6.512784719467163,0.35402703285217285,-0.001477717,13.262131595856845,167.22470168374508,-4.777958e-06,24.147012948989868,0.08195662498474121,150.61010553826597,269,6757.036330938339,100,275.844794713075
284.81585619356457,2710000,10.420564889907837,16.978219509124756,6.130717039108276,0.2895967960357666,-0.0024363745,17.52869914521295,171.03707140949143,-4.7498716e-06,17.411561489105225,0.14322710037231445,150.54025958695914,270,6774.460729837418,100,275.09139637926955
287.69844773800503,2720000,8.837994813919067,14.958634376525879,5.708303213119507,0.2922039031982422,0.0036249165,12.18993620876795,177.3717648707028,-4.716693e-06,15.345317363739014,0.0934748649597168,151.30617541309567,271,6789.815544128418,100,277.3540378908697
289.0834099026087,2730000,8.99544644355774,15.120392799377441,5.7141969203948975,0.2991466522216797,0.007441235,9.994813814728037,237.916348725793,-4.6975333e-06,15.558742761611938,0.13883543014526367,150.43214655176354,272,6805.3879199028015,100,275.5828477071657
287.42319718847364,2740000,9.048869371414185,15.21622633934021,5.759955883026123,0.2910280227661133,-0.0032564062,22.683498499028186,156.94135333270907,-4.6708096e-06,15.575534343719482,0.06742739677429199,148.24270452344237,273,6820.976738452911,100,271.1302891350999
287.46615800630906,2750000,9.008892297744751,15.085238456726074,5.663921594619751,0.29784655570983887,0.004829236,15.649360121230247,163.53698368100873,-4.655077e-06,15.446835041046143,0.06326651573181152,150.5881080401787,274,6836.436426401138,100,275.9445443160579
287.5362214452916,2760000,7.508552312850952,12.848074674606323,4.986374855041504,0.2292642593383789,-0.0052588317,9.379582749892911,237.81765939942318,-4.642751e-06,13.144583463668823,0.06659150123596191,150.22118860094352,275,6849.59406876564,100,275.8010221633299
288.2863379697065,2770000,6.094973087310791,10.720730066299438,4.321109771728516,0.22649049758911133,-0.0020756463,12.608359479815043,172.50410808301322,-4.614395e-06,11.00763988494873,0.06000566482543945,151.8012319502721,276,6860.612141609192,100,278.38703323005404
288.3769903256413,2780000,5.366215229034424,9.484025955200195,3.8401265144348145,0.21144795417785645,-0.0062005986,6.158422974663291,257.1456676082847,-4.5878114e-06,9.749518156051636,0.05359005928039551,151.1180535598472,277,6870.3713891506195,100,278.24096369971005
287.64041602983394,2790000,4.951014280319214,8.834226608276367,3.6239240169525146,0.1858348846435547,-0.00444294,4.695318158090878,258.001981967095,-4.565127e-06,9.12806749343872,0.10771965980529785,152.45975575694928,278,6879.50806760788,100,280.35092089486136
289.011766658527,2800000,5.031521320343018,8.971591711044312,3.6741018295288086,0.16222691535949707,-0.0027825143,4.896354192653517,256.3466741893971,-4.5138404e-06,9.187441349029541,0.05330491065979004,152.71161597580092,279,6888.704441308975,100,280.6114249101999
289.15583806625614,2810000,4.958702564239502,8.8290855884552,3.6139466762542725,0.18010234832763672,-0.005687001,16.36658180867281,165.79294948580937,-4.4620674e-06,9.115176677703857,0.10226750373840332,151.9888768584382,280,6897.825958251953,100,278.1917425663458
289.1165393602847,2820000,5.028891324996948,8.930557489395142,3.6362640857696533,0.197190523147583,0.00084519276,6.872258899439256,254.82504911527414,-4.4304215e-06,9.16877818107605,0.04075455665588379,152.03080127531032,281,6907.003491640091,100,279.99990112054155
291.0807687651935,2830000,4.9679858684539795,8.817503690719604,3.589073896408081,0.19278955459594727,-0.004154368,5.930983133839698,259.2429810184434,-4.4066965e-06,9.06789493560791,0.057288408279418945,152.5369857384756,282,6916.080495357513,100,280.5058494867122
288.8233721434293,2840000,5.007508277893066,8.953193426132202,3.6818692684173584,0.18023133277893066,0.00038605792,7.99974610019123,230.03380080177018,-4.367491e-06,9.188743829727173,0.054979801177978516,152.02257935365387,283,6925.277994394302,100,279.0656781472772
289.2845569087821,2850000,5.107490539550781,9.084530591964722,3.7101621627807617,0.17134332656860352,-0.00071275263,12.179377071584682,166.976458692798,-4.330768e-06,9.29904842376709,0.04293465614318848,152.657560596264,284,6934.5845284461975,100,279.24070785228423
288.6985149203212,2860000,4.944672584533691,8.813333511352539,3.606180191040039,0.19047236442565918,0.0005766284,5.4410571122137945,262.4605266911771,-4.29827e-06,9.056119918823242,0.052001953125,152.55431520947073,285,6943.648754358292,100,279.9046395837933
286.7038008826625,2870000,4.961785554885864,8.832889318466187,3.612475872039795,0.1883997917175293,0.001076339,4.677675598992407,262.9780398021646,-4.2508705e-06,9.072125434875488,0.05053997039794922,152.96996782489126,286,6952.729381084442,100,280.185055472139
286.9607913774568,2880000,4.9484333992004395,8.879710912704468,3.6692254543304443,0.19748139381408691,-0.0035688889,5.204383062507436,256.51949411359544,-4.237973e-06,9.135270595550537,0.057555198669433594,152.64088985703114,287,6961.872858285904,100,279.293067569063
288.5084575622917,2890000,5.050542593002319,8.997412919998169,3.6821985244750977,0.17775893211364746,-0.0047983173,16.333847195250648,169.45020465542754,-4.1905705e-06,9.23752737045288,0.062042236328125,152.28659199554193,288,6971.1182181835175,100,277.94877708670293
286.822022594617,2900000,4.9445960521698,8.829603672027588,3.624807119369507,0.18674802780151367,-0.00276142,6.6061642915788354,244.33718051406794,-4.156328e-06,9.077061653137207,0.06034660339355469,152.07316266628658,289,6980.202870130539,100,277.972629565577
289.46127963875307,2910000,5.0067055225372314,8.845719575881958,3.5726377964019775,0.19272470474243164,-0.007855651,7.459242328516595,248.74012719890146,-4.126016e-06,9.099268674850464,0.0605008602142334,152.31099881852387,290,6989.310593128204,100,278.5253291983331
287.93294279286977,2920000,4.950897932052612,8.83304238319397,3.6197757720947266,0.18709921836853027,-0.0038985324,6.893204867720463,245.97888968915493,-4.091663e-06,9.080834865570068,0.06032729148864746,152.07935394414685,291,6998.399444580078,100,277.73062350471747
287.6589234495494,2930000,4.950836181640625,8.815329790115356,3.609759569168091,0.1991105079650879,-0.0056385323,21.918285178695832,166.02974447380993,-4.0559403e-06,9.083425760269165,0.06823348999023438,149.5844902838467,292,7007.491056203842,100,272.1317388032503
287.95639170119387,2940000,4.942748308181763,8.791001796722412,3.5913734436035156,0.19365191459655762,-0.0030289746,4.283557425450575,268.0286766398385,-4.03309e-06,9.041012287139893,0.05587005615234375,153.29763734678733,293,7016.541289567947,100,280.6615172812854
290.77635325116734,2950000,4.985730886459351,8.848230838775635,3.603652238845825,0.1940162181854248,-0.005394224,14.588390099213436,165.34377839599634,-4.0048076e-06,9.097643613815308,0.05502915382385254,150.93839483671024,294,7025.647239685059,100,275.3862506599537
287.60957914255243,2960000,4.957415342330933,8.819562435150146,3.6017048358917236,0.19879889488220215,-0.0038439394,9.361099709340243,205.61790204255817,-3.9503584e-06,9.07559061050415,0.0569455623626709,152.29710081962082,295,7034.730397462845,100,278.06042201957126
288.11024231291174,2970000,4.892086744308472,8.716644763946533,3.567622184753418,0.23161983489990234,-0.0035768002,17.048382963834577,159.74395818288687,-3.9194742e-06,9.014793395996094,0.06588888168334961,152.34326832409187,296,7043.753478765488,100,278.44260122336766
288.3501748217593,2980000,4.880831718444824,8.690614938735962,3.553462505340576,0.28971433639526367,-0.008542928,7.0837641707761465,242.2366453054113,-3.883442e-06,9.0283043384552,0.047563791275024414,151.88712376579872,297,7052.790582418442,100,278.54146743593896
288.96161026729936,2990000,4.771697521209717,8.464566469192505,3.444591999053955,0.19406366348266602,-0.0043773646,3.5495862561433187,273.46500103538114,-3.8506005e-06,8.760626316070557,0.10112810134887695,153.49240505899837,298,7061.563561916351,100,281.74505684600706
288.69987372907326,3000000,3.897228717803955,6.9453253746032715,2.8414883613586426,0.22294163703918457,-0.0038813706,17.278565393539672,144.63474927159612,-3.8500966e-06,7.237241506576538,0.0684206485748291,150.9206960892029,299,7068.809789657593,100,275.5276707651476
