train-StdReturn,train-PolicyExecTime,train-AverageReturn,train-NumTrajs,train-MaxReturn,train-MinReturn,n_timesteps,Time-Sampling,Time,LossAfter,Time-SampleProc,LossBefore,ItrTime,train-EnvExecTime,Time-Optimization,Itr,train-AverageDiscountedReturn
4.889361448018009,3.9199905395507812,-1.774746976907087,100,13.853442417219432,-10.548504536103755,10000,6.155324220657349,6.6968770027160645,0.009026979,0.13536477088928223,-1.4194249e-05,6.6968748569488525,2.034081220626831,0.4058647155761719,0,-1.1657837967506923
8.297990608558703,3.8950047492980957,1.8072855233829264,100,29.60103208963863,-10.190638794385094,20000,6.202521085739136,13.226280212402344,0.0003761723,0.07925295829772949,-1.4220543e-05,6.510226488113403,2.1063034534454346,0.22821879386901855,1,1.376109419413476
9.816968648372207,3.8879358768463135,8.975183704460513,100,28.32717842621061,-10.101703563830824,30000,6.2017741203308105,19.73536491394043,-0.0037655206,0.08005261421203613,-1.42681265e-05,6.498715162277222,2.112057685852051,0.21663117408752441,2,5.458277735218173
9.106482501960409,3.886807918548584,16.770657924946065,100,29.39784988217085,-3.0531544697240354,40000,6.178666114807129,26.207974433898926,-0.0059582773,0.04470992088317871,-1.426448e-05,6.462437629699707,2.0913891792297363,0.2387540340423584,3,11.187175421134638
8.176468562731541,3.865788698196411,20.686784744813018,100,29.590928315290565,-4.31316588962736,50000,6.190481185913086,32.68883419036865,-0.004959245,0.04177284240722656,-1.4236048e-05,6.469894647598267,2.1245436668395996,0.23726439476013184,4,14.594970433938363
4.55556589486474,3.9461605548858643,24.42326760366245,100,30.931744224494665,2.3799405125938558,60000,6.355355501174927,39.35676074028015,-0.0057463846,0.07442951202392578,-1.4191861e-05,6.656682014465332,2.2006258964538574,0.2265939712524414,5,18.18071747944622
4.663192235594886,4.008930444717407,24.39128224165204,100,31.735335832649678,6.473025567533592,70000,6.397262811660767,46.042943239212036,-0.006103124,0.03854799270629883,-1.4141032e-05,6.675572872161865,2.182082176208496,0.2394258975982666,6,18.191772917999344
2.8137387482126304,4.030755996704102,26.120825723748865,100,31.068388799268146,17.241923475464294,80000,6.504327058792114,52.85959720611572,-0.005123,0.04463982582092285,-1.4078446e-05,6.805709362030029,2.2658419609069824,0.25635266304016113,7,19.621801701037274
2.1244142244973343,4.173646688461304,26.87465656014912,100,30.85927389762204,18.95825300138447,90000,6.753983020782471,59.91363859176636,-0.0025499114,0.054691314697265625,-1.4015033e-05,7.041719198226929,2.3637771606445312,0.23270368576049805,8,20.40920534754283
2.577471821504986,3.9272406101226807,26.667417565035624,100,31.832825589627678,15.412195051822794,100000,6.330460548400879,66.52720427513123,-0.005208864,0.03694891929626465,-1.3935955e-05,6.602909803390503,2.198331832885742,0.23525214195251465,9,20.509026683674293
2.2140350957643493,3.9180729389190674,27.276723017658746,100,31.744496601594246,18.161322172651236,110000,6.337329387664795,73.13835787773132,-0.0030229946,0.02864670753479004,-1.3866823e-05,6.600359201431274,2.2151148319244385,0.2341306209564209,10,21.183367957945993
2.0724501840537655,3.923720359802246,27.254861472575975,100,30.69361524719887,21.27259262079221,120000,6.3312904834747314,79.79123020172119,-0.0037177892,0.05074191093444824,-1.3797293e-05,6.641302824020386,2.2021870613098145,0.25896239280700684,11,21.30363224787384
1.9731900073930928,4.20442271232605,27.423732035812204,100,32.36658451406183,21.607807261238353,130000,6.804852247238159,86.89652419090271,-0.0019761182,0.04059767723083496,-1.3741491e-05,7.092557907104492,2.380082368850708,0.24673819541931152,12,21.37496000130177
1.9504685104429278,3.9563634395599365,27.51657022255613,100,31.694652498916852,21.209371881155256,140000,6.392574787139893,93.58700704574585,-0.0037874999,0.043155670166015625,-1.3677461e-05,6.678801536560059,2.2337067127227783,0.24277138710021973,13,21.85707931669
2.145595809852579,3.889709711074829,27.465809745526204,100,31.395233335559947,21.070763659931135,150000,6.343512535095215,100.2456305027008,-0.0035760547,0.03531050682067871,-1.3614517e-05,6.6475865840911865,2.2416789531707764,0.2685246467590332,14,21.69980352855362
1.8379629163720557,4.251433849334717,27.856695806649906,100,31.67574145654632,21.714827433743046,160000,6.874849319458008,107.41183352470398,-0.0017847953,0.032340288162231445,-1.3551328e-05,7.154118061065674,2.4038445949554443,0.24669480323791504,15,22.157745546859342
2.075753479415015,3.9213945865631104,27.479819975793347,100,30.722623387023134,21.011914860529746,170000,6.329872369766235,114.03883981704712,-0.0041625747,0.04506564140319824,-1.349849e-05,6.616345167160034,2.2054059505462646,0.2412104606628418,16,21.897176711559542
1.4517355960723946,3.9003798961639404,28.190744657379565,100,31.556480198930608,24.657207916522985,180000,6.319483041763306,120.64805459976196,-0.0035825346,0.03992652893066406,-1.3454955e-05,6.59917140007019,2.2126965522766113,0.23951244354248047,17,22.431390061791657
1.8722921281295073,3.8878536224365234,28.124041922106688,100,31.70887715659413,22.348320289978542,190000,6.29805064201355,127.24354290962219,-0.004252075,0.043161630630493164,-1.3378532e-05,6.5860865116119385,2.2065510749816895,0.24464964866638184,18,22.397474692336903
2.1607491248898696,3.8942840099334717,28.086580506047866,100,32.61304932191439,21.090682226283445,200000,6.291593313217163,133.86078572273254,-0.0022920566,0.08551812171936035,-1.33000185e-05,6.607459783554077,2.1939520835876465,0.23015236854553223,19,22.478983088930725
2.1000509889961427,3.9294052124023438,28.053411130207078,100,32.184980570663484,20.99953738680996,210000,6.377017259597778,140.53406977653503,-0.0027420924,0.04349470138549805,-1.32278665e-05,6.6625330448150635,2.2409420013427734,0.24174714088439941,20,22.497319203068244
1.8162284286268682,4.1114182472229,28.37196521141108,100,32.070144579190746,24.12196456536102,220000,6.683058023452759,147.53451585769653,-0.0019073817,0.06388974189758301,-1.3142311e-05,6.989199638366699,2.3570990562438965,0.24187421798706055,21,22.612750580983082
1.8547478687105916,4.042180061340332,28.37447189023835,100,33.563842722838764,22.700904437194975,230000,6.531456470489502,154.3642876148224,-0.0019245319,0.04002833366394043,-1.3052658e-05,6.818689346313477,2.2800540924072266,0.2469804286956787,22,22.61084031157554
1.6519384799282748,3.846514940261841,28.53803803107428,100,31.99377495826431,24.720557005983608,240000,6.230835437774658,160.8874409198761,-0.0032156997,0.04230904579162598,-1.2968879e-05,6.51062536239624,2.1828625202178955,0.23716950416564941,23,22.86371910708457
1.868397290486436,4.157036542892456,28.575699667652742,100,32.061508361970496,21.75894550086682,250000,6.727210760116577,167.91576957702637,-0.002472663,0.03676867485046387,-1.2909202e-05,7.017009496688843,2.356480360031128,0.252748966217041,24,22.94612567252554
1.8737896731278223,4.028783082962036,28.93901746585584,100,32.37821937445252,23.713949576871688,260000,6.528869152069092,174.74429321289062,-0.002213552,0.045266151428222656,-1.2841887e-05,6.816000461578369,2.292611837387085,0.24159479141235352,25,23.197222638869704
1.6726890486532384,3.875505208969116,29.094540695857496,100,32.68521422241298,25.470397867182136,270000,6.265413522720337,181.33966970443726,-0.0023626003,0.0872335433959961,-1.277333e-05,6.585113763809204,2.190310001373291,0.23222851753234863,26,23.271195429534224
2.4485853121801258,4.142502307891846,28.87138280013462,100,33.02815091526476,14.025409697351517,280000,6.723086833953857,188.37747740745544,-0.0035647561,0.04718422889709473,-1.2684954e-05,7.0268213748931885,2.3658604621887207,0.2561476230621338,27,23.161889101269093
2.1251120580472707,4.02845025062561,29.021988188797177,100,35.03462927043562,23.479476609949266,290000,6.526150226593018,195.2226324081421,-0.0025141016,0.0748143196105957,-1.2606931e-05,6.833046913146973,2.2876572608947754,0.23186230659484863,28,23.248566538965694
1.5824613622213728,3.950554370880127,29.245376382616765,100,33.099239563390796,25.11848097685859,300000,6.345263481140137,201.86701083183289,-0.0011550228,0.04379725456237793,-1.2531114e-05,6.633201360702515,2.1943366527557373,0.24390459060668945,29,23.506082492281166
1.9203061155234324,4.150454998016357,29.361082847305646,100,33.58924744612422,22.82205625717762,310000,6.745545864105225,208.92234802246094,-0.0010916564,0.04599308967590332,-1.2456808e-05,7.0445237159729,2.3792455196380615,0.2527313232421875,30,23.47148069045737
1.8468831264348986,4.04652214050293,29.38383877266155,100,32.41811833716593,21.03676315269693,320000,6.566213846206665,215.7751762866974,-0.00140387,0.042740821838378906,-1.2393712e-05,6.840987682342529,2.310901641845703,0.23175787925720215,31,23.54058856457669
2.2194232111982424,3.847520589828491,29.203783655545323,100,32.67739703263387,20.313201285608905,330000,6.2547454833984375,222.3267593383789,-0.0012511907,0.04474616050720215,-1.233399e-05,6.538100242614746,2.2028744220733643,0.2383580207824707,32,23.32470896026993
1.9858668723246802,3.872133255004883,29.38106230876693,100,33.22137096072342,24.104544686010176,340000,6.272608518600464,228.89794039726257,-0.0042066877,0.0414583683013916,-1.22761585e-05,6.559687376022339,2.198434829711914,0.2453606128692627,33,23.49267479226973
1.8047763660822536,3.8627381324768066,29.53594217710707,100,33.104064982189406,26.058180868297843,350000,6.277172803878784,235.49461960792542,-0.002272335,0.08225607872009277,-1.2225493e-05,6.586635589599609,2.2118890285491943,0.22021985054016113,34,23.670908828562602
1.758111774777148,3.9636881351470947,29.64341881697196,100,33.54823368693193,25.663930276428665,360000,6.395681381225586,242.1827311515808,0.002820181,0.030583620071411133,-1.2171318e-05,6.676834344863892,2.2272231578826904,0.2503187656402588,35,23.683292206432608
1.9618412460489163,3.8934640884399414,30.349890631260667,100,34.44041633570305,24.938679747431298,370000,6.334375858306885,248.79900979995728,-0.002919214,0.037634849548339844,-1.2097279e-05,6.604568004608154,2.2377207279205322,0.232283353805542,36,24.27723118440401
2.129998956504449,3.8811604976654053,30.253892082045745,100,34.86236596052761,23.75437385863054,380000,6.30059552192688,255.38793754577637,-0.0018908003,0.04704999923706055,-1.2033705e-05,6.5782623291015625,2.2153446674346924,0.23015093803405762,37,24.128673620128275
2.1807581374131404,3.878971815109253,30.446254501064587,100,34.914204819439014,24.41323099597926,390000,6.26014256477356,261.988801240921,-0.0026656906,0.11026978492736816,-1.1953762e-05,6.590307712554932,2.1799497604370117,0.21959233283996582,38,24.30888895113841
2.1633630298560202,4.259211778640747,30.585805287832034,100,35.11856757009937,21.188251986067673,400000,6.918583393096924,269.22988080978394,-0.0027680905,0.042356014251708984,-1.1875942e-05,7.229763984680176,2.438889741897583,0.2685689926147461,39,24.32922302999928
1.953858850428935,4.1989312171936035,30.266307448156713,100,34.67663043261624,21.297849796422412,410000,6.86075758934021,276.3951847553253,-0.0004912198,0.04321718215942383,-1.1807451e-05,7.1538474559783936,2.441579580307007,0.24947571754455566,40,24.012114731380752
1.5970657709120362,3.9979264736175537,30.795613081745042,100,34.08027029515355,26.349394946155822,420000,6.577193737030029,283.27692008018494,-0.0036596423,0.05907011032104492,-1.1738895e-05,6.870081663131714,2.3613574504852295,0.2332751750946045,41,24.448560560196714
2.0328034798602124,3.98581862449646,31.178428142165316,100,35.238487713005725,24.723249238286602,430000,6.432522773742676,290.0150799751282,-0.0010734103,0.048067331314086914,-1.1675512e-05,6.727503061294556,2.236804485321045,0.24655652046203613,42,24.772115163559825
2.668231029432392,4.244654178619385,31.095595840323778,100,35.30958215520635,15.080698404357934,440000,6.874541997909546,297.2177321910858,-0.0021368426,0.04318976402282715,-1.1597902e-05,7.1922221183776855,2.4102189540863037,0.2742607593536377,43,24.64601734664622
3.9704198747115136,4.212899446487427,31.31844881175846,100,35.79716041006998,-3.24289610497607,450000,6.824964284896851,304.39327788352966,0.0204256,0.05136680603027344,-1.1529008e-05,7.164586067199707,2.3925838470458984,0.2877235412597656,44,24.892841998466498
1.7090417661166448,3.8968122005462646,31.57024709451522,100,34.88852784251601,27.43140147437161,460000,6.371362924575806,311.1958475112915,0.0051834756,0.08325624465942383,-1.1442652e-05,6.790485620498657,2.269359827041626,0.3355531692504883,45,25.07629263178078
1.579111407722792,4.076173782348633,31.86159424796499,100,35.30910397305843,27.445823338178624,470000,6.662176847457886,318.25219559669495,0.06084783,0.06163287162780762,-1.1373591e-05,7.045221567153931,2.370651960372925,0.3207578659057617,46,25.225209893196535
1.705379274235874,3.9526500701904297,31.947495057337093,100,35.640100548537646,27.359014214454252,480000,6.470444679260254,325.1130349636078,0.017705327,0.04404735565185547,-1.1337163e-05,6.85050630569458,2.3100926876068115,0.33559370040893555,47,25.20743649033382
1.7287019218864275,3.7825255393981934,32.10875765298318,100,35.6601820182538,28.42150631990792,490000,6.181870460510254,331.622181892395,0.014717053,0.04031848907470703,-1.1299459e-05,6.491668939590454,2.2005839347839355,0.2688302993774414,48,25.320956461903357
2.5005453698082847,3.9546234607696533,32.38630161380354,100,37.10973752593925,16.293652697508932,500000,6.471166133880615,338.4066278934479,0.0034094807,0.042032480239868164,-1.1270054e-05,6.768974304199219,2.3102238178253174,0.2548713684082031,49,25.536608638392245
1.7683153887237948,4.108548879623413,31.751001988714396,100,35.43837117130251,24.9148381943594,510000,6.705484390258789,345.39102029800415,0.002810629,0.03470015525817871,-1.1226437e-05,6.972079277038574,2.3825361728668213,0.23159217834472656,50,25.02947709880383
1.7784382283184654,4.178900957107544,31.645810446544022,100,35.366265001061734,27.185917139879496,520000,6.799164295196533,352.4670102596283,-0.0034735003,0.046309471130371094,-1.11781355e-05,7.066302061080933,2.4014556407928467,0.22040915489196777,51,24.96566033984573
1.4669243019021403,3.9749114513397217,31.97805183075114,100,36.01786893049635,28.26464153044532,530000,6.495506048202515,359.2647259235382,-0.0057309004,0.0431370735168457,-1.1108798e-05,6.787364721298218,2.3130812644958496,0.24845576286315918,52,25.211217694666285
1.6238499265530724,4.048252582550049,32.21098177811217,100,35.911700060506085,28.308872969646387,540000,6.562295198440552,366.13383889198303,-0.0018804446,0.04103422164916992,-1.1006168e-05,6.858065366744995,2.305540084838867,0.2545006275177002,53,25.292914253250967
1.6530306887194233,4.0065271854400635,32.407790159537115,100,35.808264507617935,27.614655768221052,550000,6.556014060974121,372.9821808338165,-0.0038518084,0.04385709762573242,-1.09220855e-05,6.836036443710327,2.3423943519592285,0.23590993881225586,54,25.483940022599267
1.7884237162150352,3.9597177505493164,32.38338846885611,100,36.404638369719486,27.25987228698668,560000,6.467442274093628,379.7268273830414,-0.004013209,0.0542912483215332,-1.08319755e-05,6.734159469604492,2.3011064529418945,0.21192646026611328,55,25.491860026096333
1.8498094276704085,3.804708957672119,32.66196642931525,100,36.92501545162561,28.439412734880122,570000,6.169064998626709,386.24331879615784,-0.0032002723,0.11107254028320312,-1.0743987e-05,6.505526065826416,2.1662278175354004,0.22516345977783203,56,25.634699914026537
1.7227567327808968,4.200383424758911,32.71961242574228,100,35.85046951868988,28.579093511017323,580000,6.834969997406006,393.36738300323486,-0.0048426557,0.03064250946044922,-1.0658573e-05,7.113047122955322,2.4091293811798096,0.24721837043762207,57,25.728131620061223
1.5715357959948353,3.9997639656066895,33.01575345891278,100,36.31761380324409,28.887968057491,590000,6.521472215652466,400.1821942329407,0.0060703834,0.041771888732910156,-1.0542242e-05,6.803323984146118,2.316009283065796,0.23967456817626953,58,26.01232804324876
1.4838047319620546,3.7545313835144043,32.92822933297786,100,37.120271554420526,28.967524951626356,600000,6.137181520462036,406.6051104068756,-0.0025612141,0.041473388671875,-1.0434916e-05,6.411715507507324,2.1848721504211426,0.23278260231018066,59,25.81128439665445
1.4875769418883715,3.9365742206573486,33.08591110293621,100,36.60811698216663,29.127499406900593,610000,6.4396281242370605,413.36534690856934,-0.0038208822,0.04126477241516113,-1.0350246e-05,6.748997211456299,2.2970640659332275,0.2677295207977295,60,25.98757514007273
1.7088219823197934,4.064232587814331,33.18701790907781,100,37.07641900786092,29.666378652169776,620000,6.658552169799805,420.3219487667084,-0.0006681349,0.04560256004333496,-1.0268459e-05,6.944342374801636,2.3801217079162598,0.23997902870178223,61,25.97941164857275
1.4175086595152961,3.934401512145996,33.258693154705924,100,36.733845738685446,29.573170799504755,630000,6.434566020965576,427.0907173156738,-0.0024400144,0.08797693252563477,-1.0183871e-05,6.7577965259552,2.2950496673583984,0.2350327968597412,62,26.07481718788354
1.5131619062996189,3.9233851432800293,33.32933046129234,100,36.647469685223044,29.554598407833804,640000,6.421985864639282,433.77430510520935,-0.0029279403,0.042989253997802734,-1.0111317e-05,6.6725404262542725,2.293259859085083,0.20733332633972168,63,26.122917301377026
1.3534397356575154,3.8551247119903564,33.55770963917519,100,37.246922732476285,30.71363423981536,650000,6.314697027206421,440.37857151031494,0.0020199013,0.04228639602661133,-1.0034209e-05,6.593788385391235,2.2566845417022705,0.23658108711242676,64,26.320096125402866
1.4721408909847198,3.91825795173645,33.403103757114344,100,36.5902485177799,29.847757491043197,660000,6.353492259979248,447.0259575843811,-0.00070941227,0.04304242134094238,-9.947596e-06,6.6369309425354,2.2342495918273926,0.24012970924377441,65,26.183531091146225
1.5385257743075955,4.171051025390625,33.448817374592856,100,38.036465422139024,29.828940020526993,670000,6.813129901885986,454.14111161231995,-0.0030209408,0.04279804229736328,-9.886219e-06,7.103508472442627,2.423391580581665,0.24726533889770508,66,26.16700005465426
1.6276647179650428,3.958305597305298,33.85063263761557,100,37.61622371481277,29.58918313552779,680000,6.443660497665405,460.86177229881287,-0.0024651883,0.04527902603149414,-9.799322e-06,6.708709955215454,2.279820680618286,0.21953034400939941,67,26.506654362811656
1.5436215789171026,3.8053908348083496,33.217320607801724,100,37.39450161823604,30.33142895365752,690000,6.224792003631592,467.3877694606781,-0.002464787,0.08088254928588867,-9.732816e-06,6.5160722732543945,2.2190890312194824,0.2073345184326172,68,25.92240050508593
1.527475467643334,3.874732494354248,33.81743285136686,100,36.98627052119473,30.090384999781616,700000,6.298736095428467,473.98296308517456,-0.00047311524,0.04529833793640137,-9.6526e-06,6.583722829818726,2.221364736557007,0.23943281173706055,69,26.469906376623772
1.4395705245794834,3.817756414413452,33.887666456955735,100,37.211963350255076,30.166975259435656,710000,6.24808406829834,480.5225760936737,0.00022855477,0.04303312301635742,-9.573836e-06,6.529306411743164,2.2335925102233887,0.23783206939697266,70,26.52467535407318
1.47167414434952,3.8876075744628906,33.77041983948545,100,37.65187115255283,30.467221947015222,720000,6.343590974807739,487.1353557109833,-0.0013151987,0.04991507530212402,-9.525254e-06,6.6013875007629395,2.25136661529541,0.20760107040405273,71,26.397031094513704
1.5130660760241326,3.903078556060791,33.69231698132019,100,37.410456115009026,30.226541916699414,730000,6.373164892196655,493.86993193626404,0.00039670256,0.11463665962219238,-9.459105e-06,6.7236926555633545,2.268110752105713,0.23562359809875488,72,26.30519878761907
1.4650010520276884,4.203894138336182,34.044705090036,100,37.40261502968469,30.430577447891192,740000,6.859115362167358,501.01848220825195,0.020248925,0.04263472557067871,-9.406126e-06,7.134928941726685,2.4397735595703125,0.23293185234069824,73,26.616627576166433
1.2935622950041314,3.942760944366455,33.75095332631157,100,36.708192701649224,29.814050927734762,750000,6.449486255645752,507.76020312309265,0.037415516,0.04677224159240723,-9.366512e-06,6.730496644973755,2.302356719970703,0.2337045669555664,74,26.339996091342865
1.388473600165612,3.92454195022583,33.507144158499024,100,36.76828627025628,30.112177019463022,760000,6.403290748596191,514.4361371994019,0.01540669,0.03869318962097168,-9.300852e-06,6.664529323577881,2.2740986347198486,0.22227931022644043,75,26.184088275178976
1.3135745947411255,3.830595016479492,33.50704933567356,100,37.25200643094824,29.511931110727268,770000,6.281762599945068,521.0094721317291,0.0023662865,0.08156847953796387,-9.263058e-06,6.562708139419556,2.2506706714630127,0.19913625717163086,76,26.247230942990562
1.4461724889781713,3.815516710281372,33.924728280495636,100,38.08468957210188,30.58712691613554,780000,6.238234043121338,527.5587935447693,-0.0014071334,0.07959723472595215,-9.220693e-06,6.538892984390259,2.2209417819976807,0.22083163261413574,77,26.637844454791136
1.4641798840318019,3.8246266841888428,33.940127083811255,100,37.899766888138515,29.675453861876143,790000,6.236448764801025,534.2349553108215,0.0034604832,0.11037302017211914,-9.172147e-06,6.665692567825317,2.214184045791626,0.3184518814086914,78,26.55300048706062
1.4821263198369914,3.7811574935913086,33.870264878924715,100,37.9886295823952,29.957579758669787,800000,6.200916767120361,540.7629477977753,-0.0020679438,0.043259620666503906,-9.11955e-06,6.512913227081299,2.221435308456421,0.26819634437561035,79,26.41189497504142
1.3853023889529352,4.283276796340942,34.12397822821702,100,36.90253847391528,30.29164572386428,810000,6.9320220947265625,548.1121480464935,9.9584795e-05,0.04722166061401367,-9.087145e-06,7.333397626876831,2.4313180446624756,0.3537561893463135,80,26.641000728435575
1.3780275810988067,4.078547477722168,33.93712963631917,100,37.22211068426356,30.23114255570319,820000,6.646644830703735,555.243358373642,0.00019230759,0.1034395694732666,-9.04348e-06,7.117785930633545,2.3536503314971924,0.3655283451080322,81,26.34798820086636
1.5611146968655443,4.153401613235474,34.190362493260565,100,37.89496897915244,30.48386363656661,830000,6.709960460662842,562.3871512413025,0.004696398,0.042752981185913086,-8.996272e-06,7.126903057098389,2.3403241634368896,0.373490571975708,82,26.608799816755237
1.5182623043622936,4.151751756668091,34.29537958193931,100,38.27594651269277,30.846901954406043,840000,6.784717321395874,569.5931570529938,-0.0013805918,0.07784605026245117,-8.951279e-06,7.191401958465576,2.4185235500335693,0.3285818099975586,83,26.733183167089404
1.6671430420213948,4.012978792190552,34.12126880180438,100,38.131005093813044,30.331033193687016,850000,6.542163848876953,576.5749061107635,0.0014946718,0.04283332824707031,-8.915311e-06,6.9649529457092285,2.3178765773773193,0.3794260025024414,84,26.576982113474905
1.4193918665795964,4.100078821182251,33.98190526291999,100,37.3329736719496,30.48909022154716,860000,6.68410849571228,583.6837363243103,-0.003308641,0.042565345764160156,-8.855224e-06,7.091844081878662,2.3695054054260254,0.36449289321899414,85,26.42382288717247
1.5327837811042087,4.337465047836304,34.083412988007375,100,38.04216425081617,30.416595395578316,870000,6.965836763381958,591.1444613933563,0.0056185746,0.041118621826171875,-8.813848e-06,7.444848299026489,2.4063644409179688,0.4370393753051758,86,26.500692917548307
1.5889552086596086,4.873898983001709,33.947091195036144,100,37.27896637573942,29.99471229017164,880000,7.760535955429077,599.4124431610107,-0.000659856,0.042328596115112305,-8.767548e-06,8.249403953552246,2.6424789428710938,0.44588732719421387,87,26.392398379753768
1.381149252203069,4.711627244949341,33.93914205742888,100,38.14220484814234,31.101389917898693,890000,7.518843412399292,607.4748246669769,0.011108649,0.06894469261169434,-8.704567e-06,8.050467729568481,2.5662713050842285,0.4621555805206299,88,26.407802207942463
1.443741081501219,4.402963638305664,34.15284038049914,100,37.38041545735904,30.538163522820216,900000,7.093908309936523,615.1962521076202,0.0001885689,0.14126014709472656,-8.671729e-06,7.7024736404418945,2.4652647972106934,0.4668867588043213,89,26.61149647119063
1.4826135148625896,4.545514106750488,34.16523368554459,100,37.74595202732902,30.389882121537205,910000,7.2687742710113525,622.9795427322388,0.0029093972,0.09237432479858398,-8.628626e-06,7.7660510540008545,2.491889238357544,0.4039757251739502,90,26.62953783944764
1.4584347013882164,4.293104887008667,34.077591437996155,100,37.79478052437374,30.462425352895636,920000,6.936454772949219,630.4497494697571,0.006191314,0.1154780387878418,-8.587966e-06,7.458103179931641,2.420041084289551,0.40522146224975586,91,26.54102912123455
1.656964129581943,4.2900614738464355,34.04404529640709,100,37.26829983629077,30.24792776018329,930000,6.960134744644165,637.9279570579529,0.007401076,0.14068603515625,-8.516863e-06,7.465564489364624,2.443011999130249,0.36409878730773926,92,26.54181302404087
1.3274571715192849,4.4174644947052,34.07824638775374,100,37.50946784126488,30.6273612697706,940000,7.13710880279541,645.4760246276855,0.01339151,0.08407855033874512,-8.439742e-06,7.535134792327881,2.492358446121216,0.3031487464904785,93,26.57507283683642
1.363431944946092,4.305522918701172,34.24389380737391,100,37.209245169840166,30.944087101657036,950000,6.978023052215576,652.9417850971222,0.011680359,0.05520749092102051,-8.387696e-06,7.453530788421631,2.44716739654541,0.4197068214416504,94,26.706438514066257
1.6502616403581307,4.510770559310913,34.14282242591373,100,37.55075156675796,30.035904917850587,960000,7.233647346496582,660.6594469547272,0.00012350749,0.06240487098693848,-8.3638415e-06,7.7013654708862305,2.4919912815093994,0.40456247329711914,95,26.60607874494134
1.5717903119896988,4.514201402664185,33.7318542304844,100,37.42650970545105,30.216434601820374,970000,7.258255481719971,668.41938996315,-0.0016847173,0.14234399795532227,-8.310289e-06,7.743659734725952,2.513002395629883,0.34248781204223633,96,26.250226959759715
1.4257639054080533,4.545743227005005,33.90327486415051,100,37.58960672669857,30.612585088997402,980000,7.303811311721802,676.133487701416,-0.0006787032,0.09844970703125,-8.234321e-06,7.702426910400391,2.521688938140869,0.29976797103881836,97,26.359670506350536
1.5211026957959242,4.438187599182129,34.11060605805633,100,37.214007369268955,29.647841917649405,990000,7.15851092338562,683.704735994339,0.0011395146,0.06373333930969238,-8.196526e-06,7.560757637023926,2.479816436767578,0.3373403549194336,98,26.56778410629878
1.3702352286752704,4.917843580245972,34.51497259265523,100,37.772864523482696,31.68997735073712,1000000,7.8861775398254395,692.1587836742401,0.00085132377,0.166733980178833,-8.131304e-06,8.442268133163452,2.713900566101074,0.38893580436706543,99,26.957029810609193
1.5418551053949094,4.739253282546997,34.253922745908255,100,38.24395545802904,30.591820661103768,1010000,7.60716700553894,700.265025138855,0.0009371772,0.1144254207611084,-8.078296e-06,8.0928373336792,2.6249797344207764,0.3707902431488037,100,26.671644359268836
1.5882617909838166,4.616379022598267,34.208963355684226,100,37.65445016153809,30.300446192842678,1020000,7.409168004989624,708.1441204547882,-0.0015770444,0.044788360595703125,-8.020437e-06,7.867518901824951,2.5555903911590576,0.4132826328277588,101,26.66160832316674
1.49242473183141,4.498944282531738,34.15032967501602,100,37.24715911925676,30.98974941864034,1030000,7.231918811798096,715.8399744033813,-0.0017750617,0.04526782035827637,-7.962874e-06,7.67809271812439,2.500438928604126,0.4000868797302246,102,26.603709233077108
1.5017921205569333,4.6461265087127686,34.067038524244644,100,38.06580451255793,30.199160813877526,1040000,7.436053991317749,723.738171339035,-0.0014839303,0.048691749572753906,-7.892193e-06,7.880871057510376,2.5523245334625244,0.3929424285888672,103,26.560751345138787
1.3942178472350772,4.459306001663208,34.01933823857505,100,37.45435276742755,30.4398421357666,1050000,7.170105457305908,731.3999829292297,0.0023268608,0.04647421836853027,-7.817197e-06,7.641843795776367,2.4798593521118164,0.42490053176879883,104,26.51567033979773
1.4568492677122284,4.653215169906616,34.14555947839555,100,37.46642401708266,30.49909562606419,1060000,7.47718358039856,739.3326842784882,-0.0016224559,0.13079047203063965,-7.764211e-06,7.914976596832275,2.5767452716827393,0.30615782737731934,105,26.60124004109597
1.4501555068996712,4.291023254394531,34.317580558804444,100,37.438938980355836,31.259993010207232,1070000,6.909375190734863,746.6375081539154,-0.0014054581,0.0465540885925293,-7.716198e-06,7.292489767074585,2.3958523273468018,0.3359830379486084,106,26.80746850891205
1.5298845116627533,4.128990173339844,33.959911177849854,100,38.326701739065555,30.656570849112914,1080000,6.690107107162476,753.6923496723175,0.009212934,0.06673622131347656,-7.637778e-06,7.044126749038696,2.3455324172973633,0.28441381454467773,107,26.42608641767357
1.3828187431716665,4.945456027984619,34.42820920124112,100,37.26854911303969,30.268775908344974,1090000,7.9529945850372314,762.01322889328,0.003650474,0.1109011173248291,-7.584313e-06,8.309407234191895,2.759347677230835,0.24415922164916992,108,26.878292377786956
1.5745836366876034,4.055642366409302,34.27000205543465,100,37.685631858578404,30.564419878727985,1100000,6.603245973587036,768.9324474334717,0.0017680322,0.05034971237182617,-7.5361536e-06,6.906287431716919,2.3356587886810303,0.252166748046875,109,26.71079473777706
1.463244697852112,4.099041700363159,34.24132028362551,100,38.27691550229655,31.045162727774795,1110000,6.645455360412598,775.8953177928925,0.0040265718,0.042978525161743164,-7.4858976e-06,6.951033592224121,2.335923671722412,0.2623469829559326,110,26.665773397700814
1.5469565904250695,4.143588304519653,34.18370076727278,100,38.373817532781324,30.00974214653312,1120000,6.738888263702393,782.9366679191589,0.006405908,0.039762258529663086,-7.410458e-06,7.030221700668335,2.3813743591308594,0.25124430656433105,111,26.655435888919424
1.4371205000075622,4.062378168106079,34.075851035097756,100,37.31238501334725,31.163383039779625,1130000,6.607993841171265,789.8385004997253,-0.00088793656,0.03814053535461426,-7.349663e-06,6.89018702507019,2.3341751098632812,0.24373912811279297,112,26.543627290283112
1.388338461184188,4.164634943008423,34.27714478642145,100,37.15801149946652,30.254263976020617,1140000,6.751516819000244,796.9640374183655,0.0067128344,0.10020732879638672,-7.2936296e-06,7.113194942474365,2.37389874458313,0.2611734867095947,113,26.744041024638832
1.5079641373851025,4.376668214797974,34.213586375079075,100,38.082954807162714,31.33481268254867,1150000,7.15169358253479,804.4441177845001,-0.0019968702,0.08530783653259277,-7.251147e-06,7.467415809631348,2.549891710281372,0.23015403747558594,114,26.726370806144754
1.5662399155731739,4.019322872161865,33.94072228066783,100,38.83997108394585,30.741324441008068,1160000,6.571467161178589,811.3383634090424,0.0070029977,0.04696512222290039,-7.213862e-06,6.883695840835571,2.3414511680603027,0.2648911476135254,115,26.474499166530308
1.5082609236111946,4.052000284194946,34.160783790214715,100,38.357843174462886,30.550245891699213,1170000,6.585055351257324,818.2250072956085,-0.0010221656,0.04060220718383789,-7.1629474e-06,6.874913454055786,2.3228073120117188,0.24892640113830566,116,26.68499628021652
1.41497720383312,3.8440864086151123,33.95420578741616,100,37.86650384354182,30.517418063231837,1180000,6.2673656940460205,824.7961182594299,-0.0010237665,0.032035112380981445,-7.11966e-06,6.561295986175537,2.218602180480957,0.26160168647766113,117,26.4794787056216
1.5149706261850937,4.146312713623047,34.2228656855294,100,37.972472716021656,30.27623317856474,1190000,6.73920202255249,831.8578886985779,0.0049660634,0.06264472007751465,-7.0838873e-06,7.050753116607666,2.3790173530578613,0.24867725372314453,118,26.72992088211366
1.5899950270230847,4.1111977100372314,34.24297319178031,100,37.724110772919296,30.796910450214355,1200000,6.687258720397949,838.841010093689,0.014065715,0.038240909576416016,-7.022157e-06,6.9703521728515625,2.3636674880981445,0.24455809593200684,119,26.773422482694276
1.521436823579874,4.0942699909210205,33.730654111187725,100,37.00134519958157,30.28407661840133,1210000,6.642013311386108,845.7874891757965,0.001990862,0.04061102867126465,-6.9695225e-06,6.934688091278076,2.337498426437378,0.2518026828765869,120,26.327691951234588
1.5503007901394599,4.067829370498657,33.91212523508257,100,36.929908031071946,29.904096774928778,1220000,6.604430913925171,852.7023067474365,0.005634278,0.06682896614074707,-6.9460248e-06,6.903903245925903,2.327444553375244,0.232252836227417,121,26.525207049867664
1.6154259493955374,3.9154767990112305,33.83316083198692,100,37.825208830811356,29.97618687990022,1230000,6.378641605377197,859.3796186447144,0.0056646243,0.06560063362121582,-6.9036364e-06,6.66622257232666,2.2606894969940186,0.22176170349121094,122,26.468528063131018
1.5694213564302884,4.01292610168457,34.0925888619401,100,37.48561863972406,30.429085990597994,1240000,6.550641298294067,866.3013243675232,0.0024915228,0.09813451766967773,-6.8772097e-06,6.911600351333618,2.330308437347412,0.26256608963012695,123,26.735765264435052
1.5551319243932635,4.135655879974365,33.74941127055607,100,37.57946998727946,30.575655660469078,1250000,6.76685094833374,873.4034547805786,0.0020598257,0.08091592788696289,-6.838168e-06,7.088775873184204,2.414992332458496,0.23351597785949707,124,26.396518592213692
1.5012653506791656,4.055227518081665,33.78607116145208,100,37.269328718672725,30.086454142005756,1260000,6.605570316314697,880.3154993057251,0.006916514,0.04965710639953613,-6.8052195e-06,6.900898694992065,2.341113567352295,0.24527406692504883,125,26.407915855543497
1.3877838470860895,4.02994179725647,34.17602869187198,100,37.58386965025256,31.129997294189256,1270000,6.54942512512207,887.1653423309326,0.0061258306,0.04283881187438965,-6.764038e-06,6.839089870452881,2.310908794403076,0.24649977684020996,126,26.762651413648026
1.4976794195315777,3.960023880004883,34.25295289649568,100,37.85921903688474,30.147572252779828,1280000,6.455207347869873,893.9709961414337,0.0027693259,0.08434724807739258,-6.717697e-06,6.793006420135498,2.2894632816314697,0.24269533157348633,127,26.88718788728483
1.545489071206739,4.039181709289551,33.99470550061382,100,37.63913826458874,30.368175551904567,1290000,6.543313264846802,900.8308777809143,0.008980457,0.04695606231689453,-6.671996e-06,6.847730875015259,2.2957470417022705,0.25716114044189453,128,26.6693669148041
1.7107757958078689,4.042932748794556,33.90375330287865,100,38.05534520925444,30.641868919640107,1300000,6.578247785568237,907.7007739543915,0.007244606,0.04487323760986328,-6.6254074e-06,6.858182907104492,2.3252856731414795,0.23478269577026367,129,26.59107675509638
1.6060166366802526,4.118394613265991,33.852607067786046,100,37.31896040573686,30.37237090627169,1310000,6.67841649055481,914.6958589553833,-5.6023495e-05,0.08342695236206055,-6.601666e-06,6.984005689620972,2.351041555404663,0.22189807891845703,130,26.551063616347214
1.485926997304139,4.066995859146118,33.52239922400786,100,37.806639475933075,29.990857476802958,1320000,6.631520748138428,921.6226785182953,0.005374059,0.04200387001037598,-6.5457257e-06,6.9167799949646,2.356205940246582,0.24303913116455078,131,26.242829450411413
1.5173551150128282,4.08486008644104,34.21701826149849,100,37.12016899289354,29.662987475437802,1330000,6.6337831020355225,928.5536353588104,-0.0005617688,0.04085969924926758,-6.5236595e-06,6.920662879943848,2.337526321411133,0.24577808380126953,132,26.871517662296764
1.4828345412942088,4.07182502746582,33.7607080568561,100,37.31377679234726,30.01429452890035,1340000,6.622037649154663,935.4738733768463,0.0075304452,0.04567551612854004,-6.507372e-06,6.909510612487793,2.342726469039917,0.2415022850036621,133,26.451483182916572
1.6833611937187343,4.003422737121582,33.817861741560264,100,37.661007373026656,30.11245861310719,1350000,6.524508953094482,942.30948138237,0.0040802415,0.04672360420227051,-6.483751e-06,6.823861360549927,2.3101186752319336,0.2522401809692383,134,26.46593000807115
1.5553599416712696,4.035649299621582,34.06891847065671,100,37.83624322542624,30.74412452303667,1360000,6.5632123947143555,949.1799695491791,0.01375795,0.04093575477600098,-6.443223e-06,6.859182119369507,2.3176236152648926,0.25470948219299316,135,26.65248496061512
1.4877534291924353,4.079259395599365,33.93895834210255,100,38.33289707686587,30.40735852048411,1370000,6.644262313842773,956.1280128955841,0.0032224332,0.04039430618286133,-6.427771e-06,6.937424182891846,2.3518128395080566,0.2525327205657959,136,26.527889400403463
1.6712266654817554,4.19483208656311,34.11728237942653,100,37.36364622370774,30.433485579347415,1380000,6.755819797515869,963.1896097660065,0.008445321,0.04187798500061035,-6.4128717e-06,7.050306081771851,2.345613479614258,0.25240445137023926,137,26.660660460207545
1.59992358630741,4.061568021774292,34.184262152407044,100,38.22191926660982,30.148005109232688,1390000,6.59497332572937,970.1039817333221,-0.00082767376,0.07814884185791016,-6.376921e-06,6.903821229934692,2.3229994773864746,0.22272992134094238,138,26.714064855764196
1.54769528951245,4.038492918014526,34.26613674547834,100,37.598666817994456,30.909613481767796,1400000,6.56324315071106,976.9685831069946,0.002312004,0.04238414764404297,-6.3198327e-06,6.853508949279785,2.3158719539642334,0.24755024909973145,139,26.772836859258764
1.6432653591425608,4.007339715957642,34.35050924976664,100,38.03993458620197,30.538884568568587,1410000,6.532809019088745,983.8012504577637,-2.097873e-05,0.040535926818847656,-6.3008897e-06,6.821566820144653,2.318389892578125,0.24792027473449707,140,26.80458859268883
1.561943232692143,3.999896287918091,34.23979910651031,100,37.428962793411614,30.98843459561506,1420000,6.503340721130371,990.607729434967,-0.0019624592,0.040485382080078125,-6.270212e-06,6.794513702392578,2.2969613075256348,0.2503073215484619,141,26.684536065497454
1.51638109927549,4.414962291717529,34.35836239584607,100,37.08499809122125,30.201789213066387,1430000,7.174505949020386,998.082967042923,0.0068619363,0.04294753074645996,-6.2422696e-06,7.463540554046631,2.5304417610168457,0.24572324752807617,142,26.807435860871465
1.5759140466769899,4.129913568496704,34.529545140640955,100,38.8307661324652,31.005869645433968,1440000,6.7478861808776855,1005.1057047843933,-0.0014527475,0.04132485389709473,-6.2387912e-06,7.011659383773804,2.4031450748443604,0.22205305099487305,143,26.962080325548992
1.4712596588838251,3.951622486114502,34.35546610625174,100,38.86531362958084,31.025569822078882,1450000,6.417896747589111,1011.8195233345032,-0.0017196795,0.04394721984863281,-6.191684e-06,6.703681230545044,2.260871410369873,0.24146342277526855,144,26.760398162878364
1.471188082349511,4.0481226444244385,34.4999787599306,100,37.86910763480916,31.125246392972567,1460000,6.599085807800293,1018.7313241958618,-0.0024059282,0.04357147216796875,-6.124372e-06,6.901798486709595,2.34256911277771,0.25882530212402344,145,26.884443695475234
1.492943025086806,4.107471466064453,34.45093761907132,100,38.99485768657642,31.190668708287372,1470000,6.696207284927368,1025.7270574569702,-0.0012443915,0.042321205139160156,-6.0835628e-06,6.98289942741394,2.375319242477417,0.2441093921661377,146,26.804921754856792
1.6210997158375096,4.037945985794067,34.32490292100248,100,38.27770059052665,30.99839803974999,1480000,6.586076736450195,1032.6347258090973,0.0010431294,0.0470733642578125,-6.0353836e-06,6.89615273475647,2.3367724418640137,0.2627418041229248,147,26.68525235748149
1.59295892306776,4.488055229187012,34.56902474114388,100,38.07220248601338,30.78125931470112,1490000,7.257303714752197,1040.2190251350403,0.013136032,0.03359508514404297,-6.0051248e-06,7.572609186172485,2.5395264625549316,0.28150224685668945,148,26.892587514499738
1.4755403505627296,4.08357834815979,34.585831080584654,100,37.79261878172104,30.300274812021815,1500000,6.654684782028198,1047.164470911026,0.022123395,0.0355226993560791,-5.967769e-06,6.933931827545166,2.3588874340057373,0.2434101104736328,149,26.894812416769017
1.4373395503782607,3.8583803176879883,34.23794201417322,100,36.98494648559878,31.17048783781535,1510000,6.274573564529419,1053.7240719795227,0.00017441885,0.042801618576049805,-5.926396e-06,6.548221826553345,2.2167866230010986,0.23058199882507324,150,26.593857717749824
1.6353228158362625,4.217378377914429,34.405378254669394,100,37.93145994828655,30.839273593685196,1520000,6.831231355667114,1060.8488295078278,0.00582556,0.04214143753051758,-5.90228e-06,7.114191055297852,2.4009289741516113,0.24051594734191895,151,26.760407926608682
1.6577024246057586,4.002156019210815,34.28810841470991,100,37.65967496453722,30.930283363606183,1530000,6.556410789489746,1067.717853307724,0.00042094104,0.07882475852966309,-5.9011354e-06,6.857980251312256,2.342557668685913,0.22249197959899902,152,26.651788567579533
1.4936738596180816,3.8070473670959473,34.660411078561594,100,37.8447511211549,30.26094675718534,1540000,6.229779958724976,1074.236798286438,-0.00253925,0.030345439910888672,-5.8644478e-06,6.507980108261108,2.2228522300720215,0.24761271476745605,153,26.998603603210242
1.5288908280632234,4.200307607650757,34.48404859898001,100,38.11080295418831,31.5915959487479,1550000,6.851558685302734,1081.4018170833588,0.0023633954,0.08160257339477539,-5.850706e-06,7.154917478561401,2.425114870071411,0.22028803825378418,154,26.78153043739318
1.566746888114592,4.025689601898193,34.89187611171929,100,38.68545227126002,31.055172326574898,1560000,6.561134338378906,1088.2994813919067,0.0005648997,0.08998537063598633,-5.83832e-06,6.885386943817139,2.3255789279937744,0.23404455184936523,155,27.161873175908035
1.6967040348188627,4.017464637756348,34.45714766519437,100,37.87079588917806,30.4242964586475,1570000,6.566611051559448,1095.1534266471863,0.007893061,0.04200410842895508,-5.840814e-06,6.843068361282349,2.336300849914551,0.23418307304382324,156,26.765605410799903
1.508517338602785,4.047390460968018,35.034277512705174,100,38.98222785441671,31.753378766645902,1580000,6.588205575942993,1102.0261912345886,0.007557839,0.04386162757873535,-5.828105e-06,6.863184452056885,2.3299741744995117,0.2307446002960205,157,27.276279447809042
1.4744365364962908,4.358899831771851,34.853705584164956,100,38.78089683457706,31.847550016781803,1590000,7.035067558288574,1109.3768813610077,0.0048487214,0.039710044860839844,-5.802137e-06,7.3387086391448975,2.451822519302368,0.2635157108306885,158,27.08051786953766
1.4573919106671511,4.200732946395874,35.10583213943843,100,38.30611062758434,31.658568565497248,1600000,6.797224521636963,1116.4960842132568,0.003656744,0.045955657958984375,-5.8023948e-06,7.108750820159912,2.3693037033081055,0.2651495933532715,159,27.317546018148875
1.5141738347620501,3.943463087081909,34.69978144617356,100,38.59495044419549,31.55595942761995,1610000,6.455577850341797,1123.2564866542816,-0.00014117107,0.04764986038208008,-5.7882426e-06,6.749958276748657,2.30886173248291,0.24630260467529297,160,26.915416271144554
1.6165010295209783,4.547846078872681,35.05084426554574,100,38.08116670600853,31.417333832973995,1620000,7.3952107429504395,1131.0103600025177,0.0023592745,0.04025006294250488,-5.7611496e-06,7.74297308921814,2.616379499435425,0.30724525451660156,161,27.22334099424122
1.5495643477943506,5.218510389328003,34.8608731916042,100,39.02601879996997,31.78822730736452,1630000,8.51286244392395,1139.9253091812134,0.0014934741,0.10062408447265625,-5.7175866e-06,8.89802074432373,3.032118797302246,0.28016018867492676,162,27.038303130843037
1.685354413826794,4.4216368198394775,34.89037644241422,100,38.912458022158134,31.142210997668215,1640000,7.24252462387085,1147.484191417694,0.00919431,0.046216487884521484,-5.6911676e-06,7.54455828666687,2.5929923057556152,0.25554394721984863,163,27.052495245433732
1.5021099454915006,4.031686782836914,35.047719281281644,100,39.25755429630543,31.40140308288357,1650000,6.577715873718262,1154.3615555763245,0.0064779697,0.0482637882232666,-5.653579e-06,6.865350723266602,2.3370864391326904,0.23895645141601562,164,27.204119193728847
1.6411586426383324,4.030409336090088,34.9817916151998,100,38.05340590056975,30.748294675896375,1660000,6.56222677230835,1161.2356734275818,0.0066282903,0.04827594757080078,-5.6125473e-06,6.863015413284302,2.322925567626953,0.2522773742675781,165,27.119834000815544
1.4957132375257849,4.167492866516113,34.94857823622703,100,38.14559943088515,31.79165731970964,1670000,6.723134517669678,1168.2374489307404,0.0050342265,0.040438175201416016,-5.5870723e-06,6.991352081298828,2.341432809829712,0.22753548622131348,166,27.106751470687737
1.512553185796466,3.9457521438598633,34.81989567042862,100,38.35457290629307,31.014800546895284,1680000,6.414385080337524,1174.9642062187195,0.000198995,0.04815959930419922,-5.575714e-06,6.7154247760772705,2.262272596359253,0.252612829208374,167,26.992522395464405
1.638647752216968,4.163870096206665,34.840696333448854,100,38.605786591470014,30.049277182125408,1690000,6.798029661178589,1182.0672442913055,0.010312322,0.04690861701965332,-5.572726e-06,7.0907628536224365,2.419207811355591,0.2454674243927002,168,27.02125568738238
1.7589829659542249,3.910576105117798,34.63780084427373,100,39.054304208331104,30.611231733446296,1700000,6.376262903213501,1188.7660698890686,-1.3316812e-05,0.08065247535705566,-5.5641685e-06,6.687909126281738,2.2635257244110107,0.23075270652770996,169,26.801647182154348
1.6392877305940043,3.946152687072754,35.11020825890649,100,39.10482423780773,30.820137889152825,1710000,6.435361862182617,1195.4947888851166,-0.00133541,0.04300379753112793,-5.5329224e-06,6.717638254165649,2.281036376953125,0.23892617225646973,170,27.2608591051035
1.4819569309821603,4.07145619392395,34.81305625938862,100,38.78626532498694,31.494232430819228,1720000,6.650468826293945,1202.5054922103882,0.0022396499,0.08717846870422363,-5.5241817e-06,7.000063896179199,2.367175817489624,0.2518577575683594,171,26.99074405732935
1.5022162580933325,4.20134711265564,34.97126348128915,100,38.33536790577166,30.99031324628647,1730000,6.86008620262146,1209.6753952503204,-0.002751853,0.07964706420898438,-5.519005e-06,7.157723903656006,2.4425971508026123,0.21773052215576172,172,27.156002087750824
1.5427901883442936,4.063490152359009,34.79790344536686,100,38.09339317742442,31.22589141356577,1740000,6.656805753707886,1216.660619020462,-0.0005464794,0.08254647254943848,-5.4778898e-06,6.973850965499878,2.38026762008667,0.23267745971679688,173,26.98470510362806
1.6086922721823076,3.9473772048950195,34.73884148876311,100,39.244354885516785,31.23481269766245,1750000,6.464032411575317,1223.412769794464,0.009443823,0.042394399642944336,-5.443796e-06,6.739809513092041,2.311673402786255,0.2331094741821289,174,26.948055481766634
1.564181100834059,3.9955332279205322,34.876373375093095,100,38.41944837355731,31.120569801996236,1760000,6.535770654678345,1230.2669837474823,0.00012932264,0.10627889633178711,-5.4033308e-06,6.8432066440582275,2.3310892581939697,0.20088863372802734,175,27.071819418392728
1.6030702512794162,3.8060669898986816,34.91979139584125,100,38.84492144797406,31.01930552360655,1770000,6.236240386962891,1236.7882046699524,0.003837885,0.028626680374145508,-5.3731906e-06,6.510397911071777,2.2289228439331055,0.24533629417419434,176,27.129309460287313
1.541236961581348,3.811156988143921,34.49764817288373,100,38.24634370243073,30.662778149748103,1780000,6.225908517837524,1243.2928185462952,0.019225566,0.039247989654541016,-5.3654503e-06,6.493330955505371,2.216726303100586,0.2279491424560547,177,26.737473791586375
1.7355963598479933,3.8186542987823486,34.565942501793934,100,39.19916103842967,31.309187471085778,1790000,6.2574310302734375,1249.866381406784,0.0060107214,0.08042407035827637,-5.3389426e-06,6.563639402389526,2.2408151626586914,0.22556495666503906,178,26.81200640001522
1.7069404313812255,3.778855562210083,34.87121683357189,100,38.72185272002097,30.579384885474717,1800000,6.198742151260376,1256.4371824264526,0.0045809965,0.04194521903991699,-5.3315075e-06,6.560387134552002,2.2208423614501953,0.31929469108581543,179,27.085592477172085
1.261566741655579,4.335732698440552,34.70715164173168,100,37.49446932792492,31.06669152483445,1810000,7.050817251205444,1263.8204491138458,0.0051328493,0.0777130126953125,-5.3142116e-06,7.368330001831055,2.4899301528930664,0.23955893516540527,180,26.962857926087814
1.597410393467485,3.9098806381225586,34.58567118896778,100,38.93596630744221,31.548409247324972,1820000,6.369670867919922,1270.5088567733765,0.00022118741,0.0712900161743164,-5.2960395e-06,6.676652669906616,2.258467674255371,0.23545479774475098,181,26.80741083204332
1.5494372897514372,3.911795139312744,34.71659254771826,100,38.28790491638077,31.388228153189605,1830000,6.371879816055298,1277.1813209056854,-8.654509e-05,0.08117294311523438,-5.2892647e-06,6.661721706390381,2.2575933933258057,0.20845866203308105,182,26.980191495539724
1.5259409570779254,3.904453992843628,34.49996558249317,100,37.346390237458586,31.50232572329858,1840000,6.320183515548706,1283.846735239029,0.005611243,0.04517173767089844,-5.2535124e-06,6.655310153961182,2.2152774333953857,0.28939366340637207,183,26.76678482056795
1.595613444134603,4.0419347286224365,34.66804498655542,100,38.30426966878215,31.551114250472473,1850000,6.621622085571289,1290.898227930069,0.004813945,0.04386591911315918,-5.2319747e-06,7.0254127979278564,2.3693573474884033,0.3596329689025879,184,26.92276575795346
1.4764559301383837,3.999974012374878,34.798644713485835,100,37.89762805149975,31.243688410584276,1860000,6.568952798843384,1297.9013645648956,-0.00063552416,0.04048037528991699,-5.1958054e-06,6.988396406173706,2.358246326446533,0.37862706184387207,185,27.040697675272682
1.4294776456873723,3.785968542098999,35.21052052080044,100,39.00331500461374,31.502530809122533,1870000,6.224486827850342,1304.5649507045746,-0.0014883414,0.07603168487548828,-5.1569127e-06,6.64471435546875,2.23652720451355,0.3414478302001953,186,27.428656099244623
1.5187967218827136,4.095389127731323,34.900019947141764,100,38.092420923837366,30.72323834871493,1880000,6.720568895339966,1311.719923734665,-0.0010978968,0.09748601913452148,-5.1274956e-06,7.1437671184539795,2.411933660507202,0.32540082931518555,187,27.139928141133026
1.5323973343181756,4.104416847229004,34.81933669391306,100,38.38192740323044,31.61902585180389,1890000,6.7160258293151855,1318.745044708252,0.0010309357,0.04713559150695801,-5.115783e-06,7.010799407958984,2.3989524841308594,0.24731707572937012,188,27.04307604665746
1.5154299179511685,3.9448132514953613,35.09741451834878,100,38.786183485208525,32.09715737018096,1900000,6.463561058044434,1325.527821302414,-0.00022088875,0.06224799156188965,-5.07758e-06,6.772233963012695,2.3058111667633057,0.2460157871246338,189,27.320163336540375
1.6583505630733235,3.9558465480804443,34.668588038002824,100,37.94875262079457,30.660300796736248,1910000,6.469039440155029,1332.3005669116974,0.006703886,0.04032278060913086,-5.03944e-06,6.760623931884766,2.306171178817749,0.2508819103240967,190,26.911558365376415
1.4217937743694542,4.0165557861328125,34.95265475271229,100,38.254749681957854,30.703445387563114,1920000,6.541148900985718,1339.183853149414,-0.0013755617,0.08258843421936035,-4.9871655e-06,6.871845960617065,2.3155760765075684,0.24021267890930176,191,27.20750978305187
1.376614308438279,4.178310871124268,34.62441014138648,100,38.89679239077865,31.197127980308363,1930000,6.774060249328613,1346.261507987976,0.0032251165,0.04719042778015137,-4.9317864e-06,7.067007780075073,2.380988836288452,0.24538111686706543,192,26.88893479416773
1.614283779460974,4.415314674377441,34.53006438904911,100,37.81906889924777,31.150582672883033,1940000,7.102389812469482,1353.6965146064758,-0.002440928,0.08050036430358887,-4.909052e-06,7.4247887134552,2.4575257301330566,0.24169397354125977,193,26.825753934596626
1.526136327255739,4.68797755241394,34.746990637847055,100,38.36234896051832,30.77156559251683,1950000,7.4859888553619385,1361.5611197948456,0.003995682,0.04602837562561035,-4.8627785e-06,7.853395223617554,2.562537908554077,0.32103705406188965,194,27.021976993748666
1.6324416279957645,4.730923175811768,34.4742363907934,100,39.08594558992031,30.542989340259272,1960000,7.674698352813721,1369.5803949832916,0.0099626705,0.0928487777709961,-4.834767e-06,8.003921508789062,2.703606128692627,0.2360851764678955,195,26.775190197554803
1.492496373124018,4.21523904800415,34.72016107588351,100,38.75011145899948,31.545058756425853,1970000,6.88227391242981,1376.7418811321259,-0.001686942,0.04208731651306152,-4.8394427e-06,7.1499645709991455,2.443744659423828,0.2252342700958252,196,27.013718147671888
1.6098114108873682,3.974536657333374,34.703532058756316,100,39.1504224074073,30.338989601459254,1980000,6.485892295837402,1383.5206339359283,0.0045277434,0.044042110443115234,-4.8038164e-06,6.768255233764648,2.303614377975464,0.23803400993347168,197,26.995587805269608
1.5300352631509575,3.9456067085266113,34.55415792872157,100,38.90017386356574,30.64026623067505,1990000,6.43285870552063,1390.2613554000854,-0.001347309,0.044892072677612305,-4.7835056e-06,6.728530645370483,2.2810146808624268,0.25048327445983887,198,26.84900870611802
1.5251312498018348,4.008890151977539,34.54504063222853,100,38.97988875357141,30.957145841311533,2000000,6.542811870574951,1397.118117570877,0.019971061,0.044667959213256836,-4.7278354e-06,6.845931768417358,2.326605796813965,0.258098840713501,199,26.826129324488825
1.5146180577795052,4.041520595550537,34.83245501230877,100,38.38010941912515,31.68999588342207,2010000,6.56329870223999,1403.9747622013092,0.0028363366,0.04364657402038574,-4.6638092e-06,6.845844268798828,2.31101655960083,0.2386188507080078,200,27.078210918677083
1.812330651338435,4.015661239624023,34.528138823699415,100,38.65104366097079,30.26638997240053,2020000,6.536154747009277,1410.790953874588,0.03206198,0.04195904731750488,-4.670788e-06,6.80625057220459,2.3136394023895264,0.2279205322265625,201,26.775608494966033
1.506573931500474,4.084344387054443,34.93516817893949,100,37.99977051070925,31.573850156111522,2030000,6.660839319229126,1417.7393333911896,0.018971572,0.04267287254333496,-4.659507e-06,6.9378180503845215,2.3596503734588623,0.23407626152038574,202,27.13081655850129
1.4790363534605895,4.0405964851379395,34.71703095432089,100,38.1818205793298,31.603786118683338,2040000,6.56811785697937,1424.6273791790009,0.002091311,0.038364410400390625,-4.649592e-06,6.876624584197998,2.316525459289551,0.26990818977355957,203,26.971047045411947
1.5735881218574084,4.140855550765991,34.6141387161183,100,38.52038078084575,31.312381806923725,2050000,6.818168878555298,1431.7470092773438,-0.0011560292,0.04909038543701172,-4.6558093e-06,7.107518672943115,2.4629271030426025,0.2399890422821045,204,26.89711161659813
1.5183957045254806,3.9066388607025146,34.957091884683976,100,38.72084325477429,31.849950974603164,2060000,6.4115235805511475,1438.4269137382507,0.01690913,0.04435133934020996,-4.623795e-06,6.667839765548706,2.301401376724243,0.2115788459777832,205,27.215368742091183
1.5187520137983654,3.666264057159424,34.601496794964085,100,38.447500161588934,31.12545905428117,2070000,6.021801710128784,1444.7366976737976,0.006656779,0.07774090766906738,-4.6054365e-06,6.29961085319519,2.1646690368652344,0.19983291625976562,206,26.824812192373855
1.5450743248683405,3.834961175918579,35.05713389885384,100,38.22467021781091,31.520991785756582,2080000,6.2824037075042725,1451.3290178775787,-0.0010535627,0.045249223709106445,-4.5793972e-06,6.58257794380188,2.248340129852295,0.2546858787536621,207,27.24836748573231
1.6255015986969368,3.896865129470825,34.474322275304395,100,37.79285486252692,30.895817734789194,2090000,6.401647090911865,1457.9941811561584,0.0005819941,0.04207587242126465,-4.5365423e-06,6.653681993484497,2.3022098541259766,0.20961689949035645,208,26.72004056723763
1.6157603131046698,3.655827045440674,35.120653109168536,100,38.369068819081356,31.27822005655621,2100000,5.977571487426758,1464.2876327037811,0.008715824,0.09671640396118164,-4.5072106e-06,6.283407211303711,2.1319479942321777,0.20887541770935059,209,27.313232417171697
1.4785917763723557,3.7912278175354004,34.85247738182138,100,38.218737704945255,31.5472333563826,2110000,6.226502180099487,1470.8228595256805,0.05574423,0.04586386680603027,-4.4531585e-06,6.525493621826172,2.238429546356201,0.2528073787689209,210,27.054736278560167
1.5740203898722387,3.9202382564544678,34.136183894581855,100,38.54347761776355,31.146859406271695,2120000,6.441949367523193,1477.5558660030365,0.019514851,0.050998687744140625,-4.4587923e-06,6.721482038497925,2.3037071228027344,0.22823691368103027,211,26.427255506407356
1.480501688068307,3.807891845703125,34.63743724522346,100,38.290808764332006,31.343643385417067,2130000,6.248248100280762,1484.1010222434998,0.07129679,0.04313468933105469,-4.4263174e-06,6.533395528793335,2.241382360458374,0.24173665046691895,212,26.862992919885272
1.7231479623818937,3.8153481483459473,34.176448075233374,100,38.23666831256139,30.599419720975984,2140000,6.242616891860962,1490.6366276741028,0.01998313,0.044716835021972656,-4.4389485e-06,6.523555517196655,2.2290101051330566,0.23598909378051758,213,26.536737646620995
1.4681131519939115,3.7731311321258545,34.088448048884516,100,37.33476452793253,30.06952477336181,2150000,6.191064119338989,1497.1315712928772,0.053840272,0.040129899978637695,-4.465174e-06,6.483226776123047,2.2201013565063477,0.2517585754394531,214,26.43994432835487
1.6108548110322871,3.765409231185913,33.67370761842812,100,37.40185219537389,29.260917649059103,2160000,6.200114727020264,1503.647126197815,0.011265576,0.08088397979736328,-4.4780168e-06,6.503278970718384,2.2378504276275635,0.22191286087036133,215,26.13896699950929
1.8119270783617012,3.791020631790161,34.21053804970346,100,38.48641097435508,30.45300397060117,2170000,6.220196962356567,1510.1479904651642,0.040956847,0.04447484016418457,-4.4827107e-06,6.490595579147339,2.232409954071045,0.22562503814697266,216,26.570343869766063
1.6206626832393756,3.7716660499572754,33.92127860836676,100,38.19594390574763,29.972242071630887,2180000,6.109858751296997,1516.5498609542847,0.063540444,0.07515931129455566,-4.4951885e-06,6.392285585403442,2.1487133502960205,0.20707178115844727,217,26.418940417142416
1.6402509070478508,3.7259814739227295,33.33737316297166,100,37.158131091051615,30.266073251634495,2190000,6.105522632598877,1522.9386694431305,-0.0012366035,0.041268348693847656,-4.5357756e-06,6.378334283828735,2.1862566471099854,0.23130583763122559,218,26.013703102494997
1.5445782236397743,3.7602953910827637,33.42908774384493,100,37.16384609951545,29.26418550244381,2200000,6.134817838668823,1529.3813133239746,0.022862958,0.038854360580444336,-4.544038e-06,6.433027267456055,2.1827144622802734,0.25902819633483887,219,26.070767073061667
1.518806027462259,3.944176197052002,33.23273929186959,100,36.50865580545291,30.01135814280319,2210000,6.470372915267944,1536.1427512168884,0.002948363,0.04476475715637207,-4.5401616e-06,6.750048398971558,2.317789316177368,0.2346668243408203,220,25.923207146007897
1.8125804735491973,3.8116140365600586,33.377635944740206,100,37.20135348777342,29.598264854072273,2220000,6.266102075576782,1542.6875364780426,0.009377771,0.0388798713684082,-4.544998e-06,6.534586191177368,2.255805730819702,0.22917461395263672,221,26.12812028118169
1.4770053345047491,3.714919090270996,33.23410639483237,100,37.17256341300234,29.315542410348744,2230000,6.128058671951294,1549.094696521759,0.020023512,0.04264569282531738,-4.5712372e-06,6.395890712738037,2.216576337814331,0.22492241859436035,222,26.030229021206797
1.6118901210006717,3.720742702484131,33.043989477374495,100,37.018637107833804,29.761217447118216,2240000,6.105107069015503,1555.4668440818787,0.015898285,0.04435276985168457,-4.5902043e-06,6.360273122787476,2.1888198852539062,0.21059560775756836,223,25.889536142671204
1.595753336363538,3.642102003097534,32.72871140206716,100,36.613091085820486,28.96361080623192,2250000,5.996026992797852,1561.7424166202545,0.019507425,0.04252934455871582,-4.603982e-06,6.266404867172241,2.161494493484497,0.22757506370544434,224,25.725386248909516
1.7914781949512746,3.8701226711273193,32.15451170830516,100,36.265787866664695,28.449928681862175,2260000,6.379631996154785,1568.4225389957428,0.013638768,0.043224334716796875,-4.5958277e-06,6.6698644161224365,2.3067550659179688,0.2467942237854004,225,25.287475879970067
1.8319074084778617,3.8540875911712646,31.98373602810178,100,36.02545519591456,28.209691519738602,2270000,6.3449249267578125,1575.0598509311676,0.025114253,0.04287290573120117,-4.5994984e-06,6.624926805496216,2.2902560234069824,0.23688411712646484,226,25.209281501683748
1.6712203972536144,3.7829556465148926,31.70563933239346,100,35.96846844913991,28.223476528029924,2280000,6.21748161315918,1581.5493741035461,0.01586792,0.04390764236450195,-4.586734e-06,6.478994607925415,2.2370901107788086,0.2171933650970459,227,25.08502716166382
1.65623963516112,3.6504368782043457,31.59983458428112,100,34.81706405371977,27.387700914388844,2290000,5.997313499450684,1587.8434557914734,0.036799714,0.07977652549743652,-4.557475e-06,6.284072637557983,2.157984972000122,0.20675182342529297,228,25.089095039272646
1.6939451478490661,3.7377231121063232,30.913960389114774,100,34.559018021503064,26.450015804779326,2300000,6.151142835617065,1594.314632177353,0.022957401,0.04798483848571777,-4.566488e-06,6.461163282394409,2.21746826171875,0.2617208957672119,229,24.62115297623333
1.5762186295878735,3.900418519973755,30.460403086816346,100,33.68529669527228,26.453220443781174,2310000,6.406872272491455,1600.9926462173462,-0.00093543803,0.040732383728027344,-4.525034e-06,6.664856195449829,2.305236577987671,0.21700453758239746,230,24.34738584003493
1.5465097842291708,3.661604404449463,30.483343863504256,100,34.2593165578489,26.301872024581694,2320000,6.013813734054565,1607.2788441181183,0.024566576,0.0425724983215332,-4.4985327e-06,6.27566933631897,2.159842014312744,0.21906828880310059,231,24.3578147660147
1.7420559507954811,3.6554980278015137,30.049614412982205,100,34.61219123286529,26.55801696940578,2330000,6.01587438583374,1613.59650349617,0.021748455,0.03953146934509277,-4.487493e-06,6.307464122772217,2.1680896282196045,0.2517857551574707,232,24.17554223428736
1.6862965546608644,3.969531774520874,29.162863572272563,100,34.652782182925264,25.34371673907583,2340000,6.526254653930664,1620.4150767326355,0.007823151,0.042443275451660156,-4.475779e-06,6.806931495666504,2.3497002124786377,0.23796772956848145,233,23.493806065168574
1.5102710025303525,3.7810981273651123,29.152632089525934,100,32.831359440266276,26.098535685646084,2350000,6.21660852432251,1626.9187800884247,-0.001982789,0.04277443885803223,-4.4750273e-06,6.493267059326172,2.2385971546173096,0.2336130142211914,234,23.580121821895567
1.8510060802826254,3.6410462856292725,29.27260381414778,100,33.99039604557727,24.27817586726198,2360000,5.991770267486572,1633.2054574489594,0.019432884,0.03913140296936035,-4.4347717e-06,6.276270627975464,2.160170316696167,0.2451467514038086,235,23.671533897077033
1.616228642945307,3.6563501358032227,30.07665706850879,100,34.86317622073455,25.79987539168373,2370000,6.001352071762085,1639.4905161857605,-0.0023400635,0.042073965072631836,-4.4026506e-06,6.274449348449707,2.1546549797058105,0.23066210746765137,236,24.16170889543927
1.8387771273423223,3.6480872631073,30.17303488603693,100,34.288293302371756,26.089386214898735,2380000,5.998042583465576,1645.756257534027,-0.001666345,0.04175305366516113,-4.3867985e-06,6.254569053649902,2.158888816833496,0.21450018882751465,237,24.23076733400783
1.6070930438667272,3.6556851863861084,30.140994300981117,100,34.129721732343995,26.51364799546944,2390000,6.019840240478516,1652.0614340305328,0.00013077511,0.08186006546020508,-4.3989044e-06,6.294681787490845,2.1743264198303223,0.1927776336669922,238,24.21251860421754
1.8174354164319722,3.617015838623047,30.465619441551436,100,34.721869498813575,26.443039147878046,2400000,5.958310604095459,1658.294338464737,-0.002719718,0.04046916961669922,-4.408976e-06,6.223883628845215,2.1513614654541016,0.22472906112670898,239,24.43800209619042
1.6321669173193225,3.949834108352661,30.53031027350651,100,34.969437386073174,26.008520993551915,2410000,6.5231688022613525,1665.1020562648773,-0.0038166998,0.04450583457946777,-4.427194e-06,6.79698371887207,2.367249011993408,0.2290198802947998,240,24.486030137174748
1.8071909480512924,3.8094470500946045,30.471449481790177,100,34.38605865330617,26.108644888094723,2420000,6.255650997161865,1671.6220965385437,-0.0034078485,0.0398259162902832,-4.395064e-06,6.508615732192993,2.2456233501434326,0.21286368370056152,241,24.418253970527573
1.5041679110418456,3.6538963317871094,30.594869833667854,100,33.972571096780115,27.227698735298176,2430000,5.995343923568726,1677.8848462104797,-0.00130461,0.03805971145629883,-4.39996e-06,6.251706123352051,2.1469178199768066,0.21810078620910645,242,24.487923917973575
1.645050146060555,3.6253247261047363,30.458776576874936,100,34.76823417386516,26.558181873435217,2440000,5.960691213607788,1684.146810054779,0.0041255723,0.036110639572143555,-4.3880896e-06,6.249816417694092,2.1457180976867676,0.2527902126312256,243,24.429327091072846
1.5869853069749464,3.6353213787078857,30.647301928561742,100,34.55590839885545,26.89241645336485,2450000,5.992413520812988,1690.4071125984192,0.032642066,0.042588233947753906,-4.4114136e-06,6.250500202178955,2.1635820865631104,0.21523642539978027,244,24.44315456900685
1.5280833874832356,3.6402909755706787,30.198152557327354,100,34.11313891556974,25.57610732897907,2460000,6.006694555282593,1696.6950390338898,-0.0034492095,0.04388785362243652,-4.3820833e-06,6.276280879974365,2.171844244003296,0.22538113594055176,245,24.19765604858193
1.4659880679059567,3.6118710041046143,30.44302966474246,100,34.31394916435818,27.344361635559846,2470000,5.974314212799072,1702.9465141296387,-0.0036638626,0.04332613945007324,-4.3541295e-06,6.242100238800049,2.1694767475128174,0.22421026229858398,246,24.32398483690807
1.606637521232556,3.9235739707946777,30.89464490363121,100,34.902534328392605,27.024344850510403,2480000,6.450491666793823,1709.6914422512054,-0.0005166305,0.04382491111755371,-4.318044e-06,6.7330543994903564,2.323214292526245,0.23851561546325684,247,24.693737944560233
1.6948355903656849,3.748258352279663,30.91844502963599,100,34.5926921510872,27.04695616168604,2490000,6.153937101364136,1716.1366798877716,-0.0017758816,0.07738113403320312,-4.3298573e-06,6.432626008987427,2.2107043266296387,0.20106244087219238,248,24.750967644326398
1.6029628143060786,3.6817681789398193,30.848548909611637,100,34.743407510532904,26.89077556956971,2500000,6.065650701522827,1722.45480966568,-0.0020148493,0.03375411033630371,-4.3087157e-06,6.308550596237183,2.1905667781829834,0.20884394645690918,249,24.61143017995316
1.4353098539230011,3.647179126739502,31.155781338633382,100,35.40869588919894,27.255101619186135,2510000,5.965136766433716,1728.7130861282349,-0.0041394397,0.038089752197265625,-4.2821716e-06,6.2483625411987305,2.1283297538757324,0.2448563575744629,250,24.889862573107784
1.8193824894721247,3.651144027709961,31.315470793299315,100,35.65868231372061,26.67874409632758,2520000,5.966815948486328,1734.9474518299103,-0.0010384619,0.04304909706115723,-4.27904e-06,6.224542617797852,2.1281752586364746,0.21441245079040527,251,24.934289355036256
1.6440287164594918,3.718627452850342,31.476146541911735,100,35.14975937197778,27.41488192950708,2530000,6.098805665969849,1741.329164981842,0.0008156046,0.07987809181213379,-4.2513984e-06,6.371406555175781,2.1821322441101074,0.1924893856048584,252,25.120808967249623
1.671375486236989,3.4901509284973145,31.48991110836477,100,35.20715138257363,27.764992833364673,2540000,5.786922216415405,1747.4026715755463,0.0045202356,0.08047080039978027,-4.2406264e-06,6.061983108520508,2.112511157989502,0.19434309005737305,253,25.000909420436653
1.766412081519248,3.671252489089966,32.06799346692493,100,36.58273465899394,28.607097397509616,2550000,6.039568185806274,1753.758883714676,-0.0043994905,0.07863545417785645,-4.2453844e-06,6.346511363983154,2.1771175861358643,0.22808027267456055,254,25.511394556730362
1.7218763393889547,3.758000135421753,32.078770839799105,100,36.59474959243651,28.440821402868497,2560000,6.168376445770264,1760.1978785991669,-0.00058126816,0.04501605033874512,-4.24257e-06,6.4284727573394775,2.215221405029297,0.21485662460327148,255,25.490123903312025
1.7694329264226796,3.8072268962860107,31.882114535017244,100,35.676008200156424,28.54267284941406,2570000,6.233613967895508,1766.8147733211517,-0.0036339748,0.10579752922058105,-4.275342e-06,6.606334924697876,2.2250640392303467,0.26670098304748535,256,25.317753371159245
1.6449838423194691,4.2176079750061035,31.60700504785312,100,34.91641396784258,28.543047546161535,2580000,6.942507982254028,1774.019455909729,-0.0033096387,0.04972672462463379,-4.2762204e-06,7.192523956298828,2.5062124729156494,0.19989490509033203,257,25.05395111978677
1.4973932010047495,3.756760358810425,31.95746213801147,100,35.584310476222456,27.984821318900376,2590000,6.176737070083618,1780.4540486335754,0.0005660778,0.04336047172546387,-4.2494253e-06,6.4215545654296875,2.221959114074707,0.20111632347106934,258,25.32324255011131
1.7656829449184388,3.657914638519287,32.19406312741434,100,36.00864675445572,27.828897898917866,2600000,6.011690139770508,1786.7420134544373,-0.0028407306,0.041123151779174805,-4.2568017e-06,6.279437780380249,2.163933515548706,0.2264084815979004,259,25.504389323807718
1.6552298751224648,3.609619140625,32.47574598177325,100,36.074138951915366,28.356702624369525,2610000,5.92417311668396,1792.9412117004395,-0.00011900575,0.04816699028015137,-4.2333813e-06,6.188743352890015,2.127255439758301,0.21612000465393066,260,25.745832967237252
1.6353942291936439,3.7803869247436523,32.44559812237007,100,35.58992208246904,27.128115290232575,2620000,6.178365468978882,1799.3810188770294,0.00033948984,0.04580259323120117,-4.234477e-06,6.429777383804321,2.204559803009033,0.2053050994873047,261,25.648442028115568
1.6499471985456524,3.6858882904052734,32.440557574476806,100,36.22905572891925,27.83401451896389,2630000,6.067578554153442,1805.713280916214,-0.005024394,0.0420074462890625,-4.1853905e-06,6.321970462799072,2.187893867492676,0.21215581893920898,262,25.63419399070739
1.7353750542252009,3.679023027420044,32.75784088870104,100,36.946388373435134,28.536694469075222,2640000,6.038909912109375,1812.0109367370605,-0.0025590165,0.048754215240478516,-4.133465e-06,6.288324356079102,2.1658525466918945,0.20038509368896484,263,25.833079887550188
1.6305722785079126,3.632678985595703,32.81027250039192,100,37.335187022203456,28.90054821065236,2650000,5.983678340911865,1818.2778289318085,-0.0025673322,0.04516339302062988,-4.0836417e-06,6.257479906082153,2.159446954727173,0.2283339500427246,264,25.819833287876463
1.6602208603064321,3.6900382041931152,33.14216580107072,100,36.62224803725935,28.834411205294963,2660000,6.031017065048218,1824.6055250167847,0.0075048907,0.04273223876953125,-4.0826067e-06,6.316254377365112,2.1497488021850586,0.24222469329833984,265,26.107030621007734
1.695392027527783,3.4973180294036865,33.11911207058516,100,36.59198697385911,29.344124181539446,2670000,5.760483264923096,1830.8168969154358,-0.0014278544,0.044202566146850586,-4.0635327e-06,6.166966438293457,2.075561285018921,0.36194300651550293,266,26.131917128987745
1.5896621080297415,3.772289991378784,33.174094650037915,100,36.3620227701479,28.56256379100025,2680000,6.21224045753479,1837.3711912631989,-0.00536461,0.07703447341918945,-4.0262717e-06,6.541378021240234,2.2426958084106445,0.25185656547546387,267,26.067762735519153
1.3916264108096226,3.681447982788086,33.55641232312327,100,37.05224657642023,30.431806085318264,2690000,6.055393695831299,1843.701359987259,-0.0036475004,0.03959393501281738,-4.001217e-06,6.319760322570801,2.181771755218506,0.22443151473999023,268,26.35252732543358
1.6573668763659513,3.6475772857666016,33.83093869818751,100,38.40278662211225,29.93265975394352,2700000,5.987471342086792,1850.016402721405,0.0009935981,0.07770609855651855,-3.9559e-06,6.304424524307251,2.1435940265655518,0.2389678955078125,269,26.534934728147714
1.615698611467394,3.6820337772369385,33.66377699497516,100,37.885997444260894,29.83947412073563,2710000,6.078166723251343,1856.3707916736603,-0.002680877,0.04244351387023926,-3.9449897e-06,6.34456467628479,2.20356822013855,0.2234797477722168,270,26.37240193353791
1.4327585085057906,3.653287172317505,33.23763227951926,100,36.61763433339878,29.939947533725086,2720000,5.9956560134887695,1862.670176744461,-0.00350314,0.06379103660583496,-3.8955077e-06,6.289883375167847,2.1504602432250977,0.23007655143737793,271,25.993867969495977
1.462430683183005,3.650270700454712,33.729456019852435,100,37.622547810615735,29.45794555667515,2730000,5.9508750438690186,1868.9117543697357,-0.0044829343,0.0799553394317627,-3.8359212e-06,6.230172157287598,2.1115996837615967,0.19909334182739258,272,26.342879065563682
1.5772002500843132,3.5283234119415283,34.010309061371935,100,38.54293263073493,30.90218912828138,2740000,5.798149108886719,1874.9802820682526,-0.001379776,0.03769063949584961,-3.8145756e-06,6.058112621307373,2.0727908611297607,0.22192931175231934,273,26.565580156707078
1.5635660317607014,3.8139567375183105,34.16855168832582,100,37.29229891849868,30.471964093044736,2750000,6.25977087020874,1881.5410120487213,0.0016848047,0.07711505889892578,-3.7941202e-06,6.551011323928833,2.2500336170196533,0.21394944190979004,274,26.65495428367015
1.4424284335782325,3.629862070083618,34.396582193719404,100,37.25918164071396,30.473161438893687,2760000,5.958123207092285,1887.7714869976044,0.0026238747,0.0404515266418457,-3.7489485e-06,6.219066858291626,2.1366069316864014,0.22026324272155762,275,26.847428884705295
1.4767905548949654,3.4786369800567627,34.613812276707684,100,37.9132237510637,31.11997708685614,2770000,5.734560489654541,1893.783392906189,-0.0026283509,0.04104018211364746,-3.7007976e-06,6.000634670257568,2.0731518268585205,0.2247936725616455,276,27.008434264087164
1.6587306801671646,3.7079012393951416,34.63382767246429,100,38.339497990725356,29.678570642178947,2780000,6.118788957595825,1900.189437866211,-0.003988714,0.043540000915527344,-3.6411632e-06,6.396040201187134,2.2135066986083984,0.23350048065185547,277,26.988466150982227
1.5131226418263393,3.65897798538208,34.479617308869614,100,37.84826558083994,30.717862994182806,2790000,6.005600690841675,1906.4773788452148,-0.0012396908,0.039179086685180664,-3.5813514e-06,6.276800870895386,2.156240940093994,0.23179268836975098,278,26.841285696258
1.6533048406011255,3.6372032165527344,34.629527308649415,100,38.415313746864456,30.31902104118245,2800000,6.002439975738525,1912.7475273609161,-0.0016221509,0.038869619369506836,-3.5351113e-06,6.260383129119873,2.173449754714966,0.2187669277191162,279,26.95224443552941
1.4990849489983373,3.6318092346191406,34.413019967986216,100,38.22470147406832,30.675898027839224,2810000,5.981225252151489,1919.0193922519684,-0.0052684825,0.04400467872619629,-3.5016942e-06,6.2619311809539795,2.1607112884521484,0.236433744430542,280,26.743259103725624
1.63300414193043,3.5830211639404297,34.80967385926438,100,39.173886321660035,31.79541705488228,2820000,5.877406120300293,1925.201276063919,-0.0026634256,0.05294036865234375,-3.4533248e-06,6.167888164520264,2.1078131198883057,0.23726201057434082,281,27.08960216268229
1.5856894166327364,3.5220444202423096,34.630776173494915,100,38.11156577051631,30.97526703389004,2830000,5.7927470207214355,1931.2682890892029,-0.002826168,0.04195570945739746,-3.4003028e-06,6.057295799255371,2.0850870609283447,0.22233819961547852,282,26.881360906733413
1.5541783552533917,3.8065240383148193,34.78754489114925,100,38.24507983377236,31.457738170572757,2840000,6.247326612472534,1937.7932879924774,-0.0015292139,0.045536041259765625,-3.3432002e-06,6.5137529373168945,2.24222469329834,0.22057414054870605,283,26.99459822015539
1.4707909624314675,3.619311571121216,35.25695371254033,100,38.09506763419169,31.539151420873477,2850000,5.940236330032349,1944.0194644927979,-0.00037427357,0.03707695007324219,-3.3044528e-06,6.215634346008301,2.1300902366638184,0.2380971908569336,284,27.42652406426625
1.3769479074336728,3.666952133178711,35.0293946437696,100,37.98928215435059,32.07165265041119,2860000,6.012628793716431,1950.3047986030579,-0.0011291871,0.04101705551147461,-3.2498242e-06,6.27338433265686,2.154973268508911,0.21953678131103516,285,27.181557437160535
1.513183608562897,3.9481239318847656,34.87525401323168,100,37.79308252880158,30.710111607230715,2870000,6.424262523651123,1957.0053012371063,-0.0022659847,0.040630340576171875,-3.2303913e-06,6.6904683113098145,2.2733936309814453,0.22532200813293457,286,27.010458838539265
1.4177395640061703,3.976534605026245,34.6731824975961,100,38.34097471791961,31.769403070409645,2880000,6.459177255630493,1963.7363097667694,0.00033071698,0.03889179229736328,-3.194961e-06,6.721011638641357,2.2743031978607178,0.2226715087890625,287,26.841453688742543
1.427531819034161,3.5483157634735107,34.754478379055456,100,38.206153508613646,31.196793944583167,2890000,5.844933032989502,1969.8694088459015,0.014421744,0.040255069732666016,-3.1586978e-06,6.122734069824219,2.1074378490448,0.23733782768249512,288,26.937253465785524
1.4755209368865283,3.6664295196533203,35.04209933410074,100,37.83185343681114,31.250256627121168,2900000,6.017647981643677,1976.174290895462,0.003738003,0.041620492935180664,-3.104297e-06,6.293727397918701,2.1605701446533203,0.23422455787658691,289,27.28261509903547
1.6600841927545984,3.5985968112945557,34.75395178257222,100,38.853562393956445,31.0902128091408,2910000,5.932659149169922,1982.3976929187775,0.0018132767,0.03849911689758301,-3.0453205e-06,6.213739633560181,2.1440858840942383,0.24222779273986816,290,27.01083389777151
1.481964367205125,3.6435089111328125,34.77222047995624,100,38.140368780295375,31.61754125141373,2920000,5.980501174926758,1988.6964085102081,0.0026470397,0.07850146293640137,-2.9948212e-06,6.287575721740723,2.1465823650360107,0.22527837753295898,291,27.01174728663524
1.4882123271267493,3.6378538608551025,34.82005949761195,100,38.40123678985443,31.709766241216155,2930000,5.9874701499938965,1994.975887298584,0.009243557,0.07442641258239746,-2.9450628e-06,6.269437313079834,2.160135269165039,0.20734691619873047,292,27.03750339629989
1.5365975553445657,3.6933815479278564,34.64201903296809,100,38.03596014656011,31.67683777189397,2940000,6.068058729171753,2001.3090879917145,0.007557519,0.0429842472076416,-2.9364576e-06,6.3230273723602295,2.1759989261627197,0.2117292881011963,293,26.87524240255616
1.5129892682442279,3.634100914001465,34.925523391744456,100,37.76657577716548,30.861310400523784,2950000,5.947152853012085,2007.53835439682,0.009523769,0.03915882110595703,-2.9027233e-06,6.2194342613220215,2.1240174770355225,0.23284244537353516,294,27.152305799716757
1.6210208148489922,3.6445555686950684,34.736785021400706,100,38.33639460759896,30.871124090406447,2960000,5.983930349349976,2013.8223519325256,0.0025770946,0.07858586311340332,-2.8504637e-06,6.27270245552063,2.148179531097412,0.20996379852294922,295,27.02478386655733
1.5687555865615403,3.569871664047241,34.78040396673919,100,38.714870646091356,31.453191781497218,2970000,5.824923276901245,2019.9046111106873,0.0075267507,0.038558244705200195,-2.8195122e-06,6.070088863372803,2.0715548992156982,0.2063906192779541,296,27.058546963687153
1.5413182644083816,2.895993232727051,34.56826952256653,100,38.5330075479157,31.400104661323724,2980000,4.775014877319336,2024.907579421997,0.005897032,0.024649381637573242,-2.7347828e-06,4.993839979171753,1.7269232273101807,0.19398927688598633,297,26.82257700335958
1.7157287022043264,2.9405736923217773,34.90597488968203,100,38.58044716478222,30.9076259816114,2990000,4.858547925949097,2030.0649719238281,0.0011416072,0.08135581016540527,-2.710963e-06,5.148700714111328,1.7646052837371826,0.20856833457946777,298,27.10280270204057
1.6851570612945803,3.1461188793182373,34.87140443749493,100,38.12177911219265,31.189574887440244,3000000,5.044426679611206,2035.331035375595,0.0052922154,0.04050803184509277,-2.679712e-06,5.2558434009552,1.7465486526489258,0.17071223258972168,299,27.002973428544724
