Time-Sampling,Time-SampleProc,train-AverageDiscountedReturn,LossBefore,train-AverageReturn,train-MinReturn,n_timesteps,train-MaxReturn,ItrTime,LossAfter,Time-Optimization,Itr,Time,train-NumTrajs,train-PolicyExecTime,train-EnvExecTime,train-StdReturn
5.191768169403076,0.0423588752746582,72.08943249476607,-1.4195489e-05,119.92529387583329,-74.6539560014479,10000,208.08819474358557,5.788001298904419,0.0072421725,0.553264856338501,0,5.788008689880371,100,2.7998223304748535,2.2334866523742676,44.45225090891431
5.545457601547241,0.0361480712890625,77.88928652701118,-1.4154271e-05,129.83436289892703,-20.35087151756259,20000,216.50462950435332,6.035862684249878,-0.012260973,0.4538755416870117,1,11.844753503799438,100,3.029900074005127,2.3406238555908203,58.015446749006394
5.494308233261108,0.06278562545776367,98.27471153561069,-1.4139266e-05,166.54652720482522,-169.74471928224767,30000,208.03693295785624,5.939164876937866,-0.0071198987,0.3811612129211426,2,17.798739194869995,100,2.96002197265625,2.358243227005005,57.626883534491256
5.563745975494385,0.03791046142578125,114.90162668159708,-1.4094306e-05,194.73807548969785,116.63746389940226,40000,210.50525914133664,5.853131532669067,-0.007901848,0.25096583366394043,3,23.660752773284912,100,3.0335793495178223,2.3550148010253906,12.39943565682432
5.789504289627075,0.030269145965576172,117.57231672977429,-1.4058383e-05,198.66150757313378,153.55768539353525,50000,209.63767457287125,6.127272367477417,-0.0062694377,0.30726051330566406,4,29.795326471328735,100,3.1438286304473877,2.45919132232666,7.723021777830889
6.68225622177124,0.031651973724365234,119.21623506483019,-1.402372e-05,201.66486914620168,186.49744723586397,60000,209.45756680584486,7.021466016769409,-0.005616222,0.30730414390563965,5,36.827093839645386,100,3.6086277961730957,2.8602957725524902,4.686647292507401
6.752172470092773,0.030554533004760742,119.95062292171394,-1.3980137e-05,202.7984879922435,188.28902785578842,70000,212.95096685571545,7.068891763687134,-0.003970043,0.2857472896575928,6,43.908448696136475,100,3.650033712387085,2.8915493488311768,4.893780715083666
8.097976684570312,0.0358119010925293,120.42983982678983,-1.397267e-05,204.09975533291214,188.3673617454995,80000,212.81491665765395,8.444728374481201,-0.0037478535,0.31060791015625,7,52.36399006843567,100,4.3605897426605225,3.4934394359588623,4.702007673740896
7.29327130317688,0.06609916687011719,120.87290280897795,-1.3926915e-05,204.95062024367402,193.40688499822804,90000,213.25710254452278,7.666989326477051,-0.004604804,0.3073437213897705,8,60.041907787323,100,3.9447693824768066,3.1274752616882324,4.209722855595373
9.57865023612976,0.07965588569641113,121.6727443456111,-1.3893598e-05,207.171038009246,193.31371134516706,100000,217.7315600458004,10.015502214431763,-0.004244302,0.35663747787475586,9,70.06955552101135,100,5.109971761703491,4.162534475326538,3.7069434529446625
8.659157991409302,0.04348564147949219,121.69592155644197,-1.3839583e-05,207.19872796199235,198.45843792888056,110000,216.4939402515563,9.027116537094116,-0.004620311,0.3240993022918701,10,79.11120676994324,100,4.658384561538696,3.7452566623687744,3.7040632176761696
8.504619121551514,0.03646135330200195,122.21961012206995,-1.3819513e-05,208.54679755406235,198.87181377758745,120000,222.79694709877177,8.870939254760742,-0.0026469433,0.32950639724731445,11,87.9931230545044,100,4.5614166259765625,3.6841063499450684,3.7235391892132808
8.579431295394897,0.0651237964630127,122.03781466460511,-1.3778372e-05,208.20361035466718,191.86889899105722,130000,221.33781470105714,8.952643632888794,-0.005561179,0.3078148365020752,12,96.95816993713379,100,4.633146524429321,3.6872763633728027,4.461861152855345
8.620429515838623,0.06704974174499512,122.4632186993955,-1.37439e-05,209.16209428652243,201.92772149619043,140000,218.16562042323955,9.016786813735962,-0.0052701985,0.3231775760650635,13,105.9867217540741,100,4.649328708648682,3.7134933471679688,3.229897875865402
8.59236216545105,0.040036678314208984,122.54559990738773,-1.3703957e-05,209.7372524178658,201.75226357561823,150000,217.0540879265884,8.949830293655396,-0.003637311,0.31714797019958496,14,114.94824552536011,100,4.614908218383789,3.708298444747925,3.012969560710523
11.530215740203857,0.05839991569519043,122.96409697908389,-1.3675154e-05,210.51741324328344,195.8778099199564,160000,218.1608191067078,11.974793910980225,-0.004422109,0.3857295513153076,15,126.934805393219,100,6.178340911865234,5.015676259994507,3.673505177616995
10.303853750228882,0.05079197883605957,123.21377188804946,-1.3637371e-05,211.11819380072222,200.47705494937415,170000,218.3366051978697,10.700693845748901,-0.0048737293,0.3456456661224365,16,137.6531937122345,100,5.504870653152466,4.489818572998047,3.1167568157506675
8.670992374420166,0.04894208908081055,123.35524889691438,-1.3588352e-05,211.5766393539056,202.55115087347573,180000,220.07396162122225,9.08136534690857,-0.004073975,0.36078500747680664,17,146.74901795387268,100,4.656654596328735,3.756899118423462,3.347716247746002
8.897979021072388,0.07734441757202148,123.65857028706122,-1.3553313e-05,212.31509996445737,204.65040060019103,190000,220.5528592737691,9.457540035247803,-0.0041990806,0.4816780090332031,18,156.22045946121216,100,4.771630525588989,3.8613202571868896,3.0783404673170245
11.336477041244507,0.03279304504394531,123.63603730625793,-1.3516532e-05,212.35800931783535,203.53809990854694,200000,222.917966780586,11.687168836593628,-0.003685564,0.31737327575683594,19,167.93158555030823,100,6.096357822418213,4.913002252578735,2.8901116818548367
9.933010578155518,0.06866717338562012,124.18520590961643,-1.3440444e-05,213.55221331241862,205.705910054834,210000,220.25065193847541,10.455769062042236,-0.0029007508,0.45365047454833984,20,178.39764046669006,100,5.315247535705566,4.318752288818359,3.0730473247910908
10.973037004470825,0.05292630195617676,124.12350316272128,-1.3424846e-05,213.42333445030167,207.30362787297375,220000,222.23368448669467,11.432291507720947,-0.0032620712,0.40578293800354004,21,189.85104084014893,100,5.874216079711914,4.777501344680786,2.855395092505155
9.012470722198486,0.03678417205810547,124.18777779502071,-1.3392397e-05,213.71145919328836,204.5551858957265,230000,220.7055950271283,9.388465404510498,-0.003573954,0.33885669708251953,22,199.2590045928955,100,4.820734262466431,3.9219276905059814,3.1840442028908713
11.817207336425781,0.06262660026550293,124.40697930394063,-1.3339897e-05,214.34166614561013,205.08525727608807,240000,223.1557001152768,12.350558996200562,-0.001916409,0.47017836570739746,23,211.62357640266418,100,6.353431224822998,5.118493556976318,3.349317762309217
11.598876714706421,0.0891427993774414,124.5294761560618,-1.3295801e-05,214.63144759406495,204.56842302948166,250000,222.19853034432282,11.993420600891113,-0.003217389,0.30505871772766113,24,223.63828468322754,100,6.2399742603302,5.017505407333374,3.280664961602937
8.559460401535034,0.06491756439208984,124.60108203655281,-1.3263152e-05,214.61386571547425,204.9889107025807,260000,225.39638231552343,8.941443681716919,-0.0035167756,0.31684255599975586,25,232.59372758865356,100,4.601477384567261,3.702277898788452,3.9040538361077406
10.480942964553833,0.07042694091796875,124.65042079156156,-1.325073e-05,214.76477815931776,205.7047593957321,270000,223.66850365853796,10.959739685058594,-0.003569413,0.407794713973999,26,243.56581592559814,100,5.63213038444519,4.541089773178101,3.2608634786039663
10.822021245956421,0.09218955039978027,124.75777017685003,-1.320286e-05,215.12746784283115,204.8109593216068,280000,221.38838033455283,11.303889989852905,-0.003921689,0.38933610916137695,27,254.88771724700928,100,5.810816287994385,4.695882558822632,3.103785561245213
8.756821632385254,0.08343243598937988,125.09246407999626,-1.3144346e-05,215.9195649727556,206.89124959263356,290000,222.66560523761086,9.191561698913574,-0.0032315988,0.35097241401672363,28,264.0978469848633,100,4.688079833984375,3.805870294570923,3.0269474255384514
11.8316330909729,0.047475576400756836,125.28735731726039,-1.3109734e-05,216.34797775118147,206.4177602760139,300000,225.68015618412494,12.407926082611084,-0.0027528997,0.5284199714660645,29,276.5195667743683,100,6.373218297958374,5.11236834526062,3.2507765952864105
10.617796182632446,0.05044102668762207,125.0075376831469,-1.3055931e-05,215.72914633164459,206.5594516574912,310000,224.4254144879039,11.073637008666992,-0.002381095,0.3995342254638672,30,287.6135210990906,100,5.707663059234619,4.601638555526733,3.3351825313710934
10.860049724578857,0.10363292694091797,125.47488177031002,-1.3024782e-05,216.75802196957054,205.68682173775582,320000,226.158032028464,11.352360963821411,-0.0030358476,0.38833189010620117,31,298.98206877708435,100,5.786658048629761,4.754440546035767,3.7139366153747218
10.355027675628662,0.04794430732727051,125.39059633921903,-1.30035505e-05,216.7597837623272,207.2635351352788,330000,223.44274121471858,10.761962413787842,-0.0017057351,0.3585994243621826,32,309.76139187812805,100,5.548039436340332,4.5024659633636475,3.02571412974903
10.532570838928223,0.05414581298828125,125.85819002862112,-1.296084e-05,217.7436659874506,209.90706916733026,340000,224.47995724455308,10.995476722717285,-0.0032694715,0.4082303047180176,33,320.77421140670776,100,5.626330614089966,4.599339008331299,3.482749107877061
10.74735713005066,0.04403281211853027,125.97167180834934,-1.29163e-05,218.4250752781492,209.33254201030388,350000,228.13815491726996,11.171135663986206,-0.0037214682,0.3794283866882324,34,331.96283888816833,100,5.742021560668945,4.683902263641357,3.672543762812851
8.719424724578857,0.048864126205444336,125.91704653597515,-1.28637885e-05,218.11554420380708,209.37108235145445,360000,237.83596078335404,9.135494232177734,-0.0046419892,0.3669254779815674,35,341.1134600639343,100,4.677783012390137,3.776928663253784,3.7340632259552917
11.769460916519165,0.045107126235961914,126.2708089429638,-1.2834707e-05,218.8372215179066,208.2477665191721,370000,229.98247278917617,12.182840585708618,-0.0044574738,0.3678593635559082,36,353.3105185031891,100,6.324392557144165,5.105148553848267,3.3430918776853518
14.115367889404297,0.08327722549438477,126.20565882416224,-1.2799047e-05,218.77793426862033,204.34441455577323,380000,229.4884971752107,14.654712677001953,-0.002945353,0.45563364028930664,37,367.97922801971436,100,7.587635517120361,6.126916885375977,3.510217195439602
10.879614353179932,0.05345869064331055,126.2918588921238,-1.2782405e-05,218.90916283119293,210.79820127391534,390000,229.72125074199786,11.337379455566406,-0.003680391,0.4038712978363037,38,379.3325312137604,100,5.836248874664307,4.719833850860596,3.515844266249598
8.79154372215271,0.08036994934082031,126.73547653852452,-1.2734417e-05,219.9355367783519,214.5106388900199,400000,231.0846317199216,9.228134393692017,-0.0038566827,0.35549020767211914,39,388.577392578125,100,4.743445634841919,3.784558057785034,3.207454523155136
11.764950037002563,0.04317975044250488,126.86712367457596,-1.26915975e-05,220.31151863313386,210.1886512572385,410000,231.15696099798888,12.183462381362915,-0.003065505,0.3750462532043457,40,400.7749447822571,100,6.327189683914185,5.098186016082764,3.0408638268668766
8.721786499023438,0.04263019561767578,126.81481928848513,-1.2679039e-05,220.18831520346896,214.01615721656233,420000,228.51628910603773,9.124582290649414,-0.002204187,0.3598487377166748,41,409.91409826278687,100,4.669412136077881,3.7914586067199707,3.073790238327902
11.804198980331421,0.061252593994140625,127.03385554790026,-1.2640353e-05,220.85639071722989,211.37210901290254,430000,227.65632311134337,12.209046840667725,-0.0056673368,0.343170166015625,42,422.1376721858978,100,6.343265056610107,5.104328393936157,3.2345367433546586
10.573688268661499,0.10184621810913086,126.90120937982209,-1.2624723e-05,220.6694751703227,210.5636072458943,440000,229.66395016561577,11.096689939498901,-0.0043393285,0.4208354949951172,43,433.2486436367035,100,5.68645715713501,4.575205564498901,3.6286352915480413
10.682435274124146,0.04495525360107422,127.381395380352,-1.25740535e-05,221.7627601830882,210.1546748979274,450000,233.05119736147105,11.07136344909668,-0.00488437,0.34351134300231934,44,444.3359787464142,100,5.736937046051025,4.633837699890137,3.534606770725185
8.748046636581421,0.0455164909362793,127.63124154766525,-1.2533386e-05,222.31255268029454,209.46463994617744,460000,233.00754803243365,9.194118022918701,-0.00300578,0.4001154899597168,45,453.54429721832275,100,4.722119331359863,3.7602286338806152,4.026571026350936
12.045250654220581,0.05190873146057129,127.59657579930423,-1.2517475e-05,222.15508986441264,214.21445391149908,470000,232.7856283749543,12.446822881698608,-0.0042732507,0.34932971000671387,46,466.0053062438965,100,6.536390781402588,5.15947151184082,3.5416957240952534
14.62414026260376,0.05417680740356445,127.80064978107009,-1.2479641e-05,222.53444091391654,215.31949815368776,480000,230.77670242309028,15.08438491821289,-0.0033945031,0.405698299407959,47,481.1051754951477,100,7.949316740036011,6.252761125564575,3.2145368784328503
9.272395849227905,0.06984138488769531,127.8050861197482,-1.245215e-05,222.73318528651942,208.10126667942447,490000,234.03068241266084,9.65092921257019,-0.005868398,0.3083608150482178,48,490.7767572402954,100,5.003052711486816,3.9888784885406494,4.6680512467910145
11.383941650390625,0.08802080154418945,128.37876227735057,-1.2391755e-05,224.02243030459738,187.36434283068175,500000,247.12106455448614,11.84938645362854,-0.0036542565,0.37709903717041016,49,502.63776421546936,100,6.178672552108765,4.869539737701416,7.206612807036644
10.406538486480713,0.0476531982421875,128.65029241152004,-1.2367853e-05,224.74952671803368,203.90877453624483,510000,240.38130964937608,10.829535961151123,-0.003543747,0.3749055862426758,50,513.4868574142456,100,5.612108469009399,4.48701024055481,6.661160139111428
10.200341701507568,0.03652143478393555,128.7839837274697,-1.2338155e-05,224.99622706781892,203.15553213004853,520000,242.82066884296074,10.566888332366943,-0.0038126246,0.3296043872833252,51,524.0687325000763,100,5.529255390167236,4.368623495101929,5.7867805614192145
9.579102993011475,0.07189273834228516,128.84963516818706,-1.2273708e-05,225.39669597035441,196.41676328689786,530000,244.76314102094986,10.140432119369507,-0.0025756806,0.48900485038757324,52,534.2204990386963,100,5.202097415924072,4.088446617126465,7.892352129941138
10.975616931915283,0.05606985092163086,129.5094708252439,-1.22619995e-05,226.85710490547444,214.27915253388653,540000,243.22697313210406,11.448038101196289,-0.004470011,0.41581010818481445,53,545.6951642036438,100,5.925569534301758,4.7285308837890625,5.400139997054713
10.557015419006348,0.07913494110107422,128.98575772357864,-1.2217307e-05,225.88565536309852,198.64239320153828,550000,248.21176791013642,10.99249529838562,-0.0035013729,0.35381007194519043,54,556.7051544189453,100,5.711844205856323,4.529969930648804,7.7105576718974405
10.164907455444336,0.07296156883239746,130.02676995154897,-1.2191273e-05,228.41174448569944,204.2534816136818,560000,245.04769956763974,10.61252474784851,-0.0038352322,0.37431883811950684,55,567.3343281745911,100,5.527592420578003,4.330962896347046,6.23501824236131
10.734294414520264,0.0653076171875,130.6307039262509,-1.2157936e-05,229.70245307612524,207.8976337199564,570000,252.16733846489623,11.213127613067627,-0.0041862987,0.41294002532958984,56,578.5617866516113,100,5.844346284866333,4.575199365615845,7.8577378211188815
10.365466833114624,0.054327964782714844,131.58014798574257,-1.2119607e-05,232.39130744479814,187.38660056293926,580000,253.39014519728525,10.82891321182251,-0.0048407544,0.40875983238220215,57,589.4081478118896,100,5.62998104095459,4.4245383739471436,9.366895299265998
10.286155939102173,0.06567668914794922,131.2214102430097,-1.2095709e-05,231.19470218583604,197.74803398554792,590000,249.68171606473436,10.778720378875732,-0.0052784425,0.42644238471984863,58,600.2019259929657,100,5.603040933609009,4.378799676895142,9.380496839316603
9.558712005615234,0.03760790824890137,132.02332252729312,-1.2054595e-05,233.56153195366213,196.43854025160496,600000,250.98632804957694,9.94272232055664,-0.0046833414,0.34607648849487305,59,610.1618027687073,100,5.2013914585113525,4.066593170166016,10.324214331158235
10.919211149215698,0.0554654598236084,134.6370924236813,-1.20216355e-05,239.6814198769135,214.66263952934008,610000,260.5014475263818,11.552438735961914,-0.0056674387,0.5773022174835205,60,621.7263326644897,100,5.9442198276519775,4.651677131652832,9.47338680365725
10.413482666015625,0.0568394660949707,135.86640743329008,-1.2024647e-05,243.10828782714097,216.77402983652664,620000,264.9457222924111,10.941849946975708,-0.0024913037,0.46887803077697754,61,632.6935331821442,100,5.673598051071167,4.422983407974243,9.623714578043424
10.182638883590698,0.04546761512756348,136.92065409013716,-1.1996968e-05,245.3461568427748,214.44429222154034,630000,261.821922138449,10.593553066253662,-0.004941325,0.3649022579193115,62,643.3033199310303,100,5.556291818618774,4.323166847229004,8.642610607417675
10.526126146316528,0.07835912704467773,137.33091611938076,-1.1980374e-05,246.69689914703696,183.14138516998284,640000,264.99204582194704,10.984497308731079,-0.0035002339,0.3796062469482422,63,654.3022789955139,100,5.737991809844971,4.471502304077148,12.302516065889066
10.390491247177124,0.07654094696044922,139.58822965294812,-1.1931433e-05,251.5281135104378,221.82226380828692,650000,268.19453682611294,10.83861494064331,-0.00037020163,0.3672189712524414,64,665.1595871448517,100,5.67177677154541,4.396138668060303,9.302771468992361
10.16562294960022,0.05288863182067871,140.23684183594543,-1.1910009e-05,253.0223082260125,220.23725533752923,660000,269.45134460795754,10.622006177902222,-0.0072092987,0.4031367301940918,65,675.7974758148193,100,5.549410104751587,4.306756973266602,8.664988198308066
10.608827114105225,0.05286693572998047,141.20056452339526,-1.1872691e-05,255.0739326088191,231.82903203556694,670000,269.9391606517396,11.085066795349121,-0.003893868,0.42291927337646484,66,686.8988926410675,100,5.7835376262664795,4.510144233703613,9.211068284926984
10.300994634628296,0.04633760452270508,142.30307968562664,-1.1835368e-05,257.40864497986973,231.61597219764295,680000,275.84312678570643,10.740571737289429,-0.004986213,0.39279818534851074,67,697.6579308509827,100,5.624135255813599,4.371793508529663,6.825243552223416
10.209377765655518,0.08864283561706543,142.7536529023372,-1.1794271e-05,258.7776215480736,226.32908685044592,690000,272.4239151868291,10.723969221115112,0.005633075,0.42543840408325195,68,708.3963890075684,100,5.614843368530273,4.28423547744751,8.449758434293166
10.5834481716156,0.09572339057922363,143.26307987719255,-1.1764735e-05,259.82747838079416,239.795882759778,700000,276.87386312746406,11.085057497024536,-0.0008255804,0.4055306911468506,69,719.4983532428741,100,5.766932487487793,4.5004847049713135,6.727335323998292
10.140921115875244,0.0457310676574707,144.22096545314872,-1.1737596e-05,262.16642402297947,230.63062903040245,710000,274.5843637931412,10.56322431564331,-0.0012517362,0.3761911392211914,70,730.0785934925079,100,5.576296329498291,4.26309061050415,7.428525050567389
9.971081256866455,0.03582596778869629,144.90879619751047,-1.1703244e-05,263.80215903838666,221.92527674458188,720000,275.07641770054374,10.367068767547607,-0.003210356,0.35982394218444824,71,740.4602460861206,100,5.446274757385254,4.2225022315979,9.007690297948743
9.554244756698608,0.0691995620727539,144.98699601015758,-1.1634467e-05,263.6716072427482,247.70496600392804,730000,277.8703198469317,10.12730360031128,-0.0039174017,0.5034055709838867,72,750.599023103714,100,5.219317197799683,4.040903329849243,6.784276641657081
11.173104524612427,0.045564889907836914,145.6993112654777,-1.1636747e-05,265.6114038064937,240.70235180014544,740000,280.38595597524744,11.577722787857056,-0.0017087773,0.35869455337524414,73,762.1979558467865,100,6.124524831771851,4.712316513061523,7.786193365709156
10.48781418800354,0.04303121566772461,145.60420597765008,-1.16077135e-05,265.42905809094316,233.1445971891001,750000,279.0693673760254,10.932979822158813,-0.002757643,0.40178489685058594,74,773.1474320888519,100,5.737437725067139,4.43544864654541,7.22591246582277
10.663638353347778,0.09283113479614258,146.08339413268268,-1.1591986e-05,265.8284227425031,237.30000458327916,760000,280.08751559930096,11.175785779953003,-0.0030376557,0.418781042098999,75,784.3407335281372,100,5.890216588973999,4.4593846797943115,7.910371785743384
10.266542196273804,0.04488348960876465,145.50953385452436,-1.15769535e-05,264.9417217924632,236.39937027501767,770000,280.23782986564845,10.675379037857056,-0.0024383266,0.36347150802612305,76,795.0333197116852,100,5.6288087368011475,4.333146572113037,8.642072332113429
10.099777221679688,0.05413317680358887,146.66693257157198,-1.1530575e-05,266.76388603576993,242.40994939963684,780000,281.4283827546901,10.582491636276245,-0.0024698507,0.42818522453308105,77,805.6306629180908,100,5.541219711303711,4.2542946338653564,7.59840159584846
10.644368171691895,0.09019827842712402,147.6671899230241,-1.1510976e-05,268.7781144372708,225.35897889410893,790000,282.90374115058705,11.148380517959595,-0.004399233,0.4134542942047119,78,816.7952468395233,100,5.8427934646606445,4.485871315002441,9.431159719129022
14.02729868888855,0.04454302787780762,147.70025183683217,-1.1483188e-05,269.31854952530796,238.13725579021147,800000,283.7461161808995,14.482235193252563,-0.0031049843,0.4097566604614258,79,831.296669960022,100,7.695399761199951,5.920830249786377,7.507572799132672
10.194122076034546,0.05657792091369629,148.31693302891566,-1.1469494e-05,271.2412061147372,245.2117796838752,810000,282.99971126958775,10.673039436340332,-0.0026187643,0.4219961166381836,80,841.9840266704559,100,5.602037668228149,4.279689311981201,7.370473272760795
10.579345703125,0.09478497505187988,148.68509172364926,-1.1430909e-05,271.38603289053447,245.69816109886773,820000,281.1261384888811,11.107650995254517,-0.003927434,0.4330422878265381,81,853.1086885929108,100,5.827193975448608,4.438682556152344,7.0094646887248295
8.590030908584595,0.05545973777770996,147.96056533953103,-1.1393958e-05,269.91209760026965,208.80998786345515,830000,281.79662236606316,9.038838148117065,-0.0023870533,0.39304232597351074,82,862.1664278507233,100,4.71402907371521,3.6150095462799072,10.273255451306355
8.55981993675232,0.04428982734680176,148.9708150650602,-1.13698325e-05,271.8574828128087,232.26334107608028,840000,284.4130923743845,8.997851610183716,-0.0036639397,0.39346790313720703,83,871.1798956394196,100,4.698188066482544,3.599226474761963,8.274411041186216
11.579593181610107,0.04745292663574219,148.8007545533863,-1.1356071e-05,271.28818349860836,212.41396167307155,850000,284.5908887862621,12.026981115341187,-0.0031324802,0.39955806732177734,84,883.2205009460449,100,6.339418649673462,4.8899827003479,9.165592438172773
10.100674867630005,0.05250191688537598,149.22469143958872,-1.131168e-05,272.1859371628073,248.24246520652335,860000,282.13030072547537,10.564610004425049,0.0020274539,0.41087889671325684,85,893.8008489608765,100,5.576184034347534,4.221498966217041,7.18042682562563
10.526025533676147,0.048714399337768555,149.89925998330054,-1.131081e-05,273.73377929541397,240.0250712928571,870000,286.0672985730068,10.987059354782104,-0.0029629979,0.41197848320007324,86,904.8048424720764,100,5.746891260147095,4.46099328994751,6.244551419630983
8.567837238311768,0.06170082092285156,149.67267481928465,-1.1275445e-05,273.36415053611296,255.30182993574448,880000,285.1069459228777,9.029027700424194,-0.0012271195,0.39914870262145996,87,913.854501247406,100,4.692544460296631,3.611405849456787,5.949881898323543
11.540770769119263,0.04664111137390137,149.912183160082,-1.1234704e-05,273.98742182379243,238.8206912432336,890000,285.92115458899855,11.972811698913574,0.001161429,0.3849935531616211,88,925.8449926376343,100,6.321013689041138,4.878119707107544,7.790093286900466
10.083248376846313,0.04830598831176758,148.96565990618325,-1.122118e-05,272.0061582627348,226.61498183537114,900000,286.5735326515998,10.499151945114136,-0.002351605,0.36719441413879395,89,936.3583130836487,100,5.541502237319946,4.236290216445923,10.784335271596097
10.405675649642944,0.08674049377441406,149.1842724402422,-1.1213117e-05,271.6978912715293,212.40292503811125,910000,285.7425102058745,10.908946514129639,-0.0046045105,0.41605663299560547,90,947.2825016975403,100,5.69683575630188,4.3943963050842285,8.965131160264459
10.466777563095093,0.045287132263183594,150.59150646287642,-1.1178658e-05,275.001750457685,181.39170412120447,920000,287.1232914089282,10.897843599319458,-0.0014263637,0.38530468940734863,91,958.198178768158,100,5.746422529220581,4.403455018997192,11.020877506970159
10.079410076141357,0.04623985290527344,150.82448026189005,-1.1181258e-05,275.46933130816933,250.96472465667878,930000,286.61964484754833,10.481734991073608,-0.0008791315,0.3556666374206543,92,968.6941709518433,100,5.544720888137817,4.231441974639893,6.967065487666602
10.492372274398804,0.05296444892883301,151.119041487801,-1.1162744e-05,276.2846706460554,254.76126827546938,940000,284.5397523822322,10.971303224563599,-0.0044684624,0.42550086975097656,93,979.6794888973236,100,5.775550603866577,4.404233455657959,5.612836612890724
10.387473583221436,0.04582619667053223,151.1024579574085,-1.1127182e-05,276.6392171581551,220.81892969986237,950000,286.48731345236683,10.799643993377686,-0.004892417,0.3658719062805176,94,990.4973430633545,100,5.706263780593872,4.370822429656982,8.032189920139754
10.053547143936157,0.04400634765625,151.636508781019,-1.1099897e-05,277.7448468283091,261.7125019250599,960000,286.48704647187907,10.475395441055298,-0.0028017417,0.37734365463256836,95,1000.9864003658295,100,5.521013259887695,4.2242653369903564,4.533989685191765
10.48987364768982,0.08855390548706055,151.45229196853998,-1.1078621e-05,277.4462093353836,249.70703411303876,970000,287.43885393076914,10.986589670181274,-0.0009493028,0.4078516960144043,96,1011.9865720272064,100,5.765482664108276,4.406860589981079,5.680531990436535
8.810412645339966,0.03798937797546387,151.39688091036194,-1.106656e-05,277.5320881466933,237.4409994547194,980000,286.10564058819773,9.178301095962524,-0.0028837621,0.3296017646789551,97,1021.1816761493683,100,4.848581790924072,3.690277099609375,5.884011225415761
11.33693242073059,0.06176400184631348,151.99624615243275,-1.1066258e-05,278.96681711091935,259.58344504094305,990000,287.3463362537864,11.818398237228394,0.0028543966,0.41927671432495117,98,1033.0126893520355,100,6.234537363052368,4.762932300567627,4.76575352189479
10.13331151008606,0.044751644134521484,152.2235841535389,-1.1013434e-05,279.40286435984217,256.7039450425667,1000000,286.9432705417488,10.563608646392822,-0.00038128663,0.385225772857666,99,1043.5930802822113,100,5.567306041717529,4.252972602844238,4.743781762038262
10.17243218421936,0.08766818046569824,151.74008362021016,-1.099197e-05,278.5881896987971,261.5914084763421,1010000,286.43693164631145,10.68250846862793,0.0010558293,0.4218738079071045,100,1054.2897481918335,100,5.598496198654175,4.263043642044067,4.69888039706963
11.110661029815674,0.05504107475280762,151.93133722414365,-1.0990396e-05,278.78826231399233,221.12104400219127,1020000,287.96837965110876,11.538177490234375,-0.0047002155,0.37212681770324707,101,1065.846200466156,100,6.172195911407471,4.603754043579102,7.321932573366113
10.359733819961548,0.05006122589111328,152.3538856758612,-1.0949856e-05,279.2538073534263,243.50451443858773,1030000,287.0318972677458,10.780858516693115,-0.002966604,0.3702816963195801,102,1076.6419007778168,100,5.727014541625977,4.324561834335327,5.418912202265317
10.411087274551392,0.0621190071105957,152.04311008724915,-1.09305665e-05,278.3281793920601,242.49327880233093,1040000,286.4417717797501,10.873685836791992,-0.0039911093,0.4001598358154297,103,1087.5316004753113,100,5.735358476638794,4.363563299179077,6.53589417907675
10.485025405883789,0.04678702354431152,152.38432160777722,-1.09105e-05,279.2349159355973,266.9036240284889,1050000,288.44904757587983,10.915401458740234,-0.0033176106,0.38327574729919434,104,1098.4644284248352,100,5.787102699279785,4.384666919708252,4.521048303101546
10.117565870285034,0.04483294486999512,153.09985986625347,-1.0884634e-05,280.5599930950221,265.5741611016991,1060000,287.78135056857127,10.524567604064941,-0.0035339836,0.36174726486206055,105,1109.0032153129578,100,5.559209823608398,4.2540061473846436,3.7713160056319146
10.46098804473877,0.055889129638671875,153.15206472710688,-1.086212e-05,280.7010998935872,267.86415014173355,1070000,290.50262998016035,10.960926294326782,-0.0027970823,0.44368553161621094,106,1119.9785974025726,100,5.780781507492065,4.364962100982666,4.366728283109593
10.29360055923462,0.056748390197753906,152.83441098689025,-1.0849274e-05,280.07342962638313,249.57331146870882,1080000,288.8851381782391,10.740374565124512,-0.004116122,0.38965630531311035,107,1130.7369503974915,100,5.6319310665130615,4.354583978652954,5.7638498350270595
10.121108055114746,0.04016685485839844,153.01372080652973,-1.08175245e-05,280.3693531924062,262.17819317473345,1090000,288.67500576193083,10.548784494400024,-0.0019222078,0.3872103691101074,108,1141.3005766868591,100,5.5433878898620605,4.271056413650513,4.548643941900922
10.545933246612549,0.052880048751831055,152.60672131646263,-1.0797204e-05,279.88956321045083,254.26707244491374,1100000,289.82407303195765,11.01860761642456,-0.0035079063,0.41934919357299805,109,1152.3338298797607,100,5.812201976776123,4.419076442718506,5.573279874501248
10.329115867614746,0.045706987380981445,152.69800985891777,-1.0753738e-05,280.21540794290416,259.67134892733196,1110000,288.0174416894004,10.756407976150513,-0.0022756385,0.3811495304107666,110,1163.108773946762,100,5.672385215759277,4.340372800827026,5.419308281547562
10.176823854446411,0.08465218544006348,152.9369332735266,-1.0742502e-05,280.16793756325313,262.3260011975632,1120000,286.86778679476015,10.694842338562012,-0.0009887189,0.4330902099609375,111,1173.8179314136505,100,5.616597652435303,4.254083156585693,4.890777941033273
10.480912923812866,0.05532264709472656,153.3059580894767,-1.06974085e-05,280.71830108208815,253.18853580372905,1130000,288.36220808502753,10.959444046020508,-0.002950628,0.42267584800720215,112,1184.794678926468,100,5.730060338973999,4.432000637054443,5.042848707361343
10.187201499938965,0.08418607711791992,153.0948646119659,-1.066651e-05,280.38777987899726,251.2064040705055,1140000,287.32182033043426,10.62431788444519,-0.0009613112,0.3525826930999756,113,1195.4382812976837,100,5.587635517120361,4.285306215286255,6.324911733540211
10.117775201797485,0.09303402900695801,153.13172388159262,-1.0651937e-05,280.48599067875483,257.209050571297,1150000,288.2918438065182,10.621946573257446,-0.00323599,0.41066884994506836,114,1206.0741312503815,100,5.553104877471924,4.254936695098877,5.421047851725075
10.516130924224854,0.0519108772277832,153.27417886959483,-1.06373955e-05,280.8173606581926,261.2952779824024,1160000,287.9328703284083,10.974965810775757,-0.005357984,0.4064021110534668,115,1217.0667304992676,100,5.771630764007568,4.426184415817261,4.624442391661422
12.568331956863403,0.10919022560119629,153.07906930594706,-1.0607794e-05,280.76926739521497,226.36910531605764,1170000,289.439299436648,13.173409223556519,-0.003766154,0.49549174308776855,116,1230.2567737102509,100,6.893831014633179,5.305476188659668,9.032432265545573
11.282289743423462,0.054817914962768555,153.25562014273942,-1.0556868e-05,281.1163993939337,255.7113649291443,1180000,289.361712395621,11.771798372268677,-0.0014631738,0.434100866317749,117,1242.04958319664,100,6.195711374282837,4.753127813339233,5.875030883990802
10.514185667037964,0.05301022529602051,153.25883141194382,-1.0587388e-05,280.9020569147346,262.8379236501988,1190000,288.3575729648363,10.976031303405762,-9.5128256e-05,0.4081459045410156,118,1253.045986175537,100,5.797214984893799,4.404148578643799,4.011804024017004
10.146296977996826,0.09262514114379883,153.39194525061615,-1.0564042e-05,280.93689242362683,257.17444714570473,1200000,288.25440953264604,10.60171389579773,0.00095995795,0.36246347427368164,119,1263.6640901565552,100,5.5526442527771,4.284150838851929,5.670240636852879
8.449081420898438,0.08043384552001953,153.23785130628664,-1.053918e-05,280.2893604681143,224.9042499923695,1210000,288.19200893194846,8.893906593322754,-0.004192052,0.3639230728149414,120,1272.573194026947,100,4.640586853027344,3.5514118671417236,8.097078226668676
11.5662202835083,0.04387331008911133,152.3133956259133,-1.05150375e-05,277.99597006719296,130.55296161415632,1220000,288.7702305596442,12.005534172058105,-0.0041667116,0.3950314521789551,121,1284.5948536396027,100,6.349928379058838,4.872461557388306,21.27199655850777
10.369096040725708,0.056976318359375,153.61721735074534,-1.0504536e-05,281.2842194938072,216.7017213009339,1230000,288.73854345340516,10.82023549079895,-0.0012507711,0.39374828338623047,122,1295.4290413856506,100,5.727853775024414,4.3284125328063965,7.837204485270394
9.082551956176758,0.03848004341125488,154.0803792080095,-1.04893725e-05,282.6301504300907,267.66549676575227,1240000,288.68938766889187,9.464931726455688,-0.0036026684,0.3436262607574463,123,1304.910207748413,100,4.996013402938843,3.8149843215942383,3.4742267099571094
11.144578456878662,0.0559995174407959,154.38334872279086,-1.0453352e-05,283.10660266200625,269.89568277047493,1250000,290.3176312179709,11.605792045593262,-0.0032518362,0.40468788146972656,124,1316.5280752182007,100,6.1142799854278564,4.693727254867554,3.1716643640135294
10.215032577514648,0.0429072380065918,153.95223678780823,-1.0429993e-05,282.21636041979696,273.10580276885435,1260000,289.9591585398567,10.775666952133179,-0.0013657518,0.5173594951629639,125,1327.32000207901,100,5.635146379470825,4.274852275848389,3.212732800713679
9.983297109603882,0.060582637786865234,154.02654765903307,-1.0392853e-05,282.42564464524287,263.95571126309267,1270000,288.5850676044845,10.595823049545288,-0.0024080114,0.5504124164581299,126,1337.9432332515717,100,5.471906900405884,4.207726001739502,4.167766625728406
10.506347417831421,0.10064697265625,153.74950603960383,-1.0379311e-05,282.12317602675705,264.87680497430017,1280000,289.16180847960493,11.051761150360107,-0.00253203,0.4442861080169678,127,1349.01292014122,100,5.752145051956177,4.438135147094727,4.1342511183948245
10.136491060256958,0.05144977569580078,153.7547327751635,-1.0352363e-05,282.1826952879847,256.0670310369433,1290000,288.8544590752431,10.54939579963684,-0.0062459707,0.3609960079193115,128,1359.5788519382477,100,5.542089223861694,4.287541627883911,4.373155953480705
10.075662851333618,0.0653378963470459,154.42122458989436,-1.0335158e-05,283.37566587252263,270.16050433387835,1300000,289.7208293692633,10.554078578948975,-0.004420499,0.41254496574401855,129,1370.1465044021606,100,5.568708658218384,4.204243421554565,3.276268003398455
9.551329612731934,0.03643035888671875,154.09504759757996,-1.0311916e-05,282.61118624228214,267.0126771029295,1310000,289.82003551362044,9.913110733032227,0.0006827338,0.32475829124450684,130,1380.076327085495,100,5.2397167682647705,4.017298698425293,4.77500469885758
10.566311359405518,0.08572888374328613,153.9890299630835,-1.0283812e-05,282.40456365401593,260.6964741555332,1320000,289.529186048847,11.0730881690979,-0.0036843284,0.4207167625427246,131,1391.1620280742645,100,5.829655170440674,4.422226428985596,4.626968906227845
10.485971212387085,0.05396318435668945,154.00915634080243,-1.0247589e-05,282.2824106574653,265.5608386808495,1330000,288.5536199152378,10.900670528411865,8.1932e-06,0.3604013919830322,132,1402.0811412334442,100,5.771478652954102,4.389687776565552,4.208773000946473
8.471993207931519,0.05221724510192871,153.86221312037017,-1.0218055e-05,282.34056376422143,225.26402788497262,1340000,288.95388317948084,8.908825159072876,-0.0037614743,0.3837273120880127,133,1411.0034437179565,100,4.681477308273315,3.5312106609344482,7.218701873527206
11.935736656188965,0.06901121139526367,153.55919133539604,-1.0161834e-05,281.8249561673293,252.64138003087183,1350000,291.78194695490487,12.497003555297852,-0.0024775327,0.491762638092041,134,1423.5164453983307,100,6.526735067367554,5.05261754989624,6.874149298717836
11.043094396591187,0.053934574127197266,153.93207839831234,-1.0140942e-05,282.16830040337885,223.3239412219222,1360000,290.0348137609861,11.521909713745117,-0.003597572,0.424466609954834,135,1435.065258026123,100,6.054574728012085,4.655428409576416,7.215154807413584
10.543433427810669,0.0959017276763916,154.13037091623224,-1.0133239e-05,282.2462107571505,262.3972184108244,1370000,288.2991962037192,11.316458225250244,-0.0013960567,0.6767175197601318,136,1446.3993690013885,100,5.809519290924072,4.423027515411377,4.274795423919548
13.548080921173096,0.08638978004455566,154.20547562660985,-1.0091834e-05,282.3504978273784,264.925998215605,1380000,288.43432792487494,14.009904146194458,-0.002677684,0.3749210834503174,137,1460.4466111660004,100,7.419987440109253,5.731468915939331,3.790650839793444
8.464298248291016,0.08312273025512695,154.51358956666328,-1.00784555e-05,283.20117545361717,234.00022556384903,1390000,288.87226462902584,8.920830011367798,-0.0048981914,0.3731398582458496,138,1469.3807227611542,100,4.6780312061309814,3.5301942825317383,5.810362652347864
11.591793060302734,0.046987295150756836,154.5956725838274,-1.0050348e-05,283.7409087185544,265.4931926588793,1400000,290.2596077437632,12.008374214172363,-0.00039091567,0.3692333698272705,139,1481.402731180191,100,6.40194845199585,4.84702467918396,3.651429110522532
10.435304641723633,0.0907435417175293,153.54840374220245,-1.00349525e-05,281.4170966186171,143.63461181596224,1410000,289.3666475131581,10.939835548400879,-0.0040642624,0.4133763313293457,140,1492.3556451797485,100,5.724889755249023,4.397905111312866,14.673251607883827
10.323675632476807,0.04471945762634277,154.35371843768064,-1.00171e-05,283.19212890092257,255.87129693618212,1420000,289.20597133673255,10.77081036567688,3.291374e-05,0.40193891525268555,141,1503.1441767215729,100,5.699613094329834,4.3164191246032715,4.65449502491061
8.488934993743896,0.08221936225891113,154.74979652147044,-9.98482e-06,283.89616904241075,264.9954447267647,1430000,289.9896800889754,8.960217714309692,0.0016373163,0.38879847526550293,142,1512.1186184883118,100,4.664811611175537,3.563937187194824,3.8590323787579814
11.543795585632324,0.045577287673950195,154.70686367797245,-9.9639e-06,283.6332154735844,264.28636091803776,1440000,289.76028091601916,11.965176105499268,0.007007434,0.375185489654541,143,1524.0972814559937,100,6.376731872558594,4.822723150253296,4.0081144923679295
10.151247024536133,0.05392885208129883,154.40309264556095,-9.9419785e-06,283.1933020610976,272.5375865417078,1450000,289.0734035958107,10.641326189041138,-0.0021015862,0.4358675479888916,144,1534.7527239322662,100,5.610204458236694,4.2365500926971436,2.929674016604278
10.545504331588745,0.05668067932128906,154.658631532786,-9.927371e-06,283.802924372353,269.4029655913508,1460000,289.71489143846514,11.014330387115479,-0.005000566,0.41179561614990234,145,1545.7846472263336,100,5.802733421325684,4.421763896942139,3.6663217802807404
12.670678853988647,0.07004046440124512,154.61897675002945,-9.903099e-06,283.9260912969916,268.42394746489896,1470000,289.51878773469537,13.231255054473877,-0.0025964084,0.490034818649292,146,1559.0345516204834,100,6.9623284339904785,5.331074953079224,3.2584135172429716
11.160871028900146,0.056884050369262695,154.68472131957324,-9.904072e-06,283.6881004817106,274.4381397006545,1480000,288.54161884085903,11.63665223121643,0.0010688513,0.418426513671875,147,1570.6931235790253,100,6.138787031173706,4.690348386764526,2.7365117030174537
9.391039848327637,0.037627220153808594,154.89950038879343,-9.861148e-06,283.9300690331579,263.43621937833194,1490000,290.5675457412445,9.775403499603271,-0.00326601,0.3462691307067871,148,1580.4846451282501,100,5.142255067825317,3.963503122329712,3.534857534063325
10.700195074081421,0.06047821044921875,155.336930591474,-9.846237e-06,284.68631589780466,273.7560228711132,1500000,290.88644170527937,11.166098833084106,-0.0023390148,0.40506577491760254,149,1591.66255235672,100,5.863084316253662,4.511765241622925,2.649020808779329
9.144558668136597,0.03866457939147949,154.77796746532655,-9.807002e-06,283.3560329178188,272.5213154259187,1510000,289.4684867214077,9.567111015319824,-0.0014028273,0.3834986686706543,150,1601.2477686405182,100,5.04863429069519,3.815977096557617,3.8274251672418593
11.01430082321167,0.09414482116699219,154.99177402865936,-9.760525e-06,283.7095163287552,266.3229944550736,1520000,289.4813157616031,11.507662296295166,-0.0046818415,0.39890527725219727,151,1612.7671868801117,100,6.070005655288696,4.613900184631348,4.224391835355344
10.24559235572815,0.08494091033935547,155.33717264693882,-9.734826e-06,284.5303491596083,229.19788553228932,1530000,292.4281789768346,10.692444324493408,-0.0030252037,0.3615891933441162,152,1623.4775440692902,100,5.661937236785889,4.271002292633057,6.536230798640155
10.126624345779419,0.04432821273803711,155.42388416979082,-9.696858e-06,284.88697964411506,228.98358189680695,1540000,291.62940708172744,10.56580400466919,-0.001979759,0.3945341110229492,153,1634.0576424598694,100,5.606612682342529,4.213978290557861,6.6040223773373565
10.510331869125366,0.054491519927978516,155.49842915062564,-9.6630765e-06,285.1079598256279,271.2817910234908,1550000,290.57890640625413,10.989018440246582,-0.0038219462,0.4236636161804199,154,1645.0632238388062,100,5.7825164794921875,4.412516117095947,3.5563686101367664
10.265157222747803,0.04588913917541504,155.60824634384608,-9.612019e-06,285.30390078394345,261.47695723495025,1560000,291.2053969277742,10.692859411239624,-0.0012845024,0.38137173652648926,155,1655.776374578476,100,5.64877724647522,4.311835765838623,4.278232508169973
10.474103450775146,0.10757255554199219,154.80335589629405,-9.592444e-06,283.7791414636382,249.17958762366268,1570000,289.7793903672583,11.006079912185669,-0.0011301306,0.4240391254425049,156,1666.7967746257782,100,5.825031518936157,4.3302435874938965,5.631784380749526
10.64152717590332,0.05998349189758301,155.54531935057688,-9.552635e-06,285.061615968197,259.0460472739349,1580000,291.27721574305747,11.108502626419067,-0.0029880384,0.4064481258392334,157,1677.9222297668457,100,5.866193532943726,4.45523476600647,4.435439740845917
14.267648696899414,0.08292841911315918,155.84559027025247,-9.56238e-06,285.6264366379076,271.3777456905657,1590000,292.8071137544199,14.74241590499878,-0.00497691,0.39150190353393555,158,1692.6824796199799,100,7.904965877532959,5.942965745925903,3.42147717749004
10.292930364608765,0.05289196968078613,155.7388726291199,-9.496832e-06,285.35515977507293,269.21389680871397,1600000,292.17897635734266,10.737534999847412,0.002211398,0.3912804126739502,159,1703.4344627857208,100,5.697163343429565,4.289679288864136,3.5778871885044423
10.417399168014526,0.05600404739379883,155.57124683010238,-9.487376e-06,285.17868951788637,262.58942628142523,1610000,292.1163262581754,10.831055879592896,-0.001504374,0.35700392723083496,160,1714.281757593155,100,5.743217945098877,4.355122804641724,4.340438562453023
10.115628004074097,0.04957008361816406,155.0864661045792,-9.461296e-06,284.18905408115245,241.7714446784895,1620000,291.5579257887732,10.535985231399536,-0.0018573955,0.3703601360321045,161,1724.8337886333466,100,5.587971210479736,4.222175121307373,6.1726531416772
10.18585729598999,0.08824729919433594,154.8825389973477,-9.421857e-06,283.3278094050033,257.7443265948898,1630000,291.1116502166217,10.700201034545898,-0.003060085,0.4256751537322998,162,1735.548463344574,100,5.612563848495483,4.269619941711426,5.3584698365634456
10.46707558631897,0.053943634033203125,155.50265685693338,-9.383227e-06,284.6137840964039,229.0628335966723,1640000,291.5867686012761,10.899997472763062,-0.0041768453,0.3784792423248291,163,1746.4652302265167,100,5.747995853424072,4.396443843841553,6.963272035438452
8.391067743301392,0.06725001335144043,155.78400304779353,-9.372571e-06,285.4962320438756,272.1445239633806,1650000,291.7108997261757,8.828933715820312,0.002560778,0.37021446228027344,164,1755.3100686073303,100,4.633995294570923,3.49137806892395,3.7068741795579605
11.447859287261963,0.09334921836853027,154.7832837425259,-9.345123e-06,283.10764184326365,225.4878857105239,1660000,290.92900900253375,11.91334843635559,-0.0028488643,0.371720552444458,165,1767.2373397350311,100,6.315782308578491,4.788689136505127,7.638138470294662
10.061188697814941,0.061997413635253906,154.7584304339276,-9.327913e-06,282.9776608391109,253.8430594514868,1670000,293.87715795979403,10.503626108169556,-0.0035241304,0.3800632953643799,166,1777.7554836273193,100,5.5597429275512695,4.196211338043213,6.929017629000926
10.348923206329346,0.0679159164428711,155.224073232526,-9.292809e-06,284.3302081135981,259.4865564930224,1680000,291.84151094921543,10.826435804367065,-0.003404961,0.4087824821472168,167,1788.5985524654388,100,5.716259241104126,4.320552110671997,5.937486589253691
10.310805797576904,0.04671812057495117,155.9664739000473,-9.257699e-06,285.99581352407637,274.35765680341615,1690000,293.0749312777795,10.709765195846558,-0.0049365438,0.35184717178344727,168,1799.325169801712,100,5.690202713012695,4.309609651565552,3.528382504312177
10.086076021194458,0.05516219139099121,156.07215455349981,-9.209176e-06,286.1537196827509,276.10675529512685,1700000,291.2907901747414,10.530046939849854,-0.0021387106,0.3883645534515381,169,1809.8698003292084,100,5.573554515838623,4.207914590835571,2.726298515277417
10.287927150726318,0.10089349746704102,155.8920409180577,-9.187019e-06,285.82860955682537,278.0503836373593,1710000,293.04744226322794,10.864924669265747,0.004821999,0.47520947456359863,170,1820.7475771903992,100,5.688754081726074,4.292849063873291,3.03155778442887
10.274656295776367,0.06236600875854492,155.8666992157924,-9.140248e-06,286.1537569163826,263.97840851648147,1720000,293.27040303493584,10.744634628295898,0.011464129,0.40712809562683105,171,1831.5097279548645,100,5.640684127807617,4.325965404510498,4.62440325729661
10.008630514144897,0.09322309494018555,153.45164903228235,-9.105323e-06,281.8109590573129,209.7406762314381,1730000,293.9639213373369,10.530269384384155,-0.0060234913,0.42786431312561035,172,1842.0536181926727,100,5.504793882369995,4.2064478397369385,14.112136866794229
10.243366479873657,0.13776087760925293,155.93738054234996,-9.06575e-06,286.17400290296786,224.31269230146225,1740000,293.38824178364956,10.954407453536987,-0.0021789558,0.5722968578338623,173,1853.0209293365479,100,5.619837999343872,4.313867807388306,8.366283116704965
10.06388521194458,0.04479718208312988,155.66931165897518,-9.047856e-06,285.89258096613753,248.04604267216996,1750000,292.46959767409066,10.682072162628174,-0.003434201,0.5730116367340088,174,1863.7211968898773,100,5.514914512634277,4.249672889709473,6.129795242200783
9.85869836807251,0.08243918418884277,155.93652433121954,-9.014828e-06,286.14642753332697,270.9881352513439,1760000,292.2278187441777,10.499484539031982,-0.002535569,0.5580065250396729,175,1874.2405805587769,100,5.37508749961853,4.184063911437988,4.217367452733386
10.283640146255493,0.05591011047363281,156.33404827167007,-9.012567e-06,286.80234139308345,276.90811810246333,1770000,293.6991109153463,10.736644744873047,-0.0024572948,0.3966200351715088,176,1885.0019340515137,100,5.641595840454102,4.332023859024048,3.293003816977241
10.245846271514893,0.04606294631958008,156.15063365553036,-8.991687e-06,286.5164601604016,270.3093154317641,1780000,293.5639426316312,10.663542747497559,-0.004054152,0.3704996109008789,177,1895.6943380832672,100,5.6585845947265625,4.275925636291504,3.994604772216574
10.04580807685852,0.06438374519348145,156.6208067474699,-8.925146e-06,287.3972728288118,275.3660825356897,1790000,292.7929234031367,10.478988647460938,0.0014188502,0.3684267997741699,178,1906.1883952617645,100,5.525646209716797,4.214027643203735,2.799327254323655
10.506994247436523,0.09124374389648438,156.54071826126562,-8.919377e-06,286.9512057875021,277.16421719593717,1800000,293.30640352768694,11.005115985870361,-0.0011962393,0.406505823135376,179,1917.209742307663,100,5.7833850383758545,4.393107175827026,2.9915232732913952
14.10906720161438,0.047052860260009766,156.5403003736338,-8.90024e-06,287.32520031905665,271.19816777076386,1810000,293.37134228043016,14.509845733642578,-0.0025951113,0.3533353805541992,180,1931.736209154129,100,7.7646894454956055,5.932305574417114,3.967137179123803
8.492642879486084,0.04673409461975098,156.45796897610148,-8.849449e-06,287.0909969351494,236.9119826030995,1820000,293.9729172367311,9.097960948944092,-0.0048990077,0.5581932067871094,181,1940.848876953125,100,4.674627304077148,3.5636579990386963,6.779055973077051
8.33162546157837,0.08929777145385742,156.7163850259568,-8.816454e-06,287.51986857335413,267.5401798205356,1830000,295.79012387734167,8.865257740020752,0.0017980145,0.4433279037475586,182,1949.7373073101044,100,4.581239461898804,3.4956369400024414,4.5304225645402445
11.518559694290161,0.04585552215576172,156.87865221352047,-8.812274e-06,287.6773818601207,264.9266464647722,1840000,294.7645636381632,11.915781736373901,0.0027839884,0.3510758876800537,183,1961.6665875911713,100,6.344564914703369,4.833101511001587,3.9261492429900136
10.368424415588379,0.08265948295593262,156.88590378051853,-8.7667795e-06,287.8285977819524,278.1188529976321,1850000,293.19567143442384,10.849995613098145,0.0025466338,0.39847302436828613,184,1972.5302817821503,100,5.71374249458313,4.342751979827881,2.8245336089226907
11.104197025299072,0.11897516250610352,156.83071707714402,-8.731044e-06,287.73737396901964,281.02958474562024,1860000,293.6754126393799,11.958481073379517,-0.0006656591,0.734748363494873,185,1984.5064125061035,100,6.13323712348938,4.636519193649292,2.768366020018262
12.547194004058838,0.04446864128112793,157.24918200324683,-8.731601e-06,288.7163471391303,271.70748750611295,1870000,294.7280354112144,12.961770057678223,0.0011802807,0.36968517303466797,186,1997.5000784397125,100,6.888412952423096,5.286265850067139,3.2261517567310842
10.355745077133179,0.06198596954345703,157.31716918681298,-8.66283e-06,289.0136421876267,274.5319949690798,1880000,293.57707760625226,10.841318845748901,-0.00072574324,0.4230360984802246,187,2008.355310201645,100,5.692257881164551,4.349160432815552,2.985671283470805
10.353470087051392,0.05715584754943848,157.44916934728596,-8.6366235e-06,289.1554707375264,278.49992151992546,1890000,293.9964488184081,10.816714525222778,-0.00012502403,0.40579771995544434,188,2019.192884683609,100,5.686622619628906,4.354761362075806,2.8967438181789293
10.066083192825317,0.045728206634521484,157.06410065634577,-8.605567e-06,288.44285988922115,259.5961740588653,1900000,294.92409443255735,10.499608993530273,-0.0042477283,0.3874475955963135,189,2029.7060058116913,100,5.544132471084595,4.216543674468994,5.8859734427608394
10.418140172958374,0.0560150146484375,157.23102824373026,-8.6018135e-06,288.61654026610273,271.03014418124485,1910000,295.9356544875967,10.912593364715576,-0.0024493176,0.4380202293395996,190,2040.6351771354675,100,5.736541509628296,4.369155406951904,3.5057411851140707
8.962947607040405,0.06756949424743652,156.01878803690178,-8.56451e-06,285.6440859291145,142.30644751963806,1920000,295.18516079584316,9.349539518356323,0.008936849,0.31432509422302246,191,2050.0032794475555,100,4.962352752685547,3.73124361038208,16.122164028556753
11.277950048446655,0.05485868453979492,156.7316559630747,-8.5385345e-06,287.55075859186655,260.313047169696,1930000,296.17481298816523,11.76034665107727,0.004747785,0.42725181579589844,192,2061.7770602703094,100,6.219777345657349,4.725461721420288,6.1601992711641484
8.551923036575317,0.04488182067871094,157.38597899580355,-8.513921e-06,288.85869181809454,278.813385636991,1940000,293.75637679171206,8.966272830963135,0.020196736,0.3691251277923584,193,2070.760788679123,100,4.725643634796143,3.566018581390381,3.1423615229544177
11.808401107788086,0.0446169376373291,156.9541440159701,-8.494902e-06,288.0590747936146,275.71093090219154,1950000,293.0479740910985,12.230139970779419,0.005704133,0.3766489028930664,194,2083.0053763389587,100,6.502562046051025,4.952130317687988,3.1564878594400776
10.058313846588135,0.050985097885131836,156.8698837359374,-8.469115e-06,288.02535548677497,279.0145308780743,1960000,293.9292174263691,10.469185829162598,-0.003643815,0.359405517578125,195,2093.4886276721954,100,5.524906873703003,4.227430105209351,2.7405192861319536
10.37498140335083,0.10305929183959961,157.02482170719782,-8.451986e-06,288.3484077431615,267.0382216512822,1970000,293.89305828503615,10.894195795059204,-0.0046514734,0.41582155227661133,196,2104.3975570201874,100,5.713715076446533,4.350131988525391,3.953915796303152
10.339522123336792,0.044823408126831055,157.31481594780735,-8.4409685e-06,288.7980372860651,274.38020231896644,1980000,295.05671881533954,10.765697002410889,0.0047743088,0.38097047805786133,197,2115.1815111637115,100,5.692647933959961,4.33211088180542,3.2872358110276316
10.066922664642334,0.05114388465881348,157.22951937784603,-8.382153e-06,288.41098535152446,277.9704217621498,1990000,294.12024001965,10.480047941207886,0.002409222,0.3615763187408447,198,2125.6758749485016,100,5.559172630310059,4.205620527267456,3.150784338193785
10.370598316192627,0.05215287208557129,157.74046075190486,-8.372726e-06,289.5946769513288,279.80532125901726,2000000,296.6833277891575,10.817074298858643,-0.0022459163,0.3937406539916992,199,2136.5054173469543,100,5.727323293685913,4.324359893798828,3.1943028446057817
10.390199422836304,0.043927669525146484,157.5168747160774,-8.318152e-06,289.1358334284781,262.2267401606413,2010000,295.195363320626,10.799681663513184,-0.0027541923,0.365037202835083,200,2147.322259902954,100,5.7369465827941895,4.345316648483276,4.717715805610292
10.042069435119629,0.052025556564331055,157.73762292201795,-8.289655e-06,289.5818564295012,255.8527003837223,2020000,297.963223843083,10.46479845046997,-0.003469012,0.37038564682006836,201,2157.8010218143463,100,5.544267892837524,4.194335699081421,5.285463256154635
10.35794186592102,0.06649398803710938,157.76101881750714,-8.268027e-06,289.433656019769,263.333380892426,2030000,295.516172171027,10.8294677734375,-0.0039033613,0.4044454097747803,202,2168.6455216407776,100,5.699886322021484,4.339766979217529,4.31320631185439
10.376036643981934,0.0459291934967041,157.64295111856606,-8.228743e-06,289.24799147429144,269.1405702243073,2040000,295.7209361918623,10.783496618270874,-0.0044823014,0.36093950271606445,203,2179.447324991226,100,5.705415487289429,4.350913047790527,4.049081812239846
10.086006879806519,0.08403396606445312,157.4616385906978,-8.186565e-06,289.00146829303,266.557603807478,2050000,295.2226571809034,10.540696859359741,-0.0013754731,0.370319128036499,204,2190.0023517608643,100,5.586907386779785,4.1974475383758545,4.480856779384618
10.400943517684937,0.08790111541748047,157.79936150312176,-8.151321e-06,289.6420918832999,273.22738493675854,2060000,295.0142943464158,10.933443307876587,-0.004924793,0.4442882537841797,205,2200.9512090682983,100,5.75508189201355,4.333574056625366,3.6639617815614915
10.350531339645386,0.07863545417785645,157.29387478464832,-8.102472e-06,288.10572924090576,271.8888352108403,2070000,294.4085734985651,10.795066118240356,-0.0016956035,0.3655710220336914,206,2211.7633786201477,100,5.705249309539795,4.332412004470825,3.661714629513693
10.12885570526123,0.09699726104736328,157.79623593158715,-8.065334e-06,289.4596632319892,281.7769177595338,2080000,295.77416782887116,10.58786678314209,0.0026189191,0.3616819381713867,207,2222.364709377289,100,5.60597562789917,4.216093301773071,3.142470693548354
9.690362453460693,0.07656645774841309,158.1631702309761,-8.027856e-06,290.1534721762342,281.2687788070095,2090000,295.37178347266615,10.083495140075684,-2.0250449e-05,0.31619715690612793,208,2232.4620089530945,100,5.362226724624634,4.033659219741821,2.757796635724854
10.457893371582031,0.05357027053833008,157.15007273877404,-7.983908e-06,288.08430834781905,138.94901698422976,2100000,297.3222720242337,10.925196886062622,-0.0017437432,0.41318202018737793,209,2243.3991265296936,100,5.760882616043091,4.377795696258545,15.702911375364682
10.54542589187622,0.0555722713470459,157.8856928100458,-7.973538e-06,289.8196054865415,276.5421176431154,2110000,295.4891348404463,11.02825665473938,-0.0022803217,0.42679548263549805,210,2254.4458429813385,100,5.8353166580200195,4.388807773590088,3.0881949338327517
10.092642068862915,0.04534721374511719,158.1504172307226,-7.9329875e-06,290.33701245714184,279.94756691605477,2120000,296.66200949155797,10.499283075332642,-0.0030869362,0.3609919548034668,211,2264.9615755081177,100,5.5859904289245605,4.199084758758545,3.0303377704984173
10.635206937789917,0.05489540100097656,158.07114470724437,-7.915145e-06,289.95631621950236,276.084532651531,2130000,295.69485694990414,11.141287088394165,-0.0025024496,0.45078516006469727,212,2276.1172494888306,100,5.901542901992798,4.41274619102478,3.4148956446630883
10.697534084320068,0.04793119430541992,158.3308569167735,-7.854147e-06,290.75942277780234,274.6834340908537,2140000,296.20170749520247,11.10735011100769,-0.0016152039,0.3610820770263672,213,2287.242162704468,100,5.889209508895874,4.47355318069458,3.618609697877562
10.14781141281128,0.05104422569274902,158.56335803432242,-7.84919e-06,291.2722490123725,277.48134006701275,2150000,296.5199020045276,10.535730361938477,-0.0037725572,0.33646416664123535,214,2297.791847705841,100,5.606632471084595,4.23621129989624,3.135529231221502
10.359252214431763,0.06197190284729004,158.49976865237176,-7.805016e-06,290.86036334008224,239.42098077878043,2160000,296.9888647406541,10.8133544921875,-0.001357593,0.39177727699279785,215,2308.619876384735,100,5.719725847244263,4.3295674324035645,5.986571619599517
10.383825063705444,0.04942584037780762,158.101540897172,-7.769975e-06,290.32892524780726,266.9529590412404,2170000,297.5938919637246,10.786490678787231,-0.0010904722,0.3526737689971924,216,2319.4236011505127,100,5.720805406570435,4.352736949920654,4.054987779315117
10.007889986038208,0.05290627479553223,158.3480944254058,-7.7298755e-06,290.73999691087056,279.83719690044035,2180000,296.8766102326317,10.419169425964355,-0.0025710138,0.3578801155090332,217,2329.8582122325897,100,5.498620271682739,4.2025837898254395,3.1833280943296214
9.772482633590698,0.043401479721069336,158.52046324971488,-7.715524e-06,290.59394951526684,278.92459316528004,2190000,295.9749798693462,10.169580698013306,-0.0038853062,0.353320837020874,218,2340.0433242321014,100,5.394018650054932,4.087158679962158,3.0478663040369436
10.146908283233643,0.06929922103881836,158.47186251846136,-7.684747e-06,290.45219657821406,274.4841064548529,2200000,295.9771553006965,10.670938491821289,-0.0010419871,0.45412516593933105,219,2350.725239753723,100,5.602623701095581,4.231905698776245,3.517406461496464
10.441864252090454,0.06981301307678223,158.73802544079373,-7.651723e-06,291.3479795195548,279.5992364652867,2210000,297.65983102427737,10.923771381378174,-0.0028023007,0.41153669357299805,220,2361.665812253952,100,5.770330905914307,4.358835220336914,2.9866298529987056
10.241425037384033,0.04554319381713867,158.58080449453365,-7.610815e-06,291.0869264698646,268.70500272151656,2220000,298.4495955389935,10.675807237625122,-0.0031727727,0.38846325874328613,221,2372.357912302017,100,5.645139217376709,4.289569139480591,4.3423342080403975
10.064641952514648,0.08058500289916992,158.76233463838278,-7.56285e-06,291.3635085374901,279.2973549625668,2230000,297.5889733821318,10.535545349121094,-0.00444017,0.38996458053588867,222,2382.9073462486267,100,5.540926218032837,4.21708607673645,3.034484129851476
10.402103424072266,0.05498218536376953,158.38073102781212,-7.5282355e-06,290.5509716175521,277.4453696762416,2240000,296.5588571321105,10.857109546661377,-0.0018538828,0.3995661735534668,223,2393.7807626724243,100,5.749064922332764,4.344814300537109,3.851121554575641
10.189886569976807,0.037470102310180664,158.58328419548198,-7.482323e-06,290.66972975516273,277.94228754729727,2250000,296.99761001134675,10.598289012908936,-0.002977986,0.3705406188964844,224,2404.396898508072,100,5.630729675292969,4.252119302749634,4.128170211019888
10.080798149108887,0.045777320861816406,159.03999701416853,-7.4522345e-06,291.81706419954367,283.2744798408863,2260000,299.29747645140685,10.49385666847229,-0.0026547546,0.36670970916748047,225,2414.906056880951,100,5.578768491744995,4.199860334396362,2.7199421903906846
10.450021266937256,0.05274796485900879,159.07651404442103,-7.415528e-06,291.96538282108554,276.8000538774718,2270000,298.90676312209655,10.918589353561401,-0.0030346366,0.4152517318725586,226,2425.8411452770233,100,5.754185438156128,4.382455825805664,3.969792556717684
13.992555618286133,0.04284191131591797,158.86392263453942,-7.367601e-06,291.4514794741874,267.54964470836205,2280000,298.15161786407975,14.527755498886108,-0.00054322946,0.4917933940887451,227,2440.388840675354,100,7.7062087059021,5.874312400817871,4.93931094772025
10.059873580932617,0.0942380428314209,159.08677566456515,-7.3522137e-06,292.1919187628513,276.7222833428207,2290000,297.79711901951174,10.639482975006104,-0.0012107005,0.48462343215942383,228,2451.0450990200043,100,5.554100751876831,4.199880123138428,3.3954414745910966
10.409108877182007,0.05439305305480957,159.1144567308148,-7.310781e-06,292.53317948189516,233.1537305650424,2300000,298.9289160580599,10.851540565490723,-0.0035182307,0.3875882625579834,229,2461.9132282733917,100,5.751453638076782,4.3459391593933105,6.64402860163008
8.651504516601562,0.0375523567199707,158.74469958020327,-7.297894e-06,291.5682183104523,265.9865273891713,2310000,298.25002325245487,9.025870323181152,-0.0047415434,0.33638811111450195,230,2470.9562451839447,100,4.760504245758057,3.6238577365875244,4.630611581723926
11.452684164047241,0.06112813949584961,158.8567853121954,-7.251861e-06,291.62181208170927,273.06390496084896,2320000,298.92481274344107,11.895636320114136,0.0014703379,0.3813967704772949,231,2482.866265296936,100,6.290701150894165,4.825568199157715,3.49374971324789
10.044407606124878,0.052253007888793945,158.94489338193546,-7.2135e-06,292.0056080863098,260.02473722059483,2330000,297.9793375445944,10.489551782608032,9.121719e-05,0.39235901832580566,232,2493.371154308319,100,5.541471242904663,4.1994404792785645,4.741535375327066
8.466533899307251,0.07726359367370605,158.84856666643898,-7.1775844e-06,292.0210988921317,235.8442596958939,2340000,298.35364123624777,8.886446952819824,0.001195794,0.3421652317047119,233,2502.2731812000275,100,4.668195962905884,3.5370917320251465,6.60843886555363
11.474745273590088,0.0748903751373291,159.5141105616936,-7.1326876e-06,293.33510705192543,270.59540090600177,2350000,298.7688482162069,11.920040845870972,-0.0037893811,0.3634364604949951,234,2514.2073771953583,100,6.323405504226685,4.807260751724243,3.446440962118753
10.40687108039856,0.0631861686706543,159.55376430549876,-7.1072786e-06,293.10503616000005,282.4430330948089,2360000,298.25170455137896,10.87937068939209,-0.0048424588,0.4084587097167969,235,2525.10084605217,100,5.7428834438323975,4.343067646026611,2.874004717688247
9.0160813331604,0.043103694915771484,159.27917529458966,-7.0778206e-06,292.461427551416,255.88912870428152,2370000,299.41583525941934,9.383407592773438,-0.003644794,0.32377028465270996,236,2534.500321865082,100,4.992128849029541,3.7497494220733643,4.944030467985676
11.257534980773926,0.05631232261657715,159.64167846966416,-7.049902e-06,292.77209332548284,276.3782190047785,2380000,299.42118065974427,11.730724573135376,-0.0029761267,0.4163053035736084,237,2546.2439670562744,100,6.18928337097168,4.731726408004761,3.339207562418599
10.12134051322937,0.07895755767822266,159.321067131034,-7.0106435e-06,292.3155962170785,270.5619810504432,2390000,297.53800602969693,10.5491201877594,0.00032301352,0.3485281467437744,238,2556.8106484413147,100,5.578062534332275,4.242473602294922,3.6053384399035915
10.026338577270508,0.03691244125366211,159.4905095060009,-6.9791386e-06,292.3599620451439,279.3894003848881,2400000,297.34022938346465,10.377119779586792,-0.0013724747,0.3135101795196533,239,2567.200839281082,100,5.506087064743042,4.215883016586304,3.53080339990801
9.023804664611816,0.07100391387939453,159.3428150243936,-6.9169314e-06,292.56851322505923,259.8826295192399,2410000,298.783339961045,9.569013833999634,-0.002954842,0.4738466739654541,240,2576.780321121216,100,4.987485647201538,3.7616679668426514,4.813292078261036
10.96208930015564,0.06689691543579102,159.626099232344,-6.901941e-06,292.65290356128384,278.35442898039753,2420000,298.1826755728652,11.421364784240723,-0.0021634244,0.392047643661499,241,2588.222155570984,100,6.049778461456299,4.589606046676636,3.2461881775202874
10.443673372268677,0.052340030670166016,159.78337010027732,-6.9132725e-06,292.89577723877034,282.94101059326107,2430000,297.50833244511557,10.882132768630981,-0.0029123665,0.38573741912841797,242,2599.1222448349,100,5.746360540390015,4.3857581615448,3.1902330097419003
10.001434803009033,0.07613563537597656,159.48324004969768,-6.8430854e-06,292.7187091090063,272.4280732681195,2440000,298.0493224770046,10.425861597061157,-0.00085049943,0.3436291217803955,243,2609.563920736313,100,5.483377695083618,4.210112810134888,4.190152028696002
10.19985055923462,0.06252145767211914,159.82677023124432,-6.8043714e-06,293.19361511554007,278.1557177203879,2450000,298.5364796841657,10.667766332626343,-0.00086730765,0.4050288200378418,244,2620.2467832565308,100,5.634787082672119,4.26123046875,3.160164880711011
10.483485698699951,0.07352232933044434,160.008364862249,-6.760751e-06,293.7790126556328,281.19596607697355,2460000,298.405849108836,11.18366527557373,-0.0044689267,0.6258924007415771,245,2631.4470133781433,100,5.780710220336914,4.3839192390441895,2.726180694854448
13.474523782730103,0.04795122146606445,160.08508460273742,-6.7474825e-06,293.96853010610664,283.0407139168647,2470000,299.29247605506293,13.875845670700073,-0.0015269063,0.3529820442199707,246,2645.3800892829895,100,7.4203267097473145,5.659839153289795,2.552422649166955
10.169782400131226,0.052613019943237305,160.03287748397116,-6.700561e-06,293.68987810033786,269.0308591939316,2480000,299.61781666362344,10.633360385894775,-0.0030700238,0.4106254577636719,247,2656.027709007263,100,5.607777118682861,4.25688910484314,3.8265613726377157
10.4800546169281,0.05599617958068848,160.1754048803071,-6.6418024e-06,294.0586421161261,286.84264135624255,2490000,298.95655653047635,10.956702947616577,0.0034605803,0.42020320892333984,248,2667.000572681427,100,5.753957033157349,4.407793760299683,2.3999629832629954
10.045539617538452,0.04670214653015137,160.14267349092574,-6.6431157e-06,293.57671289714426,283.6540121153457,2500000,297.9496558665363,10.457200050354004,-0.0013137362,0.36428046226501465,249,2677.4728078842163,100,5.535771608352661,4.20005464553833,2.4849846227662926
13.93834900856018,0.05295109748840332,159.95546014887378,-6.6377625e-06,293.18665050202594,272.21533801383805,2510000,300.3434785427883,14.392188310623169,0.0026550053,0.4003129005432129,250,2691.8807129859924,100,7.666635274887085,5.865840673446655,3.4243333726777636
9.37594747543335,0.041300296783447266,160.00243791622333,-6.5730565e-06,293.0834598854093,280.0929018866201,2520000,297.4195365936331,9.740626573562622,-0.0003164693,0.3228917121887207,251,2701.637318611145,100,5.209287405014038,3.8834280967712402,3.1245171226158104
10.785473823547363,0.052396297454833984,159.96935265553245,-6.5633026e-06,293.0417117878307,280.72635299499734,2530000,298.114546268083,11.253742933273315,-0.0019192889,0.4153461456298828,252,2712.9018700122833,100,5.925668478012085,4.532463073730469,3.328208044905387
10.413394689559937,0.04575920104980469,159.75453304312785,-6.5417094e-06,292.63926584052433,239.3572253457782,2540000,298.41802457840924,10.818306922912598,-0.001231617,0.3587462902069092,253,2723.736249923706,100,5.734415769577026,4.367345571517944,6.345848637681108
8.441803932189941,0.0433804988861084,159.54752236780712,-6.5001254e-06,292.86334509206995,233.14768206470876,2550000,300.23786610252694,8.837094783782959,-0.00026791924,0.3515307903289795,254,2732.586410045624,100,4.665967702865601,3.5156443119049072,7.3686880598128255
11.447058200836182,0.044722795486450195,159.2277037146449,-6.478183e-06,291.97477424409783,275.33978661560155,2560000,300.2436132178997,11.876709699630737,0.0007481163,0.38452887535095215,255,2744.477061986923,100,6.293625831604004,4.8097007274627686,5.19949748249276
10.065239906311035,0.04536795616149902,159.9566246373705,-6.436937e-06,293.38928908754303,276.5791148974236,2570000,299.4608075674162,10.495496273040771,-0.0023541905,0.3844773769378662,256,2754.9891517162323,100,5.543972969055176,4.204021692276001,3.8914027880303643
10.461713075637817,0.06126761436462402,160.04027189430198,-6.4150663e-06,293.3668662296306,274.9071335057451,2580000,299.133495171431,10.94221544265747,-0.0016984618,0.4187753200531006,257,2765.947937965393,100,5.8105621337890625,4.339703321456909,3.3496575607145243
10.248606443405151,0.07890105247497559,159.88947603511076,-6.365922e-06,292.76253896315205,274.0962453645701,2590000,298.7361892400258,10.677756786346436,-0.0048260475,0.3499610424041748,258,2776.6422395706177,100,5.664888381958008,4.272343158721924,3.9503009781820397
8.464063882827759,0.04458737373352051,159.2766293790283,-6.29965e-06,291.8828692715719,248.1554436204551,2600000,298.03303742372555,8.853487014770508,-0.003919681,0.3444361686706543,259,2785.5095596313477,100,4.681870698928833,3.5198347568511963,6.191927147430391
11.460914611816406,0.0446016788482666,160.1765256652279,-6.3298316e-06,293.69650949657466,283.59772098197885,2610000,299.2057258503196,11.879785060882568,-0.0038044471,0.3738105297088623,260,2797.4049820899963,100,6.303776979446411,4.815701484680176,2.858671167242943
10.117097616195679,0.05187034606933594,160.28257868257873,-6.2696986e-06,293.7714883155715,280.76490630253846,2620000,298.5746606005833,10.563924789428711,-0.0014145904,0.3944966793060303,261,2807.983918905258,100,5.579754114151001,4.233293294906616,2.5399117062803764
9.275004863739014,0.0695652961730957,160.16634556991755,-6.219385e-06,293.93931129169016,255.50267852036558,2630000,299.9148771858032,9.674334287643433,0.004718228,0.3294711112976074,262,2817.676434278488,100,5.108723878860474,3.886688232421875,4.88375312023027
10.779605627059937,0.05507493019104004,160.50408540928126,-6.2228764e-06,294.6390755304627,289.0131068250612,2640000,298.6545024200975,11.227946758270264,0.003055035,0.39241814613342285,263,2828.914958715439,100,5.939549684524536,4.518453598022461,2.075437531054821
11.884074211120605,0.08395147323608398,160.46722210046656,-6.1650535e-06,294.2601138786876,284.19617630890656,2650000,299.530421582638,12.310668230056763,-0.0010468207,0.34232091903686523,264,2841.2428905963898,100,6.534457445144653,4.995018243789673,2.7487557700570906
9.995805978775024,0.038168907165527344,160.34583405052388,-6.1133187e-06,294.1990508821908,280.8741774231869,2660000,299.09348044491674,10.351085662841797,-0.0028752743,0.31682348251342773,265,2851.6087172031403,100,5.523837566375732,4.173367261886597,3.260917542782928
9.216696500778198,0.0980994701385498,160.21593372512933,-6.0902007e-06,293.87427380103,280.69282605570436,2670000,299.462400197677,9.795040369033813,-0.001274842,0.47969484329223633,266,2861.41611123085,100,5.081219911575317,3.854569435119629,2.8830028126892167
10.774386167526245,0.09044265747070312,160.18448129369324,-6.053741e-06,293.67740711514136,279.04845081690587,2680000,298.7165385870904,11.316987037658691,-0.002929457,0.4515054225921631,267,2872.7568147182465,100,5.952023506164551,4.4986090660095215,3.604886228810292
14.723739862442017,0.045426368713378906,160.22092865971143,-6.037865e-06,293.83801175553015,281.6585051192351,2690000,299.3273971449945,15.131598234176636,-0.0025394193,0.36202549934387207,268,2887.9072601795197,100,8.214991331100464,6.077919960021973,3.5265015374804904
10.358851432800293,0.14650893211364746,160.51276659982574,-6.014805e-06,294.3865530759243,286.94846506227873,2700000,298.52850133737934,11.029488563537598,0.0022492157,0.5236368179321289,269,2898.9492127895355,100,5.714416980743408,4.315425157546997,2.173949699947076
9.799937009811401,0.037217140197753906,160.35993715647828,-5.959876e-06,294.18431259332107,282.41872200700544,2710000,298.63830347883663,10.149722337722778,-0.0031721487,0.3122594356536865,270,2909.113161802292,100,5.4140942096710205,4.079482793807983,2.9066373221596704
10.446225881576538,0.05923175811767578,160.34942513553796,-5.898111e-06,294.23297715417795,269.6991703364225,2720000,299.2342734974139,10.936864376068115,3.5360998e-05,0.43097901344299316,271,2920.0618798732758,100,5.766343593597412,4.369205951690674,3.6154382036103447
9.401904582977295,0.03891324996948242,160.42028779710847,-5.8728274e-06,294.2750488304778,280.26378580326286,2730000,298.72631666425866,9.79860544204712,-0.0038576887,0.35733866691589355,272,2929.8789143562317,100,5.166201829910278,3.9520537853240967,3.321229691389272
10.763065338134766,0.05642819404602051,160.90080630211125,-5.848588e-06,295.23330854691574,285.1460352882481,2740000,300.43205359112693,11.23084807395935,-0.00392733,0.4109153747558594,273,2941.122570514679,100,5.920202016830444,4.517669677734375,2.689967394545764
11.900737762451172,0.05404233932495117,160.76319127689925,-5.769437e-06,294.8211934670963,280.24769800157316,2750000,299.6828381204234,12.311177492141724,-0.0017142376,0.3561248779296875,274,2953.4519984722137,100,6.542841911315918,5.005040645599365,3.095807965450159
10.042710065841675,0.037177085876464844,160.6042842171355,-5.79791e-06,294.4157672941494,248.44248723381725,2760000,299.95605069020223,10.418590784072876,-0.0031232438,0.33841371536254883,275,2963.8846797943115,100,5.529779672622681,4.206877708435059,5.313796623110039
9.396155834197998,0.06760096549987793,160.65007361499377,-5.7038997e-06,294.5119448307051,279.1105779295503,2770000,299.50594671752594,9.954874992370605,-0.0037277318,0.49064016342163086,276,2973.851086139679,100,5.193903923034668,3.920307159423828,3.071312451598149
10.85508918762207,0.07482433319091797,160.83071638760507,-5.710268e-06,294.9379003174797,277.3256531760059,2780000,300.3854186220629,11.359019756317139,-0.004596721,0.42862772941589355,277,2985.233206510544,100,5.975200176239014,4.547354221343994,2.882338435370162
9.037874460220337,0.030895471572875977,160.71197592957355,-5.668536e-06,294.7670652967694,285.9686055495205,2790000,298.74527534325745,9.399896383285522,-0.001479832,0.3304760456085205,278,2994.6489498615265,100,4.9962804317474365,3.7694339752197266,2.6999499992797515
11.079026222229004,0.05781197547912598,161.03371243287137,-5.613207e-06,295.54969171784273,288.32125685030326,2800000,299.7739838594178,11.529979467391968,-0.0015213393,0.3925745487213135,279,3006.1910190582275,100,6.108692407608032,4.642270088195801,2.232854235514996
12.088052749633789,0.1329500675201416,161.08546007336278,-5.567353e-06,295.453239896185,286.44799374570937,2810000,299.05405161505536,12.951457977294922,-0.0032590835,0.7299273014068604,280,3019.161412715912,100,6.671155214309692,5.055238246917725,2.2235442207291363
11.529149055480957,0.043670654296875,160.95680587513948,-5.5585233e-06,295.32048379856894,283.76607001867393,2820000,301.76922633010497,11.932474851608276,-0.0029132252,0.3591930866241455,281,3031.1326463222504,100,6.382510423660278,4.800501108169556,2.784412858216011
9.71454381942749,0.04273104667663574,160.6105818080479,-5.517117e-06,294.48365144245685,262.38494052711314,2830000,299.629239652188,10.097958087921143,-0.0017661819,0.3401925563812256,282,3041.2440576553345,100,5.363765001296997,4.057032585144043,4.657372399969613
10.460221290588379,0.05375051498413086,160.87048225482545,-5.491205e-06,295.39736582508624,280.22457850282524,2840000,300.5333824898081,10.938502073287964,0.00566421,0.4241771697998047,283,3052.1944603919983,100,5.750281572341919,4.396846771240234,3.0324837091266272
9.383616209030151,0.04074430465698242,160.8899314994872,-5.443714e-06,295.06968131598546,276.1556103224344,2850000,299.262682613454,9.760087490081787,0.0028138293,0.3354494571685791,284,3061.9712929725647,100,5.180964231491089,3.9199295043945312,3.131595930682109
10.876309156417847,0.056261539459228516,160.86186117249423,-5.402765e-06,294.8796168191061,286.6270750214114,2860000,300.46324239456123,11.348562955856323,0.002824504,0.4156796932220459,285,3073.331451892853,100,5.967668294906616,4.579905033111572,2.452551872165062
10.367244482040405,0.05479168891906738,160.83928666898117,-5.3758154e-06,294.97233498210954,287.37219014094626,2870000,299.54528054114996,10.786000490188599,-0.0010574603,0.3635227680206299,286,3084.134038209915,100,5.705396413803101,4.346465349197388,2.468563483605081
10.05938720703125,0.04712677001953125,161.09049149897317,-5.3927747e-06,295.74263180814876,290.20089852051257,2880000,299.3169624641128,10.471914052963257,-0.00084499613,0.36481595039367676,287,3094.6186730861664,100,5.550397634506226,4.192333698272705,1.9778431791772686
10.338998556137085,0.08939146995544434,161.08843656330845,-5.317149e-06,295.79343178453166,278.39428157219356,2890000,300.5515552723795,10.837678909301758,-0.001302116,0.40885305404663086,288,3105.4710574150085,100,5.715540409088135,4.313710451126099,3.058745147530244
10.380409955978394,0.07976269721984863,161.0230368608995,-5.3019266e-06,295.7697650501884,287.55009708556554,2900000,299.6736604957702,10.832046508789062,0.0004547293,0.37160325050354004,289,3116.3199470043182,100,5.730073690414429,4.340067386627197,2.571005307745438
10.027480363845825,0.0460352897644043,161.38860976395753,-5.243847e-06,296.6423987009809,288.12923986888745,2910000,301.8679380005433,10.427948951721191,-0.00082000217,0.3541245460510254,290,3126.764326095581,100,5.5340659618377686,4.195415496826172,2.2373684612677507
10.376007318496704,0.06269454956054688,160.92631655580703,-5.2377704e-06,295.7859299237003,267.9181827625243,2920000,302.01990701998653,10.838228940963745,-0.00046509143,0.3992173671722412,291,3137.616749048233,100,5.725664138793945,4.340321063995361,4.088153929785111
10.36327314376831,0.07043957710266113,161.09943361312227,-5.2022315e-06,295.7384283691124,282.97307399391696,2930000,299.9007077419212,10.778391122817993,-0.0016328128,0.3443639278411865,292,3148.411292552948,100,5.722615957260132,4.33291220664978,2.688230564364871
9.502884149551392,0.04360175132751465,161.1477288510919,-5.185209e-06,295.81432078749157,289.0161981582172,2940000,300.5746694954301,9.874387741088867,-0.0025461265,0.32733607292175293,293,3158.300096988678,100,5.277649164199829,3.9312973022460938,2.1633893829236963
8.982616186141968,0.04230165481567383,161.10955598020794,-5.153666e-06,295.73062517697747,287.6190723228931,2950000,299.99866640672036,9.378312110900879,0.0055990363,0.35287976264953613,294,3167.6918621063232,100,4.925699710845947,3.764496088027954,2.2294823070130216
8.733869314193726,0.03884267807006836,161.22531191437136,-5.125001e-06,295.74801891681096,289.0502407996188,2960000,299.4254330955113,9.068489789962769,-0.0021037138,0.29549360275268555,295,3176.7752804756165,100,4.8153135776519775,3.6531856060028076,2.0001783382813154
7.580049991607666,0.03417229652404785,161.1480804415801,-5.1098687e-06,295.5341778914929,286.7461525887581,2970000,300.3618284589023,7.936136722564697,-0.0005452543,0.3216552734375,296,3184.721913099289,100,4.181711196899414,3.1661062240600586,2.308465144584289
7.578949213027954,0.03746223449707031,161.4711714087486,-5.085607e-06,296.21423870446165,291.5082220854963,2980000,300.84952547827714,7.911346673965454,-0.0034547653,0.294689416885376,297,3192.6451394557953,100,4.182576656341553,3.1621789932250977,1.835197903981634
7.583164215087891,0.03944253921508789,161.63636914563168,-5.0596045e-06,296.3344202334207,285.14531526453163,2990000,301.42965929489634,7.915964841842651,-0.0028914607,0.2930874824523926,298,3200.571151971817,100,4.1862077713012695,3.1617536544799805,2.561234174818236
8.220899820327759,0.06281065940856934,161.2529321893541,-5.002849e-06,295.9001704699085,286.97654572263184,3000000,300.28709746270545,8.698439121246338,0.0013861952,0.4140920639038086,299,3209.280434370041,100,4.524536848068237,3.441528081893921,2.6610954175059587
