LossAfter,Time-SampleProc,n_timesteps,train-EnvExecTime,train-AverageDiscountedReturn,train-StdReturn,train-PolicyExecTime,train-NumTrajs,train-MinReturn,LossBefore,Itr,Time-Optimization,train-AverageReturn,Time,train-MaxReturn,ItrTime,Time-Sampling
-0.0031415536,0.08345580101013184,10000,1.7336924076080322,-1.2944434462621124,5.026507752558172,3.1637754440307617,100,-10.607416323415185,-7.094506e-05,0,0.4499533176422119,-1.8562175883724155,5.597538471221924,12.826201100967392,5.5975353717803955,5.0626373291015625
-0.006090316,0.07589888572692871,20000,1.7482762336730957,1.5632324539433846,7.866114534239846,3.1775946617126465,100,-10.306609688780364,-7.094461e-05,1,0.8598806858062744,2.117866862854047,11.646694898605347,25.964152071417615,6.030157566070557,5.094014883041382
-0.0058566416,0.04551577568054199,30000,2.1434078216552734,5.7436629313954795,9.829221779208577,3.807060480117798,100,-11.205615634035642,-7.098855e-05,2,0.2783384323120117,8.947971793547504,18.191707372665405,28.538802878687417,6.475398778915405,6.150619029998779
-0.005883897,0.06302905082702637,40000,1.7815804481506348,11.420774770795227,8.506311520560828,3.1391727924346924,100,-4.878044057337485,-7.091906e-05,3,0.2607920169830322,17.136030980600253,23.62103295326233,30.899514064107613,5.416150808334351,5.091869354248047
-0.005616596,0.08277702331542969,50000,3.8065953254699707,15.931970634224653,6.43705750654438,6.64075231552124,100,-10.817765114982123,-7.0772294e-05,4,0.3067493438720703,22.76646274609767,34.81010365486145,31.189208061160368,11.178694486618042,10.781589031219482
-0.005504585,0.06584906578063965,60000,1.8731319904327393,18.252202472723155,4.37612532887081,3.2579550743103027,100,3.0202210207188145,-7.055319e-05,5,0.2912256717681885,24.72753690342656,40.49367117881775,30.6775370399204,5.672757387161255,5.305291175842285
-0.0040267785,0.039078712463378906,70000,1.8772661685943604,18.912783730575995,3.4761430823187505,3.262904644012451,100,12.336391998658272,-7.03186e-05,6,0.24944806098937988,25.044139442645147,46.11384916305542,30.213671798550216,5.606014728546143,5.317000389099121
-0.004221476,0.044053077697753906,80000,1.9386045932769775,19.431104298618287,3.592553436080332,3.4339091777801514,100,10.762758484204571,-7.006579e-05,7,0.23920989036560059,25.755413653639952,51.97769236564636,31.697212093313194,5.8474531173706055,5.563547372817993
-0.0039329594,0.04768872261047363,90000,2.1141724586486816,20.30554329268809,2.1326510295709644,3.631141185760498,100,19.743485010349225,-6.9812675e-05,8,0.23537826538085938,26.75364826014803,58.215484380722046,30.939497930523792,6.222200393676758,5.938531875610352
-0.0053021433,0.08826899528503418,100000,2.3927230834960938,20.633990623750734,2.5461933981251748,4.1749279499053955,100,19.345526342091862,-6.957663e-05,9,0.21488595008850098,26.67127421604864,65.31947231292725,32.28308030542647,7.0923826694488525,6.788979530334473
-0.0023627854,0.10108113288879395,110000,2.401545524597168,21.37706006406609,2.539368336805143,4.05820369720459,100,16.73441577027001,-6.934248e-05,10,0.2132093906402588,27.183964236546654,72.32008147239685,32.12599451515315,6.988548040390015,6.672237157821655
-0.0047396333,0.09822845458984375,120000,2.382993698120117,21.35771421011173,2.3801570174027282,4.128869295120239,100,19.059889138895922,-6.911189e-05,11,0.212782621383667,27.14945111558862,79.36819386482239,31.11524784807632,7.036507844924927,6.725223779678345
-0.0039376672,0.04865097999572754,130000,2.393742084503174,21.980877167623845,1.7137216018385362,4.057586669921875,100,22.72861892002483,-6.8867776e-05,12,0.22977733612060547,27.802311007323752,86.3271951675415,31.15375591538397,6.947323799133301,6.668527841567993
-0.0032653247,0.052672624588012695,140000,2.6743054389953613,21.973700231786935,1.953807866719258,4.520907402038574,100,21.814842836280704,-6.8614434e-05,13,0.20719504356384277,27.66760268944281,94.02666687965393,31.50652030941682,7.688642263412476,7.428425550460815
-0.0016962978,0.08630776405334473,150000,1.8920588493347168,22.248074861240553,1.8891348458492194,3.2763848304748535,100,22.796944189642883,-6.8357236e-05,14,0.18837952613830566,27.98435763769463,99.65982866287231,32.55290463504419,5.624266624450684,5.346197843551636
-0.0027219765,0.07647562026977539,160000,1.929363489151001,22.08352524089327,2.234914322378363,3.2759344577789307,100,20.499563447922505,-6.8130605e-05,15,0.19944119453430176,27.813393977835744,105.32588601112366,33.015637870845545,5.6561408042907715,5.3800132274627686
-0.0016219697,0.03717803955078125,170000,1.9914238452911377,22.35510901688248,1.6365411377568928,3.4110376834869385,100,23.63840070345094,-6.7929e-05,16,0.21632742881774902,28.114130240185073,111.18103671073914,31.786009000848072,5.845722675323486,5.591936826705933
-0.0014322173,0.05045127868652344,180000,2.1008217334747314,22.741598104991134,1.7397825581037552,3.619560480117798,100,24.087282612933507,-6.7741326e-05,17,0.24262046813964844,28.456102417109413,117.39493680000305,31.890098571011297,6.20463490486145,5.911298513412476
-0.0019380748,0.05524253845214844,190000,2.8113412857055664,22.343494574504554,1.8551918774650948,4.805699586868286,100,22.002088013047153,-6.755563e-05,18,0.20758795738220215,28.03384289969639,125.53574872016907,32.01178993461431,8.130316495895386,7.867027044296265
-0.002651981,0.0528409481048584,200000,3.8991873264312744,22.85999154117399,1.6607264311647172,6.6205925941467285,100,23.84252047417375,-6.7343615e-05,19,0.1977372169494629,28.540837980619514,136.6419084072113,32.1676990158795,11.097308158874512,10.846409797668457
-0.0015551213,0.04519510269165039,210000,1.9171514511108398,23.049365158473165,1.550700377769482,3.294031858444214,100,23.37979756484654,-6.714474e-05,20,0.20721769332885742,28.722845483833865,142.28899240493774,31.643032704311334,5.638165712356567,5.385493755340576
-0.0033637828,0.03757143020629883,220000,1.9167251586914062,22.834823826338603,1.7607019911974842,3.2994322776794434,100,24.112446896950907,-6.693228e-05,21,0.23148131370544434,28.58152127130144,147.95822429656982,32.12590604091636,5.659733295440674,5.390476942062378
-0.0021333217,0.0570371150970459,230000,1.9478533267974854,22.90843402252517,1.660024503996627,3.2964940071105957,100,24.304376110459845,-6.6707464e-05,22,0.1943826675415039,28.526148271891067,153.64108109474182,32.092263470839804,5.67265248298645,5.420992374420166
-0.0018791319,0.04486370086669922,240000,1.9941198825836182,22.87402144324725,1.5071954471871754,3.4805262088775635,100,24.65792156522253,-6.6474575e-05,23,0.24118542671203613,28.448610364862162,159.59462475776672,32.25766980143806,5.943553447723389,5.6572771072387695
-0.002979122,0.04697680473327637,250000,2.468383312225342,23.04952550989895,1.9558145466622476,4.221121072769165,100,21.72829257979347,-6.621214e-05,24,0.2409520149230957,28.69067378912046,166.80235052108765,32.509731985173474,7.196971654891968,6.9088218212127686
-0.0021570574,0.052448272705078125,260000,2.4600107669830322,23.297733927665814,1.8018047917468292,4.2814226150512695,100,23.9911123804952,-6.594632e-05,25,0.24472737312316895,28.998612314380104,174.0706262588501,32.448347706683556,7.256809949874878,6.959284782409668
-0.0024607198,0.035675764083862305,270000,2.5250651836395264,23.181073614564603,1.688181714754112,4.414095163345337,100,24.864789245474242,-6.567775e-05,26,0.22710204124450684,28.908081392847,181.5091633796692,32.40679079791418,7.428058624267578,7.165047883987427
-0.0021158475,0.04839634895324707,280000,2.7047653198242188,23.184507440463406,1.5391634835688983,4.982233285903931,100,24.91468471939201,-6.545369e-05,27,0.20650410652160645,28.854517171485185,189.7153058052063,32.03476230994749,8.195872068405151,7.940694093704224
-0.0032505128,0.08010363578796387,290000,2.0292673110961914,23.356648463155476,1.6849062240743558,3.562481641769409,100,22.768900498959713,-6.525266e-05,28,0.19196176528930664,29.065990220078774,195.77368879318237,32.592583593525156,6.049232006072998,5.776916265487671
-0.0015011679,0.04304003715515137,300000,2.891191244125366,23.424450230027492,1.5895998443215773,4.8523478507995605,100,25.773190269728605,-6.5030465e-05,29,0.20189118385314941,29.124483448280206,204.036714553833,32.476996991129205,8.25189733505249,8.006734132766724
-0.00045692944,0.027808189392089844,310000,3.7379672527313232,23.311784793376823,1.4794049654586368,6.259253263473511,100,25.122875665012096,-6.48141e-05,30,0.21053838729858398,29.14970529844252,214.59420585632324,32.0583225907384,10.548550128936768,10.31000018119812
-0.0006275164,0.050675153732299805,320000,3.3021578788757324,23.526551819866324,1.7125298869758296,5.745893478393555,100,24.437132572422463,-6.457096e-05,31,0.23534655570983887,29.315784568513273,224.2203369140625,33.72141092267694,9.617094278335571,9.330789566040039
-0.0041364813,0.02527475357055664,330000,2.6614065170288086,23.784798680565117,1.4877319323991798,4.556432008743286,100,26.18466167542821,-6.4400934e-05,32,0.21730589866638184,29.650572021193963,231.92238974571228,33.17839750606648,7.692651748657227,7.449902296066284
-0.0011133079,0.041756391525268555,340000,2.012899875640869,23.779334378859016,1.5968444612897863,3.4131579399108887,100,26.466909231527453,-6.425652e-05,33,0.20948195457458496,29.687924950239065,237.78837656974792,33.69701671342279,5.856337308883667,5.60478663444519
-0.00095911586,0.03774118423461914,350000,1.9834821224212646,23.602383810305113,1.5448899612237883,3.3754141330718994,100,25.694735933258595,-6.406237e-05,34,0.2161540985107422,29.450679120369337,243.600426197052,32.90225365259397,5.801394939422607,5.547255516052246
-0.0017721496,0.03804421424865723,360000,1.985502004623413,23.866272985452355,1.4643609116012941,3.401583433151245,100,26.286047878853466,-6.3852276e-05,35,0.21932125091552734,29.828609010069922,249.43450117111206,33.10729202628083,5.823814392089844,5.56620717048645
-0.0009806771,0.05043458938598633,370000,2.2542929649353027,23.992918261290498,1.618063415024097,3.8102922439575195,100,25.409701277083194,-6.359672e-05,36,0.23176193237304688,30.00920811366784,255.9948160648346,33.4902739218443,6.549772024154663,6.267142057418823
-0.0019061047,0.04285025596618652,380000,2.4346320629119873,23.92391378192196,1.7177017223122153,4.110275983810425,100,25.81989841211406,-6.337785e-05,37,0.24638962745666504,29.91102209436346,263.05349612236023,34.98996083825498,7.046917200088501,6.75739049911499
-0.0026330713,0.04898858070373535,390000,2.4792637825012207,23.938697671983842,1.7065909557395598,4.27459454536438,100,26.170068366495872,-6.317092e-05,38,0.23400211334228516,29.924302919795515,270.31838393211365,34.41982389616455,7.253312826156616,6.969961404800415
-0.0022260095,0.043257951736450195,400000,2.51497220993042,24.036650036218333,1.650115262503901,4.339777946472168,100,25.82664303694468,-6.2984785e-05,39,0.30688929557800293,30.1686525443507,277.75653314590454,33.84043933467017,7.426859140396118,7.076447010040283
-0.0030434716,0.11393332481384277,410000,3.0033490657806396,23.846388193456537,1.6033019572280898,5.085637331008911,100,26.06092200044331,-6.279841e-05,40,0.18039298057556152,30.027262365447964,286.41021943092346,33.730410745392525,8.642464637756348,8.347899198532104
-0.0021238867,0.03778386116027832,420000,2.007819652557373,24.41630581872149,1.741422452849178,3.5461671352386475,100,25.109130400796793,-6.263059e-05,41,0.20956683158874512,30.660549561728573,292.4082531929016,35.05937111391064,5.987828493118286,5.740241765975952
4.223999e-05,0.036942243576049805,430000,2.7876181602478027,24.340379592122016,1.526487384335488,4.859521865844727,100,24.609409890201828,-6.2428706e-05,42,0.2274472713470459,30.527545012911915,300.56993651390076,34.661925192178266,8.151388168334961,7.886698246002197
-0.00031898008,0.048975229263305664,440000,2.220977783203125,24.523918200321628,1.5002243201300491,4.042756795883179,100,26.4539395084882,-6.2202605e-05,43,0.22032761573791504,30.81272748564433,307.3211889266968,34.23039597009281,6.7413952350616455,6.471817255020142
-0.00039855938,0.07875561714172363,450000,3.479579448699951,24.723415694364448,1.6569248897553381,6.459833860397339,100,27.035213503061893,-6.196877e-05,44,0.22408604621887207,31.20908151854813,317.8777422904968,35.15759015767376,10.5465669631958,10.24348759651184
-0.0029698273,0.04954886436462402,460000,2.7733774185180664,24.801506337934466,1.861647038146687,4.9804277420043945,100,23.614268095072067,-6.179858e-05,45,0.2259845733642578,31.32410990325733,326.1622154712677,36.60623224230917,8.273287773132324,7.997432708740234
-0.003386915,0.07460427284240723,470000,2.6981778144836426,24.732301229971473,1.764997506377477,4.858389377593994,100,27.097513847424484,-6.154525e-05,46,0.20568323135375977,31.193568524440977,334.2534055709839,35.040085449966476,8.08029842376709,7.790674448013306
-0.0030453778,0.07034611701965332,480000,2.3336451053619385,24.4966026495726,1.7701025010760245,4.342541456222534,100,25.864135212867005,-6.1308216e-05,47,0.3168010711669922,31.013781967853646,341.55557560920715,34.451239795254956,7.291844844818115,6.8957459926605225
-0.0019096298,0.06829500198364258,490000,2.863049268722534,25.01759176960076,1.784512445297856,5.244520664215088,100,26.991964178400437,-6.114003e-05,48,0.236494779586792,31.59953726702995,350.23406982421875,35.827252814143854,8.662188053131104,8.356934785842896
-0.0011996661,0.04971647262573242,500000,2.564882755279541,24.93883975739563,1.6065896573732967,4.527316093444824,100,26.91755508807261,-6.0966144e-05,49,0.2510199546813965,31.67833053231417,357.8662760257721,34.87366978444773,7.620489597320557,7.319429397583008
-0.0017960267,0.073486328125,510000,2.6521899700164795,24.758548344769665,2.024213050312554,4.631760358810425,100,24.542202451787873,-6.078177e-05,50,0.29549193382263184,31.48183212304597,365.7615096569061,36.30931522016625,7.883915424346924,7.514577150344849
-0.0024464373,0.03067493438720703,520000,2.4056506156921387,24.95816463431418,1.8962225807493307,4.080480575561523,100,25.066445270317274,-6.057118e-05,51,0.21594595909118652,31.68992508186289,372.725882768631,35.79395110129181,6.947762727737427,6.700833082199097
0.0013388838,0.04660487174987793,530000,2.7144060134887695,25.159380284562406,1.4714816604848775,4.648097038269043,100,27.5112472900864,-6.0369206e-05,52,0.21242856979370117,31.96919393979385,380.6019139289856,35.16059099934286,7.865674018859863,7.606326580047607
-0.0024401352,0.038022518157958984,540000,2.075766086578369,25.056740969540957,1.516672241614706,3.5937204360961914,100,28.68940167822771,-6.0177772e-05,53,0.2129068374633789,31.839010952367957,386.72478580474854,34.972412108478,6.1135478019714355,5.862415790557861
-0.0024295188,0.045186758041381836,550000,2.2154674530029297,25.358982151468584,1.543952479095096,3.9293315410614014,100,27.664186318773595,-5.9961007e-05,54,0.25002312660217285,32.18409034407753,393.38004970550537,35.76608199575375,6.645690679550171,6.3502326011657715
-0.001681848,0.040497541427612305,560000,2.719883680343628,25.27161806584702,1.7175411601342117,4.713116407394409,100,28.28057335396534,-5.973888e-05,55,0.24187517166137695,32.19706985524443,401.3470118045807,36.37269105569919,7.955223083496094,7.672571659088135
-0.00030935576,0.04038739204406738,570000,3.4758591651916504,25.067617136996144,1.4928175722832924,6.296105861663818,100,28.978515440820484,-5.9495484e-05,56,0.22670388221740723,32.04370252525871,411.7068614959717,35.15922609977931,10.34862756729126,10.081202268600464
-0.0021471584,0.16711878776550293,580000,3.3100497722625732,25.25435664525043,1.630023175758192,5.8505473136901855,100,28.400365767176694,-5.931759e-05,57,0.38738512992858887,32.28771281249971,421.7216441631317,35.6348226620947,10.00484299659729,9.449459552764893
-0.0024931785,0.05159187316894531,590000,3.47074294090271,25.170003682163404,1.501137001691779,6.325558185577393,100,29.119780675276598,-5.9090096e-05,58,0.23238372802734375,32.12897183951178,432.1172339916229,35.78188814601549,10.385647773742676,10.101325035095215
-0.0021613643,0.045752525329589844,600000,3.440765380859375,25.352420629388742,1.5934153625511893,6.253888845443726,100,27.94152828159585,-5.8819234e-05,59,0.2499394416809082,32.36422360619706,442.41956639289856,35.71249371690255,10.291585206985474,9.995460033416748
-0.002707124,0.07893991470336914,610000,3.467686891555786,25.200362612435903,1.7702254095820882,6.250146389007568,100,26.548653650476016,-5.855832e-05,60,0.2209181785583496,32.23154109563253,452.76246786117554,35.639629267318846,10.330672979354858,10.030627489089966
-0.0008736908,0.05052781105041504,620000,3.4977731704711914,25.389655326966732,1.5550577382235096,6.298414945602417,100,28.549508643760525,-5.8295558e-05,61,0.23821020126342773,32.45697208012656,463.1594913005829,35.42943709702243,10.386214971542358,10.097180128097534
0.0040409295,0.2312636375427246,630000,3.5016438961029053,25.52246836437155,1.6309863561061053,6.3651087284088135,100,28.134768733895644,-5.807365e-05,62,1.0965607166290283,32.62971361053646,474.67435359954834,37.09239906134536,11.504974842071533,10.176640272140503
0.0022007464,0.04892373085021973,640000,3.196489095687866,25.358659350452708,1.6684378026087978,6.039368152618408,100,27.953207281372016,-5.7827794e-05,63,0.2786285877227783,32.53395778255749,484.5675871372223,35.72371286140366,9.845309257507324,9.515154838562012
-0.00218111,0.052437782287597656,650000,2.8669538497924805,25.7047672123846,1.6458043472611503,5.176429033279419,100,28.493712858818707,-5.756981e-05,64,0.2702193260192871,32.812392736656314,493.20881748199463,36.11060784477813,8.628833055496216,8.305757999420166
-0.0023666476,0.10556936264038086,660000,2.772435188293457,25.65475072511786,1.6746859923936916,5.04925012588501,100,28.874399926563893,-5.7307087e-05,65,0.2450869083404541,32.79005252220872,501.6452167034149,36.78730840935262,8.425659894943237,8.074747323989868
-0.0005226176,0.046358346939086914,670000,2.737144708633423,25.23904049749904,1.7976262211211576,4.953064441680908,100,24.423752900659387,-5.7064462e-05,66,0.2759847640991211,32.32701839370497,509.9123389720917,36.32648487726298,8.256259202957153,7.933634519577026
-0.000983205,0.05143380165100098,680000,3.756173849105835,25.910571159702496,1.4894404928846747,6.729713678359985,100,28.188318818542513,-5.6824745e-05,67,0.24195146560668945,33.060570666660645,521.0305087566376,35.994762122618845,11.104697465896606,10.810755252838135
-0.0021556083,0.037560462951660156,690000,3.432218551635742,25.96950266551999,1.6492631761126282,6.139851093292236,100,28.241244895486243,-5.6576202e-05,68,0.3824634552001953,33.12970150735448,531.3309712409973,36.66425671092516,10.29106855392456,9.870685815811157
0.018491939,0.04397916793823242,700000,3.967773914337158,25.71529725538361,1.6839232412531768,7.9206297397613525,100,27.144777616510293,-5.632181e-05,69,0.2869093418121338,32.90353987889768,543.9786252975464,36.59911831649084,12.59866976737976,12.267319202423096
0.006826045,0.04056739807128906,710000,3.484165668487549,25.358454215008777,1.6334437872982739,6.305516481399536,100,26.151737108773386,-5.6067478e-05,70,0.26788806915283203,32.49041640206586,554.389946937561,36.05941839746849,10.401247262954712,10.092483520507812
-0.0017499762,0.03713726997375488,720000,4.0094895362854,25.381870939458967,1.6172075214440618,7.438939571380615,100,28.981582422509934,-5.581984e-05,71,0.2278742790222168,32.475573161694264,566.4968945980072,35.79766892825046,12.096681594848633,11.831425189971924
-0.004263011,0.1852562427520752,730000,3.844444990158081,25.738730105851058,1.9138239207456154,7.280114412307739,100,26.6759540990578,-5.565581e-05,72,0.44812560081481934,32.80366720946931,578.6140058040619,36.49642580589793,12.10782265663147,11.473741054534912
-0.004365084,0.05344200134277344,740000,2.7842469215393066,25.746490026342194,1.8063833555490636,5.044130802154541,100,23.879046696933262,-5.551323e-05,73,0.24989032745361328,32.83757322168847,587.0067164897919,37.24350868830313,8.382600545883179,8.079018592834473
0.00305543,0.03996539115905762,750000,2.829307794570923,26.064599688199316,1.5560350335594577,5.171367168426514,100,29.38812881126434,-5.5357323e-05,74,0.2763228416442871,33.24963256479607,595.5837242603302,37.120665398953854,8.566970586776733,8.25042462348938
0.012171269,0.03357338905334473,760000,3.9426708221435547,25.583524583185103,1.7967801106753603,7.245656967163086,100,28.58840653399729,-5.514816e-05,75,0.24206328392028809,32.772516566416215,607.3940873146057,37.421995821403954,11.799808979034424,11.523756504058838
-0.0016476044,0.05254411697387695,770000,2.799078941345215,25.865438178682002,1.6091512495519165,5.113848924636841,100,29.86878283870824,-5.4998323e-05,76,0.24205851554870605,33.1044779343324,615.8587045669556,36.836228237825075,8.453376293182373,8.15848445892334
-0.00069996656,0.058420658111572266,780000,3.4601101875305176,25.839315890803455,1.53351410605569,6.150964260101318,100,29.77634386054602,-5.4836044e-05,77,0.2209317684173584,33.03284722408288,626.0576360225677,36.146569990768135,10.188944101333618,9.909259557723999
0.0022976517,0.039080142974853516,790000,2.806204319000244,25.763090842825434,1.511257167483547,5.022077798843384,100,29.87889784408416,-5.4625092e-05,78,0.2539408206939697,32.98373321033901,634.4401421546936,37.94526930166822,8.372620344161987,8.079363822937012
-0.0013750318,0.24986672401428223,800000,2.51608943939209,26.195694696596938,1.7116586907595768,4.547474145889282,100,25.7259260883107,-5.440477e-05,79,0.9343481063842773,33.44736407816541,642.9396781921387,37.41782069846719,8.488385915756226,7.303356647491455
-0.00085330335,0.039698123931884766,810000,2.8313159942626953,26.215203969000818,1.513621123272167,5.109155654907227,100,29.61760369243126,-5.4244778e-05,80,0.2362372875213623,33.43616888218084,651.4264628887177,37.15613447765793,8.466790914535522,8.19046950340271
-0.0025867764,0.06867480278015137,820000,4.005059719085693,26.046335729732622,1.8967472841890145,7.246468782424927,100,22.72493274887629,-5.4048283e-05,81,0.23616957664489746,33.23345518682916,663.3398714065552,37.326400853531666,11.902571439743042,11.597384452819824
-0.0013773332,0.08351445198059082,830000,2.2027690410614014,26.203313675572513,1.614157914411083,4.038602590560913,100,26.546596475599475,-5.38288e-05,82,0.2423100471496582,33.45517933670001,670.1217408180237,36.94303416570703,6.771830797195435,6.4457221031188965
-0.0037136693,0.05342578887939453,840000,2.2474730014801025,26.064975204258705,1.969381395151471,4.09000825881958,100,26.69081155962573,-5.3636377e-05,83,0.2422347068786621,33.35051211330715,676.9742267131805,37.745628672134586,6.843281030654907,6.547266721725464
0.0058054863,0.04458332061767578,850000,3.0378825664520264,25.84227668608169,1.9051760886476938,5.631518125534058,100,24.639392124474405,-5.3462813e-05,84,0.2385706901550293,33.21109282920168,686.2093081474304,37.804007106817636,9.223955631256104,8.940446376800537
-0.0013128011,0.13788485527038574,860000,2.174050807952881,25.93100190332163,1.489207156682277,3.838092803955078,100,28.74999651425101,-5.3311138e-05,85,0.3284342288970947,33.22561336606669,692.9121913909912,37.00123656432143,6.689481496810913,6.216754913330078
-0.003625315,0.04612278938293457,870000,2.3080763816833496,26.570914750779654,1.608097844647697,4.143935203552246,100,30.467892162623055,-5.3172032e-05,86,0.36351895332336426,33.945083333388226,700.002414226532,37.45014310294306,7.07830286026001,6.66827392578125
0.00026591797,0.06917905807495117,880000,2.4707465171813965,25.936420956789615,1.7564489111033197,4.379480600357056,100,27.644470942921217,-5.2990887e-05,87,0.2872180938720703,33.25590167249263,707.4503126144409,36.94277671378714,7.432181358337402,7.075453519821167
0.0028323624,0.08153176307678223,890000,2.5252747535705566,26.417761857445594,1.7394002952590886,4.383155584335327,100,29.159327486179244,-5.2814088e-05,88,0.22387361526489258,33.776319963830275,714.9047517776489,37.427257301907005,7.4352195262908936,7.129568099975586
-0.001443113,0.0449979305267334,900000,2.5543787479400635,26.09841677397888,1.5659782137147173,4.45728611946106,100,30.110644478820237,-5.261363e-05,89,0.24611783027648926,33.445724931583975,722.4567866325378,38.235953474709994,7.54138708114624,7.25
-0.0038143527,0.11074638366699219,910000,2.8495843410491943,26.301732277359783,1.8124304513650735,5.003152847290039,100,28.45949764875806,-5.2387208e-05,90,0.31194615364074707,33.70017961160923,731.00732421875,38.08106573296217,8.539087772369385,8.116102695465088
-0.00253943,0.04289698600769043,920000,2.5245120525360107,26.190484646250656,1.6486234707525367,4.446218729019165,100,29.510872515546097,-5.2188254e-05,91,0.22719693183898926,33.60032276920695,738.4865126609802,37.28280546497778,7.462683439254761,7.191622257232666
-0.00082122546,0.0288088321685791,930000,2.6992976665496826,26.450439376491047,1.7651572386783114,4.908304691314697,100,29.867050232942212,-5.2015035e-05,92,0.23367595672607422,33.88211454902217,746.6104216575623,38.01911350212884,8.114650964736938,7.851917743682861
-0.0018222239,0.0786292552947998,940000,2.0590085983276367,26.33668350109261,1.7169676349773544,3.5455095767974854,100,29.58616363613562,-5.1777748e-05,93,0.2032487392425537,33.764855963913256,752.693610906601,37.65978648058075,6.072530508041382,5.790402889251709
-0.0020987052,0.0384213924407959,950000,2.044722557067871,26.447595323446418,1.4728027863695874,3.4875175952911377,100,30.655410498803825,-5.156812e-05,94,0.2209780216217041,33.88866370470941,758.6839611530304,37.78935472539307,5.980830669403076,5.721226215362549
-0.0026979814,0.040645599365234375,960000,2.098111391067505,26.686998285871926,1.589682251157536,3.596933364868164,100,30.684347527865917,-5.1333915e-05,95,0.2269911766052246,34.177145606663956,764.8456256389618,37.96535510129609,6.1514365673065186,5.883408069610596
-0.003096553,0.050863027572631836,970000,2.4380457401275635,26.42720165682881,1.6636995111521642,4.129769802093506,100,30.56468675987296,-5.108762e-05,96,0.24218249320983887,33.94275715063574,771.9304850101471,37.770209892625225,7.073220252990723,6.779885768890381
0.0003326771,0.0574038028717041,980000,2.5630311965942383,26.387418334726707,1.628190766394415,4.306004047393799,100,29.425945397637697,-5.0839004e-05,97,0.3229215145111084,33.815016271032384,779.4093878269196,37.68045920048605,7.468122959136963,7.08734917640686
0.00026242808,0.06409311294555664,990000,3.834606170654297,26.48216907535766,1.4972302080200317,6.984750270843506,100,29.807877208469193,-5.059583e-05,98,0.2281498908996582,33.961748934006415,790.8523156642914,37.14314496447658,11.42784857749939,11.135321855545044
-0.00034210554,0.04113411903381348,1000000,3.4192092418670654,26.49440062012794,1.4529034729499777,6.177030563354492,100,31.029499751565123,-5.03527e-05,99,0.2237100601196289,34.02492119324738,801.0177330970764,37.27140530206767,10.155616044998169,9.89040732383728
0.0025501177,0.16441965103149414,1010000,3.3759658336639404,26.720517435643547,1.5596568084296794,6.276566743850708,100,29.76180067697867,-5.0098486e-05,100,1.0751302242279053,34.258891652626346,812.2482695579529,38.34756565476358,11.219986200332642,9.979635000228882
0.011815707,0.0820314884185791,1020000,3.614827871322632,26.763888275440426,1.6796093631104292,6.388687372207642,100,30.189035160985554,-4.9871793e-05,101,0.21426153182983398,34.322709370678325,822.8903894424438,38.15469232498888,10.60239839553833,10.305699348449707
0.018849652,0.04796457290649414,1030000,2.1403656005859375,26.73802138331595,1.7154217959348577,3.884526252746582,100,30.780840799480465,-4.965816e-05,102,0.2579641342163086,34.32925260772186,829.4332776069641,38.15476768051254,6.532912015914917,6.226686239242554
0.00057116913,0.05854654312133789,1040000,4.427656412124634,26.44306921295657,1.4114932136407556,8.3152174949646,100,29.64140461914125,-4.9448856e-05,103,0.48006272315979004,34.011126496041214,843.1062507629395,36.9864315894596,13.661346435546875,13.122081518173218
0.00035454804,0.07657313346862793,1050000,4.733041763305664,26.53730650792399,1.693374896530272,10.115249633789062,100,28.717852841386087,-4.9237977e-05,104,0.4384019374847412,34.04859162702127,858.9431862831116,37.22930698732758,15.772585391998291,15.256866216659546
-0.0017384496,0.04421114921569824,1060000,5.821638822555542,26.76771863573494,1.6612250390976746,13.445606708526611,100,29.918396734277106,-4.903832e-05,105,0.3153524398803711,34.295842589349135,879.0981647968292,38.13595380749736,20.133291482925415,19.772823810577393
-0.00062954554,0.04249215126037598,1070000,5.562134027481079,26.56170485600901,1.6196382298992598,11.00852918624878,100,29.563577713479503,-4.885178e-05,106,0.351635217666626,34.078707829493936,896.5796809196472,39.08904898944239,17.464247703552246,17.069629907608032
-0.0012588007,0.09515881538391113,1080000,6.735812425613403,26.518495984089096,1.6699363913703482,16.444305896759033,100,30.473915155267626,-4.8650454e-05,107,0.37641143798828125,34.039930584403585,920.8792066574097,37.56240545487888,24.288490295410156,23.81640076637268
-0.0011149083,0.0774068832397461,1090000,5.82222318649292,26.59962363148187,1.601473650763446,14.311446905136108,100,30.401075458498205,-4.848193e-05,108,0.9879801273345947,34.13817376744341,942.6405775547028,38.63325417484064,21.742219924926758,20.676483154296875
0.0014527239,0.05190014839172363,1100000,5.8715808391571045,26.56335096236257,1.5750381512226355,13.412555456161499,100,29.901486451347022,-4.8296224e-05,109,0.34545421600341797,34.08563401856296,962.9326303005219,37.66794507331714,20.213407039642334,19.814844369888306
0.0024740791,0.08487510681152344,1110000,6.751262426376343,26.88532926240613,1.4842853393737272,16.947689056396484,100,30.036493979269235,-4.8116577e-05,110,0.38197803497314453,34.44814182357474,987.6997766494751,38.306417075951394,24.753445148468018,24.28461217880249
-0.0009215424,0.07899808883666992,1120000,6.069726943969727,26.567039422692705,1.4106974026203143,14.645998477935791,100,30.645178854571807,-4.7938225e-05,111,0.412919282913208,34.09876462745253,1009.4910433292389,37.69897587545404,21.77860975265503,21.27369713783264
0.0027661945,0.048409223556518555,1130000,6.256869792938232,26.76369688357345,1.3240690155044876,15.06227421760559,100,31.38427286796388,-4.7800608e-05,112,0.37225770950317383,34.31149191872465,1031.8369314670563,37.73910251900192,22.32901120185852,21.907057285308838
-0.0021015042,0.1352064609527588,1140000,5.068706750869751,26.727851659371904,1.4819983293038441,11.98191213607788,100,30.417120330122987,-4.7699898e-05,113,0.4929516315460205,34.30923982357344,1049.9658846855164,37.073138028338356,18.110162496566772,17.4814875125885
0.008239726,0.1045529842376709,1150000,4.728381395339966,26.78181760722667,1.430567127276491,11.5801420211792,100,31.13347638433088,-4.750952e-05,114,0.43323659896850586,34.36681571223303,1067.2894587516785,38.01394664786799,17.30504059791565,16.764467239379883
0.011704238,0.061992645263671875,1160000,5.862581491470337,26.875265788530328,1.490814630674387,15.229305267333984,100,30.796397732779337,-4.730103e-05,115,0.3171231746673584,34.481581687762386,1089.296085357666,37.187515255798104,21.98505425453186,21.60501265525818
-6.3219326e-05,0.04832100868225098,1170000,6.213637590408325,26.438650296667593,1.5765835365323893,15.093806266784668,100,30.045597922287183,-4.706044e-05,116,0.3181586265563965,34.042716113442204,1111.5054891109467,37.48456519680265,22.198564291000366,21.831637620925903
0.0029162038,0.13332867622375488,1180000,5.876025915145874,26.736374066805382,1.3831756493156249,15.326809167861938,100,31.156055039191326,-4.685065e-05,117,0.42351555824279785,34.319717021467774,1133.7815568447113,37.81135500302873,22.26510787010193,21.707639694213867
0.014857034,0.16132402420043945,1190000,4.530152082443237,26.880279867620715,1.3219928543238448,10.692612409591675,100,31.061342415345464,-4.6697005e-05,118,0.7278807163238525,34.46878325700485,1150.3492047786713,37.23504372661942,16.537240505218506,15.647126197814941
0.005823732,0.04691123962402344,1200000,6.6711084842681885,26.850461416760194,1.5579735095039862,18.584309816360474,100,31.249457919063023,-4.6568148e-05,119,0.39656949043273926,34.46840812662207,1176.6819581985474,38.308022524924965,26.297839641571045,25.853864908218384
-0.0009856023,0.440371036529541,1210000,6.267019033432007,26.735059596098093,1.2724177702558719,17.717939376831055,100,32.035835872773916,-4.6422047e-05,120,0.5563290119171143,34.34556687369462,1202.2622907161713,37.547199345076166,25.56246018409729,24.56511092185974
-0.00074381894,0.06959295272827148,1220000,5.325432062149048,27.08707738080442,1.4921294616208742,13.693593502044678,100,31.892816836042783,-4.623953e-05,121,0.5201625823974609,34.77165480824451,1222.3437054157257,38.492088715725615,20.064615488052368,19.473392724990845
-0.0001235446,0.17484521865844727,1230000,4.532251358032227,27.087978744199145,1.5022529864163972,12.507800102233887,100,30.580189999841352,-4.607057e-05,122,0.5995006561279297,34.79141943697134,1240.610588312149,38.524689493036355,18.25300097465515,17.478158950805664
-0.0010687732,0.329913854598999,1240000,5.855119943618774,26.967908134757014,1.536276172672849,15.14490556716919,100,30.89911148677039,-4.591208e-05,123,1.437795877456665,34.63629143496212,1263.9128863811493,37.47019277126483,23.278568983078003,21.50904107093811
0.007908265,0.04944133758544922,1250000,5.99640417098999,26.947351291963095,1.5888015172288004,16.314491748809814,100,31.054809930137196,-4.574944e-05,124,0.3649866580963135,34.63529430152061,1287.3225636482239,38.367329601621066,23.286842346191406,22.8717942237854
0.006063832,0.1481471061706543,1260000,5.640948295593262,26.72258888266666,1.6140236397636145,15.486549854278564,100,30.747143084344756,-4.5571403e-05,125,0.4358363151550293,34.40484651892292,1309.558307647705,37.80171284938657,22.220242977142334,21.635683059692383
0.0048861187,0.1283893585205078,1270000,4.118951797485352,26.784752327926693,1.5350141178452534,9.962321043014526,100,31.037583931689664,-4.5414265e-05,126,0.35873866081237793,34.45413401770446,1324.5412874221802,37.924899257670106,14.964779138565063,14.476718187332153
0.0060892967,0.09344816207885742,1280000,4.731879949569702,26.93379819371887,1.4765728825853266,12.47358512878418,100,31.82836515849726,-4.5282864e-05,127,0.33869075775146484,34.561510572788016,1342.6544229984283,38.22906059450938,18.096534490585327,17.6574764251709
-0.0026337474,0.2585608959197998,1290000,4.25543737411499,27.05836609696607,1.5481821830386218,10.088131189346313,100,30.672402465067407,-4.5119894e-05,128,0.4831061363220215,34.71021374473361,1358.1301355361938,38.280864015579816,15.462335348129272,14.719014883041382
0.012384525,0.6430459022521973,1300000,3.9293947219848633,26.911159000160055,1.5367874624740996,10.065798997879028,100,30.652831017578986,-4.4954522e-05,129,1.0304059982299805,34.552811007112524,1374.1857721805573,38.143206505728365,16.028820037841797,14.353885173797607
-0.0022916025,0.05733299255371094,1310000,4.818026304244995,26.771143472159892,1.481597163654193,12.347520112991333,100,31.125122147852213,-4.473393e-05,130,0.46620917320251465,34.386858752947944,1392.3708763122559,38.25492419123714,18.163832187652588,17.63945460319519
-0.00092040777,0.07268810272216797,1320000,6.086614370346069,26.72520180732631,1.6316231027329375,14.189947366714478,100,31.019016710108332,-4.4544886e-05,131,0.3409585952758789,34.32469721076793,1413.5768642425537,38.076427902631956,21.17874240875244,20.764274835586548
0.007889449,0.08351659774780273,1330000,5.269711017608643,26.668079824330913,1.6100338532345346,14.5011727809906,100,30.689595443488997,-4.4374756e-05,132,0.21724438667297363,34.29167940994941,1434.1614654064178,38.427615176278096,20.573691844940186,20.272443056106567
0.026435342,0.09966492652893066,1340000,4.733366966247559,26.83128775738026,1.3801480392866217,10.757527828216553,100,30.707964581653727,-4.4220833e-05,133,0.5446860790252686,34.48320254690144,1450.6965916156769,37.143864379856154,16.523374557495117,15.877678394317627
-0.0006195515,0.11118102073669434,1350000,5.572165489196777,26.804181152949692,1.6652879216599434,15.515518426895142,100,30.78402687334006,-4.4114833e-05,134,0.46156740188598633,34.43466165309987,1472.894608259201,38.00699070116702,22.17564105987549,21.598670721054077
0.0009058256,0.13793206214904785,1360000,4.344404935836792,26.56592171639264,1.7157007008999001,11.514730453491211,100,30.26515306782192,-4.4000328e-05,135,0.48244667053222656,34.16493401506948,1489.7941641807556,38.90310362971455,16.879109859466553,16.257631063461304
-0.000680739,0.14193105697631836,1370000,4.245843887329102,26.606421533336533,1.4228771080623879,10.340307235717773,100,30.99568647413204,-4.383437e-05,136,0.7871465682983398,34.20276845169305,1505.7130618095398,37.70421972138783,15.889549970626831,14.959903001785278
-0.0020898962,0.041631221771240234,1380000,6.211369037628174,26.55169788829754,1.4896979351235546,16.708168745040894,100,30.72088888117516,-4.3668533e-05,137,0.365980863571167,34.153693773869605,1529.7532455921173,38.292989926408254,23.880868196487427,23.4715096950531
0.0015556829,0.05102944374084473,1390000,5.342813014984131,26.886078689856276,1.5435548644535222,11.36156415939331,100,30.738799018574845,-4.3499094e-05,138,0.49356722831726074,34.47591314069878,1547.4769883155823,38.16216566191914,17.71030592918396,17.16496992111206
0.0029620563,0.08479857444763184,1400000,5.090230703353882,26.753263515635467,1.550377058054171,14.02443265914917,100,29.836770191907807,-4.3323736e-05,139,0.35086727142333984,34.340493336215665,1567.5055813789368,38.04820632737728,20.014688968658447,19.5786771774292
7.907461e-05,0.11015677452087402,1410000,3.949106454849243,26.768215806937686,1.4631309738856506,9.18207597732544,100,31.00254532786818,-4.314078e-05,140,0.45242953300476074,34.36743908277167,1581.5694906711578,38.54592625888216,14.047949314117432,13.48478627204895
-0.0018042423,0.09570026397705078,1420000,5.762474298477173,26.755443245851936,1.4733314146592713,16.458266973495483,100,30.89606056521727,-4.298311e-05,141,0.38890695571899414,34.38174994631002,1604.9652409553528,38.116933759619016,23.38038992881775,22.89169406890869
0.004219335,0.12223267555236816,1430000,5.204781532287598,26.758934854302343,1.5544824048614727,11.722880601882935,100,30.888342914459123,-4.2819545e-05,142,0.3863101005554199,34.35136284007322,1622.885181903839,38.872311238353035,17.90474796295166,17.39084506034851
-0.0009239969,0.1120150089263916,1440000,5.6828293800354,26.629868877763734,1.435314036244141,15.297903299331665,100,30.68387558175792,-4.2668562e-05,143,0.5395233631134033,34.28971218441409,1645.0357239246368,37.87947226180289,22.127352476119995,21.474330186843872
0.0048449347,0.05740237236022949,1450000,3.697383403778076,26.742177490956518,1.4984198861349243,8.794882535934448,100,31.22837541810525,-4.250744e-05,144,0.31632137298583984,34.39829288254382,1658.2798607349396,38.379486668300366,13.21097993850708,12.83653473854065
0.000385803,0.13971447944641113,1460000,4.353175163269043,26.98403912603816,1.4790180338361445,11.594029188156128,100,30.890251121154797,-4.2331194e-05,145,0.5412876605987549,34.642839269981835,1675.3102662563324,38.51817496365493,17.01789903640747,16.336342096328735
-0.0017309076,0.09981369972229004,1470000,5.121023416519165,26.887707292162737,1.533472585340686,13.774862289428711,100,31.24151473172206,-4.215551e-05,146,0.35045623779296875,34.54649149426651,1695.1789546012878,38.82418475240369,19.851467609405518,19.399869203567505
-0.00136425,0.09293508529663086,1480000,5.032193183898926,26.867690749160438,1.4718628818158153,14.059410572052002,100,30.96678247718315,-4.196883e-05,147,0.39717745780944824,34.538203622110395,1715.255931854248,37.40800059005188,20.062198162078857,19.571271181106567
-0.00041878395,0.35692429542541504,1490000,5.0038347244262695,26.582759441392326,1.59490664009585,12.312105655670166,100,30.76648918986717,-4.17993e-05,148,1.7820775508880615,34.25573109851417,1735.160882949829,37.58829059160676,19.890103578567505,17.74994468688965
-0.001336211,0.2190380096435547,1500000,5.199608564376831,26.767001675385913,1.6065863253709218,16.09266424179077,100,30.55720932189751,-4.1693682e-05,149,1.3566977977752686,34.425145971103696,1758.6623649597168,37.619682165566495,23.42193341255188,21.844218015670776
0.00065069884,0.07004261016845703,1510000,4.434570550918579,26.96242990061393,1.4427919880904132,11.488853931427002,100,31.54847034292152,-4.1590516e-05,150,0.3123035430908203,34.62788739797922,1775.444902420044,38.77390708378867,16.72165584564209,16.335222721099854
-0.0012800706,0.10148406028747559,1520000,3.931807518005371,26.88989560256644,1.5252583702454534,8.535878658294678,100,30.456783622671864,-4.148064e-05,151,0.2991478443145752,34.55800342462773,1788.6899316310883,37.44043091377607,13.229517221450806,12.825747013092041
-0.0019992553,0.2985708713531494,1530000,3.9201323986053467,27.058932330361305,1.5704252595591999,9.476675510406494,100,31.229952232910243,-4.1357143e-05,152,1.2238879203796387,34.77223617247644,1803.979637145996,38.84759141414523,15.27694582939148,13.753077507019043
-0.0011543875,0.17333459854125977,1540000,4.4732279777526855,27.04551185161124,1.3684372890003955,10.0571448802948,100,30.895481979573226,-4.1203733e-05,153,0.3927311897277832,34.745276086924946,1819.5548059940338,37.60551032101225,15.521159887313843,14.950838565826416
0.006156723,0.07157373428344727,1550000,3.631432294845581,26.870741321727664,1.7112046030208001,7.716223955154419,100,30.656975780384627,-4.102226e-05,154,0.23705482482910156,34.56205064278895,1831.5539283752441,38.86471836384479,11.981003522872925,11.67181134223938
0.0016790539,0.039663076400756836,1560000,3.4905073642730713,27.040032841870378,1.5387087093489649,6.1816301345825195,100,31.102385703054942,-4.0856474e-05,155,0.22272229194641113,34.77327380166883,1841.7938296794891,38.36024695188094,10.229766368865967,9.967164754867554
0.0038564517,0.047152042388916016,1570000,2.9142305850982666,27.06278838241618,1.4999780645040965,6.128372430801392,100,31.106264810042006,-4.067021e-05,156,0.35910701751708984,34.802727156751516,1851.5045552253723,38.2826206130889,9.701718807220459,9.295122623443604
0.0013781635,0.04229092597961426,1580000,3.40834641456604,26.844468283362527,1.4528687095883497,6.6218156814575195,100,31.207357886156604,-4.0506762e-05,157,0.360321044921875,34.55974220396419,1862.276963710785,37.546136181547816,10.731330394744873,10.328325510025024
-0.0016857055,0.062482357025146484,1590000,3.3073625564575195,26.778766311002055,1.546771966840579,6.43928337097168,100,30.672923620981905,-4.0365838e-05,158,0.2490830421447754,34.51412173847597,1872.6706192493439,39.01377197277039,10.351964712142944,10.039708614349365
-0.0045471652,0.0942385196685791,1600000,2.848182201385498,26.830244417862186,1.6533172774035885,5.387344598770142,100,29.52836984207471,-4.0239647e-05,159,0.253035306930542,34.56148155071152,1881.512490272522,38.770199138252586,8.831936120986938,8.484225273132324
-0.000614379,0.03276705741882324,1610000,2.264475107192993,26.965472994854334,1.6549944433082848,4.04818058013916,100,30.031994357221258,-4.009592e-05,160,0.27901172637939453,34.702855907351584,1888.365663766861,38.91227493614994,6.831419944763184,6.5190582275390625
-0.0007685496,0.029286623001098633,1620000,2.2223165035247803,26.71379683310542,1.4470934237545117,3.966578722000122,100,31.598059131114642,-3.9980536e-05,161,0.24815940856933594,34.4231189943105,1895.0546050071716,38.601395242170234,6.677385091781616,6.399699687957764
0.0013773056,0.04993939399719238,1630000,2.5060930252075195,27.013270269703447,1.5378840692023306,4.375503778457642,100,30.309378468319757,-3.9801682e-05,162,0.25861692428588867,34.76325389529438,1902.4849951267242,38.802716494790026,7.42006516456604,7.111076354980469
-0.00083103764,0.05236101150512695,1640000,2.9849581718444824,27.29350002904198,1.584386685744413,5.936987400054932,100,31.168288134622266,-3.9604765e-05,163,0.29913878440856934,35.035801827027036,1912.0351667404175,39.36193286932745,9.537740707397461,9.185903310775757
-0.0003918077,0.03890562057495117,1650000,3.4704666137695312,27.363796782516932,1.424564221548095,7.369624376296997,100,31.24408689635437,-3.9454946e-05,164,0.23714947700500488,35.09946729410489,1923.5026247501373,37.85740867516416,11.456093549728394,11.179790019989014
-5.5758173e-06,0.049829959869384766,1660000,3.5980165004730225,26.94026043108763,1.552483318111895,6.640348672866821,100,31.58872621865557,-3.9368777e-05,165,0.22107243537902832,34.6516942490089,1934.3327918052673,38.363523016011136,10.818880319595337,10.547702550888062
0.0007382255,0.09203052520751953,1670000,2.9106903076171875,27.028870978943083,1.4764563750373285,5.71902871131897,100,31.796273046618413,-3.9254253e-05,166,0.26546525955200195,34.73138930331531,1943.588922739029,37.82346342564437,9.245701551437378,8.887707710266113
-0.0004925995,0.047492027282714844,1680000,3.4372243881225586,26.870971992708547,1.3998062589708444,6.650761604309082,100,31.09672949496119,-3.9162824e-05,167,0.2740135192871094,34.548971106530544,1954.3115239143372,38.16236866852689,10.711506128311157,10.389689922332764
6.772304e-05,0.036771297454833984,1690000,2.9140069484710693,27.14416043783311,1.5582536349542886,5.380657434463501,100,30.608732659140475,-3.9116512e-05,168,0.22783255577087402,34.86264287495917,1963.1426844596863,38.52753692086119,8.819726467132568,8.554753303527832
-0.00039832084,0.0835106372833252,1700000,2.7508997917175293,26.99254245259614,1.639646135050707,5.702399492263794,100,30.859833519037668,-3.9074366e-05,169,0.3447458744049072,34.72821340122515,1972.3307871818542,38.35369130855275,9.178021669387817,8.74468469619751
0.00027935213,0.30974745750427246,1710000,2.9566993713378906,26.925917847294222,1.4160784511404614,5.246366739273071,100,31.219173551303836,-3.898752e-05,170,1.198082685470581,34.68030653289901,1982.3607151508331,37.28722863403527,10.013501405715942,8.503753662109375
0.0023502547,0.03718447685241699,1720000,2.243178367614746,27.034839205080416,1.4737544493070327,4.007108926773071,100,30.861706928331817,-3.885599e-05,171,0.2543318271636963,34.81088142503816,1989.1734771728516,38.02990486441217,6.755055904388428,6.461853981018066
0.0011198325,0.1123037338256836,1730000,3.6818673610687256,26.986098315794198,1.7285297759478682,6.893568754196167,100,31.364059605470192,-3.8673366e-05,172,0.2171783447265625,34.709837774885955,2000.4104397296906,38.93099851890226,11.227190256118774,10.897493124008179
-0.0009292551,0.04354548454284668,1740000,2.5951807498931885,27.212014854184975,1.5568432559517251,5.470179319381714,100,29.974756274681205,-3.8543225e-05,173,0.2444593906402588,34.94710045397359,2009.0153410434723,38.88683640647406,8.59532904624939,8.307071924209595
0.0054215444,0.058515310287475586,1750000,3.806732177734375,26.65992773321982,1.57687049858447,7.118222236633301,100,30.305689711450608,-3.8429258e-05,174,0.27405786514282227,34.366701166414266,2020.6071562767029,37.666241184721,11.581589698791504,11.24875020980835
0.01637194,0.05353951454162598,1760000,3.090118408203125,26.925056813305368,1.479447165518942,5.904650449752808,100,30.35989121938454,-3.8319944e-05,175,0.27327823638916016,34.65332035405661,2030.222013950348,38.370430821497756,9.60108995437622,9.273852109909058
0.0044554304,0.10929656028747559,1770000,3.0631721019744873,27.194218981757345,1.6033758342497004,6.220205068588257,100,30.641772125885765,-3.8220678e-05,176,0.2503011226654053,34.94841193006488,2040.1693103313446,38.98058523826742,9.933231830596924,9.57306432723999
0.0064443573,0.04125857353210449,1780000,3.2763619422912598,26.689761413853777,1.4910147791229367,6.406113147735596,100,30.760401291188394,-3.815591e-05,177,0.2381448745727539,34.397624218742706,2050.436377286911,37.887634245750114,10.25308871269226,9.973332405090332
0.0046459995,0.04000711441040039,1790000,4.058011293411255,26.73141213256612,1.419974160009309,9.075629234313965,100,31.22911709379163,-3.8101647e-05,178,0.2241370677947998,34.44672916033799,2064.185056209564,37.42014899888358,13.738375902175903,13.473986387252808
-0.001218966,0.055440425872802734,1800000,4.203035354614258,26.667644799080502,1.7262772281360623,7.6028032302856445,100,30.036731858723947,-3.8028335e-05,179,0.37987208366394043,34.36573534363103,2076.809470653534,38.1753445196809,12.60595440864563,12.169912099838257
-0.0018356357,0.4965543746948242,1810000,3.0015881061553955,26.85048331416613,1.532677305653963,6.063016653060913,100,30.86322330463109,-3.7918548e-05,180,1.3029594421386719,34.544558911477786,2087.992739915848,38.79437708097885,11.164377689361572,9.35277271270752
-0.0006649283,0.12315487861633301,1820000,2.8318021297454834,26.72655877335133,1.5560679973978808,5.243177890777588,100,30.351416602562416,-3.783648e-05,181,0.19531488418579102,34.41339607904622,2096.6664197444916,38.04878849949669,8.6467866897583,8.327789545059204
-0.0012583673,0.05037283897399902,1830000,3.1108779907226562,26.837729719018128,1.5434845359080018,5.379338502883911,100,30.25460540629641,-3.773523e-05,182,0.23457002639770508,34.552222015849274,2105.716405391693,37.80804949469189,9.04157042503357,8.756374597549438
0.001250524,0.04755043983459473,1840000,2.9986166954040527,26.88570096784604,1.4220075019524672,6.057087421417236,100,30.89753913232163,-3.7622965e-05,183,0.24579358100891113,34.57291375188882,2115.346011161804,37.70697486193194,9.617613315582275,9.32402515411377
-0.0010656253,0.06468081474304199,1850000,2.8284308910369873,26.930755258876015,1.5408960432777044,5.4647862911224365,100,30.401463633816633,-3.749629e-05,184,0.2708890438079834,34.647638491665795,2124.2420065402985,38.030769781864315,8.884772062301636,8.548731327056885
0.006801265,0.07195758819580078,1860000,3.121169328689575,26.989994070664785,1.6820772269013307,5.643448352813721,100,30.97764804765198,-3.7390666e-05,185,0.24042296409606934,34.67465350341887,2133.619301557541,38.49130572399462,9.365864992141724,9.053209066390991
0.0070308326,0.08889317512512207,1870000,4.12344765663147,26.94129605150723,1.3442403844299786,8.322378635406494,100,31.91579734167795,-3.727086e-05,186,0.30698108673095703,34.584469020084,2146.851453065872,37.99609311896548,13.21908187866211,12.822441816329956
0.0042096246,0.08334088325500488,1880000,5.024682283401489,26.89613970256779,1.3544741420971143,11.874196529388428,100,31.628044692127983,-3.7144448e-05,187,0.2623622417449951,34.52386170889506,2164.6071920394897,37.987595680502444,17.743963956832886,17.392860174179077
0.0041340464,0.15025997161865234,1890000,5.078176736831665,26.832505976935696,1.3799625320276434,10.056533336639404,100,31.356243560369133,-3.706814e-05,188,0.2356431484222412,34.506405993270974,2180.557615041733,37.81603030099405,15.940878629684448,15.554257869720459
-0.000982797,0.08312559127807617,1900000,3.879809856414795,26.89867403606128,1.53047338751895,7.054956912994385,100,30.86955215476999,-3.6993235e-05,189,0.40070295333862305,34.54533734921675,2192.3322179317474,38.06801748282036,11.759166955947876,11.274949312210083
0.0017694881,0.056398868560791016,1910000,3.1216955184936523,26.88489910032461,1.4147671860002156,6.57466459274292,100,30.985425670124574,-3.6931608e-05,190,0.4026327133178711,34.527637813011424,2202.8029313087463,37.85051137108231,10.457194328308105,9.997788906097412
0.008541936,0.09990859031677246,1920000,2.940969228744507,27.02366249480097,1.44880991429797,5.4983460903167725,100,30.871613225623236,-3.6838166e-05,191,0.2850775718688965,34.65998307269777,2211.913908481598,37.96993049907937,9.092663764953613,8.706469058990479
-0.0012600898,0.050548553466796875,1930000,2.6278414726257324,26.810339704957414,1.441884754314513,4.602826833724976,100,30.1481777125494,-3.6679452e-05,192,0.26038527488708496,34.406460782558604,2219.7085745334625,37.86035771155896,7.777697324752808,7.466100454330444
-0.0014774192,0.06663799285888672,1940000,2.9627132415771484,26.772462447635792,1.530078029238366,5.717146158218384,100,30.643854372856175,-3.6511694e-05,193,0.24873995780944824,34.35499995375037,2228.9734773635864,37.74453344844078,9.253209352493286,8.937140941619873
-0.0015094829,0.04281783103942871,1950000,2.8103654384613037,26.858605591808885,1.4425004491299072,4.815889358520508,100,30.776364866148633,-3.640241e-05,194,0.31209516525268555,34.42060920734262,2237.205497264862,37.41033993789956,8.223464488983154,7.868265151977539
-0.0011889411,0.10114455223083496,1960000,3.43727445602417,26.935381692191005,1.4816714365109467,6.270637512207031,100,30.27525933712949,-3.6292164e-05,195,0.39456963539123535,34.52262763080672,2247.7281205654144,37.37804605363454,10.513757705688477,10.016647100448608
0.0016904608,0.03805661201477051,1970000,4.161205768585205,26.835092571044065,1.569046199934589,7.86131477355957,100,31.081192404161563,-3.620818e-05,196,0.39432239532470703,34.45338980294117,2260.5476474761963,37.971374661616515,12.803425312042236,12.370448589324951
0.0036430452,0.15736603736877441,1980000,5.39285135269165,26.82704604809584,1.4057016583400253,11.617039680480957,100,31.59047492983213,-3.6086385e-05,197,0.38695454597473145,34.44248315488411,2278.566129207611,38.378612668793345,18.003825426101685,17.452776432037354
-0.0014332322,0.05687069892883301,1990000,4.245195150375366,27.004352874613282,1.637962610112262,8.745261192321777,100,30.92834884012044,-3.601251e-05,198,0.38915562629699707,34.62818477581093,2292.3860714435577,37.5986773748386,13.806388139724731,13.359196424484253
-0.0018505363,0.048572540283203125,2000000,3.4733476638793945,26.87292851291261,1.5243811308154134,7.013774871826172,100,30.491602272123675,-3.589675e-05,199,0.3225593566894531,34.46203373541266,2303.577842235565,37.86028367222866,11.179280757904053,10.807802438735962
0.00027318884,0.20594525337219238,2010000,4.163673162460327,26.864785280366362,1.6838412825419353,8.861389636993408,100,30.364109447365873,-3.578626e-05,200,0.8661813735961914,34.48941053620161,2318.0858237743378,38.328662912826374,14.489789485931396,13.416674613952637
-0.00021315576,0.04064822196960449,2020000,5.255377531051636,27.15510009263094,1.5760847348828975,11.434913158416748,100,30.39591413561978,-3.5701494e-05,201,0.26952528953552246,34.784109106441335,2335.5894289016724,38.532467610950356,17.46480941772461,17.154327630996704
-0.00040716594,0.0598757266998291,2030000,3.6623315811157227,27.012571504301153,1.5587190317434267,7.78591251373291,100,30.848014466798645,-3.5646055e-05,202,0.2893047332763672,34.664352317574384,2347.7344584465027,37.88084481797549,12.129830121994019,11.780224084854126
-0.002239642,0.06435322761535645,2040000,4.739037275314331,27.024806319101213,1.6716733448745622,10.54848337173462,100,30.023933889154474,-3.554366e-05,203,0.27817487716674805,34.67126312895803,2363.7860782146454,38.81842166498597,16.041630029678345,15.698862791061401
-0.00046660574,0.08676314353942871,2050000,4.2721967697143555,26.785778485718946,1.6269029948755482,7.567930698394775,100,31.454066390320854,-3.54394e-05,204,0.20365619659423828,34.39609151723555,2376.292915582657,38.16808036004995,12.494483470916748,12.203659057617188
-0.0015308454,0.03497958183288574,2060000,4.110408306121826,26.890572972514292,1.4834649671865152,8.659958124160767,100,31.462701867029445,-3.5364144e-05,205,0.34226179122924805,34.53000333117151,2389.7917926311493,37.54826808765047,13.489725112915039,13.112269639968872
0.0038157015,0.14681315422058105,2070000,3.6315689086914062,26.783159568389596,1.6361660511387164,7.32954216003418,100,30.772357659298027,-3.532747e-05,206,0.5523760318756104,34.40147140021498,2401.7727279663086,37.870723509000136,11.9704008102417,11.27082872390747
0.02898843,0.08988499641418457,2080000,4.457233190536499,27.05374626880301,1.4832721240509184,9.384208917617798,100,30.09838909906029,-3.5237146e-05,207,0.30951356887817383,34.67865312634947,2416.463929414749,38.17623675870708,14.682113647460938,14.280930042266846
0.0043251184,0.09469342231750488,2090000,4.615105152130127,26.776346580228722,1.3480506856962955,10.888468503952026,100,30.619883482350087,-3.5162855e-05,208,0.26291990280151367,34.370153197226735,2432.7520763874054,37.5248720997562,16.273791551589966,15.914888858795166
-0.00069746154,0.05810737609863281,2100000,2.827408790588379,26.99514669540581,1.5023955935998867,5.154963731765747,100,30.862232726105447,-3.5113007e-05,209,0.2603180408477783,34.56949557774938,2441.324592113495,37.978490123780254,8.561497688293457,8.242751598358154
-0.0011462877,0.053586483001708984,2110000,2.8800883293151855,26.835969279450364,1.579877323325366,5.117430210113525,100,30.679847055470333,-3.507103e-05,210,0.33716344833374023,34.35288871728016,2449.979207277298,38.16332184404245,8.642593145370483,8.251370668411255
-0.0016234206,0.12085580825805664,2120000,2.918302059173584,26.863615904476216,1.5602636352256314,5.583044528961182,100,31.499630923227354,-3.499826e-05,211,0.40325045585632324,34.38590319125049,2459.2754983901978,37.90611137907707,9.28511667251587,8.760504245758057
-0.0021778087,0.04156494140625,2130000,4.287920713424683,26.579181211581073,1.4882073749109874,9.46269941329956,100,30.992039968851998,-3.4870245e-05,212,0.23751568794250488,34.12049738468424,2473.7024347782135,37.10988848065496,14.411176919937134,14.131786108016968
0.008241855,0.07725143432617188,2140000,4.164986610412598,26.99796173319121,1.329333209225271,7.469545841217041,100,30.592269033172236,-3.476306e-05,213,0.37023472785949707,34.57904928733786,2486.1386001110077,38.10957795465331,12.426369667053223,11.978657484054565
0.000411801,0.15804719924926758,2150000,4.7578253746032715,26.924871838786864,1.5022983773671599,11.261829853057861,100,30.305231039391202,-3.4622703e-05,214,0.2429664134979248,34.542606848989784,2502.9843740463257,38.97540648628269,16.829955101013184,16.428319215774536
-0.0018815966,0.07356691360473633,2160000,3.4849605560302734,27.12001686775605,1.5787767888689208,6.343853950500488,100,30.466422663893507,-3.452965e-05,215,0.1955432891845703,34.75293657324735,2513.4056055545807,37.732385757961325,10.412244081497192,10.142900943756104
0.0064290664,0.044953107833862305,2170000,3.9987688064575195,26.896319084291978,1.514617264619096,6.881406545639038,100,31.150516684067775,-3.4459576e-05,216,0.21882963180541992,34.5277695966067,2524.8968529701233,38.34017823239338,11.48081660270691,11.216739416122437
-0.002227584,0.06514430046081543,2180000,3.283781051635742,26.82274349639715,1.5313581717673037,5.719449520111084,100,31.146896959845176,-3.432696e-05,217,0.20187664031982422,34.47786877451799,2534.471664428711,38.23021070378919,9.565705060958862,9.289278507232666
6.29666e-05,0.03268694877624512,2190000,3.9912362098693848,26.812632392299975,1.4921303411155138,8.517385244369507,100,30.17729953181496,-3.416513e-05,218,0.23895502090454102,34.472253808829734,2547.617209672928,37.208745203142286,13.13575553894043,12.86388635635376
-0.0010391019,0.04421067237854004,2200000,4.013568162918091,27.044521576364023,1.4973505247342873,7.2716522216796875,100,30.53494197805335,-3.4075867e-05,219,0.23228836059570312,34.74035362995876,2559.543550014496,38.16014178600708,11.916959762573242,11.640239715576172
-0.0010636265,0.10744071006774902,2210000,3.455800771713257,27.129809740498214,1.4179146294753884,6.055112838745117,100,31.849410615318448,-3.3942084e-05,220,0.7318305969238281,34.83100539571131,2570.19735121727,38.0453052232194,10.644119501113892,9.804446458816528
-0.0014585044,0.05140233039855957,2220000,3.5670669078826904,26.75313560811052,1.3136745024583427,7.2274651527404785,100,31.66726530035082,-3.3811648e-05,221,0.25748157501220703,34.44867828109422,2581.646317958832,37.347488836245674,11.411392211914062,11.1020028591156
0.0034779944,0.052606821060180664,2230000,2.7575111389160156,27.00553632655632,1.399675766101217,5.182734251022339,100,31.890519463118757,-3.3732886e-05,222,0.3263580799102783,34.71477730947432,2590.2319736480713,38.269892084449445,8.574674129486084,8.195283889770508
-0.0015708138,0.07879424095153809,2240000,2.8489530086517334,26.87602915636608,1.4781005456135436,5.4791858196258545,100,31.752808445581884,-3.364213e-05,223,0.30356669425964355,34.545309967622096,2599.2069211006165,38.189173852611894,8.959314823150635,8.576310396194458
0.003390173,0.058229923248291016,2250000,2.7085955142974854,26.87980084211812,1.5234068216564955,4.762322425842285,100,30.37673795337572,-3.3503813e-05,224,0.237290620803833,34.56482324096066,2607.2235264778137,38.78777699532018,8.005313634872437,7.709460735321045
-4.36544e-05,0.13888120651245117,2260000,2.9406650066375732,27.003788114880535,1.642411259357622,5.690265893936157,100,30.362217890250008,-3.3379347e-05,225,0.2568857669830322,34.724374634483276,2616.523175239563,37.7335053469082,9.288467168807983,8.892204523086548
-9.777725e-06,0.08400273323059082,2270000,4.349634885787964,27.052684289710147,1.598927637023259,9.770518064498901,100,30.46088204668746,-3.322578e-05,226,0.2472858428955078,34.76335292634514,2631.3708617687225,38.59640020835057,14.837802410125732,14.505982160568237
-0.00022713745,0.08320975303649902,2280000,4.070725917816162,27.2212245023426,1.3612598567696883,7.249518632888794,100,32.00757577622542,-3.3068358e-05,227,0.1985456943511963,34.93311392564388,2643.323240995407,37.89984883856494,11.937803506851196,11.655806064605713
0.0044774227,0.0397799015045166,2290000,3.335308790206909,27.006501194172802,1.436744297358122,5.783712863922119,100,31.558272389720823,-3.2912147e-05,228,0.2207343578338623,34.71299267918382,2652.9947278499603,38.41019245615233,9.66213583946228,9.401362180709839
0.00023543432,0.03752493858337402,2300000,4.119425296783447,27.080533468055187,1.5244123643471372,8.161351203918457,100,31.03883031545078,-3.2692897e-05,229,0.26696062088012695,34.8096837572668,2665.9364013671875,37.56660784592569,12.931652545928955,12.626891613006592
