Itr,LossBefore,train-MinReturn,n_timesteps,train-NumTrajs,train-AverageDiscountedReturn,Time-SampleProc,Time,train-MaxReturn,train-StdReturn,train-AverageReturn,Time-Sampling,ItrTime,Time-Optimization,LossAfter,train-EnvExecTime,train-PolicyExecTime
0,-1.41924365e-05,-9.142828786022926,10000,100,7.107587902352883,0.06519222259521484,13.879243612289429,28.87337477434695,10.343772307275806,10.21469475892171,12.885707378387451,13.87924313545227,0.9256203174591064,0.016235946,4.012994289398193,8.525019645690918
1,-1.4232546e-05,-12.618212812154404,20000,100,5.954235165090242,0.1084601879119873,23.755789756774902,27.914629969394444,9.175876244272576,9.02998902048368,9.319118738174438,9.797496318817139,0.3682212829589844,-0.0018348545,3.106445074081421,5.9184205532073975
2,-1.4244416e-05,-15.974475277411985,30000,100,6.4766767832099985,0.0630033016204834,35.94452738761902,28.979186580600093,10.24696143683845,10.111978486116483,11.671197414398193,12.178332328796387,0.4436802864074707,-0.004200183,3.904690980911255,7.405964374542236
3,-1.4260076e-05,-6.763217100044608,40000,100,13.655995582804627,0.12072539329528809,45.82052397727966,32.41265776531644,7.734568257296879,19.929431913174778,9.443386793136597,9.842195272445679,0.2771763801574707,-0.0072958963,3.0588221549987793,6.0904459953308105
4,-1.42499275e-05,2.1353552768867163,50000,100,15.282529333772318,0.09103536605834961,51.99265789985657,30.942363088004733,7.220329650493546,21.84391255514103,5.814913034439087,6.158986806869507,0.25278162956237793,-0.0047613904,1.9886374473571777,3.6409683227539062
5,-1.4219477e-05,10.334257736824023,60000,100,18.267205880703578,0.1231541633605957,62.46634912490845,32.447000613365375,4.303124350348369,25.76820841257133,10.066009759902954,10.464080095291138,0.2744286060333252,-0.004173815,2.6827239990234375,7.114643096923828
6,-1.4225815e-05,14.547851920473883,70000,100,19.1434510165436,0.11714577674865723,71.22827315330505,31.880837418169737,2.9168166935274766,26.792631213350745,8.282491207122803,8.750098705291748,0.3499455451965332,-0.0021217463,2.707613706588745,5.324359893798828
7,-1.4190323e-05,15.864006643747516,80000,100,19.773622599559168,0.040265798568725586,79.8937828540802,31.380760955314404,2.7586680562417545,26.93930612602505,8.216249227523804,8.652561664581299,0.3954312801361084,-0.0028617072,2.7440414428710938,5.227062702178955
8,-1.4173145e-05,11.596316438381276,90000,100,20.499227338872245,0.042621612548828125,92.22162318229675,31.895834666390137,2.3822594528816827,27.557879743457274,11.930870771408081,12.310510158538818,0.3364286422729492,-0.002509188,3.331550121307373,8.286112308502197
9,-1.4143884e-05,21.101778760699727,100000,100,21.137265198763654,0.03291821479797363,100.60353755950928,31.234458587958926,1.7286788490964895,27.79710484427804,8.036936521530151,8.366174221038818,0.29583048820495605,-0.0014559149,2.6461827754974365,5.15299391746521
10,-1.4107387e-05,22.853564483082845,110000,100,20.822110705114923,0.08611178398132324,106.85482573509216,31.451011738707184,1.4981249969195487,27.68445189158335,5.9249725341796875,6.241217851638794,0.2230668067932129,-0.0025596654,2.058379888534546,3.680328845977783
11,-1.4043901e-05,21.969047428613177,120000,100,20.9151793761321,0.03672957420349121,116.84401106834412,31.724998207039473,1.7762683905926293,27.7316394956467,9.58278203010559,9.979746103286743,0.3597705364227295,-0.0028796028,2.912083625793457,6.397768259048462
12,-1.4000734e-05,18.293434368816175,130000,100,20.977278379188782,0.0720529556274414,127.6539351940155,30.8061493677935,1.8371498729431144,27.614264887265694,10.298725605010986,10.793657064437866,0.42200207710266113,-0.0035115806,3.4093079566955566,6.584069728851318
13,-1.3971807e-05,17.770963990153394,140000,100,21.078929269218875,0.06038069725036621,138.10388326644897,31.633041625140823,2.1425622578791175,27.639801309958834,10.066176652908325,10.430097818374634,0.30268311500549316,-0.0025223957,3.084512233734131,6.686798334121704
14,-1.391865e-05,22.22254388134971,150000,100,21.4861936539798,0.08275413513183594,150.81873893737793,30.610441451585128,1.685566116366024,27.99706278236402,12.160896301269531,12.701766729354858,0.45633721351623535,-0.0018757646,3.2927489280700684,8.553241968154907
15,-1.3857398e-05,20.928187352061954,160000,100,21.700039261445216,0.1050424575805664,158.7714273929596,32.06945955146829,1.823836972761831,28.10850974574363,7.4569315910339355,7.935153961181641,0.3709537982940674,-0.0022524395,2.5392866134643555,4.686441421508789
16,-1.380887e-05,24.720002858891714,170000,100,21.902399961745786,0.07606101036071777,174.3388237953186,31.254459114462062,1.4374687597944944,28.304542304796495,14.868879318237305,15.546494722366333,0.6010046005249023,-0.0001959797,4.7975850105285645,9.646590232849121
17,-1.3763818e-05,25.59801967420313,180000,100,21.874525529370512,0.06662297248840332,192.56588006019592,31.127979175318558,1.2476982214348882,28.129299834109407,17.773667812347412,18.17686104774475,0.3345043659210205,-0.0024720118,4.902662992477417,12.4147310256958
18,-1.3729412e-05,25.151184413777994,190000,100,21.78752145378957,0.03975391387939453,202.79298520088196,30.27014443090006,1.1352627229851942,28.055826138682754,9.80425763130188,10.216475009918213,0.3718874454498291,-0.0008872378,3.104698896408081,6.414873361587524
19,-1.36813105e-05,24.941426341799698,200000,100,22.165474271823722,0.023746252059936523,209.5517451763153,31.348946706897422,1.350850614052362,28.446702718046073,6.487302541732788,6.744485855102539,0.2331695556640625,-0.0010662106,2.2546119689941406,4.030418634414673
20,-1.36577755e-05,22.97182875280598,210000,100,22.10310912042082,0.13044261932373047,221.12961554527283,31.367203512956046,1.4315499995021836,28.47551557018301,10.789949893951416,11.567419290542603,0.6460857391357422,-0.0024100516,3.472696542739868,7.002025127410889
21,-1.3631308e-05,24.4332789297352,220000,100,22.264751973292306,0.06566715240478516,236.03821182250977,31.86548672422968,1.3386411347402374,28.501725475060812,14.4375,14.879342555999756,0.371673583984375,-0.0020337298,4.430418968200684,9.607368230819702
22,-1.3627726e-05,25.30040242103407,230000,100,22.18596645251207,0.05954623222351074,249.10639905929565,32.12681022895586,1.36341803216918,28.543164867321202,12.734373569488525,13.050846815109253,0.25664234161376953,-0.0011373633,4.07885217666626,8.276700735092163
23,-1.3593141e-05,25.241555005316915,240000,100,22.11761606414926,0.05038166046142578,258.55797958374023,31.26467851449454,1.307022051655015,28.315243981608837,8.995348930358887,9.439743041992188,0.3932914733886719,-0.0023373638,2.7692623138427734,5.960132598876953
24,-1.3566949e-05,25.30689677961148,250000,100,22.440532931055458,0.03364109992980957,266.6024889945984,31.024410589121235,1.1483594332720242,28.62179704266694,7.735195875167847,8.02635908126831,0.2571282386779785,-0.0017643686,2.571486473083496,4.913895845413208
25,-1.3530168e-05,26.091663382461263,260000,100,22.40202877559982,0.10965633392333984,276.9877986907959,31.99920801482531,1.2368962615619206,28.64258681231974,9.894369125366211,10.37532663345337,0.37025976181030273,-0.0012975194,3.274925470352173,6.326767444610596
26,-1.3502252e-05,25.463888156487855,270000,100,22.47116794331547,0.04790210723876953,288.1584985256195,30.98502328118909,1.0698097728635358,28.567108250684733,10.775189876556396,11.148355484008789,0.3247957229614258,-0.00062284403,3.6134376525878906,6.852544069290161
27,-1.3452995e-05,25.606429422023368,280000,100,22.43754503862458,0.03228402137756348,297.4521791934967,32.44952410191101,1.2230356061885646,28.584700489278816,9.022215604782104,9.278284788131714,0.2234938144683838,-0.002198285,2.829287528991699,5.942965984344482
28,-1.3423329e-05,22.896359096073816,290000,100,22.651173202878248,0.024318695068359375,303.5125846862793,32.35536583822613,1.3510199932029334,28.75155066486735,5.767407417297363,6.050759553909302,0.25879693031311035,-0.0021823463,2.072500705718994,3.5121779441833496
29,-1.3402471e-05,22.64626492147663,300000,100,22.336094180144542,0.028516530990600586,309.751624584198,31.326147556737023,1.4449603603545942,28.46325161642283,5.962072372436523,6.228764295578003,0.23792433738708496,-0.0012455784,2.114795446395874,3.6585636138916016
30,-1.3330526e-05,25.797828222287677,310000,100,22.73269390186379,0.06077933311462402,317.18387961387634,32.4511833638561,1.1996382801960892,28.811099888327103,7.1066672801971436,7.4211061000823975,0.2533884048461914,-0.0002987044,2.3780736923217773,4.505713701248169
31,-1.3291808e-05,25.145941307907584,320000,100,22.588986891582348,0.09874677658081055,328.9580361843109,31.69182381328485,1.4618260621086383,28.687609971991822,11.361495018005371,11.762483358383179,0.29322314262390137,-0.0017119789,3.565861701965332,7.4882588386535645
32,-1.3247687e-05,25.50125462108014,330000,100,22.66968501073597,0.07662105560302734,342.5311803817749,32.16673039869653,1.3057306872677887,28.7236795205404,12.937743663787842,13.555745840072632,0.5405001640319824,-0.0023108884,4.259201526641846,8.301215410232544
33,-1.3221406e-05,26.031452177608696,340000,100,22.72868450220622,0.030027389526367188,353.9874384403229,33.24474639254713,1.2059475479778035,28.87034143354168,11.148041486740112,11.437966108322144,0.2596297264099121,-0.0015263208,3.0092692375183105,7.843852281570435
34,-1.31799925e-05,25.34526665830492,350000,100,22.825469780339823,0.03430509567260742,361.38270902633667,32.19714586749866,1.3127015527723602,28.915419097417168,7.117827892303467,7.381134510040283,0.22875142097473145,-0.000643895,2.345883846282959,4.55446195602417
35,-1.3159408e-05,25.7123349073849,360000,100,22.714100302976497,0.03961324691772461,367.7896420955658,31.76075568470176,1.319561106424725,28.831678290681015,6.1088807582855225,6.395816326141357,0.24592161178588867,-0.0031146477,2.1866188049316406,3.7199525833129883
36,-1.3139264e-05,26.561500998247762,370000,100,22.59053086957639,0.05089831352233887,382.3364498615265,31.44143091330183,1.10445834530992,28.739672964952348,14.157990217208862,14.535516500473022,0.326038122177124,-6.7918314e-05,4.004648447036743,9.806497573852539
37,-1.3122476e-05,24.825899842854664,380000,100,22.755263027590743,0.048438072204589844,395.3263683319092,31.916776288780476,1.3448796532711698,28.730050424174607,12.722304582595825,12.971926927566528,0.20086455345153809,-0.00043566033,3.9380295276641846,8.440537214279175
38,-1.308112e-05,23.30709723022553,390000,100,22.795614450843978,0.019562721252441406,401.07918882369995,32.21087545515575,1.3377171407372015,28.811754488221595,5.491805553436279,5.743990659713745,0.2324075698852539,-0.0022154397,1.979142427444458,3.338644027709961
39,-1.30516055e-05,26.771517898055443,400000,100,23.056524335271497,0.03229808807373047,407.0470914840698,31.41400904872006,0.9565457869054991,29.073505958472,5.7023584842681885,5.95793342590332,0.22307085990905762,-0.0019299423,2.0696139335632324,3.440950870513916
40,-1.3007249e-05,25.19800467363309,410000,100,22.75457308972717,0.033690452575683594,413.09355783462524,31.285007647617107,1.1193566765912493,28.758772333253322,5.766944408416748,6.036297559738159,0.23544573783874512,-0.0011767292,2.0954387187957764,3.488382339477539
41,-1.2978666e-05,26.48550443954921,420000,100,22.911629685339093,0.03835153579711914,419.4242513179779,32.046263095762406,1.1271312876148178,28.97094377299038,6.071150779724121,6.321811199188232,0.21207332611083984,-0.0018498916,2.1713109016418457,3.7072978019714355
42,-1.2945529e-05,25.065550843521134,430000,100,23.041586393992457,0.07424044609069824,425.9648380279541,32.45939713276295,1.142212439461028,29.017827875077174,6.230494976043701,6.5311150550842285,0.22612404823303223,-0.00094921427,2.253446102142334,3.7821567058563232
43,-1.2898352e-05,26.423702436579937,440000,100,22.867855810764453,0.025525569915771484,433.08008790016174,31.972120937235054,1.0480291553972234,28.907185135819574,6.828962564468384,7.103945255279541,0.249220609664917,-0.0013004306,2.4889345169067383,4.127918243408203
44,-1.2866464e-05,26.209990789487183,450000,100,22.998633206298724,0.041652679443359375,441.69435477256775,31.860611125535296,1.178418981247125,28.994669018050278,8.263965368270874,8.602804183959961,0.2969324588775635,-0.0008549638,3.0042970180511475,5.006930589675903
45,-1.2825913e-05,26.033375310360924,460000,100,23.16674208021357,0.06053900718688965,448.18625569343567,32.79685052032572,1.1801481711540334,29.20148488834302,6.20687198638916,6.476787805557251,0.20910286903381348,-0.0024190506,2.237135171890259,3.771906852722168
46,-1.280656e-05,25.630502787007355,470000,100,23.062545383362767,0.03097081184387207,454.4223256111145,31.79412525759702,1.1911692201728619,29.098359551380266,5.975175619125366,6.226664304733276,0.22026729583740234,-0.0024162373,2.147657632827759,3.636671304702759
47,-1.2776587e-05,26.05592622887172,480000,100,23.20739494955267,0.03114604949951172,460.56451964378357,31.60891646260787,1.2788965019690983,29.294128219191965,5.877989292144775,6.1325836181640625,0.22311162948608398,-0.0031560054,2.13232159614563,3.559547185897827
48,-1.2749893e-05,26.385129143929763,490000,100,23.3970639385673,0.053156375885009766,466.7629256248474,32.956897404561424,1.2512768757718846,29.54357023360174,5.905111789703369,6.18875789642334,0.23027396202087402,-0.0010074286,2.1278743743896484,3.5897059440612793
49,-1.2695802e-05,25.955059546297036,500000,100,23.37510941862976,0.06733441352844238,473.887647151947,31.861487547638728,1.1868237108130988,29.541908636750815,6.821070671081543,7.113053798675537,0.2243955135345459,-0.0008427817,2.471806764602661,4.135844707489014
50,-1.2680669e-05,25.569921932957616,510000,100,23.263092749432904,0.04501962661743164,482.1467468738556,32.544526061435334,1.3132673694671468,29.51131408832622,7.8129754066467285,8.2464919090271,0.38812780380249023,-0.0014225643,2.8312079906463623,4.741450786590576
51,-1.2646625e-05,25.28732651865849,520000,100,23.255061094764663,0.07860016822814941,491.0638213157654,32.550855518320006,1.3586558476904431,29.424529420422008,8.495131492614746,8.889105558395386,0.31508564949035645,-0.001735251,3.078174591064453,5.158233404159546
52,-1.2621513e-05,26.003247075673762,530000,100,23.499268727021995,0.032059669494628906,499.15064883232117,32.5696047910417,1.2261904791703433,29.800448821808104,7.80286431312561,8.058660507202148,0.22276854515075684,-0.0039088703,2.8303818702697754,4.731067895889282
53,-1.2607185e-05,25.804730307256026,540000,100,23.68974449593081,0.029046058654785156,504.94683504104614,33.70278362713032,1.4381684258376737,30.034878187729483,5.525132179260254,5.786068439483643,0.23165082931518555,0.0028757597,1.9863264560699463,3.364473819732666
54,-1.259005e-05,25.973090277466103,550000,100,23.72187491411168,0.02978062629699707,510.98369884490967,33.76166032039337,1.5324073445029862,30.246739959415244,5.747488021850586,6.027206897735596,0.24963164329528809,0.0007465984,2.0900280475616455,3.475062131881714
55,-1.257215e-05,25.601280294855517,560000,100,23.848625916365656,0.03218221664428711,517.0302546024323,33.49894792022009,1.5315707770545843,30.438085465934684,5.768174409866333,6.035300970077515,0.2346968650817871,-0.0007334533,2.099522113800049,3.4845285415649414
56,-1.2530485e-05,25.81728676091414,570000,100,23.831874667500607,0.03761434555053711,523.8615162372589,33.50700331482549,1.6234028624066714,30.50188471454825,6.548532485961914,6.822214603424072,0.2357945442199707,-0.0008219421,2.3561227321624756,3.983771800994873
57,-1.2490831e-05,26.09980675942055,580000,100,23.528588627925956,0.04639863967895508,531.1084499359131,33.78780648006496,1.4497738095293746,30.317244299892522,6.890641212463379,7.236106634140015,0.2986776828765869,0.022146702,2.4859418869018555,4.191110610961914
58,-1.2476115e-05,27.670597304799486,590000,100,24.00353099670947,0.04206991195678711,540.0231983661652,34.70730850337825,1.466073181458478,30.987383400697755,8.597632884979248,8.900721788406372,0.260683536529541,0.001428828,3.1022279262542725,5.230810642242432
59,-1.2413387e-05,25.78553442865584,600000,100,23.73509880876743,0.047829389572143555,548.8429892063141,34.48266720484724,1.7681826937599536,30.559843730737413,8.429210901260376,8.806300640106201,0.3288724422454834,-0.0026615846,3.0318148136138916,5.139586448669434
60,-1.2358293e-05,26.758317165806524,610000,100,24.190505346551717,0.031134366989135742,555.7202627658844,34.908591154042405,1.5605428247251198,31.30752375831792,6.6033546924591064,6.859314918518066,0.2244863510131836,-0.0018017001,2.398764133453369,3.997154951095581
61,-1.2256043e-05,25.586777037712498,620000,100,24.052025993521216,0.024611949920654297,561.752188205719,33.78974697971883,1.4833786164984695,31.164191240181673,5.774216890335083,6.022781610488892,0.2237553596496582,-0.0028412212,2.0865907669067383,3.5025434494018555
62,-1.2183677e-05,26.31719387607153,630000,100,24.030071416910356,0.06045079231262207,567.8725030422211,35.30903391251485,1.6713891972339667,31.24528059848946,5.843032598495483,6.110440254211426,0.20248818397521973,-0.0035497963,2.112605571746826,3.5439443588256836
63,-1.2119408e-05,27.546371549679566,640000,100,24.374952938480206,0.033505916595458984,574.0447971820831,34.463787530792494,1.3981426089220494,31.62079494640497,5.889352798461914,6.161785364151001,0.23865842819213867,-0.0033164797,2.12272047996521,3.5745413303375244
64,-1.2044773e-05,27.0590972645823,650000,100,24.414245036024067,0.03987860679626465,581.3031203746796,34.5759400184333,1.6451425275106877,31.661506654503775,6.9629926681518555,7.2445268630981445,0.24133563041687012,0.0014764171,2.5009803771972656,4.244512319564819
65,-1.1993065e-05,28.282388845491095,660000,100,24.705475817654882,0.0477297306060791,589.0898559093475,35.31542916965548,1.3643146987074446,31.82771349728697,7.437277555465698,7.775542259216309,0.2902495861053467,-0.0014822922,2.7073967456817627,4.500150918960571
66,-1.1930131e-05,28.6934157872502,670000,100,24.604397240991442,0.0395047664642334,598.2389230728149,35.43864321337131,1.349176324039372,31.849026999399985,8.793062925338745,9.13409423828125,0.30123019218444824,-0.0020346832,3.167121171951294,5.348656177520752
67,-1.1892117e-05,27.314413225237654,680000,100,24.71115844350067,0.0299837589263916,606.4788641929626,34.90166582800751,1.5131975512181954,31.867928033161583,7.972031354904175,8.22312068939209,0.22080516815185547,-0.0027166312,2.8710901737213135,4.854377031326294
68,-1.1852139e-05,28.649308354214405,690000,100,24.832048394613988,0.040511369705200195,612.3921234607697,35.61525295841945,1.34020262444123,32.141957366912024,5.6447789669036865,5.9026103019714355,0.21697616577148438,-0.0024370595,2.031724452972412,3.4310340881347656
69,-1.1794031e-05,26.031903929705972,700000,100,24.806071879809974,0.027521610260009766,618.3924887180328,34.71443040557713,1.630643460625621,32.08381322822638,5.7359349727630615,5.989634037017822,0.22595453262329102,-0.003083027,2.0895330905914307,3.4634320735931396
70,-1.17256795e-05,28.51181324941286,710000,100,24.72004344244361,0.03328657150268555,624.4412472248077,35.13907749505311,1.40099900778523,32.03646370414493,5.774338006973267,6.039038419723511,0.2311842441558838,-0.0019534256,2.081937789916992,3.509969472885132
71,-1.1679315e-05,27.82191766953606,720000,100,24.87185779399168,0.03509688377380371,631.0943691730499,35.27210768951729,1.4448757733840063,32.178653047584184,6.357552528381348,6.643362283706665,0.25051355361938477,-0.0035183458,2.2912590503692627,3.868914842605591
72,-1.161203e-05,29.012724018503107,730000,100,24.819447303140734,0.04581427574157715,638.2286491394043,35.999360643722056,1.4787391326129204,32.21322632665662,6.796959638595581,7.123562812805176,0.28043460845947266,-0.002401764,2.481900691986084,4.103788614273071
73,-1.1529606e-05,28.446066858835763,740000,100,24.879003981466745,0.04724931716918945,647.1846795082092,35.584798434810544,1.4229665704460557,32.270879738475294,8.680361986160278,8.94058346748352,0.21270537376403809,-0.0025646875,3.1404268741607666,5.261461496353149
74,-1.1474037e-05,29.28322009021501,750000,100,25.10450281669132,0.061003923416137695,653.1727254390717,34.85134232555789,1.2762263018610596,32.437584944521106,5.7085161209106445,5.978858947753906,0.20915985107421875,-0.0039134137,2.0690362453460693,3.45859694480896
75,-1.141048e-05,28.175631366081113,760000,100,25.067219780151476,0.03516840934753418,659.1394376754761,35.74510352356989,1.4858238219928508,32.42337188097898,5.6953747272491455,5.957479953765869,0.22664523124694824,-0.0027963766,2.0571372509002686,3.458866834640503
76,-1.1377599e-05,27.880460075960237,770000,100,25.187817858710385,0.03179216384887695,665.3329536914825,35.08376661715871,1.573701447036714,32.54347350361839,5.92795205116272,6.1825079917907715,0.2225334644317627,-0.002533602,2.118025541305542,3.623530149459839
77,-1.131206e-05,29.865551086032127,780000,100,25.572779971591867,0.04218745231628418,671.9418618679047,36.040065540079,1.34137703141523,33.000349117973066,6.300831079483032,6.5978662967681885,0.254439115524292,-0.0009095154,2.237316370010376,3.8641984462738037
78,-1.1263326e-05,29.629291895475724,790000,100,25.49291921587367,0.03510546684265137,679.2105267047882,36.51370590979368,1.4319116908126637,32.882142185665735,6.94715690612793,7.257179260253906,0.2745964527130127,-0.0017689762,2.501420497894287,4.231405019760132
79,-1.1215236e-05,28.046345864855738,800000,100,25.302914840853322,0.051172494888305664,687.9493355751038,36.05272305593231,1.6164762455976591,32.7068535502524,8.369300127029419,8.726819038391113,0.3058474063873291,7.3651216e-05,3.001647710800171,5.112436532974243
80,-1.1194901e-05,27.465401432766424,810000,100,25.328055282808258,0.051215410232543945,697.1779897212982,36.97695920104387,1.6812114627157297,32.65368773653455,8.918189525604248,9.210832357406616,0.24098968505859375,-0.0017159852,3.2197911739349365,5.424895524978638
81,-1.1159704e-05,29.564198459019213,820000,100,25.33162280164517,0.03743171691894531,705.9348118305206,35.496454328336085,1.4432796283006533,32.73269547958783,8.41629934310913,8.743221282958984,0.2891664505004883,-0.0013664551,3.0426294803619385,5.115814924240112
82,-1.1114597e-05,28.667368911300848,830000,100,25.636211852843562,0.061182498931884766,715.1426227092743,36.340685799035235,1.5176806128347962,33.07243422657204,8.919570684432983,9.194171667098999,0.2131671905517578,-0.0022217669,3.185267925262451,5.451079607009888
83,-1.1085753e-05,29.34149345502289,840000,100,25.647219292137184,0.03826475143432617,721.2240831851959,36.10332379262676,1.6477033708332047,33.09562934621894,5.818126440048218,6.071584224700928,0.2149643898010254,-0.0012015724,2.059072256088257,3.5729904174804688
84,-1.1025764e-05,26.143032420507758,850000,100,25.671916350405436,0.03852081298828125,727.200813293457,36.23125064504846,1.5761077023262844,33.088568607694235,5.7112720012664795,5.966728925704956,0.21659564971923828,0.0010555187,2.0619938373565674,3.4705233573913574
85,-1.097789e-05,29.26740807103388,860000,100,25.510020561662117,0.03876781463623047,733.2551608085632,35.65438020055608,1.3175813588895995,32.879067644459134,5.790616512298584,6.044385671615601,0.2147974967956543,0.00053008785,2.090226888656616,3.5163440704345703
86,-1.0912704e-05,29.542623792497775,870000,100,25.600482937403605,0.0293581485748291,739.5024321079254,37.48734635844222,1.4905280693137815,32.91040181691769,5.952617883682251,6.237411022186279,0.25522923469543457,0.007624362,2.1537506580352783,3.610543966293335
87,-1.0890057e-05,29.52212290423058,880000,100,25.408284988842084,0.03332710266113281,746.5911009311676,36.242292506238584,1.2137415255525914,32.57811049813178,6.766603231430054,7.077573776245117,0.2773594856262207,-0.0014546128,2.4685959815979004,4.0877673625946045
88,-1.0851346e-05,29.401254212739317,890000,100,25.562718976414576,0.05077528953552246,755.517157793045,35.64210508866875,1.3110333080082528,32.77243990011722,8.654603004455566,8.91199517250061,0.20629572868347168,0.006254102,3.138699531555176,5.2531609535217285
89,-1.0820981e-05,29.906804786974643,900000,100,25.775166656456566,0.059595346450805664,761.3598084449768,36.06480063402093,1.3940349069574287,33.17326654408716,5.548804044723511,5.833041667938232,0.22439217567443848,0.007878415,1.9989194869995117,3.3748598098754883
90,-1.0779564e-05,29.593364775495797,910000,100,25.645441569026517,0.028179645538330078,767.8932189941406,36.5618246671282,1.3553461695763218,33.20288177336856,6.2693727016448975,6.524304389953613,0.2265641689300537,-0.0020105948,2.1945064067840576,3.878624677658081
91,-1.0754389e-05,29.47140607319298,920000,100,25.814821840911865,0.03223562240600586,773.9582533836365,36.59139309348053,1.3477230404144016,33.26242070090982,5.799939393997192,6.054982900619507,0.22250676155090332,-0.0018559167,2.09322190284729,3.517704486846924
92,-1.07041005e-05,24.832448289787912,930000,100,25.805518206135176,0.03496050834655762,780.4341385364532,36.702588795815046,1.6751515002090658,33.27228758685527,6.18315052986145,6.464951038360596,0.2463836669921875,-0.0025676738,2.2237813472747803,3.7655341625213623
93,-1.0676816e-05,27.501752657775686,940000,100,25.829698663240812,0.03680777549743652,787.6022508144379,36.59897524226876,1.5210413404196237,33.364520920864905,6.887209892272949,7.1564295291900635,0.2320880889892578,-0.0013781744,2.483638048171997,4.18847918510437
94,-1.06428815e-05,29.665675641604402,950000,100,25.72316994202873,0.049970388412475586,796.7620565891266,36.96177280354114,1.3523092473357283,33.23546752534758,8.774730443954468,9.149258613586426,0.3241450786590576,-0.0025033518,3.145557165145874,5.361405372619629
95,-1.0608769e-05,28.093502378265672,960000,100,25.982165189186425,0.04683494567871094,805.9689855575562,37.31416161570868,1.5321216584173902,33.50147972308368,8.81224799156189,9.188667297363281,0.32901501655578613,-0.0006398638,3.194366455078125,5.346776723861694
96,-1.0566174e-05,29.19402566474582,970000,100,25.84591369473794,0.04146409034729004,814.9730956554413,37.7456019209004,1.6272005972275838,33.43361759999238,8.637634992599487,8.986795902252197,0.3072817325592041,-0.00067912065,3.118635416030884,5.256903886795044
97,-1.0511848e-05,30.336315710190497,980000,100,26.011176355083702,0.058666229248046875,823.3127975463867,36.41947282532573,1.3640243375669923,33.59544415429362,8.066905975341797,8.324109077453613,0.19830679893493652,-0.0014918087,2.903197765350342,4.9177656173706055
98,-1.0494551e-05,30.88020133758504,990000,100,26.016328891054705,0.02035069465637207,829.0765759944916,36.30709123228667,1.2806692398924697,33.54320702676407,5.513840436935425,5.754095077514648,0.21960806846618652,-0.0023615677,1.984044075012207,3.3556108474731445
99,-1.0423399e-05,29.207568255026057,1000000,100,25.905006875090418,0.030771970748901367,834.9828853607178,37.43695754013425,1.4782979510022018,33.52022004987501,5.65231466293335,5.897465705871582,0.2140965461730957,-0.0032868478,2.034978151321411,3.4383857250213623
100,-1.037399e-05,29.485796061505773,1010000,100,25.8736514046925,0.06433629989624023,841.0038888454437,37.95386323857545,1.6266568873540344,33.511129579616394,5.741379976272583,6.010457515716553,0.20455074310302734,-0.0019893066,2.0674030780792236,3.4923551082611084
101,-1.0322748e-05,30.084566754061306,1020000,100,26.038844794675676,0.07261371612548828,847.2880711555481,36.945219176838904,1.4032740665998777,33.61881381580483,5.9685962200164795,6.272439956665039,0.23099470138549805,-0.0017254981,2.1525464057922363,3.6258461475372314
102,-1.02853555e-05,30.14435568390349,1030000,100,26.31508997310456,0.027448654174804688,854.4336824417114,38.30214649236067,1.6170094553000043,33.91436040110498,6.81112813949585,7.134249925613403,0.2953035831451416,-0.0021502108,2.473857879638672,4.126842975616455
103,-1.02348995e-05,29.353731128036888,1040000,100,25.9846831808315,0.07044863700866699,863.1950998306274,36.32721798010318,1.4751582713370497,33.653376079168076,8.399374008178711,8.746461629867554,0.2761654853820801,-0.0024879205,3.037522315979004,5.101746082305908
104,-1.019551e-05,30.015513568177536,1050000,100,26.147125757772177,0.028942346572875977,871.4295425415039,36.996664160903215,1.607882129019788,33.84757324488446,7.948842525482178,8.218432426452637,0.2403888702392578,-0.0022782793,2.8967831134796143,4.807197093963623
105,-1.0151899e-05,29.900475967114005,1060000,100,26.267309899699317,0.03143167495727539,877.636946439743,38.398686353193554,1.5885254710627612,33.97942070086446,5.931028604507446,6.197668790817261,0.23501253128051758,-0.00064419565,2.091825008392334,3.648698568344116
106,-1.0080824e-05,30.633466450691994,1070000,100,26.255455139654217,0.030875682830810547,884.0878908634186,37.34222316709908,1.4077608006246267,33.910855876578346,6.109687566757202,6.439224004745483,0.2982769012451172,0.0028831777,2.1618666648864746,3.755314826965332
107,-1.0038452e-05,18.61922878190333,1080000,100,26.294831104366928,0.05996441841125488,891.2675740718842,37.66572958710785,2.1277277839245845,33.88268500067359,6.81962251663208,7.167254209518433,0.2772963047027588,0.005376663,2.3593051433563232,4.248124837875366
108,-9.997471e-06,30.396662688356205,1090000,100,26.208402658218326,0.07705068588256836,898.9704720973969,37.002427327724064,1.491712898457369,33.88917978887276,7.310670852661133,7.691893577575684,0.2994842529296875,-0.000736388,2.534088134765625,4.552518606185913
109,-9.939976e-06,30.243369214918552,1100000,100,26.289645052226497,0.041440725326538086,910.7748856544495,38.08338098343338,1.5875542839416967,33.94622302113129,11.30096983909607,11.792648315429688,0.44979262351989746,-0.0025482064,3.769213914871216,7.186010122299194
110,-9.89541e-06,28.263103323484987,1110000,100,26.37957635645174,0.04372358322143555,922.4330704212189,36.959271968364284,1.6170220135080637,34.05596534799774,11.238366842269897,11.638033866882324,0.3553156852722168,0.0010637816,3.7931082248687744,7.105476379394531
111,-9.84203e-06,30.42905430651641,1120000,100,26.34073718925132,0.027470111846923828,932.0926923751831,37.993235250731935,1.6021817324262557,34.07344540541672,9.328684091567993,9.63813591003418,0.28140950202941895,-0.0010605241,3.2505743503570557,5.773886442184448
112,-9.803205e-06,31.061252383498363,1130000,100,26.73663091545814,0.06517815589904785,940.9804072380066,38.02090448478176,1.4075986349154435,34.476111807971115,8.546321630477905,8.877504587173462,0.2657291889190674,-0.0011011699,2.7831172943115234,5.501450538635254
113,-9.76125e-06,30.913223730978753,1140000,100,26.587530024874045,0.06386613845825195,949.1758136749268,38.54201384157287,1.4590882558526845,34.30476899480525,7.8611555099487305,8.18408989906311,0.2569162845611572,0.0007149227,2.6246891021728516,4.985060691833496
114,-9.709373e-06,29.449755203513693,1150000,100,26.521886728371765,0.030851125717163086,957.4891016483307,37.32888382323492,1.547548906737849,34.21841829227455,7.966440439224243,8.30150294303894,0.303877592086792,0.0029216006,2.7098228931427,5.008126735687256
115,-9.667896e-06,30.919385711284534,1160000,100,26.585860740395304,0.115234375,969.4545512199402,36.788787212555455,1.3764180494679632,34.37459206326595,11.34035849571228,11.953643798828125,0.4976966381072998,-0.003696075,3.880326747894287,7.115577936172485
116,-9.618638e-06,31.524835802909443,1170000,100,26.607076172204835,0.03269147872924805,980.7836973667145,38.00935171822669,1.5472601943731186,34.4230602645895,10.921769857406616,11.304882764816284,0.3498573303222656,-0.00015748276,3.740537166595459,6.848695516586304
117,-9.565592e-06,30.648410585131593,1180000,100,26.461142399997552,0.061864376068115234,990.6737930774689,38.17510763738743,1.5282543219889668,34.233252074398386,9.456265926361084,9.87402892112732,0.3553273677825928,0.0025680629,3.3001205921173096,5.867756366729736
118,-9.523512e-06,32.134599718759006,1190000,100,26.857762265514495,0.031949520111083984,999.6414074897766,38.15099364645285,1.374247775368745,34.63914509504186,8.685792207717896,8.950995922088623,0.23300838470458984,-0.0032049604,3.0275659561157227,5.384014129638672
119,-9.448012e-06,31.425853324843956,1200000,100,27.01278134464748,0.03219795227050781,1006.1117792129517,37.941383344880876,1.3458114523936084,34.8100676954991,6.179953098297119,6.460782766342163,0.24829745292663574,-0.003316612,2.1374149322509766,3.836423397064209
120,-9.397549e-06,29.762306211486344,1210000,100,26.917193118072504,0.03808450698852539,1012.727098941803,39.10138151179399,1.568279420432299,34.682383833832006,6.315521001815796,6.605282545089722,0.2513890266418457,0.00047360137,2.2351534366607666,3.8684751987457275
121,-9.344641e-06,30.788362316937462,1220000,100,26.556314646876622,0.03388476371765137,1019.3916912078857,37.525591047230215,1.4334139331074494,34.35745348723985,6.382827997207642,6.654353857040405,0.23741722106933594,-0.0011896518,2.2330474853515625,3.9463083744049072
122,-9.286117e-06,30.897187315666994,1230000,100,26.74443396420642,0.03516554832458496,1026.71719455719,38.26943274425354,1.5765111578229642,34.632826345367924,7.0008158683776855,7.31482720375061,0.2785911560058594,-0.00012056228,2.476994752883911,4.302775859832764
123,-9.225387e-06,30.451143601082233,1240000,100,26.971706150536697,0.08783721923828125,1036.2780668735504,37.86409419128075,1.601586838526909,34.8626131691966,9.128910303115845,9.5500807762146,0.333054780960083,0.0045353356,3.2026453018188477,5.646103620529175
124,-9.171567e-06,31.780701818943847,1250000,100,26.797799831323513,0.07658767700195312,1046.1708748340607,38.03455293704934,1.3982974427345267,34.64428102120662,9.492894411087036,9.87613844871521,0.3063337802886963,0.0012860241,3.3427445888519287,5.863651752471924
125,-9.11755e-06,31.3189426756361,1260000,100,26.810244694291754,0.043570518493652344,1055.47718334198,38.57799335148088,1.4635169707569706,34.69497619732783,9.015044689178467,9.291929960250854,0.22148513793945312,0.0036661383,3.146038770675659,5.591982364654541
126,-9.063834e-06,30.214487147520533,1270000,100,26.80381483045411,0.06433629989624023,1061.8858091831207,37.7753556217942,1.4911596888738274,34.74545791685725,6.1136109828948975,6.399543523788452,0.22137832641601562,0.0009240829,2.1348304748535156,3.7844197750091553
127,-9.0210915e-06,31.10992014810882,1280000,100,26.55277849628379,0.031624794006347656,1068.447339296341,37.65395184344854,1.2819087629363346,34.485285526841125,6.282248020172119,6.551376581192017,0.23722624778747559,-0.0028486534,2.21201229095459,3.8716776371002197
128,-8.97908e-06,30.551406477461473,1290000,100,26.803282499488528,0.05918312072753906,1075.0912160873413,38.10477871688046,1.5637946608648654,34.73019080892351,6.336935043334961,6.6327805519104,0.23642945289611816,-0.0010180359,2.2197072505950928,3.9180376529693604
129,-8.918748e-06,31.233347862266918,1300000,100,27.127562089378184,0.04114866256713867,1082.3712186813354,38.27771480655139,1.4171276058320763,35.06613278309778,6.96157693862915,7.268004894256592,0.26497793197631836,0.0063309986,2.4405479431152344,4.288991451263428
130,-8.874145e-06,31.24438382698452,1310000,100,26.666691522735327,0.06426382064819336,1091.500729560852,38.77320599390992,1.6154582436837417,34.58945729925509,8.699675798416138,9.118253707885742,0.35373997688293457,-0.00015005465,3.085862874984741,5.348352670669556
131,-8.855913e-06,31.297403437431203,1320000,100,27.029022051048432,0.08012795448303223,1101.294517993927,38.243281900363215,1.611713367013382,35.01916938643229,9.37278437614441,9.777600049972534,0.3243739604949951,0.0037894447,3.3196828365325928,5.766014337539673
132,-8.788266e-06,31.1316774360504,1330000,100,26.61896196351446,0.030737638473510742,1110.8870301246643,38.31608682497192,1.4743544090840162,34.629378393596035,9.318778991699219,9.574522256851196,0.22458338737487793,-0.0027419853,3.3097164630889893,5.716968059539795
133,-8.771524e-06,28.001391791462353,1340000,100,26.842063904520014,0.038602352142333984,1117.194022655487,38.53523610885446,1.7467420423401183,34.860832480566394,6.019947290420532,6.296721696853638,0.23792195320129395,-0.0019869104,2.1069416999816895,3.720921277999878
134,-8.7319895e-06,31.38516989317462,1350000,100,26.828069505561984,0.046375274658203125,1123.7209804058075,38.052129788867695,1.5550190452652402,34.875254168133864,6.239973783493042,6.517355442047119,0.23061037063598633,-0.000720219,2.206778049468994,3.836076498031616
135,-8.690964e-06,30.874190555009275,1360000,100,26.850096039719816,0.02254199981689453,1130.3247230052948,38.59490165638735,1.618620889597828,34.90111827367655,6.321843862533569,6.593850612640381,0.24919986724853516,0.0030688213,2.183795690536499,3.9378621578216553
136,-8.655259e-06,31.240997600629957,1370000,100,27.177036871410916,0.052133798599243164,1137.3918573856354,38.429119521727166,1.5544047073279732,35.27786939059361,6.750378370285034,7.05623459815979,0.2534193992614746,0.003789479,2.3733363151550293,4.166515350341797
137,-8.648908e-06,30.499150159988286,1380000,100,26.785333301837326,0.07639145851135254,1146.3244252204895,37.833841488852826,1.5065439183639127,34.81278843750422,8.526166439056396,8.920123815536499,0.31709718704223633,0.008790956,3.026062488555908,5.237422466278076
138,-8.614558e-06,31.593424213140498,1390000,100,26.78084814349592,0.08744263648986816,1156.0302889347076,38.62514152331964,1.4791590663852645,34.79479562891205,9.300319194793701,9.688918352127075,0.30084848403930664,0.002654474,3.290219783782959,5.722449541091919
139,-8.570978e-06,31.414966837470725,1400000,100,26.94768984604799,0.04109549522399902,1165.863608598709,38.5066628029148,1.4171475542535008,34.89779034715495,9.454586029052734,9.817747831344604,0.32172179222106934,-0.00061438384,3.3533244132995605,5.812244892120361
140,-8.553876e-06,31.363179441193985,1410000,100,26.945081285183804,0.04816293716430664,1175.4794070720673,38.5808234114278,1.4957729360860041,34.91769285093955,9.236119270324707,9.599741697311401,0.31511449813842773,0.0018378769,3.253122329711914,5.6982762813568115
141,-8.48358e-06,30.567183341691553,1420000,100,26.748649014551315,0.03583121299743652,1184.1920948028564,38.67176241001188,1.5960947181988308,34.69652395964179,8.420634269714355,8.697524547576904,0.24077892303466797,0.0006904577,2.961012363433838,5.200846195220947
142,-8.451299e-06,31.06458914812299,1430000,100,27.089474212094675,0.02896261215209961,1190.5807902812958,38.18892299948417,1.539340736380688,35.03029855357627,6.091068506240845,6.378103494644165,0.25785279273986816,-0.0015980775,2.120487928390503,3.7788901329040527
143,-8.421411e-06,31.165405644375568,1440000,100,26.800442742744195,0.06164240837097168,1197.0526494979858,38.36811744667598,1.4904412912561118,34.69862987587863,6.172212600708008,6.461102724075317,0.22700285911560059,-0.0012754352,2.1851539611816406,3.79170298576355
144,-8.364427e-06,31.847073475765157,1450000,100,26.929186814708533,0.06324243545532227,1203.6488163471222,37.77140451838365,1.4044903721209032,34.87501674402491,6.283827781677246,6.586009740829468,0.23304176330566406,-0.00036265203,2.227722406387329,3.8555073738098145
145,-8.3120585e-06,32.49862677230885,1460000,100,27.126321925127584,0.0427243709564209,1211.03280043602,38.338853933824836,1.493201503751381,35.10965201082775,7.082151412963867,7.373063325881958,0.2478954792022705,0.007091611,2.479459285736084,4.382411479949951
146,-8.277592e-06,32.034461385553655,1470000,100,26.745396850376746,0.04638385772705078,1219.945660352707,38.72679023664213,1.3906346626881803,34.6788964778863,8.54282021522522,8.902390480041504,0.3127610683441162,0.00045972533,3.05625581741333,5.223430156707764
147,-8.240376e-06,31.155632339270575,1480000,100,26.801803350225768,0.04335308074951172,1229.7082200050354,38.19062138246785,1.5134464295664705,34.75732559051392,9.342105865478516,9.747250080108643,0.3613090515136719,-0.001326021,3.3220462799072266,5.734750032424927
148,-8.180464e-06,31.484372639746162,1490000,100,27.000910074340265,0.05322551727294922,1239.4059145450592,38.10272675752632,1.423489392493292,34.91928151024293,9.309912204742432,9.68016529083252,0.31659722328186035,0.0014403097,3.3006954193115234,5.725672721862793
149,-8.176659e-06,31.70630918707115,1500000,100,27.267222442873937,0.057030439376831055,1246.0948491096497,38.820806722855835,1.5011825674138457,35.2801983851912,6.365909814834595,6.673299312591553,0.24270057678222656,-0.0022305779,2.223573923110962,3.941993236541748
150,-8.133573e-06,30.083343152346032,1510000,100,26.725038610068072,0.060530900955200195,1252.876046180725,38.106671173437334,1.519994761408646,34.63694697428493,6.4759790897369385,6.761419773101807,0.22464370727539062,-0.0005483307,2.2584378719329834,4.011786460876465
151,-8.096327e-06,31.827741439981732,1520000,100,26.82227656213498,0.025313615798950195,1259.1833200454712,38.668310937096514,1.4048988132286053,34.783739694386014,6.031538486480713,6.297421216964722,0.24035024642944336,-0.0023051521,2.171902656555176,3.669099807739258
152,-8.0694435e-06,31.51378748072776,1530000,100,27.164264420114197,0.06810784339904785,1265.7280669212341,39.30649997834168,1.5401490386969683,35.157135588115196,6.212219953536987,6.533508062362671,0.2428264617919922,-0.0017789692,2.223992109298706,3.790144920349121
153,-8.023442e-06,31.338318204451244,1540000,100,27.07537808189773,0.09222865104675293,1273.6143510341644,38.527757544292534,1.5262736311673921,35.08010961481228,7.387460231781006,7.87490439414978,0.39005398750305176,-0.0016170772,2.623663902282715,4.532751798629761
154,-7.994393e-06,31.5377198156104,1550000,100,27.25046995144146,0.044502973556518555,1282.8071870803833,39.02378059019852,1.5748691310809968,35.30630274922437,8.718112707138062,9.173511505126953,0.4103729724884033,-0.0013827101,3.1499099731445312,5.298626899719238
155,-7.947695e-06,31.878555052373823,1560000,100,27.18963510540774,0.04583168029785156,1293.6570971012115,38.875175005092025,1.3663894035245148,35.260181762308804,10.194990873336792,10.834473133087158,0.5931332111358643,-0.0007547058,3.5788538455963135,6.308432102203369
156,-7.897922e-06,31.99980020029549,1570000,100,27.061408530639586,0.04981374740600586,1304.003012418747,38.08423215345784,1.353764457881524,35.117930991006816,9.767719507217407,10.318847179412842,0.5004942417144775,0.0011309724,3.4386215209960938,6.0337278842926025
157,-7.877987e-06,31.19734152390708,1580000,100,27.137358002677082,0.06920552253723145,1311.814649105072,38.25073266901407,1.3314593504172376,35.209245283830924,7.434267044067383,7.785639524459839,0.2818167209625244,-0.0011412653,2.5962576866149902,4.6026771068573
158,-7.830223e-06,31.169396304054082,1590000,100,26.902671762565298,0.0356903076171875,1318.3260083198547,38.45293500498282,1.5922180106703738,34.95725304854745,6.161449432373047,6.497580051422119,0.3000462055206299,-0.002154572,2.1718389987945557,3.7934110164642334
159,-7.782338e-06,31.53481572868707,1600000,100,26.848012237734878,0.036199092864990234,1324.8437721729279,38.379759421836475,1.3613132981741989,34.913201593537536,6.229806661605835,6.504042625427246,0.2375321388244629,0.00474454,2.1997299194335938,3.834167242050171
160,-7.745279e-06,31.39107550013722,1610000,100,27.07271197815614,0.06178426742553711,1331.358595609665,38.79441834509783,1.4223248699107884,35.153747262511764,6.221966028213501,6.5040833950042725,0.21346569061279297,0.009414111,2.21895432472229,3.807537317276001
161,-7.694194e-06,32.21373157840735,1620000,100,26.891592046067007,0.05637168884277344,1338.9621670246124,38.946617176423445,1.527653686282158,34.95499261439426,7.290976285934448,7.593730211257935,0.24597907066345215,0.0037820744,2.59228253364563,4.466994047164917
162,-7.657952e-06,32.283544734630816,1630000,100,26.996134732118403,0.044660091400146484,1348.636742591858,38.18121416888776,1.3955500489649246,35.105628915053124,9.279829740524292,9.663052082061768,0.33817338943481445,0.0028636064,3.282421350479126,5.715806007385254
163,-7.6161477e-06,31.504118489325304,1640000,100,27.045239468546605,0.061283111572265625,1357.6806147098541,38.68241237917368,1.451633263996682,35.13778770632474,8.586500406265259,9.02609658241272,0.3778657913208008,0.009626252,3.1035313606262207,5.221780061721802
164,-7.603702e-06,31.8155386224036,1650000,100,26.92851878473381,0.0454254150390625,1367.9498710632324,38.82816428799562,1.4605817734482793,35.06934907028381,9.874106168746948,10.253670454025269,0.3337438106536865,0.0025366715,3.4673287868499756,6.104586601257324
165,-7.5681805e-06,32.057507972537934,1660000,100,27.278160367809313,0.044293880462646484,1375.3965938091278,38.55362653029735,1.482103544325724,35.428981984261085,7.163227319717407,7.431207180023193,0.2234177589416504,-0.00032717062,2.5525460243225098,4.387853145599365
166,-7.5081466e-06,31.332802104146865,1670000,100,26.96397063514744,0.07253003120422363,1381.7468786239624,38.36556615074875,1.4957623299599179,35.06899555314387,5.968626260757446,6.3406126499176025,0.29924869537353516,-0.0031812442,2.134448528289795,3.6412806510925293
167,-7.4510294e-06,32.02468956988914,1680000,100,27.213954699780494,0.03697609901428223,1388.5051698684692,38.157913318378604,1.3619851963396394,35.31655267331377,6.504541397094727,6.74898624420166,0.20708155632019043,-0.00015082474,2.2577314376831055,4.044485330581665
168,-7.40128e-06,31.327333893655005,1690000,100,27.131685280762035,0.03302335739135742,1395.5344669818878,38.758282221614635,1.6531503909665264,35.246990259330374,6.705363035202026,7.019731521606445,0.2811260223388672,-0.0020326534,2.294722318649292,4.201282501220703
169,-7.3449037e-06,32.73447422900023,1700000,100,27.18551013683667,0.05008864402770996,1404.967120885849,38.85276926497123,1.4583352317876024,35.29573352915813,9.051087856292725,9.421270370483398,0.31735992431640625,-0.0010793521,3.152538537979126,5.62342381477356
170,-7.301717e-06,31.666141111052642,1710000,100,27.131034744186127,0.04032111167907715,1414.8119728565216,38.23087561867892,1.5269551172962172,35.26083176274435,9.470662355422974,9.828958988189697,0.3175168037414551,-0.0005188127,3.320744037628174,5.861971139907837
171,-7.23623e-06,31.292461512397537,1720000,100,27.067280415744005,0.06812834739685059,1424.1287279129028,38.48135782747911,1.5308542617438325,35.253768488944594,9.034547805786133,9.30122995376587,0.19829440116882324,0.008807498,3.2585980892181396,5.500277757644653
172,-7.2015832e-06,32.46605188876531,1730000,100,27.105453216157194,0.03171515464782715,1430.2873315811157,38.97734636808761,1.4532060270161868,35.28300880443828,5.891862869262695,6.149627923965454,0.22571682929992676,0.0007235402,2.086395025253296,3.6175267696380615
173,-7.2016387e-06,31.984218107144063,1740000,100,27.028447216551825,0.032137393951416016,1436.6762158870697,38.525289258438015,1.4307330445392077,35.25354702576829,6.0936503410339355,6.378365993499756,0.25226759910583496,0.008677616,2.1432547569274902,3.757438898086548
174,-7.1654854e-06,31.724569410441383,1750000,100,27.042196809118256,0.03240704536437988,1443.1186397075653,38.43323015520839,1.5788658349980342,35.242440475745894,6.1599767208099365,6.432352542877197,0.2396237850189209,-0.0004822967,2.167339324951172,3.7985501289367676
175,-7.1315217e-06,32.205797006133324,1760000,100,26.995578428817854,0.07279515266418457,1450.0139768123627,37.96358873863433,1.4227685086514388,35.24935167625521,6.573069334030151,6.885682106018066,0.23289012908935547,-0.0034715922,2.3297855854034424,4.033658981323242
176,-7.0730703e-06,31.819726837948906,1770000,100,27.328175804473847,0.05516457557678223,1458.3450338840485,39.16951603858601,1.5206777545413772,35.601865772282935,7.938965559005737,8.318967342376709,0.32442164421081543,0.0006730771,2.8345978260040283,4.858014106750488
177,-7.0597134e-06,31.703671499797622,1780000,100,26.872446926953515,0.050016164779663086,1467.9808752536774,39.1214157189605,1.588702849544085,35.047109387768394,9.254828214645386,9.619101285934448,0.31348729133605957,0.005507315,3.2936289310455322,5.6756322383880615
178,-6.9983635e-06,31.0945508282772,1790000,100,27.02753634076589,0.06769919395446777,1475.8468987941742,38.93516939054669,1.5454312496807046,35.22703453007865,7.5644614696502686,7.8489155769348145,0.21649646759033203,0.003494743,2.6860861778259277,4.6439595222473145
179,-6.9574544e-06,32.37837837291509,1800000,100,26.73942784700305,0.033423662185668945,1482.656713962555,38.194568723677826,1.3652181460243231,34.95194823062198,6.520880222320557,6.7995264530181885,0.24492859840393066,-0.0017435199,2.257293701171875,4.056720495223999
180,-6.917835e-06,31.229311007585572,1810000,100,26.956853085057027,0.03953289985656738,1489.0348718166351,38.640468313764494,1.514733350598656,35.194248890295135,6.104581117630005,6.367271900177002,0.22272372245788574,0.014241072,2.1651198863983154,3.7442808151245117
181,-6.893453e-06,31.672636023816075,1820000,100,26.850508588237236,0.03379225730895996,1495.606415271759,38.52650955846184,1.425022548408932,35.034160999058344,6.268216133117676,6.561763763427734,0.25948572158813477,-0.00010800278,2.2055253982543945,3.8631069660186768
182,-6.8293807e-06,33.04181757205372,1830000,100,27.28933726037724,0.049272775650024414,1503.3591606616974,38.30954518915526,1.4118569671665127,35.53342174750176,7.364178895950317,7.742234945297241,0.3283836841583252,0.0033864852,2.615987539291382,4.519569396972656
183,-6.7978067e-06,32.53178719570682,1840000,100,27.053139293126183,0.04801535606384277,1512.9684708118439,38.50044894072592,1.4139578255990002,35.1992530458567,9.232277870178223,9.590890169143677,0.3100616931915283,0.0118061,3.2766315937042236,5.671513319015503
184,-6.77315e-06,32.01436058558396,1850000,100,27.164835700707147,0.046256065368652344,1522.479299545288,38.45958267344855,1.406565737314992,35.33260087947296,9.135466575622559,9.496182203292847,0.31403088569641113,0.012409525,3.2146494388580322,5.642611265182495
185,-6.7465953e-06,32.39810467417375,1860000,100,27.104506565770944,0.029155492782592773,1530.9380877017975,38.3612000142213,1.2646015346107111,35.311308822993716,8.189950704574585,8.442567825317383,0.22321295738220215,0.00090993184,2.939089298248291,4.996214389801025
186,-6.6605726e-06,31.68343075411615,1870000,100,27.44204050036186,0.030896663665771484,1537.1918387413025,39.26903700258724,1.3732957898183953,35.63916696304901,5.9774861335754395,6.24301290512085,0.23434829711914062,-0.0018876588,2.1031012535095215,3.6815481185913086
187,-6.6571747e-06,32.06821260927673,1880000,100,27.15357340811933,0.061033010482788086,1543.700433731079,38.8233794059879,1.5175542725482771,35.385936055269184,6.194016695022583,6.49880313873291,0.24354767799377441,0.005554475,2.159555196762085,3.827702760696411
188,-6.629936e-06,31.001118881998373,1890000,100,26.926681491676185,0.030704021453857422,1550.1097342967987,38.832106392743476,1.5148903336892838,35.15927982245703,6.148647785186768,6.399688959121704,0.2201387882232666,-0.0014130594,2.185957908630371,3.7697086334228516
189,-6.60191e-06,31.952516483333227,1900000,100,27.075531504949808,0.03838324546813965,1557.338229417801,38.89758468172828,1.4256672307547862,35.291691395489714,6.934099912643433,7.2183661460876465,0.2456214427947998,0.0062495735,2.492732286453247,4.224417686462402
190,-6.570961e-06,31.205840545270956,1910000,100,27.120708522538333,0.0480501651763916,1566.3563559055328,38.775384409894144,1.4002719361637,35.37007345561562,8.65148138999939,9.00735068321228,0.30727410316467285,-0.00016323866,3.0946757793426514,5.286469459533691
191,-6.5392856e-06,31.455066279014584,1920000,100,27.07497655985492,0.042848825454711914,1574.7339735031128,38.565333398179334,1.7226018965203287,35.23976884298897,8.086594820022583,8.361493587493896,0.23173999786376953,-0.0005574294,2.869033098220825,4.968092918395996
192,-6.4803285e-06,31.762141166438028,1930000,100,27.182589855497028,0.028240203857421875,1581.01034116745,39.371013552186575,1.3390368082852144,35.37787004372074,6.002633571624756,6.267024993896484,0.23592281341552734,0.0014033936,2.1197872161865234,3.6921262741088867
193,-6.46058e-06,31.351509720831476,1940000,100,26.99264842715786,0.030837059020996094,1587.4805781841278,38.40192086102674,1.6453831219912998,35.11588614233546,6.196791410446167,6.46040940284729,0.23255300521850586,-0.0024817756,2.192169427871704,3.8072779178619385
194,-6.4062674e-06,32.214774770113756,1950000,100,27.14657393424527,0.03430652618408203,1593.9315617084503,39.04041639433223,1.447236850781865,35.23876827834624,6.168052673339844,6.441424608230591,0.23871397972106934,-0.0004003017,2.1753556728363037,3.7955074310302734
195,-6.372405e-06,31.052734664099383,1960000,100,27.299047440200283,0.03603076934814453,1601.1918544769287,39.154497198063986,1.6496207273796824,35.47228774351063,6.9612157344818115,7.248487710952759,0.2509727478027344,-0.001912589,2.4592130184173584,4.285513401031494
196,-6.3419134e-06,32.73763441506228,1970000,100,27.325045979234577,0.051712751388549805,1610.408279657364,38.567096412609516,1.3756418858173656,35.479601086783006,8.787410736083984,9.205300331115723,0.3658771514892578,-0.0024079625,3.1287009716033936,5.3907999992370605
197,-6.2998974e-06,31.199188262161947,1980000,100,27.135535436328787,0.04714345932006836,1620.101582288742,38.206227726483974,1.3660583131593458,35.24549762732848,9.315445899963379,9.674272298812866,0.31136417388916016,-0.0028042472,3.30497145652771,5.7281951904296875
198,-6.2629974e-06,32.75292648183803,1990000,100,27.397776631342143,0.04087066650390625,1629.3983595371246,39.14370377755731,1.3722026174550301,35.62299758316392,9.025187492370605,9.281118154525757,0.2147846221923828,-0.002402654,3.209289312362671,5.541360855102539
199,-6.2396703e-06,31.49508436134087,2000000,100,27.472290273725022,0.03167986869812012,1635.656049489975,38.949727755286816,1.5121799424370497,35.62678783853052,5.993901491165161,6.248473405838013,0.22263240814208984,-0.0015125689,2.0992166996002197,3.701282501220703
200,-6.1884252e-06,31.891434467176904,2010000,100,27.200367479459,0.033699989318847656,1642.0077497959137,37.997770956127894,1.3522756414741055,35.39675152197811,6.062508821487427,6.341839551925659,0.24541831016540527,0.0058099264,2.138262987136841,3.7311627864837646
201,-6.1748683e-06,31.374354744178007,2020000,100,27.265281750867533,0.03465437889099121,1648.5228939056396,38.86527536714861,1.6371504906214254,35.47434936449998,6.227137088775635,6.504936695098877,0.24293041229248047,0.00065000186,2.1893768310546875,3.841435194015503
202,-6.140194e-06,32.17708100852514,2030000,100,27.296395034438323,0.02828049659729004,1654.9705777168274,38.842881276226485,1.472276146296303,35.51580228522315,6.176623821258545,6.43700385093689,0.23187971115112305,0.0046407557,2.1981544494628906,3.7778353691101074
203,-6.107611e-06,32.14165976595066,2040000,100,27.251175288324767,0.06163597106933594,1662.7204012870789,38.6141098855348,1.3850973177172543,35.42070118970158,7.352543354034424,7.738114356994629,0.3234672546386719,-0.00075839757,2.6009087562561035,4.521836519241333
204,-6.072126e-06,32.73430883477397,2050000,100,27.66091045251435,0.05547595024108887,1672.300053358078,39.19883028636698,1.3054966060926296,35.89065156543499,9.204107999801636,9.562640190124512,0.30264830589294434,0.0020755194,3.280639410018921,5.639753580093384
205,-6.0524467e-06,31.780721040165556,2060000,100,27.29550927381064,0.07271766662597656,1681.7659294605255,38.55700589687246,1.5017694616178003,35.489731681758975,9.06467318534851,9.451233625411987,0.3133699893951416,0.0011965954,3.204383134841919,5.582024812698364
206,-6.0351827e-06,31.795437707140326,2070000,100,27.184079546569315,0.08269882202148438,1691.463044166565,38.62755463156664,1.5623379803973747,35.45168596421598,9.224763631820679,9.681427478790283,0.37357282638549805,0.0015922321,3.260056972503662,5.667320489883423
207,-6.0283696e-06,32.78041504400278,2080000,100,27.38901064419412,0.06162428855895996,1698.7202310562134,38.67201489810517,1.4776144911999665,35.636222431115186,6.9549782276153564,7.2379961013793945,0.22108173370361328,0.0017467209,2.43991756439209,4.295255422592163
208,-5.9783883e-06,32.479768787761365,2090000,100,27.638149230539675,0.03726673126220703,1704.94278049469,39.16776856712818,1.3910115121405071,35.93064616483892,5.941734313964844,6.2131733894348145,0.2339038848876953,0.0035404833,2.1160624027252197,3.6348061561584473
209,-5.9418057e-06,32.38472255312431,2100000,100,27.408939648769437,0.034421443939208984,1711.229317188263,38.61827511041808,1.4244295648464527,35.70444780725135,6.005296468734741,6.275749683380127,0.23562240600585938,0.011408109,2.1294920444488525,3.6830599308013916
210,-5.935576e-06,31.996732809391354,2110000,100,27.045753121349495,0.03197503089904785,1717.6802315711975,38.17453879029647,1.4426689915173225,35.3360148246996,6.158576965332031,6.4407289028167725,0.24989056587219238,0.0039142896,2.1954281330108643,3.7657470703125
211,-5.894861e-06,32.770850212115654,2120000,100,27.30997032843238,0.04621577262878418,1726.2331805229187,38.909067940316156,1.4146009079850992,35.643760165605,8.168549060821533,8.540630578994751,0.3254272937774658,0.016965033,2.8660738468170166,5.051494121551514
212,-5.864565e-06,31.68811876256321,2130000,100,27.23833780344676,0.04178023338317871,1735.5588943958282,38.46636049513919,1.4927219998296923,35.54852284757255,8.955627918243408,9.308266878128052,0.3104865550994873,0.007152205,3.1749563217163086,5.5008766651153564
213,-5.820266e-06,32.269573701073305,2140000,100,27.079262445891057,0.06554293632507324,1744.1550183296204,37.97380414978551,1.3810203005547308,35.34898025268373,8.3163321018219,8.578874588012695,0.1900782585144043,0.012794613,2.996182680130005,5.060612916946411
214,-5.7730804e-06,32.01899208985465,2150000,100,27.2861164707544,0.03237152099609375,1750.0410227775574,38.171490092982864,1.363792447400788,35.475112913452165,5.626866817474365,5.8756115436553955,0.21607756614685059,-0.0021007992,2.0057990550994873,3.4428842067718506
215,-5.7242673e-06,31.543014661421175,2160000,100,27.170453585417185,0.03154778480529785,1756.348563194275,38.1439649511788,1.437895511772958,35.3598175694472,6.023318767547607,6.297819137573242,0.24265813827514648,-0.0030138486,2.133340835571289,3.6989521980285645
216,-5.7011293e-06,32.28155945956178,2170000,100,27.09772600161144,0.03188157081604004,1762.5673985481262,38.944119050939,1.5281466202047924,35.24341493317001,5.947327613830566,6.209571361541748,0.2299950122833252,-0.0005771463,2.120440721511841,3.6402804851531982
217,-5.664986e-06,32.52542644757505,2180000,100,27.2573689047636,0.037952423095703125,1769.2095828056335,39.14442085308708,1.3947969166260803,35.47372917506604,6.347962856292725,6.632319927215576,0.24617791175842285,-0.0011053496,2.2777013778686523,3.871061325073242
218,-5.640304e-06,31.22622913462453,2190000,100,27.18384300404818,0.05287575721740723,1777.2294640541077,39.502193637384245,1.686145492698944,35.38270380871081,7.6930766105651855,8.008030891418457,0.26178812980651855,-0.0025668666,2.8032679557800293,4.652751445770264
219,-5.588129e-06,30.710367782569378,2200000,100,27.32459330105553,0.02999281883239746,1784.754929304123,39.52064048116669,1.4761091208418977,35.50304704665881,7.261241674423218,7.509893178939819,0.21844148635864258,-0.0018861665,2.6012420654296875,4.434930801391602
220,-5.519315e-06,32.275224534001836,2210000,100,27.391027440974323,0.0335390567779541,1790.6550369262695,38.9448206842131,1.294674427475991,35.60566023515116,5.6371049880981445,5.889938831329346,0.21907401084899902,0.0035476454,2.0102570056915283,3.4479591846466064
221,-5.490192e-06,31.77585271727664,2220000,100,27.109222106089724,0.04282045364379883,1796.686223268509,38.35023938285338,1.5148194420325916,35.322516682980364,5.7554686069488525,6.021542310714722,0.22297096252441406,0.014287203,2.0550334453582764,3.5177576541900635
222,-5.4683032e-06,32.269942931071476,2230000,100,27.283759995588497,0.059903621673583984,1802.820449590683,39.035732288803445,1.4131271289560041,35.5912413584977,5.860000848770142,6.124681711196899,0.20455265045166016,0.004286491,2.0890471935272217,3.585452079772949
223,-5.4060088e-06,31.935498093053702,2240000,100,27.302420907471838,0.03465557098388672,1809.4236578941345,38.932371302456,1.536120123915392,35.60961945648955,6.310261964797974,6.593327760696411,0.2481372356414795,-0.0010866557,2.2787013053894043,3.8315882682800293
224,-5.3934737e-06,33.05466476503088,2250000,100,27.318058279992197,0.023935556411743164,1816.4986124038696,39.48792632155211,1.2653209541919346,35.634669186528164,6.81062912940979,7.063193321228027,0.2283475399017334,-0.0019643102,2.4431517124176025,4.155419826507568
225,-5.3504173e-06,32.39083890146736,2260000,100,27.056391227419752,0.028003692626953125,1822.4706580638885,37.94722122393033,1.4174444133479382,35.367620305942154,5.712505578994751,5.963416337966919,0.22271347045898438,-0.00020129589,2.0612988471984863,3.4699063301086426
226,-5.293877e-06,31.832011613629213,2270000,100,27.333253139741352,0.03127598762512207,1828.6653156280518,39.27505165484947,1.5710236536180517,35.677446616497676,5.900005102157593,6.182737350463867,0.25115489959716797,-0.0012607517,2.0912060737609863,3.620161771774292
227,-5.2505834e-06,32.381878505214814,2280000,100,27.271840115410715,0.031443119049072266,1834.8561851978302,39.447047639003856,1.4508026337411981,35.58905031441482,5.925594806671143,6.18044900894165,0.223067045211792,0.0015943472,2.137174606323242,3.6024253368377686
228,-5.2522328e-06,32.851715676165306,2290000,100,27.526199796647884,0.03853440284729004,1841.7290012836456,39.17087092436914,1.3340370920421571,35.84895435864276,6.570911169052124,6.8629350662231445,0.25322771072387695,-0.0017551229,2.329000949859619,4.035026788711548
229,-5.203166e-06,31.87000501629161,2300000,100,27.375601464485207,0.09881424903869629,1850.9049324989319,39.00450094586713,1.3928081048639471,35.66995618333587,8.775472164154053,9.16547966003418,0.29090166091918945,0.009770003,3.112712860107422,5.390860557556152
230,-5.1770517e-06,32.76244707054268,2310000,100,27.472921439866177,0.04908418655395508,1860.3153290748596,39.47000376552155,1.370579550379375,35.714844364988124,9.04961633682251,9.395549297332764,0.29638075828552246,0.0011665107,3.2288265228271484,5.543492555618286
231,-5.154458e-06,32.834022390769356,2320000,100,27.24472400261784,0.032620906829833984,1868.6348683834076,38.782813284302115,1.5056893566526433,35.47865475261297,8.039754629135132,8.303447246551514,0.23078632354736328,0.007346431,2.860852003097534,4.930642604827881
232,-5.119445e-06,32.13752751856031,2330000,100,27.42628408840411,0.03156137466430664,1874.818611383438,40.121941040033086,1.4797808929331635,35.58509501501082,5.909708499908447,6.175003290176392,0.23352646827697754,0.008311913,2.098400831222534,3.621993064880371
233,-5.1182724e-06,31.204647990276793,2340000,100,27.250114247617486,0.030063867568969727,1881.124038219452,38.957339055459485,1.569682436677193,35.491718086962855,6.034413576126099,6.295205593109131,0.23053240776062012,0.015910525,2.1147124767303467,3.7285892963409424
234,-5.0856097e-06,32.26881397285942,2350000,100,27.02442230454393,0.05818653106689453,1887.530750989914,38.61836044613608,1.477610855487629,35.20110731449153,6.110366106033325,6.396692514419556,0.2257707118988037,0.00625753,2.1640944480895996,3.7506818771362305
235,-5.11111e-06,31.968895863620826,2360000,100,27.38450684108872,0.038819074630737305,1894.7062363624573,39.06893288608375,1.44179312026567,35.577640272764214,6.833979845046997,7.164973735809326,0.2918534278869629,0.00096044585,2.415076494216919,4.201106071472168
236,-5.0784456e-06,32.17545197699053,2370000,100,27.479786775001276,0.04212212562561035,1904.4464094638824,39.25005459823298,1.5669433707189115,35.630636426936604,9.351129531860352,9.725097894668579,0.33145904541015625,0.0022446641,3.315608024597168,5.7415173053741455
237,-5.041188e-06,32.25715371647589,2380000,100,27.385483669124174,0.0585331916809082,1912.5371379852295,39.36143677010528,1.4932903083017548,35.60759110074598,7.780277967453003,8.074493885040283,0.23547101020812988,-0.00011033375,2.790215015411377,4.750274181365967
238,-5.0294134e-06,32.23717098847485,2390000,100,27.450865955226924,0.03126978874206543,1918.4766159057617,38.14450179729034,1.4033875743799973,35.67983126278163,5.67823338508606,5.928781032562256,0.2189171314239502,0.008419164,2.0276544094085693,3.471571683883667
239,-5.0002386e-06,32.35464591515238,2400000,100,27.406028441718632,0.06137275695800781,1924.4770708084106,38.391493216577594,1.441745948711779,35.578557006133366,5.717603921890259,5.989511966705322,0.21029973030090332,0.0043789223,2.064676523208618,3.4706783294677734
240,-4.9794535e-06,31.97137033797132,2410000,100,27.05847594451846,0.03190326690673828,1930.5151450634003,37.92782592846826,1.4007848162158423,35.24368648715365,5.763277053833008,6.02801775932312,0.23258137702941895,0.0020314413,2.062699317932129,3.5186779499053955
241,-4.9325567e-06,31.884884561944634,2420000,100,27.315083673145732,0.04378867149353027,1937.1110436916351,38.88493186922617,1.4777225248897605,35.50950806709956,6.306290864944458,6.583421945571899,0.23292207717895508,4.343274e-06,2.27036714553833,3.8367972373962402
242,-4.911563e-06,31.775185546674834,2430000,100,27.54491829395612,0.047714948654174805,1945.264256477356,38.91350047793017,1.505897059134444,35.707815420964465,7.798345327377319,8.142001867294312,0.295543909072876,0.0022202276,2.824553966522217,4.729484796524048
243,-4.8925945e-06,32.328486805000445,2440000,100,27.180744109475064,0.043326616287231445,1954.4687235355377,39.08125170386055,1.2685572133303373,35.414226942743596,8.891586303710938,9.188369512557983,0.2530820369720459,0.00400587,3.1940455436706543,5.417665719985962
244,-4.8400184e-06,31.671719720592,2450000,100,27.278274022478232,0.05648231506347656,1963.326290845871,38.79547526328718,1.5230309106231064,35.48483581726323,8.575448274612427,8.842406988143921,0.20383977890014648,0.004824939,3.0308516025543213,5.274682521820068
245,-4.8416905e-06,31.59658695954759,2460000,100,27.20833291099514,0.031175851821899414,1969.439650297165,39.6804764970477,1.593315145383919,35.395465637548696,5.836167812347412,6.103317975997925,0.23573994636535645,0.0026659474,2.0756707191467285,3.570429563522339
246,-4.795535e-06,32.300299881072625,2470000,100,27.276264559923547,0.03170156478881836,1975.9021096229553,38.64461002227422,1.5051964221291916,35.48714805363685,6.188387155532837,6.451533555984497,0.23110365867614746,0.0036673755,2.167059898376465,3.8243842124938965
247,-4.7796257e-06,31.664314782096216,2480000,100,27.49045831647516,0.03072643280029297,1982.306224346161,39.15100925623682,1.5592914379213696,35.68978413198009,6.133821964263916,6.394044637680054,0.22925257682800293,-0.0016804443,2.1615071296691895,3.7782247066497803
248,-4.737817e-06,32.27067389759758,2490000,100,27.458982247989482,0.039838314056396484,1989.3632197380066,39.00398035363411,1.5757973183866438,35.695697012510735,6.752646207809448,7.045596122741699,0.25284886360168457,0.0019056642,2.407238006591797,4.13277530670166
249,-4.6979726e-06,32.62752822834435,2500000,100,27.353600415165324,0.041773080825805664,1998.0965580940247,38.485353240924624,1.326107183628571,35.63017895360772,8.357156753540039,8.72139024734497,0.32207202911376953,0.0102090575,2.9783825874328613,5.124293565750122
250,-4.6770347e-06,31.735448322679524,2510000,100,27.308199885184465,0.08588147163391113,2007.6788940429688,38.52932346208242,1.4179530814835108,35.59781780002947,9.179667949676514,9.56588101387024,0.2970242500305176,0.028891288,3.250148296356201,5.64855432510376
251,-4.653495e-06,32.32414012269423,2520000,100,27.470104724346747,0.05713319778442383,2015.1456077098846,38.83061309404197,1.5010594378558215,35.789827585456266,7.182148218154907,7.449628114700317,0.21006441116333008,0.011741951,2.548269748687744,4.409496784210205
252,-4.650545e-06,31.708222359553442,2530000,100,27.107987839480028,0.03370046615600586,2021.4286453723907,39.394139863767485,1.4256811365168853,35.416368957729404,6.003183603286743,6.273131847381592,0.23597955703735352,0.0141288955,2.1280438899993896,3.6807162761688232
253,-4.62974e-06,32.42545105388585,2540000,100,27.351494471090213,0.020826101303100586,2027.8068420886993,38.83542965702061,1.3796723561314357,35.646031842597026,6.114415645599365,6.368723630905151,0.2333064079284668,0.005115018,2.1482207775115967,3.7718002796173096
254,-4.615525e-06,31.0513731118907,2550000,100,27.231101941445374,0.02954411506652832,2034.1480906009674,38.69446998724827,1.477511269209144,35.5785485865958,6.0652875900268555,6.329439640045166,0.23435091972351074,-0.00014069835,2.149837017059326,3.720564603805542
255,-4.5640118e-06,32.20173961223338,2560000,100,27.47475546855044,0.026836395263671875,2041.0711102485657,38.866649429550364,1.368643362604072,35.81786108402582,6.624003648757935,6.91280460357666,0.2616868019104004,-0.0032104251,2.3292598724365234,4.087923288345337
256,-4.5436377e-06,32.41012909741533,2570000,100,27.098089564525935,0.0857846736907959,2049.5906884670258,38.59730256055527,1.3663762914212685,35.4183974355893,8.113686800003052,8.50851559638977,0.30587172508239746,0.003206504,2.885986804962158,4.977548599243164
257,-4.476057e-06,33.48507933422117,2580000,100,27.494622357162367,0.051275014877319336,2059.048572063446,39.52082430062448,1.2709267620778928,35.80832363009888,9.08766508102417,9.442213535308838,0.302631139755249,0.0013910825,3.259227752685547,5.5505876541137695
258,-4.449782e-06,32.28545206969668,2590000,100,27.46474182409065,0.03550434112548828,2067.6144297122955,39.48575055890422,1.4805463853235323,35.80566144575158,8.291067600250244,8.548914909362793,0.22182679176330566,0.004219201,2.9593069553375244,5.074282884597778
259,-4.4065064e-06,31.556150288047572,2600000,100,27.378541689583944,0.03258013725280762,2073.9147205352783,38.79974156357083,1.3877513206857397,35.69906896790513,6.022900104522705,6.291208505630493,0.23547601699829102,0.0033179391,2.1200618743896484,3.714020013809204
260,-4.3868513e-06,32.022578644368124,2610000,100,27.109782002796063,0.030829906463623047,2080.221982240677,38.83961304684382,1.4394322546076161,35.40302833520057,6.039107322692871,6.298182725906372,0.22799253463745117,0.01344815,2.1342992782592773,3.7127366065979004
261,-4.349788e-06,31.71339048328092,2620000,100,27.384991608323507,0.030261754989624023,2086.6177837848663,39.4234575018699,1.4328243676715362,35.645684623928666,6.098320960998535,6.3852527141571045,0.25631260871887207,0.014574455,2.172243118286133,3.730888605117798
262,-4.3255195e-06,32.23218271803526,2630000,100,27.162716615668582,0.05148029327392578,2093.7082962989807,38.59956609355318,1.4620278579114894,35.37757836238212,6.77857518196106,7.081214904785156,0.2505927085876465,0.0114017,2.387974262237549,4.179170846939087
263,-4.27804e-06,32.48661817948382,2640000,100,27.41534437471819,0.05341625213623047,2102.9158635139465,38.60917360710831,1.5459699047772288,35.62307652412924,8.835524559020996,9.1939115524292,0.3045828342437744,0.009603173,3.1577999591827393,5.402009963989258
264,-4.2567212e-06,31.972948886506956,2650000,100,27.435827340567506,0.04283785820007324,2112.5152962207794,38.92834432842992,1.4915749067682378,35.68228700597328,9.223302364349365,9.58444333076477,0.3177933692932129,0.013949828,3.2904856204986572,5.6536705493927
265,-4.2332827e-06,31.409899433753438,2660000,100,27.118211344604426,0.042618513107299805,2121.9512906074524,38.487460181406256,1.5588985286946335,35.29498809051755,9.15571141242981,9.41310453414917,0.2143406867980957,0.020481816,3.234557867050171,5.635937213897705
266,-4.220331e-06,31.998392076586214,2670000,100,27.27380518579157,0.030325651168823242,2127.750042438507,38.66394175181086,1.44376886182585,35.43823511183628,5.520213842391968,5.789326429367065,0.23855233192443848,0.009832528,1.9752943515777588,3.368220567703247
267,-4.215795e-06,32.52849038389587,2680000,100,27.432668039162294,0.029101848602294922,2133.6933040618896,38.98195974954799,1.4992562164343368,35.58870374588471,5.674523115158081,5.932664155960083,0.22875523567199707,0.009464935,2.04020357131958,3.454847574234009
268,-4.1638923e-06,31.796253785502252,2690000,100,27.01081062570056,0.03668498992919922,2139.708577632904,38.9364720300712,1.4995032232771583,35.113911999935844,5.748778343200684,6.0030295848846436,0.21724176406860352,0.008051523,2.0755953788757324,3.4905459880828857
269,-4.1519424e-06,31.02549538785922,2700000,100,27.360206372264624,0.03457927703857422,2145.9229645729065,38.60598735835817,1.5124135035647137,35.473342323699086,5.93975305557251,6.20423698425293,0.22958970069885254,-0.00068185147,2.0961949825286865,3.6523375511169434
270,-4.1018184e-06,32.06551638212045,2710000,100,27.186542897227447,0.04428434371948242,2153.312325000763,38.69281066366201,1.3952059206844294,35.282068213497034,7.040018081665039,7.3746538162231445,0.2899746894836426,0.0022027916,2.5518546104431152,4.266828298568726
271,-4.0962245e-06,32.34554819629207,2720000,100,27.248890976058423,0.03842043876647949,2160.754385948181,38.0242749403163,1.2081052266554646,35.3315455278861,7.175378322601318,7.426778078079224,0.2126026153564453,0.0072280196,2.5893442630767822,4.365656852722168
272,-4.043604e-06,31.593681170901654,2730000,100,27.560795811092657,0.02648019790649414,2166.6968574523926,38.856024733943684,1.5300962136444904,35.6783976795212,5.680297136306763,5.93239951133728,0.2254505157470703,0.0031565102,2.0645244121551514,3.4359734058380127
273,-4.032904e-06,31.74749758411627,2740000,100,27.087778575387482,0.05845975875854492,2172.962526321411,38.16350362755906,1.3587803948901571,35.20420635514191,5.990147113800049,6.256552696228027,0.20772242546081543,-0.003009438,2.1344449520111084,3.667706251144409
274,-3.9948495e-06,31.490396219410787,2750000,100,26.91817752960713,0.08267092704772949,2178.99174952507,38.586286643740664,1.5051011174236832,35.00981163670668,5.738693475723267,6.0198891162872314,0.19826126098632812,-0.00031223317,2.0930678844451904,3.4651756286621094
275,-3.959846e-06,31.809772348616892,2760000,100,27.333458150110914,0.036260366439819336,2185.709846496582,38.393202283049675,1.4756752709904288,35.454177555432004,6.434687376022339,6.70745849609375,0.23625922203063965,0.005656168,2.295278310775757,3.9282052516937256
276,-3.9077745e-06,31.631806604684677,2770000,100,27.328188043096034,0.07853865623474121,2193.9519255161285,38.625455662987434,1.6415902114108605,35.38512022749773,7.879663467407227,8.230652093887329,0.2721548080444336,0.002814658,2.8507003784179688,4.785435914993286
277,-3.8860794e-06,31.87240107856896,2780000,100,27.44388818499448,0.029537439346313477,2201.7212538719177,39.04500697942128,1.425883369905826,35.52924484636856,7.511880874633789,7.755985736846924,0.21425223350524902,-0.0018016122,2.72397518157959,4.556090354919434
278,-3.89183e-06,32.36971047071345,2790000,100,27.23127923070079,0.0390625,2207.5879352092743,38.84027027729649,1.5062578289387119,35.34798387475336,5.5840418338775635,5.855232238769531,0.23189878463745117,0.008823356,1.9873847961425781,3.421473264694214
279,-3.8371163e-06,32.08744819254532,2800000,100,27.27757756418556,0.028225183486938477,2213.5155742168427,39.022631830992424,1.6067594051054856,35.33863518648663,5.6621034145355225,5.9186317920684814,0.22808265686035156,0.0038269314,2.0240471363067627,3.4584693908691406
280,-3.822559e-06,31.191913765029938,2810000,100,27.289200362652455,0.02097773551940918,2219.5571517944336,38.83090441495019,1.4964558077414323,35.30807685017499,5.7677319049835205,6.027276039123535,0.23837852478027344,0.0008577788,2.098233938217163,3.490211009979248
281,-3.8094572e-06,32.344114705704776,2820000,100,27.352119589342177,0.034963369369506836,2226.322241783142,39.26504195844209,1.4710996809916899,35.40131548200273,6.480233669281006,6.753966569900513,0.23847198486328125,0.004634009,2.3456358909606934,3.934286594390869
282,-3.788267e-06,31.576609104566913,2830000,100,27.053208345242844,0.03283953666687012,2233.4521484375,38.979291107880854,1.5931864619346896,35.075175216524165,6.848109483718872,7.117697238922119,0.23646831512451172,0.0002937737,2.460089921951294,4.17721700668335
283,-3.7650707e-06,32.41579105180732,2840000,100,27.38789175381958,0.03080463409423828,2239.3706409931183,38.407000012625794,1.3130403183061543,35.379957852850126,5.662403345108032,5.908445835113525,0.21495461463928223,0.001001271,2.0502278804779053,3.429997444152832
284,-3.7453522e-06,32.19627574191729,2850000,100,27.264546450218567,0.03101825714111328,2245.356559276581,38.68478875905681,1.4626758173246088,35.32153297684915,5.723290681838989,5.9767444133758545,0.22224760055541992,0.00027202675,2.056487798690796,3.485750436782837
285,-3.736177e-06,31.296429094872565,2860000,100,27.111692365711498,0.04088187217712402,2251.3615114688873,38.83905894468866,1.5244577637615662,35.15360820549899,5.739065408706665,5.995667934417725,0.21536588668823242,0.00029952225,2.065671682357788,3.4906225204467773
286,-3.7301816e-06,31.73334055518569,2870000,100,26.940930592714622,0.03873252868652344,2258.137357711792,39.64674620370914,1.6054053455512578,34.979922964183515,6.493335485458374,6.766409873962402,0.2340233325958252,0.0026043626,2.328916311264038,3.9637949466705322
287,-3.6848892e-06,31.78516036320848,2880000,100,27.49154610628435,0.08947300910949707,2266.737588405609,39.547797573470426,1.442959412641402,35.518895808500275,8.218732118606567,8.588896036148071,0.2803926467895508,0.0150778135,3.0232021808624268,4.941652059555054
288,-3.6466872e-06,32.13397987823947,2890000,100,27.31883802408613,0.05886483192443848,2274.100827693939,39.1317086752569,1.4960012334685835,35.382376736501534,7.092466115951538,7.347611665725708,0.19598770141601562,0.030494772,2.5474517345428467,4.326746463775635
289,-3.6145052e-06,32.89356350392378,2900000,100,27.606482634177397,0.03190732002258301,2279.953975915909,38.95242866557976,1.4361570058220734,35.77118228853906,5.582160949707031,5.84404182434082,0.2296919822692871,0.029114181,2.001538038253784,3.404848575592041
290,-3.596722e-06,32.86184602539403,2910000,100,27.401587542564663,0.0716552734375,2285.9341814517975,39.26459843607542,1.5588719710002674,35.60456052017844,5.697277545928955,5.969425678253174,0.20015907287597656,0.0134024015,2.0406157970428467,3.474752426147461
291,-3.6082806e-06,31.46213835246421,2920000,100,27.408907971413853,0.06646585464477539,2291.9386467933655,39.43622873105897,1.6150582388037438,35.60928649748522,5.714792013168335,5.994570732116699,0.21310019493103027,-0.0004432333,2.046952486038208,3.487656354904175
292,-3.6504616e-06,31.97696495091221,2930000,100,27.620163519683604,0.03494119644165039,2298.7247684001923,39.664648940139664,1.5861897363152786,35.826476447231315,6.50311017036438,6.7765796184539795,0.23828387260437012,0.00054577825,2.3349008560180664,3.9611265659332275
293,-3.6457368e-06,32.21220611027954,2940000,100,27.25822711241964,0.0391843318939209,2307.301695585251,38.15882457896089,1.2680544145979435,35.456281447814725,8.22087574005127,8.566486597061157,0.3061339855194092,0.00031478866,2.9466493129730225,5.026751518249512
294,-3.6685708e-06,32.64032857499613,2950000,100,27.414771692201775,0.09232473373413086,2316.043561935425,38.66309370771879,1.3368945779947876,35.64279900312395,8.358146905899048,8.727714776992798,0.2769653797149658,-6.9292386e-05,3.0289642810821533,5.073580741882324
295,-3.6633814e-06,32.39910920676529,2960000,100,27.36098452725475,0.0577235221862793,2324.0906352996826,40.2986592019919,1.7019589173337453,35.565504356876374,7.765420436859131,8.02956247329712,0.20615506172180176,0.0036423788,2.8200695514678955,4.704500198364258
296,-3.6581157e-06,31.195215196730874,2970000,100,27.23927786870494,0.03299427032470703,2329.882299423218,38.74984561142522,1.5238339182085998,35.43989533268936,5.534508943557739,5.7826619148254395,0.214918851852417,0.004630939,1.9763824939727783,3.382587194442749
297,-3.6862095e-06,31.209168282222027,2980000,100,27.073479969984863,0.057068824768066406,2335.7458369731903,38.22587643853722,1.3996102602199358,35.23781965595032,5.5855183601379395,5.853667497634888,0.20566463470458984,0.006643739,2.0065717697143555,3.403599262237549
298,-3.6676474e-06,31.444743426826026,2990000,100,27.36589062343444,0.0720970630645752,2341.6772425174713,38.726522007528374,1.5746446183670355,35.5995650974873,5.602421283721924,5.922436475753784,0.24445104598999023,0.012822508,2.022810697555542,3.4010772705078125
299,-3.6433883e-06,32.232521642714765,3000000,100,27.32051900346736,0.09556031227111816,2347.420702934265,38.24885634902487,1.3611599295742285,35.53743315824965,5.342566013336182,5.732326507568359,0.29392528533935547,-0.0020326446,1.952143907546997,3.2235610485076904
