train-AverageReturn,train-AverageDiscountedReturn,LossBefore,Time,ItrTime,n_timesteps,Time-Optimization,Itr,Time-SampleProc,train-PolicyExecTime,train-MinReturn,LossAfter,train-MaxReturn,Time-Sampling,train-EnvExecTime,train-StdReturn,train-NumTrajs
-30.9877833675063,-19.736263275164067,-1.4171074e-05,5.999530792236328,5.999527454376221,10000,0.6475718021392822,0,0.09161543846130371,3.276812791824341,-107.95323500366746,0.029539106,24.022861860378907,5.260029315948486,1.815854787826538,29.643123994647425,100
-27.935499619623375,-17.97442283630282,-1.4161702e-05,11.94692325592041,5.904553174972534,20000,0.5012960433959961,1,0.06547069549560547,3.3281853199005127,-107.73954551334822,0.013431019,53.782436507236675,5.337300539016724,1.8409678936004639,32.9337586040307,100
-34.41415223193306,-21.883553789743118,-1.4153051e-05,17.906054973602295,5.941659688949585,30000,0.4379756450653076,2,0.046814680099487305,3.4032392501831055,-136.09595238735275,-0.011572972,44.867699540410435,5.456374406814575,1.8772611618041992,39.68454560367464,100
-25.72569311727069,-16.99519455906517,-1.4152641e-05,23.977489233016968,6.0476462841033936,40000,0.43196654319763184,3,0.03304314613342285,3.49593448638916,-108.14075668322018,-0.01412188,57.4969926882856,5.582396030426025,1.8978314399719238,32.02154142270802,100
-25.834965705561594,-16.63912127175576,-1.4138621e-05,30.47881531715393,6.482027292251587,50000,0.4022667407989502,4,0.033621788024902344,3.8654627799987793,-124.20778875922176,-0.014592008,58.20230451431219,6.04471755027771,1.9873707294464111,31.14935580020809,100
-21.539213779641628,-13.806224891948016,-1.4108308e-05,37.865450382232666,7.328761100769043,60000,0.42415428161621094,5,0.04082202911376953,4.424513578414917,-116.0400644294902,-0.013222913,47.56756655128483,6.863159656524658,2.2153921127319336,33.07490042442123,100
-20.937364233427953,-13.911463463516977,-1.408476e-05,46.24372577667236,8.30891466140747,70000,0.49773740768432617,6,0.04311084747314453,5.049262762069702,-95.6354881700953,-0.015359417,37.20058078136176,7.767248153686523,2.4810984134674072,29.124640342544467,100
-24.105596699557417,-14.79607342025649,-1.4088308e-05,56.001423358917236,9.69991397857666,80000,0.5116457939147949,7,0.06261849403381348,5.9755775928497314,-152.14327764813308,-0.014440289,68.8538979511892,9.124377727508545,2.877734422683716,37.975048050039184,100
-21.911238531631806,-13.98376912194243,-1.4070817e-05,64.78841042518616,8.75893759727478,90000,0.5347230434417725,8,0.04518270492553711,5.226617336273193,-119.715788481469,-0.015035302,59.691224413883646,8.178613662719727,2.6977217197418213,31.832188033731573,100
-22.55095909919328,-14.06364987518277,-1.4090833e-05,74.25255751609802,9.438442945480347,100000,0.4271199703216553,9,0.03187417984008789,5.834536075592041,-93.49079525836082,-0.01416519,51.275165513815395,8.97909927368164,2.858790636062622,25.675780990257326,100
-21.906430055149773,-13.963254800244702,-1.4071463e-05,81.86537003517151,7.595830917358398,110000,0.41088247299194336,10,0.06920981407165527,4.61186408996582,-128.70481447562068,-0.0140452655,66.08109358074701,7.110260248184204,2.266787528991699,32.85664928317783,100
-24.629600323322762,-15.963437141721437,-1.4082708e-05,89.74362874031067,7.860965967178345,120000,0.43732261657714844,11,0.03302597999572754,4.800241470336914,-115.83865193389622,-0.014714442,50.39880940382854,7.390333414077759,2.3572466373443604,31.723765098120364,100
-20.06122793137034,-12.314988294592418,-1.4090078e-05,97.7642195224762,8.00154709815979,130000,0.4577014446258545,12,0.0453643798828125,4.855518102645874,-80.99673499279726,-0.015944166,77.32374809311949,7.498241662979126,2.4098868370056152,29.012429277464005,100
-18.317463714330085,-11.517488659864242,-1.4066654e-05,110.95625138282776,13.166924476623535,140000,0.6502251625061035,13,0.05930185317993164,8.136196613311768,-122.16117892432757,-0.015630415,90.89190617740124,12.45682406425476,3.944399833679199,33.27684774557855,100
-21.005761335952183,-14.169795343037563,-1.4082321e-05,123.99264335632324,13.004466772079468,150000,0.3722832202911377,14,0.06647467613220215,8.297207355499268,-141.40683959850745,-0.015762169,59.640739535394964,12.565400838851929,3.9035580158233643,30.904612254639584,100
-17.56083826116476,-11.504795918531832,-1.4063825e-05,132.24792003631592,8.237272024154663,160000,0.47083330154418945,15,0.03100728988647461,5.090335130691528,-115.10294993017187,-0.014890725,42.085676729277424,7.735137224197388,2.4128429889678955,28.158337078998848,100
-15.8391811789854,-10.704021965098045,-1.4034343e-05,139.92615628242493,7.659341096878052,170000,0.39041709899902344,16,0.036718130111694336,4.649388551712036,-108.4360289099779,-0.015775846,57.295002567163394,7.231965065002441,2.3561153411865234,31.528220005056728,100
-19.57995300720288,-11.821248738529142,-1.4022728e-05,148.95856356620789,9.014852523803711,180000,0.5719923973083496,17,0.049936532974243164,5.468517780303955,-122.29992641265596,-0.017061394,48.04684940355188,8.392390489578247,2.6684651374816895,31.75191901565098,100
-19.589379457080064,-12.232135943749753,-1.4011789e-05,164.08826565742493,15.096779108047485,190000,0.8172523975372314,18,0.1364896297454834,9.40723466873169,-91.82927384371848,-0.016086513,55.39086427900251,14.140985012054443,4.32309365272522,29.393680235570514,100
-18.037788891167953,-11.581201696275947,-1.39720705e-05,174.9014208316803,10.767635822296143,200000,0.45317840576171875,19,0.08246564865112305,6.773455381393433,-87.49564256479424,-0.015083673,76.72116256163143,10.231046199798584,3.1449694633483887,32.83871358688526,100
-17.063193009603083,-10.295035284174658,-1.39530175e-05,184.33695793151855,9.41379189491272,210000,0.5720140933990479,20,0.08569908142089844,5.815474510192871,-81.63763628328127,-0.015834209,53.912871735763694,8.755815982818604,2.676637649536133,28.976372983901715,100
-15.919336713461853,-9.547683820058294,-1.3932813e-05,193.29879927635193,8.94233512878418,220000,0.533672571182251,21,0.061012983322143555,5.511070489883423,-136.74558631156594,-0.017280567,51.269280803539004,8.347255229949951,2.5864758491516113,29.45506070574494,100
-8.10420439254527,-5.4693766406460735,-1.3933091e-05,206.80641198158264,13.487375497817993,230000,0.7375473976135254,22,0.0666816234588623,8.274941444396973,-81.79928007809525,-0.017585304,70.05291265509264,12.682456970214844,4.046566009521484,27.769852328523825,100
-16.670027693289462,-10.248721281155733,-1.3886861e-05,222.03224515914917,15.194234609603882,240000,0.8542530536651611,23,0.07252192497253418,9.421170473098755,-92.915281392113,-0.016124332,53.797395964136065,14.266972064971924,4.442762851715088,29.448796871174558,100
-11.34853454059016,-6.700022108260374,-1.3893053e-05,234.1225163936615,12.050544023513794,250000,0.4502706527709961,24,0.07507514953613281,7.658098936080933,-84.17166327496248,-0.015336285,49.383942870972916,11.5247061252594,3.534243583679199,29.54589863486166,100
-10.095233812974001,-5.629174062011965,-1.3866595e-05,242.86197113990784,8.7203049659729,260000,0.5393209457397461,25,0.05612492561340332,5.369593381881714,-86.96314319783079,-0.014135522,53.27571184988806,8.124541282653809,2.5090267658233643,28.70664966960778,100
-3.615416050452312,-2.009332586219437,-1.3852373e-05,251.41297793388367,8.52849817276001,270000,0.5558791160583496,26,0.03812265396118164,5.203814268112183,-77.16994528805225,-0.016386319,90.3842439816111,7.933804035186768,2.4845545291900635,28.58503669119654,100
-6.771439408966015,-4.662764995564302,-1.3863617e-05,262.3991150856018,10.961766242980957,280000,0.8153340816497803,27,0.08751058578491211,6.550892353057861,-83.8749881068427,-0.015135584,64.46804238049386,10.057982683181763,3.2036781311035156,27.055229803747153,100
-8.654209013567698,-5.979082687157314,-1.384544e-05,275.92961740493774,13.47429633140564,290000,0.7611665725708008,28,0.06734156608581543,8.22305679321289,-84.91709846797244,-0.015104202,49.326211321452035,12.64448881149292,4.052537202835083,27.130094916585367,100
-8.33377856288513,-4.926664596809649,-1.3834404e-05,288.5966033935547,12.616008281707764,300000,0.806943416595459,29,0.06164908409118652,7.62032413482666,-89.37567281838619,-0.016238755,54.68026210480407,11.74691104888916,3.7794694900512695,28.533006687555233,100
-11.252946931361967,-6.9789285200581945,-1.3809725e-05,301.64090371131897,12.992748260498047,310000,0.8383057117462158,30,0.11474943161010742,7.784886837005615,-92.86429808575639,-0.016996609,52.27547929589179,12.039209365844727,3.887758493423462,30.371727638314503,100
-8.552871163903106,-5.596889307359515,-1.3783287e-05,315.73458194732666,14.051963806152344,320000,0.8913459777832031,31,0.07892203330993652,8.581170320510864,-86.56791920438417,-0.014928149,59.35963658535381,13.080724477767944,4.119468450546265,28.636526275629187,100
-4.256108353340757,-2.890466760418225,-1.3750542e-05,328.3080909252167,12.51271104812622,330000,0.7621617317199707,32,0.11260533332824707,7.4906041622161865,-70.1779199126498,-0.016104965,64.95498792360283,11.636413335800171,3.798612356185913,30.999510513693128,100
-5.597600318397542,-3.800601471842383,-1.373993e-05,338.116735458374,9.756502628326416,340000,0.629894495010376,33,0.04802680015563965,5.698554277420044,-124.76145115691226,-0.015671624,72.70603666264326,9.075350522994995,3.094797134399414,32.551831480842466,100
-1.0388496956415054,-0.9703990187240292,-1.3727898e-05,347.88775658607483,9.727597951889038,350000,0.47211170196533203,34,0.05104637145996094,5.785045146942139,-65.16805061650913,-0.017035536,109.0243588779983,9.204024314880371,3.139946222305298,29.24057263170201,100
-0.21528830525163958,-0.09980183957823391,-1.368254e-05,354.86372232437134,6.947113275527954,360000,0.3698139190673828,35,0.037613868713378906,4.09623646736145,-71.1323958256832,-0.01626591,97.65612924092275,6.539462566375732,2.2363059520721436,25.531533503448646,100
-2.7832813630149245,-1.7732187598411306,-1.3669189e-05,361.4066729545593,6.526050329208374,370000,0.3462057113647461,36,0.11170697212219238,3.8239033222198486,-71.39171783844111,-0.017470865,62.62299726636344,6.067923307418823,2.054630994796753,27.248966087984233,100
1.6411604129060078,0.4680649630587476,-1.36447015e-05,368.2938370704651,6.86922025680542,380000,0.356245756149292,37,0.07359194755554199,4.086490631103516,-77.35624688222545,-0.016914923,60.74832598297462,6.439176559448242,2.1503560543060303,29.241780581207333,100
1.0133838624134717,-0.16110201164912985,-1.3621093e-05,375.7659409046173,7.454865217208862,390000,0.4671165943145752,38,0.1051321029663086,4.37328839302063,-83.68663938358557,-0.015190882,60.76701549398022,6.880132675170898,2.2953150272369385,31.771238561914007,100
5.434337688644271,3.247449252228051,-1.3609663e-05,383.53368282318115,7.747157096862793,400000,0.5193426609039307,39,0.052074432373046875,4.491636753082275,-55.413392112669136,-0.016293831,63.6437775750342,7.1753339767456055,2.4566826820373535,23.741008487190246,100
7.341404491923798,3.507957879501606,-1.3616014e-05,393.530992269516,9.969913959503174,410000,0.4632599353790283,40,0.07899594306945801,5.936586618423462,-62.04227564750622,-0.015362771,88.55126423264213,9.427124500274658,3.202871084213257,27.52605836850492,100
7.5115940438449185,4.080239882842095,-1.3546595e-05,403.21165800094604,9.651092052459717,420000,0.47225356101989746,41,0.050687551498413086,5.75188422203064,-98.28555907428812,-0.014586421,71.71414745080901,9.127840995788574,3.0988569259643555,31.32373410421186,100
9.97733220143388,5.656012107320912,-1.3529707e-05,410.4095256328583,7.170765161514282,430000,0.35783982276916504,42,0.036946773529052734,4.255857706069946,-83.88716469395833,-0.016473232,78.44831951372953,6.775670528411865,2.3084661960601807,29.602350417996245,100
9.599285752202256,5.231910827269664,-1.3509998e-05,416.97087693214417,6.544435977935791,440000,0.38106799125671387,43,0.03658652305603027,3.864938497543335,-79.12007391676882,-0.015135783,71.96852415627427,6.126525402069092,2.066986560821533,30.88461606594568,100
11.745469449300936,6.475845126140602,-1.3514599e-05,423.6844027042389,6.697115898132324,450000,0.3593716621398926,44,0.02699732780456543,3.994662284851074,-108.81685926967738,-0.017577944,104.4444949711344,6.310539722442627,2.118453025817871,32.827432243963614,100
6.095586814147742,3.1517055322871754,-1.3487021e-05,430.5255708694458,6.8243513107299805,460000,0.39615488052368164,45,0.04568362236022949,4.0119404792785645,-89.19310705785279,-0.014782709,63.63266589185519,6.382257699966431,2.1700358390808105,28.8228950058759,100
8.192225802839717,4.510267902033999,-1.3456883e-05,438.4408931732178,7.894688606262207,470000,0.4947032928466797,46,0.04535341262817383,4.65378212928772,-107.39463291923117,-0.017712183,69.73464700344891,7.354280948638916,2.4744443893432617,33.53908512033157,100
15.754338002927991,9.22629047716156,-1.341647e-05,448.41750621795654,9.950486660003662,480000,0.47765445709228516,47,0.05668067932128906,5.946998834609985,-60.99486338851462,-0.016400034,88.7404085833297,9.415781736373901,3.181905508041382,26.733449045703622,100
13.306502942909509,7.136569792582753,-1.3375472e-05,456.7213740348816,8.2721586227417,490000,0.3561222553253174,48,0.04456615447998047,4.937802314758301,-99.65048360145289,-0.015908673,121.15141805658669,7.871127128601074,2.690476655960083,28.631467833189898,100
17.672034283380544,10.792716442029516,-1.3344658e-05,463.2618782520294,6.524068593978882,500000,0.3604261875152588,49,0.06622719764709473,3.852198839187622,-47.34353572283984,-0.014032333,64.18388318719231,6.097164154052734,2.0501298904418945,24.641325159714846,100
15.218560179245987,9.153032280728937,-1.3316007e-05,469.77729082107544,6.497930526733398,510000,0.35436224937438965,50,0.032567501068115234,3.8525781631469727,-55.53474455492737,-0.01157765,89.35607839981633,6.110768556594849,2.063821792602539,29.252236899305842,100
19.271300939834727,10.94035879049138,-1.3295787e-05,476.46456694602966,6.669125080108643,520000,0.3931393623352051,51,0.057318687438964844,3.8998849391937256,-58.742655760506835,-0.008048544,95.64377575424197,6.218451738357544,2.1227540969848633,29.670721254388056,100
23.53090152325823,13.130347991903225,-1.3284112e-05,484.1698760986328,7.684324741363525,530000,0.41352105140686035,52,0.04705929756164551,4.579265832901001,-57.88577706582823,-0.013647473,92.76695242560199,7.223204851150513,2.4201576709747314,29.02066661729689,100
29.12502280603847,17.67370382648337,-1.3278599e-05,493.99946427345276,9.80962347984314,540000,0.5382537841796875,53,0.05156970024108887,5.847107410430908,-65.59198002022896,-0.015427687,94.0133320853179,9.219424724578857,3.095024347305298,32.444158967336215,100
28.195592347437714,16.68198279301168,-1.3248508e-05,504.0402672290802,10.00298285484314,550000,0.5193874835968018,54,0.05205821990966797,5.937732219696045,-77.0380631984608,-0.016979065,94.60938267889838,9.431166887283325,3.179265022277832,34.399818975714496,100
22.062280491738324,13.316706046931023,-1.3174853e-05,514.1306486129761,10.060067415237427,560000,0.34525108337402344,55,0.04956698417663574,6.126620292663574,-96.92808176415282,-0.018911395,81.74386102571488,9.66480040550232,3.243175983428955,33.98691818762704,100
25.3685620464433,14.07984550533285,-1.3185975e-05,520.4120275974274,6.265207767486572,570000,0.3722047805786133,56,0.03990626335144043,3.6701011657714844,-81.99694094698363,-0.017349847,117.49925035509975,5.852824687957764,1.9941871166229248,35.18143878927942,100
32.23196931615932,17.811716216119578,-1.315781e-05,527.0011518001556,6.571844100952148,580000,0.3689005374908447,57,0.03870129585266113,3.9042012691497803,-66.05047313326514,-0.016260372,101.12190499239772,6.163976192474365,2.0672507286071777,32.45823291724906,100
26.669554965449638,14.521641463864103,-1.3114534e-05,533.5731835365295,6.552042484283447,590000,0.36519885063171387,58,0.03793144226074219,3.902733325958252,-109.89707604421403,-0.016464308,84.20229070531525,6.148643732070923,2.0528197288513184,37.074407286852534,100
34.36330979548418,19.372106171027852,-1.3048968e-05,540.5821352005005,6.9909656047821045,600000,0.40104222297668457,59,0.03976106643676758,4.11760139465332,-43.7574225937696,-0.015556336,119.93261230231806,6.549806594848633,2.224679946899414,31.491339926930884,100
32.16780591648932,18.417979604310357,-1.3019304e-05,549.5590486526489,8.957303285598755,610000,0.49637699127197266,60,0.07546329498291016,5.219527244567871,-77.4105917072653,-0.014869928,135.71968180670058,8.384931802749634,2.902003765106201,32.695901641906524,100
28.2832686305006,16.435423971506733,-1.2994531e-05,558.9841887950897,9.398390769958496,620000,0.49576830863952637,61,0.05226302146911621,5.577334642410278,-103.34701134015737,-0.01638469,104.36340082163002,8.849999904632568,3.001737117767334,38.45924525636961,100
38.05029220105697,22.14015873443472,-1.2955463e-05,566.3698427677155,7.35676121711731,630000,0.3375084400177002,62,0.09087300300598145,4.361045837402344,-87.22750371963514,-0.01732366,124.97201822387177,6.920929431915283,2.3443706035614014,34.7650062651509,100
40.48830355142347,22.681220737511772,-1.2923251e-05,572.7385957241058,6.352168798446655,640000,0.35262203216552734,63,0.08569121360778809,3.723567008972168,-65.74406270856466,-0.014090658,101.74693161409313,5.913652658462524,2.0010735988616943,32.126535313809704,100
40.15362090091413,22.46879424485449,-1.2897187e-05,579.1339709758759,6.379189968109131,650000,0.35817670822143555,64,0.03670144081115723,3.780118942260742,-48.91195300130594,-0.015003804,108.20032845834498,5.984090566635132,2.015974521636963,32.56626998649274,100
38.94197398473751,22.247984533217608,-1.2863793e-05,585.6359331607819,6.484886169433594,660000,0.3924062252044678,65,0.06619524955749512,3.804696798324585,-54.28248271214733,-0.016274147,137.41084094246887,6.026048421859741,2.0312328338623047,34.82669923295609,100
47.33365669804594,27.036404463336318,-1.284688e-05,593.3779673576355,7.72314190864563,670000,0.490445613861084,66,0.0903778076171875,4.4531800746917725,-30.43873197054657,-0.014134992,126.66946307408939,7.141780138015747,2.4675934314727783,35.811769728185205,100
48.77887948998555,28.63832913432139,-1.279925e-05,602.7873044013977,9.38139533996582,680000,0.4781360626220703,67,0.05086469650268555,5.535272121429443,-76.53622783419094,-0.014195106,150.35251190237832,8.852014064788818,3.047947406768799,37.2671317931099,100
50.76369264108913,29.167646929848093,-1.2784492e-05,610.0845446586609,7.27098274230957,690000,0.3560054302215576,68,0.049568891525268555,4.328704118728638,-94.9966507430186,-0.013413067,155.66139318055963,6.865071058273315,2.3225934505462646,37.71462622328041,100
58.023186845814735,32.795129884565064,-1.2733476e-05,616.4784691333771,6.376890420913696,700000,0.36129117012023926,69,0.03715157508850098,3.7625138759613037,-71.6606616621606,-0.00643125,167.3377405759118,5.9782326221466064,2.0220110416412354,34.826063453206444,100
64.39461213064993,37.19497966430675,-1.2706993e-05,622.8635725975037,6.3672919273376465,710000,0.353640079498291,70,0.03693866729736328,3.7428078651428223,-42.570556621353084,-0.006508488,149.17467581749423,5.976458549499512,2.0438313484191895,36.682590508984354,100
67.91011704400314,37.91338559080705,-1.2692037e-05,629.3523116111755,6.473310232162476,720000,0.3803532123565674,71,0.03538656234741211,3.799361228942871,-89.83176152404337,-0.007891525,186.05700722623203,6.057250261306763,2.053846597671509,38.014259572015774,100
66.06374198354945,38.17880355687008,-1.2655357e-05,637.8499176502228,8.47818112373352,730000,0.47582435607910156,72,0.05771684646606445,5.023802280426025,-45.51975246921122,-0.006372029,173.19266917997552,7.944371938705444,2.6770615577697754,38.7064803786676,100
63.64335943203481,35.88900035234023,-1.2618752e-05,648.11603307724,10.239405393600464,740000,0.499159574508667,73,0.04229736328125,6.147719383239746,-58.438492556068724,-0.0076946416,142.62966289517323,9.69767451286316,3.2568938732147217,38.32075920370451,100
64.44349065227514,35.894323156413996,-1.2598762e-05,658.5844624042511,10.441688776016235,750000,0.4798266887664795,74,0.05313682556152344,6.371571063995361,-16.653541615108498,-0.0053847954,154.3041092219558,9.908357620239258,3.244386672973633,34.2857795983973,100
76.30306722825472,43.219269215513535,-1.2537599e-05,666.2379145622253,7.6258533000946045,760000,0.35710763931274414,75,0.03534722328186035,4.599572420120239,-45.34805021234587,-0.0061795674,157.87925655558266,7.232998609542847,2.4124908447265625,37.08330748467058,100
64.6168339676561,34.63395608909303,-1.2490746e-05,672.6830868721008,6.427712440490723,770000,0.3997073173522949,76,0.12920141220092773,3.7434189319610596,-72.46471909272155,-0.008080815,144.16655438281927,5.895252466201782,1.9611976146697998,47.52081162006552,100
78.1657633543949,43.8042256504341,-1.2446042e-05,679.1150944232941,6.414614915847778,780000,0.3355717658996582,77,0.06716632843017578,3.8239715099334717,-18.467046668060178,-0.014702679,148.44808198424974,6.001562833786011,1.987687110900879,39.12946251305082,100
78.37690848515984,43.04055547941877,-1.242313e-05,685.5774419307709,6.445711612701416,790000,0.36018896102905273,78,0.07378196716308594,3.7967872619628906,-16.572143765900123,-0.0142670125,160.26038731306826,6.011488676071167,2.02146053314209,34.822387656256446,100
80.31204359773585,45.32365300664621,-1.24118515e-05,694.4171543121338,8.820141315460205,800000,0.34946155548095703,79,0.03500008583068848,5.324618816375732,-6.496038034711904,-0.013155234,188.8309737326304,8.43528699874878,2.849562644958496,40.1661481995999,100
85.08703865280603,48.40765793873451,-1.2392252e-05,700.7565953731537,6.322848796844482,810000,0.3298521041870117,80,0.06586694717407227,3.7368640899658203,-36.789721833688006,-0.013768432,181.38806058665978,5.926903247833252,2.001002311706543,39.607619379096484,100
81.81838731105209,46.68298735525013,-1.2309762e-05,707.2656826972961,6.491561651229858,820000,0.359468936920166,81,0.06564879417419434,3.831587076187134,-14.063951358737777,-0.0072460487,154.58404134171099,6.059333801269531,2.0343401432037354,35.456344973363215,100
80.89786571348408,45.67262202374467,-1.2272044e-05,714.1805624961853,6.897515535354614,830000,0.3504800796508789,82,0.0535433292388916,4.163795232772827,-31.414694416873864,-0.0015870951,149.7343207281752,6.493285179138184,2.1270949840545654,38.98007359479302,100
84.01855155189067,47.744232903383505,-1.2281173e-05,721.6554861068726,7.457948923110962,840000,0.38349103927612305,83,0.03942298889160156,4.51171875,-25.08927783062729,-0.009532159,171.47256867866324,7.034759283065796,2.3052399158477783,37.924837910239546,100
89.29075180945856,50.14284469246426,-1.2225114e-05,731.3494749069214,9.675744533538818,850000,0.46042919158935547,84,0.06376123428344727,5.8492043018341064,-14.860401233013679,-0.0053042695,206.75067705155413,9.146335363388062,3.0248966217041016,36.42342032048815,100
96.76774760234989,54.79945476087345,-1.2225567e-05,738.3491644859314,6.964170694351196,860000,0.37782716751098633,85,0.050963401794433594,4.180319786071777,16.126092212352745,-0.009105465,196.65936789275827,6.534862041473389,2.1532273292541504,32.21018116889711,100
91.34030310987497,51.027054128790745,-1.2176106e-05,745.0374054908752,6.670958042144775,870000,0.3754897117614746,86,0.03446650505065918,3.9452524185180664,-24.42409550552748,-0.01160846,171.3969419884901,6.260773658752441,2.1176106929779053,38.94006179599963,100
98.96874084607833,55.22952286881581,-1.214396e-05,751.4612104892731,6.406096458435059,880000,0.3594677448272705,87,0.03555488586425781,3.794567584991455,-18.571746351095854,-0.0130044585,179.92415192153052,6.0108208656311035,2.0259625911712646,41.31068191899068,100
91.40700963221427,51.72590881211584,-1.2104686e-05,759.746616601944,8.26808476448059,890000,0.37840890884399414,88,0.06320858001708984,5.074958801269531,4.077227639299618,-0.012037051,181.69781139458289,7.826088905334473,2.5133769512176514,32.74949439932848,100
102.59131570694002,57.13211449448861,-1.2057064e-05,770.3676714897156,10.600799322128296,900000,0.7841529846191406,89,0.07323551177978516,6.234320402145386,19.551153691375944,-0.008961469,188.96563401552694,9.742585182189941,3.221561908721924,36.64448649938276,100
100.70401376084064,57.015080895844,-1.2034469e-05,779.8435528278351,9.429792404174805,910000,0.4485440254211426,90,0.0674586296081543,5.710647106170654,-84.84111777581596,-0.012521159,189.8632076862934,8.913528442382812,2.935150384902954,40.46467139945961,100
102.48946469727966,58.30985900861244,-1.1992536e-05,786.3502833843231,6.490206956863403,920000,0.5231647491455078,91,0.10651850700378418,3.6860592365264893,12.36112239717994,-0.010882607,198.78385332898117,5.860051155090332,1.9821877479553223,35.506319531032354,100
103.8061265593616,59.205972284636054,-1.1985086e-05,793.5914041996002,7.224028825759888,930000,0.5394763946533203,92,0.027074098587036133,4.297383069992065,-31.048155912000357,-0.008453846,207.39305285668408,6.6572253704071045,2.1582608222961426,38.166622688122146,100
108.36679495694351,61.858296448583936,-1.1953778e-05,800.0311894416809,6.415331602096558,940000,0.46576547622680664,93,0.037885189056396484,3.7138679027557373,-30.429483196796635,-0.0073436135,192.83435491318792,5.911069869995117,2.0049068927764893,34.906491159351305,100
108.13519168393297,61.354402043753744,-1.1922291e-05,808.350156545639,8.291614770889282,950000,0.5641558170318604,94,0.06284022331237793,4.878082513809204,11.516298879709954,-0.008846156,178.45792833927575,7.663698196411133,2.5480473041534424,35.436216655246504,100
110.81475268440772,63.269270390067014,-1.1920883e-05,818.9176859855652,10.525184154510498,960000,0.6293504238128662,95,0.09119391441345215,6.233842611312866,3.3736991647525176,-0.01152866,194.89805503375442,9.79375171661377,3.2627453804016113,36.546387673826764,100
108.48356425580556,61.46042339608923,-1.1876147e-05,828.6835501194,9.725736379623413,970000,0.42041611671447754,96,0.053476810455322266,5.819515228271484,8.926423863271939,-0.010607812,181.67232375533962,9.25104570388794,3.1487860679626465,34.09645637854277,100
123.17846173317069,70.50040976542068,-1.1818563e-05,834.8953518867493,6.180728912353516,980000,0.44684386253356934,97,0.04351806640625,3.592329502105713,55.91281214204975,-0.013068469,193.79094653418863,5.689956188201904,1.9164814949035645,33.528563786583845,100
120.37849372920962,67.63257118968556,-1.1755276e-05,841.8226273059845,6.903733253479004,990000,0.3660907745361328,98,0.03560638427734375,4.202068567276001,21.999147136526908,-0.015006904,185.47090242912628,6.501670837402344,2.0943596363067627,31.75147152198919,100
121.77831407306996,69.4953060066178,-1.17267555e-05,849.3611567020416,7.521601676940918,1000000,0.37650132179260254,99,0.06634640693664551,4.65038800239563,27.32096355474359,-0.009586245,190.49913147034266,7.078469276428223,2.213292121887207,34.47515675440318,100
119.56687705889377,67.55645154928855,-1.1686987e-05,857.0974526405334,7.718064308166504,1010000,0.5423989295959473,100,0.057694196701049805,4.4787914752960205,-26.806109710185513,-0.011642491,238.908018717519,7.117671966552734,2.4156205654144287,41.165981490907896,100
121.29048027670848,69.27926769889827,-1.16520105e-05,867.2869508266449,10.155400276184082,1020000,0.4977736473083496,101,0.05035996437072754,6.097891569137573,33.497213904314606,-0.009306125,200.36746273359068,9.606880187988281,3.2262539863586426,29.950332683609783,100
123.76538625502434,70.13417598091299,-1.1610654e-05,876.0741922855377,8.759413480758667,1030000,0.3487682342529297,102,0.06544828414916992,5.273141145706177,25.384762317284558,-0.012402967,208.1128902409896,8.336934089660645,2.8056862354278564,34.97577021109602,100
126.32780072165207,72.05639587077579,-1.1585791e-05,883.3444857597351,7.254415512084961,1040000,0.3824622631072998,103,0.03771519660949707,4.438633918762207,9.675308926405,-0.012824485,208.56525081710168,6.833866357803345,2.181861162185669,38.028475794013275,100
118.95750301071908,68.14947009123071,-1.1566884e-05,890.9848425388336,7.622972726821899,1050000,0.4388272762298584,104,0.11168956756591797,4.5996458530426025,35.60480686873795,-0.013937813,181.97081526486306,7.06922721862793,2.2566311359405518,33.15718381486818,100
130.1885781378544,73.03396793864336,-1.1534653e-05,898.4029502868652,7.3981616497039795,1060000,0.46226048469543457,105,0.07931017875671387,4.460213899612427,55.295195349080686,-0.015333513,184.5195961816638,6.848463535308838,2.1782491207122803,30.188350628307777,100
131.87578655495525,75.03448616925279,-1.14975755e-05,906.5379674434662,8.11033296585083,1070000,0.44224047660827637,106,0.10298657417297363,4.75773811340332,23.492967493181617,-0.012438536,233.9940997811806,7.56466007232666,2.5751535892486572,37.64632646329499,100
131.37890874909922,74.36186615601119,-1.1494906e-05,917.0585391521454,10.49307656288147,1080000,0.6399035453796387,107,0.048880815505981445,6.228161811828613,44.863168652056,-0.011861807,225.90919973788718,9.803913116455078,3.281970739364624,34.325406335338165,100
125.78663477513996,71.10122485695426,-1.1459993e-05,923.8436715602875,6.7558815479278564,1090000,0.3677651882171631,108,0.0371091365814209,3.993440628051758,20.213166028818044,-0.01062412,199.848564996977,6.350605249404907,2.155571937561035,32.8862568460979,100
135.84132999656674,76.52264709450584,-1.141468e-05,930.493088722229,6.6332643032073975,1100000,0.36056041717529297,109,0.04224371910095215,3.942216396331787,63.999238599441505,-0.0049183657,236.75120063615856,6.230248689651489,2.0896832942962646,34.06358855597813,100
136.94559907478123,78.13118338139179,-1.1361757e-05,937.196130990982,6.68673849105835,1110000,0.36978769302368164,110,0.0398409366607666,3.994056463241577,-5.687367370289254,-0.0076866117,225.48852795782938,6.276900291442871,2.0839571952819824,41.824734301738886,100
132.34572884964467,75.0445038662434,-1.1358748e-05,943.997677564621,6.7849061489105225,1120000,0.38343286514282227,111,0.04485344886779785,4.001720428466797,42.881277132830576,-0.009396295,207.5069872562812,6.356316566467285,2.1521036624908447,33.36246515082965,100
128.37343953346596,72.665287917386,-1.1346318e-05,953.1154572963715,9.098896265029907,1130000,0.4142768383026123,112,0.06580328941345215,5.517675399780273,23.169013925960066,-0.0072029117,217.66361341693664,8.618497371673584,2.8347203731536865,38.12534798641153,100
141.11161022923278,79.8635589734807,-1.130694e-05,963.747269153595,10.605521440505981,1140000,0.3478355407714844,113,0.04405927658081055,6.70002555847168,72.24919623605598,-0.0057361405,232.39152243424502,10.213182926177979,3.208719253540039,34.16132473361288,100
134.19023202612573,75.51566358339777,-1.1309738e-05,970.6841387748718,6.919314622879028,1150000,0.33509182929992676,114,0.10805106163024902,4.189803838729858,45.54208870540592,-0.006860033,245.32760161000365,6.4759533405303955,2.084930896759033,39.42079628554271,100
140.2859350900864,80.02375941295787,-1.1271586e-05,977.7002210617065,7.000442028045654,1160000,0.38009190559387207,115,0.039306640625,4.182827472686768,36.74887096959847,-0.005237654,233.1041197991258,6.580800771713257,2.182431221008301,36.174465841255426,100
142.14977900503732,79.88953659309163,-1.12293355e-05,984.7415242195129,7.025074243545532,1170000,0.35602307319641113,116,0.06383562088012695,4.228535175323486,45.23248180951186,-0.00063716824,247.03233329170274,6.605004787445068,2.1694140434265137,36.06049454158062,100
141.93996887830357,80.1770650246719,-1.120692e-05,992.1653578281403,7.405009746551514,1180000,0.4132845401763916,117,0.035631656646728516,4.372487545013428,73.38604649389984,-0.0034218044,216.06824706413948,6.955793380737305,2.3638200759887695,30.91203834436106,100
145.81233499833212,82.6366063097351,-1.1183868e-05,1002.0636732578278,9.878119230270386,1190000,0.5082435607910156,118,0.052720069885253906,5.888347148895264,30.767292733316598,0.0026767352,219.12643241663665,9.316848754882812,3.141329526901245,31.87021087156802,100
137.02907987361442,77.40749428643689,-1.11478785e-05,1009.8389935493469,7.746944189071655,1200000,0.3373873233795166,119,0.0459895133972168,4.642601728439331,10.975964125757187,-0.007801642,248.4220015665574,7.363262891769409,2.491459846496582,40.2228184445087,100
144.55372000684463,82.05543659109922,-1.1132557e-05,1016.9140481948853,7.0584657192230225,1210000,0.34708714485168457,120,0.06795525550842285,4.254110813140869,43.372976439298895,-0.007929641,229.03344275111996,6.643085241317749,2.1791791915893555,37.56506458101051,100
142.8162230438354,81.3825808522127,-1.1116886e-05,1023.7776610851288,6.845500946044922,1220000,0.44911861419677734,121,0.07494163513183594,4.0252275466918945,48.74271254316934,-0.013066718,251.22791978303758,6.3211939334869385,2.0949835777282715,32.58551404059416,100
142.46891025591987,80.7492542548421,-1.1089449e-05,1031.3718798160553,7.55461859703064,1230000,0.42203497886657715,122,0.045714616775512695,4.614257097244263,46.072002843174914,-0.008690712,234.53290044175677,7.086582899093628,2.2552871704101562,36.0686312961696,100
146.7749390036725,83.18631458659819,-1.1055258e-05,1039.8519995212555,8.45861530303955,1240000,0.4845998287200928,123,0.05855512619018555,5.043142318725586,69.88993004543218,-0.009722604,229.17023113579307,7.914964914321899,2.6293907165527344,33.72300396490469,100
144.52365144855486,82.94560593029026,-1.1032754e-05,1050.3147966861725,10.435925960540771,1250000,0.3509492874145508,124,0.054355621337890625,6.4410719871521,78.49121693517236,-0.012979167,215.6757520780719,10.030367374420166,3.2915842533111572,33.51841735692765,100
150.00108705731935,84.53184100385224,-1.0975343e-05,1058.019544839859,7.4561731815338135,1260000,0.563138484954834,125,0.10236310958862305,4.4418065547943115,57.447654184277184,-0.01355955,224.90443290298842,6.790280342102051,2.1406123638153076,33.47176712286642,100
144.8715347018503,81.84331333404994,-1.0984132e-05,1064.7388541698456,6.701812982559204,1270000,0.3667268753051758,126,0.06354403495788574,3.9608869552612305,52.628096223759826,-0.013768564,240.10350159334806,6.271014213562012,2.1098873615264893,34.84729446662863,100
147.528612565138,83.62054643303874,-1.0965055e-05,1071.4845142364502,6.72891902923584,1280000,0.3773839473724365,127,0.03895902633666992,4.011692762374878,-5.713537044274521,-0.011674229,250.77742627340243,6.312364816665649,2.101749897003174,35.133995530514454,100
148.71991837168144,83.90362958107816,-1.0890653e-05,1078.6208119392395,7.119008302688599,1290000,0.36313819885253906,128,0.0897824764251709,4.200284004211426,-49.10143124294105,-0.013301026,238.99271316500895,6.665860891342163,2.255450487136841,39.97274062817741,100
155.40416026534277,88.13309019865201,-1.0867704e-05,1088.15855550766,9.51924467086792,1300000,0.43729257583618164,129,0.04891014099121094,5.833784103393555,75.13657051983931,-0.007551259,218.6334431131641,9.03271770477295,2.932744264602661,28.233338206130327,100
151.43086339165248,85.37904320566395,-1.0844411e-05,1097.8300676345825,9.6457040309906,1310000,0.37887024879455566,130,0.03438401222229004,6.165552616119385,71.45177292839176,-0.0102071995,239.09003537337068,9.232199430465698,2.7999842166900635,33.78841812864825,100
150.25202015191604,84.9208072005676,-1.0812158e-05,1104.338505268097,6.489619970321655,1320000,0.358443021774292,131,0.04009509086608887,3.84266996383667,73.63783930709833,-0.008647736,257.55307421192464,6.090832948684692,2.0544114112854004,38.13813617149507,100
153.40316295608213,86.48193936443185,-1.079464e-05,1111.4774663448334,7.1224892139434814,1330000,0.46440982818603516,132,0.049780845642089844,4.256909608840942,58.21193418848683,-0.010534888,235.64673114191905,6.608061075210571,2.1433193683624268,35.96502172217398,100
152.2418785915757,86.53945346645787,-1.0772047e-05,1119.1085455417633,7.6136696338653564,1340000,0.375823974609375,133,0.08162522315979004,4.647701978683472,50.674578982091575,-0.012162247,220.00231057191178,7.151200771331787,2.285865068435669,32.59168482113784,100
145.95286096318407,82.59054192934394,-1.073643e-05,1127.7589235305786,8.628364324569702,1350000,0.4906761646270752,134,0.04984545707702637,5.149045705795288,-78.34673786287134,-0.015318447,247.76225779300304,8.087379455566406,2.6935415267944336,40.50104742394005,100
153.62052106559574,86.92022621779962,-1.06969555e-05,1137.3456273078918,9.559774160385132,1360000,0.47626733779907227,135,0.07971000671386719,5.664415597915649,71.67398792488638,-0.0143335555,241.94750837351194,9.003280401229858,3.062371015548706,32.59590567166889,100
149.4622562952977,86.15051012102698,-1.0682137e-05,1145.1873087882996,7.815709829330444,1370000,0.42853593826293945,136,0.03520464897155762,4.722764492034912,-0.6713607571656655,-0.013845167,232.9991600589091,7.351664304733276,2.4011740684509277,37.33752191713827,100
150.62070538940506,86.00613558654867,-1.0657172e-05,1152.0797033309937,6.874887943267822,1380000,0.6579699516296387,137,0.04066896438598633,3.8990800380706787,-61.79841771418132,-0.012477776,245.17509009350988,6.176023721694946,2.0842161178588867,41.09022435007741,100
148.8741264284542,84.41203143774337,-1.0606878e-05,1159.3143911361694,7.21657395362854,1390000,0.3747518062591553,138,0.03669905662536621,4.4146363735198975,34.05080807032262,-0.009873969,224.89332275704479,6.804886341094971,2.1814630031585693,35.941524001261875,100
155.3061017115298,88.16206485293664,-1.0589513e-05,1166.2933728694916,6.96095085144043,1400000,0.3870882987976074,139,0.04106593132019043,4.109529256820679,65.89778829468992,-0.011708446,254.46306125714156,6.532568454742432,2.215782880783081,36.171660675498536,100
152.18873331051026,87.36093949863066,-1.0551536e-05,1175.2398767471313,8.928807020187378,1410000,0.46143436431884766,140,0.053507328033447266,5.348246335983276,72.54548441700467,-0.009477552,228.3877704333673,8.41340708732605,2.8107433319091797,33.47461341249453,100
154.24908514468504,88.53859068086774,-1.0503052e-05,1183.531802892685,8.264319896697998,1420000,0.3767259120941162,141,0.025758981704711914,4.971183776855469,69.70692821898551,-0.009398592,246.44845334654883,7.861579895019531,2.6455917358398438,35.8273489158078,100
151.55836680527528,85.83337792826069,-1.0482971e-05,1190.396334886551,6.848580837249756,1430000,0.3449399471282959,142,0.0537869930267334,4.130030155181885,-0.4848740878053559,-0.010633919,265.1479623186676,6.449249267578125,2.112821578979492,35.023941186504786,100
157.11632467266102,89.45652126890691,-1.0451093e-05,1198.1662929058075,7.754412651062012,1440000,0.4521479606628418,143,0.04267072677612305,4.782137393951416,47.02225644663109,-0.006146023,223.44090487156794,7.259186267852783,2.2586495876312256,38.58333291203974,100
160.58547510633795,90.45368076575156,-1.0437141e-05,1205.3582029342651,7.168432950973511,1450000,0.3591020107269287,144,0.06813287734985352,4.273155450820923,67.44974859036077,-0.011250603,251.0677764373882,6.740868091583252,2.2572901248931885,36.500986794457454,100
159.7897227889868,90.51598550475505,-1.0414304e-05,1214.8138370513916,9.436790227890015,1460000,0.518129825592041,145,0.057321786880493164,5.674315452575684,37.07295803416461,-0.010374619,258.13716639944704,8.86100435256958,2.9212753772735596,38.250839186757624,100
162.00555221202782,90.9549717707217,-1.03820785e-05,1225.4331727027893,10.591656923294067,1470000,0.49280834197998047,146,0.04746198654174805,6.565798997879028,43.63881108504126,-0.0117922705,254.68316823721207,10.050965309143066,3.1978869438171387,37.29131364319895,100
163.70484083363928,93.06229448336164,-1.0388938e-05,1233.0129253864288,7.552408218383789,1480000,0.437624454498291,147,0.1111443042755127,4.498586893081665,75.26936396243553,-0.011846461,221.63362685402262,7.003358364105225,2.2825934886932373,32.970113993604095,100
164.34178920482694,93.60771785105186,-1.0367404e-05,1240.7824296951294,7.751021146774292,1490000,0.39399194717407227,148,0.03564715385437012,4.814317226409912,68.82651295464157,-0.012407572,269.4219490513575,7.3211164474487305,2.2716732025146484,39.17691667453524,100
162.3339354696744,92.26134298113018,-1.0349068e-05,1248.8393416404724,8.039859056472778,1500000,0.35628652572631836,149,0.0667111873626709,5.090465784072876,55.19443419685566,-0.0120401615,228.0314388700943,7.6166462898254395,2.2977592945098877,34.818759208997676,100
168.98110840191384,95.73746679948655,-1.029251e-05,1256.2256619930267,7.36906361579895,1510000,0.40361475944519043,150,0.07591438293457031,4.344628095626831,71.63003341235182,-0.005319205,263.40296600703044,6.8892741203308105,2.327918529510498,35.2112629331518,100
166.92291165058222,95.0291973633526,-1.0273937e-05,1264.989867925644,8.744555234909058,1520000,0.3689076900482178,151,0.049929141998291016,5.295898914337158,85.75272866003623,-0.01255367,239.76087528409974,8.325217485427856,2.7709689140319824,34.68346316251666,100
170.1015501254599,96.20822587610947,-1.0225137e-05,1271.579342842102,6.5710225105285645,1530000,0.357637882232666,152,0.03864622116088867,3.9256842136383057,89.86838739940272,-0.008731274,251.69202575199327,6.1744372844696045,2.052368402481079,36.01063928345936,100
169.04372214736253,96.31973084677938,-1.0177074e-05,1279.6371665000916,8.041225910186768,1540000,0.3979051113128662,153,0.03819704055786133,5.082341909408569,96.89319361149468,-0.011605601,231.52025371291992,7.6047773361206055,2.302999258041382,31.547378295678,100
168.7465129839681,96.5356700823225,-1.0202294e-05,1286.7616708278656,7.106876611709595,1550000,0.37734007835388184,154,0.034905195236206055,4.2735443115234375,97.46477784034978,-0.0128906965,265.4445734826084,6.694408178329468,2.2053680419921875,36.070612722538755,100
169.92514300701455,96.24005284131927,-1.0169063e-05,1294.7723007202148,7.994221925735474,1560000,0.38225793838500977,155,0.043784141540527344,4.86866307258606,85.82040176851811,-0.0137399975,235.6229177959451,7.567897081375122,2.471437454223633,32.54436198557856,100
170.34546577201806,97.35538781819535,-1.0160453e-05,1305.0068473815918,10.215529680252075,1570000,0.513495683670044,156,0.05534934997558594,6.278602600097656,58.06077404757068,-0.013990162,266.0432811570917,9.646161317825317,3.0836398601531982,38.07441181987048,100
167.11748464532263,94.36339048502965,-1.01393725e-05,1315.4459252357483,10.410138368606567,1580000,0.5198943614959717,157,0.04982757568359375,6.269896745681763,47.532358254291985,-0.012361309,247.51812437185308,9.84003496170044,3.2740883827209473,37.4606186193261,100
166.86706006347902,95.00362318774141,-1.0113756e-05,1326.8083035945892,11.332245111465454,1590000,0.3718867301940918,158,0.036464691162109375,7.248595476150513,31.612355465133128,-0.014420322,244.0871660428122,10.923605918884277,3.361989974975586,36.400682841546306,100
173.58265078183632,98.2164576792035,-1.0116914e-05,1333.52739071846,6.702848196029663,1600000,0.37050938606262207,159,0.03622555732727051,4.029087543487549,90.32975314107406,-0.013033343,251.60264151770835,6.2958948612213135,2.0664851665496826,33.89985184643008,100
174.25966156491356,99.21548257001898,-1.0067878e-05,1341.0808608531952,7.536462783813477,1610000,0.3951084613800049,160,0.040874481201171875,4.601353883743286,104.75252179095028,-0.01188192,271.407745229575,7.100099802017212,2.2708425521850586,31.68664990387222,100
171.8304506051696,97.58828382016796,-1.0048998e-05,1349.4636068344116,8.365956783294678,1620000,0.5495479106903076,161,0.05042147636413574,5.179558038711548,50.79008339121346,-0.013875175,255.0503489960646,7.765695810317993,2.3605246543884277,38.2040525227516,100
169.9578616554372,96.3435104896689,-1.0004896e-05,1359.4834055900574,9.977753162384033,1630000,0.5200519561767578,162,0.05893588066101074,6.099222898483276,47.544470244006945,-0.015598747,273.3324805979797,9.39823579788208,3.013434410095215,39.33728919374416,100
173.54016973923004,98.92573300616341,-9.987731e-06,1368.3428332805634,8.831447839736938,1640000,0.37929320335388184,163,0.03770613670349121,5.331207513809204,74.09520359700478,-0.012629997,269.89508712508336,8.414028882980347,2.8254899978637695,34.81535284348516,100
168.36428995013742,95.20949490064017,-9.974972e-06,1375.476375579834,7.115110635757446,1650000,0.36524367332458496,164,0.03892993927001953,4.373278379440308,-74.12631577392835,-0.01612615,245.63430069720292,6.710515975952148,2.1290481090545654,42.56847128249843,100
176.56782239133034,100.34349909337665,-9.951324e-06,1383.6687450408936,8.172865867614746,1660000,0.41460227966308594,165,0.07872843742370605,5.146799802780151,99.52108576038364,-0.014629936,273.7170478676899,7.679276943206787,2.3051576614379883,31.029030398039925,100
180.5328561734345,102.45002406844645,-9.89528e-06,1390.4730496406555,6.786518812179565,1670000,0.4126248359680176,166,0.045003652572631836,4.021742343902588,83.29344683371788,-0.014629799,270.3732782491872,6.328540802001953,2.1051015853881836,36.02161665867553,100
172.60662779120136,98.38913910334912,-9.917219e-06,1398.4326601028442,7.938730716705322,1680000,0.5065486431121826,167,0.0814824104309082,4.660692930221558,82.25376771081778,-0.010095209,259.9282386988039,7.348109006881714,2.457136869430542,35.05669769652675,100
171.21316019250924,97.3514684734909,-9.821e-06,1408.8642568588257,10.405004978179932,1690000,0.8848986625671387,168,0.07884478569030762,6.15754246711731,83.80907635069488,-0.013094214,260.8807661521775,9.440454244613647,3.0076076984405518,33.03738839273563,100
179.76121823958658,101.8029951591806,-9.832316e-06,1420.3474106788635,11.395524024963379,1700000,0.6438918113708496,169,0.06915760040283203,6.951358795166016,48.108786060225015,-0.0116237225,273.3232877228209,10.682003259658813,3.421112298965454,36.17992676293307,100
176.5657612019426,99.9803973303151,-9.7949305e-06,1431.1302535533905,10.750771045684814,1710000,0.6931898593902588,170,0.062139272689819336,6.392486810684204,62.34378865792696,-0.010738626,254.3070561010167,9.994768857955933,3.2790138721466064,36.142154635756945,100
174.89443561162014,99.19356886029132,-9.790094e-06,1438.8134026527405,7.639995336532593,1720000,0.3678412437438965,171,0.07728695869445801,4.7698094844818115,79.25355893952734,-0.007665898,277.67359256400766,7.194526433944702,2.207824230194092,33.889792785974464,100
177.73691450155746,100.72808790289263,-9.771976e-06,1445.4608418941498,6.631464719772339,1730000,0.4033994674682617,172,0.03435206413269043,3.9364094734191895,81.56500247995939,-0.0067637,283.7792611285267,6.193352222442627,2.0589540004730225,36.361536514309925,100
181.1314328834499,102.71144600941192,-9.714243e-06,1452.7373354434967,7.255499362945557,1740000,0.3995327949523926,173,0.06308937072753906,4.382829427719116,119.33324142559873,-0.014130631,244.0023123082419,6.792186975479126,2.1922543048858643,26.772167689650253,100
182.44925012306595,103.08266295594778,-9.696345e-06,1460.7068994045258,7.950750827789307,1750000,0.5228290557861328,174,0.05088353157043457,4.734663486480713,84.59135813285106,-0.01583264,249.2256894233646,7.3767101764678955,2.4162280559539795,34.98414875855819,100
183.7582322608829,104.86372914730946,-9.680507e-06,1472.5204124450684,11.787137269973755,1760000,0.5079922676086426,175,0.1332399845123291,7.365751028060913,60.20803513834036,-0.014369131,266.7889473689084,11.145567655563354,3.464695692062378,37.64616313250103,100
181.34974031662296,102.54039116772546,-9.649206e-06,1482.4016032218933,9.853148937225342,1770000,0.4825620651245117,176,0.11346793174743652,5.84498143196106,96.96592415717036,-0.012342378,267.9981650493892,9.256826162338257,3.126816749572754,33.599534964197694,100
178.0696600756471,100.67893092626211,-9.627256e-06,1489.136635541916,6.707642316818237,1780000,0.3499000072479248,177,0.06896805763244629,3.983626365661621,-38.26858261858596,-0.012959941,284.67700842548163,6.288510799407959,2.1057701110839844,39.95164963027009,100
177.12498119958246,100.66958461311404,-9.59322e-06,1496.1440026760101,6.990572214126587,1790000,0.564955472946167,178,0.09165453910827637,4.044595956802368,82.13602263747316,-0.014357899,250.89682376605643,6.333598852157593,2.0857720375061035,33.262082393430326,100
179.57594234703134,102.26133833931426,-9.538293e-06,1503.44739818573,7.263422012329102,1800000,0.47629618644714355,179,0.09176969528198242,4.303725242614746,84.62793047925793,-0.015105861,259.7717833667774,6.691799163818359,2.1824119091033936,30.449421503444754,100
179.54251985858255,101.63116107332638,-9.522856e-06,1512.3181202411652,8.8539719581604,1810000,0.5756161212921143,180,0.04125523567199707,5.427825450897217,98.79642874165968,-0.011129089,260.3119394484639,8.236778259277344,2.56679630279541,33.09736285232815,100
186.12885683536282,105.89609269929365,-9.462079e-06,1522.2386538982391,9.88818883895874,1820000,0.6352553367614746,181,0.056130409240722656,5.7737743854522705,93.76760956651296,-0.007986573,254.95486846191264,9.19645619392395,3.140360116958618,33.945036531841765,100
184.67924291461412,105.13256689479046,-9.4168945e-06,1529.393560886383,7.117797374725342,1830000,0.360889196395874,182,0.04156160354614258,4.281593561172485,113.581948649588,-0.012568296,264.6640081842088,6.7144458293914795,2.215826988220215,32.44744589056875,100
189.06451576152193,106.9803085098518,-9.415815e-06,1535.9383952617645,6.52211594581604,1840000,0.362196683883667,183,0.03673434257507324,3.863598346710205,107.60855078462903,-0.0020114374,251.3281122291368,6.122591257095337,2.064864158630371,31.691802144260237,100
179.16181564133032,101.92215478138888,-9.395707e-06,1542.8750493526459,6.917034149169922,1850000,0.35710954666137695,184,0.06516671180725098,4.141976356506348,-10.735048046443106,-0.004505899,253.61596766317146,6.494551181793213,2.1459908485412598,37.17487242343383,100
186.5764827279991,106.52723852220463,-9.338246e-06,1550.9179775714874,8.025420427322388,1860000,0.44330358505249023,185,0.0681004524230957,4.880660533905029,98.42830338876134,-0.0063208262,280.0155800025731,7.513622999191284,2.4018664360046387,36.7577298012942,100
193.69727973860387,110.32438286469186,-9.3161025e-06,1563.6541991233826,12.714407205581665,1870000,0.5103216171264648,186,0.07647562026977539,8.032137155532837,103.5661596815132,-0.0022120907,256.8846144049227,12.127103328704834,3.744985818862915,30.925989472410823,100
185.4123827738809,105.55284830054687,-9.2922e-06,1572.102727174759,8.419994831085205,1880000,0.42549777030944824,187,0.028972387313842773,5.023915767669678,95.6277586809742,-0.0038184002,272.4138554167949,7.96528697013855,2.6925430297851562,34.71258824621239,100
183.65498460193893,104.52007816529573,-9.265456e-06,1578.8666234016418,6.745840549468994,1890000,0.3657855987548828,188,0.03336596488952637,4.057934045791626,56.6037542790199,-0.0017112383,266.1942546482059,6.346467733383179,2.0799477100372314,33.033802575153516,100
187.21270207996986,106.8377619564559,-9.233338e-06,1587.1791529655457,8.295542001724243,1900000,0.4821150302886963,189,0.14241814613342285,5.10153341293335,101.14558155646881,-0.0009949967,265.59376726559645,7.670592308044434,2.3440964221954346,32.097715524704945,100
184.93784935235507,105.42340721689212,-9.210372e-06,1594.4832091331482,7.284794330596924,1910000,0.3873634338378906,190,0.08178257942199707,4.329123020172119,112.70020875677136,-0.011093606,272.11924235070734,6.815375804901123,2.271627187728882,32.507901210025935,100
182.2119603411818,104.24668976281365,-9.188016e-06,1602.7883460521698,8.286677122116089,1920000,0.49166440963745117,191,0.052129268646240234,4.903534412384033,66.90233801696493,-0.014079133,289.97180646517626,7.742512464523315,2.601022243499756,36.240269805080786,100
184.25423094499166,104.30080342145077,-9.215401e-06,1612.6143136024475,9.79927682876587,1930000,0.5129287242889404,192,0.05764627456665039,5.859987735748291,125.85841645903443,-0.008012042,247.9525792132501,9.228351831436157,3.087930202484131,26.896918140725752,100
182.98520125231423,104.64072345007001,-9.1463735e-06,1622.558319568634,9.917567729949951,1940000,0.38758015632629395,193,0.0622408390045166,6.155579090118408,61.81751325536808,-0.008506061,249.88999846204746,9.467180252075195,3.0260279178619385,32.345763427792335,100
183.52073026151112,104.31356859184194,-9.167409e-06,1629.071833372116,6.495712041854858,1950000,0.4141662120819092,194,0.1114189624786377,3.7798173427581787,-73.56495266568743,-0.015262752,251.75598081371353,5.969839811325073,1.9968640804290771,40.40465599683156,100
179.66865969548556,102.04426771217116,-9.142552e-06,1637.1936507225037,8.102251052856445,1960000,0.3734316825866699,195,0.034810781478881836,5.187096357345581,55.510350265840785,-0.015786825,272.3272655385869,7.6933207511901855,2.2789621353149414,34.68232809540132,100
184.39658665411804,104.5222252285813,-9.1254315e-06,1644.2517561912537,7.041870594024658,1970000,0.48380255699157715,196,0.04419255256652832,4.16006875038147,102.68876367846141,-0.0118105905,262.55835896881706,6.513491630554199,2.1455016136169434,32.84383028645804,100
187.2608115591267,106.11093834177282,-9.085159e-06,1653.8017482757568,9.52516222000122,1980000,0.885329008102417,197,0.07280397415161133,5.475673675537109,93.13590846647482,-0.010557572,251.22553740480615,8.566123008728027,2.823288679122925,32.85116932956363,100
187.3695903212022,106.54833874914618,-9.060643e-06,1664.3977992534637,10.557271242141724,1990000,0.39945077896118164,198,0.06202101707458496,6.698812484741211,68.9745186112481,-0.012619081,269.97545953484206,10.095432758331299,3.090576171875,35.11258676908743,100
189.9786113161454,107.4737853840437,-9.054378e-06,1670.9510741233826,6.537090063095093,2000000,0.3777179718017578,199,0.040436744689941406,3.8865997791290283,110.91641433306854,-0.014161447,299.4589795766957,6.118550777435303,2.0305278301239014,34.935627808866506,100
192.88834392402921,109.27836031159536,-9.042024e-06,1677.8851330280304,6.917647838592529,2010000,0.41830015182495117,200,0.08332657814025879,4.08885383605957,112.65998023920609,-0.011240167,264.1076766712649,6.406966686248779,2.1178314685821533,29.867613302192392,100
193.43080733220933,110.18290394800084,-9.019634e-06,1684.6662077903748,6.762477874755859,2020000,0.3872096538543701,201,0.08591103553771973,3.982414960861206,105.25812349528982,-0.013641217,267.5520579004449,6.289100646972656,2.1059553623199463,31.37302195511796,100
191.5769046408507,108.99716814952221,-8.971161e-06,1696.7758014202118,12.089316368103027,2030000,0.3894813060760498,202,0.0478057861328125,7.800227403640747,96.22423765005249,-0.0097603,252.2344937720436,11.651733875274658,3.520456314086914,30.695128782565604,100
187.42016445763028,106.51569069294118,-8.958991e-06,1703.431833744049,6.639946222305298,2040000,0.37313413619995117,203,0.03782939910888672,3.9853110313415527,98.00324414144649,-0.007133594,266.3812875669056,6.228620529174805,2.0491631031036377,32.331828622600696,100
199.07032502129485,113.41027929054779,-8.917187e-06,1710.2232966423035,6.774308919906616,2050000,0.4591350555419922,204,0.07880806922912598,3.963947296142578,132.69640825449648,-0.010381169,287.8677268795802,6.2361156940460205,2.075453281402588,33.96666915005706,100
192.6749167000928,109.14649173608436,-8.883049e-06,1717.2345728874207,6.989135026931763,2060000,0.37187981605529785,205,0.036852121353149414,4.2014806270599365,127.36795374097929,-0.012642631,268.51027016128603,6.580044746398926,2.1711673736572266,31.592955982352805,100
192.2174943631453,109.52783773705993,-8.871086e-06,1727.6802458763123,10.428260087966919,2070000,0.5124402046203613,206,0.06161618232727051,6.591279029846191,111.77107826627166,-0.013175174,276.0617677506225,9.853884220123291,2.967740058898926,30.26341543875527,100
201.18578223043042,114.73984154516397,-8.856359e-06,1738.2043933868408,10.497495651245117,2080000,0.34833478927612305,207,0.05180478096008301,6.370444297790527,110.81758886980963,-0.012004434,277.1242094288646,10.097075462341309,3.4176228046417236,32.30714256658334,100
192.69793841917468,109.77157230217986,-8.814725e-06,1745.0296952724457,6.810169696807861,2090000,0.43790125846862793,208,0.03472089767456055,4.039698600769043,66.71804428934178,-0.0055456925,269.11522133730836,6.337202072143555,2.0955636501312256,40.19003848323574,100
196.96485320760806,111.55979551327944,-8.8263005e-06,1751.7568867206573,6.705739498138428,2100000,0.3809373378753662,209,0.04012298583984375,3.985267162322998,103.78442776187903,-0.004892243,290.58055306635765,6.284276008605957,2.095850706100464,34.09029914834734,100
199.8766831202001,113.58342417784483,-8.800506e-06,1760.7251269817352,8.950122117996216,2110000,0.4186854362487793,210,0.07838964462280273,5.731885194778442,101.81596663354256,-0.0075079403,278.1747804942646,8.452827453613281,2.479377031326294,37.13049245686086,100
202.15134792304437,115.46564902992445,-8.76882e-06,1768.3280956745148,7.584798812866211,2120000,0.4553689956665039,211,0.04477858543395996,4.4851720333099365,120.75316693445508,-0.01060031,265.5428966476962,7.084367990493774,2.3752567768096924,31.449231897606463,100
201.2053712618346,114.53596699222156,-8.759891e-06,1778.2105033397675,9.856505632400513,2130000,0.5124518871307373,212,0.05002927780151367,5.858659029006958,123.77201518719583,-0.011191695,288.2434869855187,9.293761253356934,3.1331233978271484,35.070861075081275,100
199.64956974289035,114.01358247876058,-8.750518e-06,1789.1145114898682,10.875689268112183,2140000,0.37181639671325684,213,0.028940439224243164,6.817121744155884,107.3776370409699,-0.007332542,281.9873886605737,10.474653720855713,3.351263999938965,30.794558802909865,100
202.3529746819332,114.487217444343,-8.765012e-06,1795.5311365127563,6.40036153793335,2150000,0.3607804775238037,214,0.04104471206665039,3.792919635772705,133.26303303073192,-0.009492985,270.4899206253867,5.998259782791138,2.0131452083587646,33.072507610737325,100
196.78718376387215,111.93887786621734,-8.750899e-06,1804.0228917598724,8.473151922225952,2160000,0.3589143753051758,215,0.0430147647857666,5.430005788803101,140.76100691736912,-0.01393905,279.47327019059895,8.070810794830322,2.4102978706359863,28.015521337743806,100
198.17540368685576,113.1171083421595,-8.7145445e-06,1810.9786596298218,6.937026739120483,2170000,0.44201207160949707,216,0.048035621643066406,4.13044810295105,121.73382004383627,-0.0140932705,281.6814525365791,6.446692943572998,2.107527256011963,31.332810007696054,100
202.82792502465225,115.2740911599625,-8.707301e-06,1819.4293982982635,8.430468797683716,2180000,0.5132875442504883,217,0.05928969383239746,5.0333333015441895,122.15976575402178,-0.012138552,263.0769787446028,7.857508659362793,2.5793986320495605,30.55886161011723,100
204.98077926680764,116.6133214041293,-8.708361e-06,1830.974915266037,11.516394138336182,2190000,0.4311699867248535,218,0.03768491744995117,7.457440137863159,117.89228886743729,-0.013390822,274.68937141220476,11.047146320343018,3.2838571071624756,31.025583623206845,100
207.83727225245937,117.74475076393645,-8.63615e-06,1837.6505856513977,6.659122467041016,2200000,0.43839287757873535,219,0.040212392807006836,3.9316675662994385,80.4240348663471,-0.012378659,290.4312734060119,6.1801598072052,2.0515220165252686,41.02802676297154,100
206.24898621827262,116.69391590392257,-8.642597e-06,1844.5897130966187,6.9159393310546875,2210000,0.34301209449768066,220,0.06155800819396973,4.167152404785156,120.55663814321572,-0.014460257,265.52178143540806,6.51102089881897,2.136587142944336,30.650787879391135,100
208.0949181212106,117.83235135276617,-8.60961e-06,1853.1238422393799,8.517049789428711,2220000,0.4066309928894043,221,0.04452395439147949,5.45953106880188,135.72002900568847,-0.016169058,280.58192589392183,8.065600395202637,2.367119073867798,31.070872083686186,100
212.94103813422655,121.3939723864165,-8.602597e-06,1861.7811589241028,8.638397455215454,2230000,0.4865291118621826,222,0.10358667373657227,5.067389965057373,133.663834050841,-0.013044906,288.0862836840446,8.04525351524353,2.72849440574646,31.94161400302874,100
209.41932276177297,119.81311064210095,-8.567075e-06,1871.4422314167023,9.632696390151978,2240000,0.4820430278778076,223,0.10877227783203125,5.685987710952759,125.57518696221281,-0.0101176305,281.60478658656575,9.036612272262573,3.0715928077697754,30.362867992708164,100
205.55936884582786,117.05637150301158,-8.537144e-06,1878.383162021637,6.910254001617432,2250000,0.3569152355194092,224,0.03819084167480469,4.100528955459595,128.56589377110768,-0.0059916154,274.5672114538461,6.514791488647461,2.204838275909424,31.875456104999138,100
212.1941720432244,120.93738565777437,-8.521341e-06,1884.7670500278473,6.366974592208862,2260000,0.36249756813049316,225,0.10805249214172363,3.7188520431518555,144.351830164765,-0.011738957,282.30807183733805,5.896212339401245,1.9890403747558594,29.235111736189904,100
205.89460312691259,117.67778513606737,-8.511853e-06,1891.8027465343475,7.017403602600098,2270000,0.3512895107269287,226,0.05694389343261719,4.246150732040405,100.4000729055365,-0.006757943,280.04869891317975,6.608761787414551,2.1544981002807617,34.955331586803126,100
210.85798341367337,119.80055699575934,-8.454381e-06,1898.5978326797485,6.779059886932373,2280000,0.36626386642456055,227,0.0716848373413086,3.9889347553253174,127.65019253974421,-0.009502591,296.4938335772786,6.340817451477051,2.146256446838379,32.48118262549366,100
209.67415848252455,119.64290034729935,-8.437343e-06,1907.3383295536041,8.72078275680542,2290000,0.5122592449188232,228,0.050467491149902344,5.138515472412109,133.70771702782565,-0.0124378465,273.8739203423745,8.157717943191528,2.767206907272339,29.150369045694028,100
208.13094010269776,118.39253000480225,-8.4399435e-06,1914.2712044715881,6.9032416343688965,2300000,0.4282078742980957,229,0.038268089294433594,4.078409910202026,118.60434592951974,-0.007923055,280.8795082008992,6.436385869979858,2.1407079696655273,32.33978457753495,100
205.54430660100206,116.92846260882769,-8.43126e-06,1921.0853836536407,6.795087575912476,2310000,0.39803099632263184,230,0.06562542915344238,4.053898572921753,-25.59281154057885,-0.0060788123,269.3460799362214,6.3243443965911865,2.0719351768493652,37.65999799682197,100
206.44055194607373,117.71692100829095,-8.397962e-06,1927.8487112522125,6.745084047317505,2320000,0.3955421447753906,231,0.03815865516662598,4.030741930007935,138.89104113440584,0.001237474,269.14824461921836,6.311131477355957,2.078786611557007,30.349240604448838,100
214.61515462302125,122.2199210839221,-8.38031e-06,1934.8023104667664,6.937695264816284,2330000,0.39039158821105957,232,0.04399847984313965,4.112542390823364,145.24568406214206,0.0038104432,284.439015700913,6.503013610839844,2.186096429824829,29.043251024889152,100
212.88818469876202,121.69553150617848,-8.357839e-06,1944.1513936519623,9.331752300262451,2340000,0.5030727386474609,233,0.057145118713378906,5.520994663238525,126.65438303105731,-0.002874775,293.83719228163517,8.77118706703186,2.9518027305603027,32.69266275501858,100
208.3308940866821,118.81379676400589,-8.35651e-06,1952.4064531326294,8.224640607833862,2350000,0.3607053756713867,234,0.025114774703979492,4.968829870223999,122.10758207525458,-0.0017968831,266.39696590099817,7.838548421859741,2.625730276107788,32.40007472334998,100
210.31480236535515,120.04568521348222,-8.337056e-06,1958.9772067070007,6.554519891738892,2360000,0.358471155166626,235,0.03357720375061035,3.8868343830108643,116.3485502213157,-0.006941976,296.69055963348615,6.162246942520142,2.074889898300171,36.078346564941164,100
211.6227832526265,120.79842773808755,-8.334999e-06,1965.5677783489227,6.574224948883057,2370000,0.4101271629333496,236,0.03746533393859863,3.900890588760376,124.67737707291059,-0.001983452,346.2966597131972,6.1262078285217285,2.0322132110595703,35.30610647593708,100
211.61700464362778,120.99805711537483,-8.300739e-06,1972.3005940914154,6.716145992279053,2380000,0.38702869415283203,237,0.04271078109741211,3.9799532890319824,109.11850415752353,-0.009659432,279.29301327068424,6.286113739013672,2.105370283126831,32.0480550325399,100
216.20705838092184,123.53491522505068,-8.266797e-06,1980.140941619873,7.821949481964111,2390000,0.50827956199646,238,0.04498720169067383,4.58365797996521,134.70244548265552,-0.0013726254,297.16977493667156,7.268380880355835,2.4571592807769775,32.308445210206195,100
211.58239424611125,121.33497914291758,-8.246168e-06,1990.5064220428467,10.336812019348145,2400000,0.557748556137085,239,0.07950735092163086,6.167843818664551,-0.8866817791138158,0.010700551,294.74118121236285,9.699138641357422,3.2270121574401855,38.179257196091044,100
222.075953069729,127.24073322111937,-8.250909e-06,2000.3002016544342,9.765508651733398,2410000,0.4600527286529541,240,0.09293389320373535,5.820441484451294,120.6614912541979,-0.0037664943,307.44453578737836,9.212198734283447,3.108003854751587,36.321753864313955,100
218.39678095634568,124.99711834650383,-8.19725e-06,2008.0469815731049,7.7206737995147705,2420000,0.3618614673614502,241,0.03725767135620117,4.6099724769592285,117.83219697949954,-0.0053345435,296.98073103565207,7.321211099624634,2.4807162284851074,33.519770609717554,100
216.16363082341277,123.60765036014698,-8.182368e-06,2014.3419942855835,6.2795493602752686,2430000,0.36878204345703125,242,0.03685617446899414,3.7051174640655518,121.24176803121073,0.000736717,286.93646742394225,5.873567342758179,1.9773821830749512,32.07500661443087,100
217.57908886404874,124.07089878538316,-8.162141e-06,2020.9974319934845,6.637144088745117,2440000,0.37486886978149414,243,0.051514387130737305,3.9460175037384033,135.24532879543324,-0.0053703613,295.5269817980635,6.210405349731445,2.0665271282196045,32.67620593250379,100
218.00026697345436,124.32100657319897,-8.143139e-06,2027.9614679813385,6.946745157241821,2450000,0.3640108108520508,244,0.042586326599121094,4.160688877105713,119.2183573014537,-0.012244661,287.42838617907387,6.539858818054199,2.1716368198394775,32.611814823594564,100
220.21685832148444,125.53874332031059,-8.097116e-06,2036.6436235904694,8.663291454315186,2460000,0.6657512187957764,245,0.0766751766204834,5.022328615188599,140.57337866191315,-0.008009688,318.6446263678756,7.920474052429199,2.65252685546875,33.57577188418069,100
218.2444350186801,125.45559522728622,-8.096962e-06,2046.0200624465942,9.343987464904785,2470000,0.41422343254089355,246,0.03618669509887695,5.6496381759643555,140.10933524044006,-0.011604562,304.7527582132695,8.893284559249878,2.9700615406036377,36.98228556777793,100
225.08182805887546,127.87970330278858,-8.065392e-06,2052.730520248413,6.693378925323486,2480000,0.3592057228088379,247,0.046587467193603516,4.0357301235198975,147.16890172351057,-0.008371409,315.0169731132944,6.287282228469849,2.0533602237701416,34.2659243864781,100
220.4889965994997,125.81755862813017,-8.032346e-06,2059.5594642162323,6.812748908996582,2490000,0.3986225128173828,248,0.026946544647216797,4.075782060623169,129.38354240464972,-0.011400915,290.2870881151402,6.38699197769165,2.112274408340454,30.343163812888957,100
223.09631199690386,126.97502075736448,-8.010147e-06,2066.783604621887,7.2076287269592285,2500000,0.38927793502807617,249,0.03483462333679199,4.361392021179199,144.90918336102143,-0.0127451485,317.8045811383037,6.783288240432739,2.206799030303955,35.72811662429561,100
225.5340881467759,128.61579091184967,-8.005688e-06,2075.1554753780365,8.354211330413818,2510000,0.5457706451416016,250,0.05596208572387695,4.938519716262817,167.1847970245449,-0.0015044295,290.02471011037994,7.752105474472046,2.5677478313446045,26.18104446517553,100
226.2828767860289,129.22548540829274,-7.960464e-06,2085.692283153534,10.50726580619812,2520000,0.47061657905578613,251,0.05192828178405762,6.365329265594482,154.22471352682007,-0.006725384,323.8410087205034,9.984375953674316,3.314938545227051,30.968107072784306,100
229.7312438343322,130.84557483585502,-7.903198e-06,2093.973355770111,8.253832340240479,2530000,0.37838125228881836,252,0.07371187210083008,4.990363836288452,143.06463554637455,-0.010973821,304.7889053200406,7.793156862258911,2.557709217071533,31.348499512571873,100
223.45562965441596,127.18133834059756,-7.889782e-06,2100.78972530365,6.796206951141357,2540000,0.3565647602081299,253,0.036157846450805664,4.097442865371704,153.88913645445928,-0.0015423171,296.725775350939,6.403075218200684,2.1049180030822754,31.517058269305476,100
221.18427060139572,125.93232100873593,-7.877924e-06,2107.723316192627,6.917683839797974,2550000,0.35941195487976074,254,0.06179308891296387,4.150363922119141,127.47095740541484,-0.010725243,305.2874182138784,6.496257066726685,2.1417317390441895,33.24425010378827,100
224.9510927755181,129.19585462748802,-7.864003e-06,2115.2306282520294,7.490204572677612,2560000,0.39809751510620117,255,0.04445457458496094,4.5433690547943115,105.64457852824565,-0.009400162,310.97190233020655,7.047372341156006,2.289865493774414,35.627988469238225,100
226.34872573406577,128.79376292461322,-7.822054e-06,2124.5505356788635,9.299684286117554,2570000,0.5136678218841553,256,0.07739734649658203,5.5619237422943115,123.50612674200539,-0.0053629493,311.0030743503394,8.708115100860596,2.8848116397857666,33.76447165790008,100
223.93604589287307,127.58984965567153,-7.784935e-06,2135.028502225876,10.446889400482178,2580000,0.4982113838195801,257,0.08147311210632324,6.329355716705322,137.3592441183763,-0.0069265994,296.3546476755477,9.866644144058228,3.2359747886657715,32.338936632269785,100
232.44282059865998,131.73969624357247,-7.751637e-06,2142.23846578598,7.177627086639404,2590000,0.38292551040649414,258,0.03553462028503418,4.322314739227295,130.179557594536,-0.010122617,300.3313885864358,6.7588865756988525,2.217623472213745,31.779726648935352,100
226.6971713227053,129.00694903440655,-7.7391505e-06,2149.2720358371735,7.017711639404297,2600000,0.36284613609313965,259,0.08455848693847656,4.227493047714233,139.42730264762255,-0.010472512,304.51837538600313,6.569806814193726,2.1316542625427246,30.530949275696763,100
234.88339871553694,133.37486770340004,-7.72863e-06,2156.448252439499,7.159260988235474,2610000,0.37671923637390137,260,0.11891651153564453,4.293825626373291,146.35211099405956,-0.0038159622,319.37918713128215,6.663244724273682,2.160353899002075,34.23888742050418,100
230.95461973273046,132.3102188504937,-7.724762e-06,2164.2413823604584,7.775998592376709,2620000,0.4497032165527344,261,0.047456979751586914,4.682522773742676,150.86378204243886,-0.008548015,296.82446126784293,7.278456211090088,2.3706014156341553,34.005582591796816,100
230.77039023799946,132.0455675656154,-7.703187e-06,2173.4523141384125,9.191632986068726,2630000,0.7319490909576416,262,0.05232357978820801,5.308270692825317,157.31005617708468,0.0015657678,324.4676749272829,8.406898498535156,2.8329293727874756,31.813473790781547,100
225.83739061321205,128.27544765551116,-7.7154145e-06,2184.331530570984,10.85245966911316,2640000,0.8359920978546143,263,0.06353354454040527,6.3503265380859375,141.8335495738918,-0.015058034,301.55315506203283,9.952348470687866,3.297271966934204,32.76664731453261,100
231.9350285073957,132.0882978655037,-7.673805e-06,2193.241511821747,8.862548112869263,2650000,0.5255405902862549,264,0.03817629814147949,5.3427040576934814,102.79957129138177,-0.013794767,319.59781599207076,8.29806637763977,2.709158420562744,43.192366290796514,100
224.2874091109245,128.5849172395299,-7.624931e-06,2200.3790266513824,7.1199774742126465,2660000,0.5107684135437012,265,0.07129406929016113,4.1801371574401855,126.57791576845857,-0.008487819,298.4100437363744,6.537593603134155,2.15118408203125,37.81378784170658,100
235.57443518259234,133.75577179020286,-7.6246215e-06,2207.393765449524,6.989717960357666,2670000,0.36778783798217773,266,0.036102294921875,4.223245620727539,144.3699041348186,-0.01566883,306.32711081371554,6.5854456424713135,2.1549103260040283,33.26431907869012,100
232.09236274377076,131.93357661285242,-7.621028e-06,2214.9252936840057,7.512761354446411,2680000,0.4678800106048584,267,0.04601597785949707,4.467894792556763,129.1107845661086,-0.013903352,304.452010985556,6.990437984466553,2.2918381690979004,34.18187366136854,100
233.93269681087352,133.51425259085192,-7.580276e-06,2224.2991659641266,9.355517387390137,2690000,0.63517165184021,268,0.06850266456604004,5.54810357093811,126.5104390174164,-0.010783136,309.206933816619,8.651278495788574,2.839318037033081,31.294621910992205,100
231.1858047888459,131.59432939872875,-7.543588e-06,2235.209221839905,10.873126029968262,2700000,0.5204532146453857,269,0.05797719955444336,6.556958913803101,146.74615216021692,-0.016259605,298.615386648281,10.2937331199646,3.4220519065856934,30.548454693322572,100
235.84290711422088,134.01691856405944,-7.4804684e-06,2242.6248428821564,7.388185501098633,2710000,0.46523547172546387,270,0.07023739814758301,4.371250152587891,133.3737987559988,-0.012940339,305.9732027552885,6.8522865772247314,2.264380693435669,32.85506255853909,100
232.2857980834928,132.36679624109706,-7.490799e-06,2249.9205281734467,7.279035329818726,2720000,0.3648035526275635,271,0.03382110595703125,4.471801996231079,149.32769495327713,-0.012603511,295.26287870097985,6.879975080490112,2.1940743923187256,33.811935859301,100
239.27801859517368,136.58802383776475,-7.469504e-06,2256.834976911545,6.898343801498413,2730000,0.5687422752380371,272,0.040143489837646484,4.0229573249816895,116.73646424847523,-0.010311786,310.3996811159217,6.289220809936523,2.069826126098633,35.84869600906828,100
239.67648287212137,136.2935908263161,-7.430988e-06,2265.1969735622406,8.343918323516846,2740000,0.4000556468963623,273,0.042658090591430664,5.161714315414429,156.33164927089743,-0.0052150874,314.10740329033064,7.9009785652160645,2.503277063369751,31.289701527831138,100
232.99406034292852,133.09783704828212,-7.388193e-06,2274.496562242508,9.280549049377441,2750000,0.452592134475708,274,0.05358242988586426,5.55174446105957,58.227320192573075,-0.01609092,328.69033315556595,8.773940801620483,2.949840784072876,40.40533202244188,100
237.8900168671713,134.98884616578292,-7.3826627e-06,2284.7623751163483,10.236873388290405,2760000,0.5174849033355713,275,0.052134037017822266,6.173264026641846,66.0659410158806,-0.009298173,304.7669655445232,9.666914224624634,3.2013542652130127,37.47389039576234,100
234.63677161183634,133.32253006950833,-7.3517303e-06,2293.1715552806854,8.380528211593628,2770000,0.36322450637817383,276,0.048697471618652344,5.203869581222534,141.31456874533436,-0.007375518,298.1613499989102,7.968325853347778,2.524482011795044,31.068667864450056,100
238.35812684904175,135.31934124509402,-7.3298093e-06,2300.027894258499,6.840085983276367,2780000,0.3892199993133545,277,0.03935885429382324,4.1091296672821045,135.22239092762283,-0.006619178,316.88618575917224,6.411225318908691,2.094996452331543,35.65163952243827,100
234.73733201270457,133.4014642687679,-7.2803086e-06,2306.8284232616425,6.78356409072876,2790000,0.36238622665405273,278,0.04005241394042969,4.053370952606201,130.1977784819827,-0.013231396,311.7405479452754,6.380731105804443,2.1245036125183105,37.0046916053449,100
239.00367054205037,136.43360022068708,-7.274363e-06,2313.9989166259766,7.154050588607788,2800000,0.3892087936401367,279,0.04463624954223633,4.299559831619263,151.9790494494919,-0.011959951,334.45035813017586,6.719887018203735,2.2061805725097656,30.241308019517007,100
239.4397143241387,135.99829456163965,-7.276124e-06,2322.9297976493835,8.911512613296509,2810000,0.5849120616912842,280,0.04136300086975098,5.220344305038452,137.3432474669828,-0.0060082446,302.41027807969044,8.284795999526978,2.8055360317230225,34.04776644468777,100
241.43692679564822,137.32091555188137,-7.2679377e-06,2332.800616979599,9.839134931564331,2820000,0.4842221736907959,281,0.050379037857055664,5.903968572616577,117.986246970416,-0.010914251,339.6333408968482,9.30420994758606,3.114976167678833,38.12332238313651,100
238.1476147560537,134.96244631916855,-7.2415082e-06,2343.5399928092957,10.712208032608032,2830000,0.48453521728515625,282,0.09507083892822266,6.46471381187439,158.88701872608397,-0.004473526,300.24224508588577,10.130229711532593,3.3574907779693604,29.188353757088098,100
244.76564724716943,139.2589265752187,-7.20983e-06,2350.344463825226,6.777491569519043,2840000,0.36803531646728516,283,0.03479933738708496,4.056638717651367,171.7058685886384,0.01714668,318.8449919535083,6.374398469924927,2.1136748790740967,30.428635108228185,100
243.92614300121033,138.42948171733002,-7.178451e-06,2357.6703610420227,7.308620452880859,2850000,0.3650999069213867,284,0.04599928855895996,4.513431549072266,140.37500252072152,-0.0035976502,321.8704388640734,6.8972179889678955,2.1753549575805664,33.01014863690643,100
249.35540668275564,141.44939855535713,-7.1670574e-06,2365.031175851822,7.343225955963135,2860000,0.38339734077453613,285,0.03853321075439453,4.471775770187378,173.34139695769494,-0.008667414,327.4313667577551,6.921041250228882,2.2332687377929688,31.00195402959652,100
245.36851961229723,138.92279921605365,-7.141488e-06,2372.826711177826,7.777029991149902,2870000,0.6544926166534424,286,0.048475027084350586,4.522019863128662,173.5235718894695,-0.011748866,337.7196867723915,7.073723316192627,2.3324902057647705,32.26192284174249,100
242.8730206687928,138.25411539164668,-7.1225113e-06,2384.2726476192474,11.41653299331665,2880000,0.5129625797271729,287,0.11609244346618652,6.880145072937012,159.4347074747737,-0.012406935,343.78088300776574,10.787174463272095,3.5801193714141846,36.305282464334454,100
247.933226552113,141.66850676546935,-7.108844e-06,2394.57412648201,10.274406909942627,2890000,0.3752284049987793,288,0.06733465194702148,6.253894329071045,155.74825518310902,-0.009385643,324.631532981865,9.831487894058228,3.2752695083618164,32.47846050377546,100
250.7926518552627,141.7178913170948,-7.0523793e-06,2401.4153485298157,6.82402777671814,2900000,0.36715245246887207,289,0.041655778884887695,4.115145206451416,180.5790861943994,-0.014069085,345.49131421066335,6.41501522064209,2.0965399742126465,32.15532792236699,100
247.11581385032812,140.48844669966053,-7.0524443e-06,2408.1700694561005,6.73687481880188,2910000,0.3862757682800293,290,0.04555630683898926,4.033431053161621,155.15309897066845,-0.004265303,347.7689098802868,6.304810523986816,2.0708553791046143,35.20907758063214,100
247.14485226091142,140.03746269382415,-7.013284e-06,2415.136260509491,6.949470281600952,2920000,0.35082030296325684,291,0.06524419784545898,4.185228586196899,144.24096305590422,-0.0047283205,337.55690992050876,6.533058166503906,2.138547658920288,35.440462984256285,100
252.19224369534345,143.6516385172592,-6.9921284e-06,2423.340114593506,8.18533444404602,2930000,0.40065431594848633,292,0.0407717227935791,5.007822513580322,172.61611448656063,0.020474821,322.45132451613813,7.743637800216675,2.505025863647461,29.593617544258656,100
251.71509830003782,142.88860109347178,-7.0174665e-06,2433.852442741394,10.4935941696167,2940000,0.5102198123931885,293,0.043196678161621094,6.4456048011779785,149.44920343010511,0.0029115642,322.8317545243297,9.939811706542969,3.1997432708740234,34.95111576155094,100
249.8831480644654,141.30670421240728,-6.959943e-06,2444.8600866794586,10.980741262435913,2950000,0.5948696136474609,294,0.05383133888244629,6.6220314502716064,162.95210572209655,-0.00788883,318.76440260687514,10.331665277481079,3.391940116882324,34.999900320863524,100
249.25323764887105,141.23549110015813,-6.941126e-06,2454.2073702812195,9.315347909927368,2960000,0.39708924293518066,295,0.03588509559631348,5.608110666275024,162.15960681821937,-0.0055500893,323.2247008091076,8.882079124450684,2.9968976974487305,30.904811339109607,100
247.85929311575663,141.59971169415826,-6.9337984e-06,2460.558170557022,6.335960865020752,2970000,0.3633081912994385,296,0.03551959991455078,3.77915620803833,134.70447529032745,-0.007435142,327.27647432412203,5.936836242675781,1.9688539505004883,33.44834307497136,100
248.8001412051299,140.87361930340785,-6.9287803e-06,2467.0058505535126,6.429516792297363,2980000,0.3583076000213623,297,0.04306626319885254,3.808717966079712,137.17011182222765,0.0021405062,316.78237184931055,6.027852296829224,2.026963233947754,35.17232478775176,100
249.70020829286995,141.61885854599188,-6.892304e-06,2474.1839456558228,7.157971620559692,2990000,0.3725616931915283,298,0.03841686248779297,4.3738884925842285,160.23787473622824,-0.00958334,342.2799641034778,6.7467429637908936,2.1634905338287354,29.442326656210525,100
260.625363602339,148.07782969467797,-6.841898e-06,2481.7217898368835,7.52020788192749,3000000,0.5171968936920166,299,0.05803561210632324,4.4058637619018555,173.924657376882,-0.0069440547,321.1779551633755,6.944626092910767,2.314453125,30.515298341608098,100
