ItrTime,n_timesteps,train-MaxReturn,LossBefore,LossAfter,train-MinReturn,train-EnvExecTime,train-NumTrajs,Itr,Time-SampleProc,train-AverageDiscountedReturn,Time,Time-Sampling,train-StdReturn,Time-Optimization,train-PolicyExecTime,train-AverageReturn
6.645997762680054,10000,40.259490677406056,-1.4191769e-05,0.038709924,-140.46526272424617,2.115753173828125,100,0,0.07116246223449707,-17.462195388829805,6.646001100540161,5.99991512298584,33.08033769478222,0.5646040439605713,3.692206382751465,-27.8396184864036
6.0248401165008545,20000,36.12544359800366,-1.4250665e-05,-0.004593599,-122.34026140770554,1.9924376010894775,100,1,0.045725345611572266,-19.950874454625314,12.698407173156738,5.6151111125946045,33.65939931711316,0.36361074447631836,3.439342498779297,-32.63425042678145
6.083118677139282,30000,47.19372412953285,-1.4274263e-05,-0.014736538,-123.47254297584753,2.020331859588623,100,2,0.04697585105895996,-14.795254803817976,18.801958322525024,5.702108383178711,31.413907020262624,0.33346104621887207,3.4932239055633545,-24.05210519786152
6.589521408081055,40000,87.27791970185864,-1.4270114e-05,-0.018599413,-142.6579032073589,2.167419672012329,100,3,0.06318283081054688,-17.23855519449268,25.43685269355774,6.176482200622559,35.83473237398794,0.3491215705871582,3.8078081607818604,-27.2380744062858
6.559228420257568,50000,48.03635743453214,-1.4259525e-05,-0.015035995,-126.3814477470994,2.145754098892212,100,4,0.05057978630065918,-16.57182066677161,32.01916003227234,6.084762096405029,35.779798987084156,0.4233534336090088,3.7406764030456543,-26.324981994788377
6.083317756652832,60000,68.35599480230377,-1.4228987e-05,-0.018836996,-96.97275944438358,2.012833595275879,100,5,0.04651141166687012,-16.419782961498587,38.11660122871399,5.720802545547485,31.88386621842439,0.31525683403015137,3.5161619186401367,-25.58668542907261
5.870495319366455,70000,33.269187384481526,-1.4208731e-05,-0.01601828,-104.68915991119651,1.9647715091705322,100,6,0.05108451843261719,-16.03077913674182,44.006224393844604,5.576138734817505,28.869067246919066,0.24293923377990723,3.4207935333251953,-25.003806185857428
6.423884391784668,80000,32.53935507012276,-1.4213658e-05,-0.017358366,-94.56045837320232,2.1361076831817627,100,7,0.049404144287109375,-16.58149266359446,50.46291995048523,6.15640664100647,25.83847271824947,0.21700048446655273,3.8088431358337402,-25.785752915709704
6.283935070037842,90000,67.16380910906227,-1.4177255e-05,-0.01819102,-89.85232791088916,2.110558032989502,100,8,0.08566927909851074,-11.529506447819992,56.75761890411377,6.001821517944336,25.772548723435026,0.1962440013885498,3.69539213180542,-18.7150235435091
6.274677038192749,100000,43.4681787809904,-1.4164905e-05,-0.017461259,-191.38102691215022,2.096400499343872,100,9,0.046872615814208984,-15.758171917117487,63.04221534729004,6.012674570083618,33.67224835310426,0.21490263938903809,3.7175168991088867,-24.669971105944548
6.199897050857544,110000,25.47842660365522,-1.4163569e-05,-0.016140068,-115.12884171909596,2.0760538578033447,100,10,0.05418848991394043,-16.803143696362046,69.25324010848999,5.92152214050293,28.11906609948314,0.22396016120910645,3.650186061859131,-27.248045592780503
6.165601015090942,120000,67.53445803642526,-1.415782e-05,-0.016873289,-142.77198860573208,2.059753894805908,100,11,0.04228043556213379,-13.778392522573254,75.43100833892822,5.901567220687866,35.67273239835369,0.22142529487609863,3.6480679512023926,-21.52950353296589
6.125442028045654,130000,44.7654569336005,-1.41138635e-05,-0.01965707,-105.189604485704,2.02599835395813,100,12,0.04357028007507324,-13.729178076449678,81.5674364566803,5.820898056030273,28.930161795609934,0.2607088088989258,3.603287696838379,-21.572840996892058
6.533203125,140000,38.61266915116581,-1.4114575e-05,-0.018589659,-141.46320167741248,2.1734819412231445,100,13,0.07858753204345703,-16.092193485099614,88.11280179023743,6.242711782455444,30.407439076803364,0.2115950584411621,3.8670947551727295,-25.60718985006033
6.145630598068237,150000,51.932260591313096,-1.408453e-05,-0.017922983,-99.22664470704942,2.0838208198547363,100,14,0.046195030212402344,-13.401630128509202,94.27019929885864,5.881861686706543,32.1884924394194,0.21733880043029785,3.6049699783325195,-21.54506238452387
5.991762638092041,160000,41.60845280350999,-1.4048477e-05,-0.017016549,-129.55059152323076,2.0009877681732178,100,15,0.04332923889160156,-12.624980822454962,100.27266383171082,5.721210241317749,29.09812433155814,0.22691607475280762,3.533378839492798,-19.671412496276798
6.482130527496338,170000,77.89467241773883,-1.4024774e-05,-0.018269194,-121.42075005692293,2.1812522411346436,100,16,0.08933305740356445,-17.02645574043474,106.76601386070251,6.189825057983398,35.58472812835003,0.2026963233947754,3.8054351806640625,-26.451909852444345
6.344512462615967,180000,55.1018789352586,-1.3998083e-05,-0.018305892,-124.498462030583,2.1282074451446533,100,17,0.08402395248413086,-14.832521521366306,113.1214907169342,6.043212890625,28.841662007882856,0.2170116901397705,3.7148184776306152,-23.127106569896096
6.294555187225342,190000,73.44579716230109,-1.3965345e-05,-0.017990418,-95.73678115688527,2.105851411819458,100,18,0.04453110694885254,-14.765707516321202,119.42773699760437,6.032171964645386,32.92001277296695,0.2176227569580078,3.730301856994629,-22.37594994216643
6.134751558303833,200000,57.55608759522952,-1.3946857e-05,-0.01903115,-98.03143612560143,2.04915189743042,100,19,0.04190182685852051,-12.70253087255892,125.57210993766785,5.881525754928589,28.013975232333532,0.21114134788513184,3.6414215564727783,-20.378835350096647
5.840613842010498,210000,23.840166740553936,-1.39074045e-05,-0.018415887,-101.35631465965017,1.932476282119751,100,20,0.0828695297241211,-10.522499551751586,131.42421627044678,5.547001838684082,25.94699972116342,0.21053385734558105,3.4244697093963623,-16.740789469841275
6.03416895866394,220000,73.73090067344958,-1.3883506e-05,-0.019771881,-117.14914972330918,2.0086026191711426,100,21,0.044463157653808594,-15.143810471037488,137.46785926818848,5.753657579421997,30.7750302138921,0.23584556579589844,3.5552330017089844,-22.645637775369433
6.565200090408325,230000,36.63780696098177,-1.3874998e-05,-0.019414205,-85.32862082034848,2.2217864990234375,100,22,0.04471254348754883,-7.634062026873761,144.04483652114868,6.2585039138793945,25.59849166496568,0.26175379753112793,3.831820011138916,-12.901998477199554
6.512263774871826,240000,35.826046057516095,-1.384154e-05,-0.018320149,-105.7371296861183,2.197206497192383,100,23,0.04468417167663574,-8.939567120041815,150.56939840316772,6.254100322723389,25.143739384387025,0.21318840980529785,3.846745252609253,-15.220007896273312
6.200547933578491,250000,76.20114469761266,-1.3798899e-05,-0.019606976,-129.2584784679416,2.07806658744812,100,24,0.041643381118774414,-8.93521989747469,156.78008222579956,5.947883605957031,30.362829446443563,0.21078824996948242,3.6769707202911377,-14.687136213015298
5.963742256164551,260000,44.623685037446336,-1.3782988e-05,-0.018850636,-92.46411246673316,1.989274501800537,100,25,0.04480290412902832,-6.619138681000891,162.75400638580322,5.67675518989563,23.21794872422945,0.24196839332580566,3.4988653659820557,-11.067130032868967
6.464562654495239,270000,54.06338578130038,-1.3755335e-05,-0.017568698,-111.88892757880258,2.1703171730041504,100,26,0.04487752914428711,-6.630293862328035,169.22991371154785,6.207461595535278,25.632224050558417,0.21196651458740234,3.8337464332580566,-10.376394905136971
6.440774917602539,280000,70.3976295465904,-1.3720859e-05,-0.020913651,-94.2558549104357,2.1550426483154297,100,27,0.044296979904174805,-6.016648017575125,175.681494474411,6.155869722366333,25.658067685617173,0.2402493953704834,3.798765182495117,-9.840725529221523
6.292974472045898,290000,55.85717306589105,-1.3705533e-05,-0.021637848,-106.11659199147992,2.1288869380950928,100,28,0.04778552055358887,-12.138354956890577,181.98604536056519,6.017843008041382,34.948561369729234,0.22707891464233398,3.6905553340911865,-19.021010237740278
6.367414712905884,300000,48.907251607613794,-1.3689403e-05,-0.019334259,-94.29886074426354,2.136240243911743,100,29,0.05172157287597656,-10.129598946399065,188.364266872406,6.107314586639404,28.002749428842197,0.2081289291381836,3.771183490753174,-15.510369761178616
6.171165227890015,310000,33.449401557940575,-1.3671222e-05,-0.018774204,-104.98046344427654,2.0591375827789307,100,30,0.08147764205932617,-11.146491631240128,194.5460546016693,5.865530967712402,28.476706509219518,0.2239673137664795,3.6129720211029053,-17.07998894686031
6.174707889556885,320000,39.100763197755235,-1.3632532e-05,-0.020125331,-122.07431283054525,2.06778621673584,100,31,0.040727853775024414,-9.293038724323385,200.73242163658142,5.912038326263428,30.305994513843576,0.22165656089782715,3.6513967514038086,-13.909818114033847
6.020017623901367,330000,34.38542955167269,-1.35826285e-05,-0.021606373,-154.82033471532162,2.011793851852417,100,32,0.04845595359802246,-7.305957322443639,206.7624442577362,5.730661630630493,32.81995982059559,0.2405257225036621,3.530627727508545,-12.082512467635558
6.470057249069214,340000,36.02534222306954,-1.3545915e-05,-0.021054031,-110.11010937199315,2.1654322147369385,100,33,0.08564186096191406,-8.497871368264597,213.24339818954468,6.186300992965698,26.926556526342907,0.1978590488433838,3.8173723220825195,-11.788334120795307
6.211449384689331,350000,74.27633229311287,-1.3523861e-05,-0.0201634,-119.83591529967649,2.08526349067688,100,34,0.04228782653808594,-6.230808397018368,219.465749502182,5.9456353187561035,29.212751132475788,0.22325587272644043,3.6646997928619385,-8.699088196129122
5.9838032722473145,360000,60.220986486152285,-1.3487874e-05,-0.02002886,-121.60962374306898,1.9956777095794678,100,35,0.043623924255371094,-6.160130961920133,225.4622609615326,5.6974852085113525,27.640795935869054,0.24239039421081543,3.5097975730895996,-10.40183832322888
6.323531866073608,370000,52.88169714679056,-1.3449494e-05,-0.019973911,-110.086135497572,2.122140645980835,100,36,0.04564714431762695,-7.088524513111446,231.79801082611084,6.04088568687439,30.182219397808588,0.23675155639648438,3.713761568069458,-11.350651824022039
6.330504417419434,380000,65.27857893163821,-1.3423891e-05,-0.020964043,-127.0116038020796,2.121156930923462,100,37,0.05159616470336914,-2.3559116361159598,238.14117646217346,6.061711311340332,26.654859353102708,0.21690106391906738,3.735290050506592,-3.1547806777631946
6.249261856079102,390000,57.19400109811137,-1.3394145e-05,-0.018973758,-65.34015163011146,2.0904715061187744,100,38,0.04420614242553711,-1.3301309731860635,244.4001429080963,5.980500936508179,23.372373184940393,0.22421622276306152,3.6813154220581055,-2.4649231398226115
6.1906373500823975,400000,78.31200506374954,-1.3361791e-05,-0.020318117,-105.82590098254025,2.0706379413604736,100,39,0.04486417770385742,-3.8541787794572455,250.60167789459229,5.913431644439697,28.07723260575693,0.232086181640625,3.6471140384674072,-7.11700875722949
6.167707443237305,410000,59.42506219773701,-1.3323811e-05,-0.01983376,-90.66278738880187,2.089951753616333,100,40,0.04419207572937012,-6.715762606714616,256.7820224761963,5.905792474746704,27.702106473166523,0.21745085716247559,3.6231491565704346,-10.714379681238718
6.030764579772949,420000,47.886524676688175,-1.3299258e-05,-0.02067825,-97.88355112549772,2.000615119934082,100,41,0.07866048812866211,-6.6861706576646665,262.82322931289673,5.741012096405029,28.71701944708806,0.20802974700927734,3.549346446990967,-10.152250731945651
6.4620521068573,430000,67.67129315064993,-1.327419e-05,-0.019616732,-98.9466797003664,2.1627180576324463,100,42,0.0543057918548584,-4.716236536130786,269.29707860946655,6.185229778289795,29.443841436792365,0.2222428321838379,3.8185033798217773,-7.445786869626944
6.2130796909332275,440000,90.27977895761113,-1.3256583e-05,-0.019251723,-111.45056262124804,2.0788049697875977,100,43,0.04416251182556152,-5.259336075725617,275.52238607406616,5.95172905921936,32.66073383582097,0.2168893814086914,3.6749989986419678,-7.731636389024941
6.079002857208252,450000,73.01089076948685,-1.321343e-05,-0.01929611,-97.0889964086821,2.010282278060913,100,44,0.08052611351013184,-3.358245775621875,281.61228799819946,5.774270534515381,27.374687162553258,0.21614623069763184,3.575573205947876,-4.06166608087351
6.352440118789673,460000,50.581498793700916,-1.3181768e-05,-0.020584235,-136.08712845966275,2.126544713973999,100,45,0.05468940734863281,-1.3084699239232316,287.974862575531,6.050560712814331,28.287023311196855,0.24693751335144043,3.722507953643799,-3.648398293744439
6.351077079772949,470000,68.74244318055952,-1.3167901e-05,-0.02256241,-107.2185309517959,2.1251606941223145,100,46,0.07872986793518066,-3.6833272527126444,294.3392767906189,6.06967306137085,30.156444333931702,0.2024693489074707,3.7453691959381104,-4.896717249075852
6.243978261947632,480000,68.73815209077569,-1.31087645e-05,-0.021229604,-93.10589454582,2.1012821197509766,100,47,0.05150485038757324,-5.089876669591421,300.5925359725952,5.984889984130859,29.32944596153233,0.2073216438293457,3.684934616088867,-7.993325662776116
6.066285610198975,490000,43.88025716532023,-1.3066144e-05,-0.020935431,-105.19690471332471,2.020693063735962,100,48,0.05008554458618164,-3.310655367441528,306.66996788978577,5.784096717834473,27.411651656721578,0.23187613487243652,3.5738108158111572,-4.9477111738455175
6.080505609512329,500000,62.032206002902214,-1.3037996e-05,-0.019963382,-104.2013489594583,2.0478873252868652,100,49,0.04709434509277344,-3.913496434327425,312.76077580451965,5.784061670303345,29.44882069519441,0.24908185005187988,3.5436723232269287,-5.6720732683089405
6.582615613937378,510000,54.176614494022736,-1.2997982e-05,-0.018627489,-79.33033746609684,2.23215651512146,100,50,0.05015921592712402,-0.4817848882590243,319.3564016819,6.324859380722046,27.313956158828727,0.20729279518127441,3.8843164443969727,-1.3491009975737212
6.145971059799194,520000,50.5651250838298,-1.296753e-05,-0.019997604,-103.85352962338617,2.045891523361206,100,51,0.04745030403137207,-1.922675565303967,325.51243448257446,5.873218536376953,27.764971384781933,0.2250688076019287,3.634403705596924,-3.7647848862163253
6.4525158405303955,530000,59.22605262996084,-1.294345e-05,-0.021427207,-98.43042130765119,2.1127617359161377,100,52,0.04529929161071777,-2.0417740418581776,331.9753682613373,6.180886507034302,28.589911526568976,0.2261061668395996,3.8670029640197754,-2.547423870076472
6.551593780517578,540000,69.95081773816625,-1.2918209e-05,-0.01984391,-87.1693087686068,2.203669548034668,100,53,0.04560542106628418,0.23359238807483557,338.53725481033325,6.298254728317261,23.604973476388416,0.20740103721618652,3.8897132873535156,0.6056009926092897
6.21935772895813,550000,63.31723085033131,-1.2886843e-05,-0.019168973,-97.66238125319342,2.0722579956054688,100,54,0.04323315620422363,1.1319338511101342,344.7667329311371,5.960773944854736,25.910865513420152,0.21511268615722656,3.6922194957733154,2.4928058948758935
6.080311298370361,560000,53.60741122344889,-1.2836253e-05,-0.017116755,-72.40357328981104,2.030735731124878,100,55,0.04149270057678223,-0.41570537135446217,350.85692620277405,5.7959747314453125,25.722575483847216,0.24248933792114258,3.576259136199951,-0.3557823496042378
6.440624713897705,570000,88.02567507026667,-1.2776922e-05,-0.019163014,-105.27859842890213,2.165951728820801,100,56,0.03512310981750488,1.0214316062348228,357.3084411621094,6.174875974655151,30.279491061520268,0.23033690452575684,3.808349609375,0.9372823039117063
6.46148419380188,580000,103.06090065474199,-1.2755842e-05,-0.020624988,-91.37282741655046,2.1711325645446777,100,57,0.04834389686584473,0.7859150459385237,363.7806804180145,6.178731918334961,28.91981450006461,0.2323594093322754,3.804663896560669,1.5170008270193143
6.4608142375946045,590000,47.93070169540309,-1.2702814e-05,-0.02129391,-65.76857489566821,2.1655516624450684,100,58,0.08428478240966797,4.598312232652845,370.2529528141022,6.148019552230835,22.74949092435853,0.22368311882019043,3.7728264331817627,7.775426140509397
6.355486869812012,600000,75.01394774492563,-1.26686955e-05,-0.019571735,-206.40765632187663,2.1387667655944824,100,59,0.0477910041809082,-2.3242949726778566,376.6214826107025,6.082630634307861,33.73617662767405,0.22483587265014648,3.7463972568511963,-3.1963037197498623
6.197375535964966,610000,78.25277061518106,-1.2616744e-05,-0.018930295,-77.73765892967386,2.0626955032348633,100,60,0.08313369750976562,0.8832080126604693,382.83011651039124,5.866052150726318,32.44190147000548,0.24794268608093262,3.6069202423095703,1.7428297192464919
6.38315486907959,620000,54.46854322568026,-1.2558917e-05,-0.016521825,-102.75161075657606,2.1306166648864746,100,61,0.07106614112854004,3.6720315037384,389.22510290145874,6.09981107711792,27.13505260515288,0.21206355094909668,3.7681655883789062,5.719362772283546
6.2649986743927,630000,54.31279274632881,-1.2540144e-05,-0.016992388,-71.50749848650194,2.065178871154785,100,62,0.0841360092163086,4.917422117357492,395.50181698799133,5.963900566101074,23.966626389919952,0.2167365550994873,3.702983856201172,7.204474307280972
6.1608428955078125,640000,65.62677625150648,-1.250259e-05,-0.020861873,-64.01833446926112,2.0576021671295166,100,63,0.04585862159729004,3.9585156107565758,401.67412209510803,5.887194395065308,23.5715736144299,0.22751283645629883,3.637622833251953,6.341772506637351
6.242498159408569,650000,50.558043594602886,-1.248925e-05,-0.017155169,-85.59234850450036,2.1081809997558594,100,64,0.08266758918762207,3.4210329659575405,407.92791414260864,5.950586557388306,26.109198642272986,0.20673394203186035,3.6491317749023438,5.300667367249409
6.075784206390381,660000,61.908076784633785,-1.2428328e-05,-0.020086301,-57.76097201959342,2.016876220703125,100,65,0.049707651138305664,4.739362737940293,414.0137917995453,5.769445180892944,22.54533852204631,0.2563955783843994,3.5605080127716064,7.179868037091612
6.314311265945435,670000,88.59568888688649,-1.2410544e-05,-0.020421442,-104.77137763280717,2.1254913806915283,100,66,0.038703203201293945,8.63988569530652,420.3387246131897,6.032108783721924,28.19328055265339,0.24322891235351562,3.7088191509246826,12.508656819177583
6.395833253860474,680000,54.92645207213122,-1.2402219e-05,-0.022462513,-42.0815954592245,2.168076753616333,100,67,0.048905134201049805,7.796763733484788,426.74679589271545,6.133514881134033,20.915438417985385,0.21312189102172852,3.7545299530029297,10.636526136146344
6.193821907043457,690000,62.708896562519904,-1.2318467e-05,-0.021051528,-94.47761528131674,2.0936391353607178,100,68,0.032485008239746094,4.578048392203132,432.95196318626404,5.918795824050903,26.62177020415758,0.2422938346862793,3.629753589630127,7.257613087352095
6.162379026412964,700000,85.54989221998892,-1.2270602e-05,-0.022007424,-52.574239503231205,2.074807643890381,100,69,0.04581737518310547,7.184163895282886,439.12578773498535,5.899516344070435,26.077770619518112,0.21682524681091309,3.6293177604675293,11.236267359957573
6.149591684341431,710000,58.874028996480455,-1.221034e-05,-0.022071451,-73.51683874964898,2.03224515914917,100,70,0.07025361061096191,6.890063513018556,445.28518557548523,5.838537216186523,28.23816502361287,0.23968052864074707,3.6151535511016846,11.742586132566462
6.465556383132935,720000,60.624983190529264,-1.217827e-05,-0.01990777,-75.00570016728895,2.1688573360443115,100,71,0.03938937187194824,9.032209583217627,451.76313376426697,6.191210985183716,25.238945101034222,0.2346818447113037,3.8198888301849365,14.130476691684002
6.281403541564941,730000,79.73781900338278,-1.2148035e-05,-0.019145567,-115.33173436975508,2.082587480545044,100,72,0.08555293083190918,7.036067452103009,458.0551071166992,5.961905241012573,24.867984831584785,0.23370933532714844,3.684347152709961,11.15480723499704
6.269672393798828,740000,55.10162597058767,-1.21156245e-05,-0.018493736,-163.54605075328536,2.0918853282928467,100,73,0.04146289825439453,7.054324106803515,464.33727049827576,5.992728233337402,27.685456775350023,0.23522496223449707,3.703544855117798,10.568027104748785
6.04879093170166,750000,70.60774928802172,-1.2094149e-05,-0.022428436,-84.8738107452458,2.0280003547668457,100,74,0.04413175582885742,8.25906660287287,470.3979148864746,5.775561571121216,27.393743149246305,0.22888565063476562,3.5592429637908936,12.50008495892057
6.390217065811157,760000,95.67271314421396,-1.2071262e-05,-0.019022716,-96.87986402118999,2.1367878913879395,100,75,0.04685473442077637,6.396574572589165,476.79850935935974,6.097042560577393,31.62545497551067,0.245927095413208,3.75929856300354,9.823036859569523
6.476702451705933,770000,79.37742096379263,-1.2043583e-05,-0.018640298,-106.56661537433351,2.1938424110412598,100,76,0.044446468353271484,6.501419595394968,483.28848814964294,6.216012954711914,31.985593684457307,0.21596312522888184,3.817288637161255,10.257691533809036
5.9934587478637695,780000,63.86740559460695,-1.2042952e-05,-0.01889069,-42.98757445703347,2.0024502277374268,100,77,0.04269075393676758,13.146616492180572,489.2930700778961,5.725611925125122,21.923463446665178,0.22489500045776367,3.5265119075775146,19.301072389745794
6.272247076034546,790000,59.605147625752764,-1.2057373e-05,-0.020652002,-94.31585722941509,2.106611728668213,100,78,0.031484365463256836,10.862115303526412,495.5755877494812,5.982922792434692,26.909245418407206,0.25763607025146484,3.6789636611938477,16.689691357040815
6.469031572341919,800000,93.79529110759343,-1.2027139e-05,-0.01948158,-103.55932121180487,2.178924798965454,100,79,0.042717933654785156,13.1561435378632,502.0566689968109,6.198892116546631,28.72481541422135,0.2271862030029297,3.8153228759765625,19.564096973952868
6.221355438232422,810000,144.88990378506304,-1.2018654e-05,-0.02167943,-51.06250149311509,2.106616973876953,100,80,0.04680895805358887,10.813517974626041,508.28978538513184,5.939251184463501,27.12607210444503,0.23494291305541992,3.63379168510437,17.507441220326335
6.1799023151397705,820000,101.32869801717855,-1.1971653e-05,-0.020948362,-59.961719614667444,2.0791356563568115,100,81,0.08182978630065918,11.728927713100106,514.4808971881866,5.880620718002319,26.030325673325066,0.21724820137023926,3.5977628231048584,17.851131968890776
6.911157131195068,830000,126.55744495696165,-1.1970766e-05,-0.022044657,-84.74305872394702,2.2344329357147217,100,82,0.0749661922454834,10.547389388177919,521.4037163257599,6.509415864944458,30.808820905268465,0.3263838291168213,4.063754081726074,15.577532212225584
6.477138519287109,840000,89.38147128786568,-1.1927046e-05,-0.02112944,-86.60520375286308,2.1719753742218018,100,83,0.04587674140930176,10.577751350742734,527.8939878940582,6.199305057525635,26.59233217426783,0.23161935806274414,3.8268139362335205,16.292718191519654
6.109687805175781,850000,64.82649491906858,-1.1892848e-05,-0.020603439,-77.12140865844721,2.0310933589935303,100,84,0.08183622360229492,12.177530850360826,534.0150864124298,5.811493158340454,23.357582347641607,0.2161257266998291,3.587047576904297,19.78681650270979
6.354291200637817,860000,90.97900028182801,-1.1826292e-05,-0.019916592,-96.20316940185654,2.1343064308166504,100,85,0.045481204986572266,13.883284449119012,540.3800070285797,6.0587475299835205,24.416015170731733,0.24979782104492188,3.710775136947632,21.173233353807312
6.337961912155151,870000,77.74997078842212,-1.1771633e-05,-0.017991077,-111.94514844049927,2.1458425521850586,100,86,0.043245792388916016,14.135797674511393,546.7317984104156,6.059728384017944,26.494172748537302,0.23474812507629395,3.713536024093628,21.29037595258417
6.013451337814331,880000,122.66256383924922,-1.1758432e-05,-0.022708535,-45.83256153663723,2.016918420791626,100,87,0.04022789001464844,17.050240713774134,552.757509469986,5.756021022796631,24.819654884417176,0.21686625480651855,3.5506160259246826,26.032176215879495
6.185186147689819,890000,84.39284026428466,-1.1710843e-05,-0.016904851,-129.78381501429973,2.0680670738220215,100,88,0.03303194046020508,14.907014139141916,558.9527826309204,5.88690972328186,28.763369730603447,0.2649712562561035,3.6270227432250977,21.8159051797943
6.437304735183716,900000,103.81166512029527,-1.16920455e-05,-0.018868422,-97.62671335672478,2.1568870544433594,100,89,0.05240178108215332,19.99433598845392,565.4021565914154,6.143033504486084,27.27348867891457,0.24158573150634766,3.7841668128967285,30.430081294684143
6.495032787322998,910000,99.20424889244458,-1.1670341e-05,-0.0214469,-55.1137101227895,2.1806640625,100,90,0.08329987525939941,16.29837576045959,571.9082486629486,6.195929527282715,28.9463136512966,0.21555280685424805,3.8112547397613525,25.169235785399522
6.2694830894470215,920000,95.97343728634357,-1.1657309e-05,-0.020104684,-67.73657509402587,2.1109981536865234,100,91,0.08539891242980957,17.392925881452044,578.1909937858582,5.95229697227478,28.778334399725136,0.22805047035217285,3.644035816192627,26.459031025102593
6.193742036819458,930000,84.68240930884095,-1.1609879e-05,-0.022455238,-67.20005226468027,2.0878777503967285,100,92,0.03675389289855957,18.555840293248668,584.3960540294647,5.9128577709198,26.607704413904173,0.2439100742340088,3.6310205459594727,29.163063797268915
6.096769571304321,940000,84.62417076738612,-1.1566652e-05,-0.018095005,-105.70740679822566,2.0345795154571533,100,93,0.04310941696166992,15.852113395651712,590.5027298927307,5.814349889755249,31.067324113893605,0.23904943466186523,3.586636781692505,24.572555286843407
6.377814769744873,950000,117.56630442578145,-1.15349385e-05,-0.018349595,-38.938616043663394,2.145634651184082,100,94,0.08904004096984863,19.515997115730954,596.8919906616211,6.077290773391724,26.041358740173322,0.209425687789917,3.7306268215179443,30.11974596590826
6.346414089202881,960000,104.35426626597696,-1.154204e-05,-0.02360403,-40.65611641129038,2.128631830215454,100,95,0.0834343433380127,20.378157443411652,603.250227689743,6.049408912658691,28.182833012880536,0.21335268020629883,3.7220206260681152,31.74687996229215
6.024890422821045,970000,89.00257257184725,-1.1491571e-05,-0.019426737,-38.88434623113751,2.026588201522827,100,96,0.030586957931518555,19.456669496406064,609.2871987819672,5.754647970199585,24.225645667254437,0.23940825462341309,3.5377800464630127,30.42871753491732
6.258041858673096,980000,65.47975441287713,-1.1503225e-05,-0.020276869,-57.82124533738734,2.092895030975342,100,97,0.044280052185058594,16.19986151527044,615.5570240020752,5.975704908370972,24.640076893745377,0.2377760410308838,3.6857378482818604,24.14098814620167
6.411112546920776,990000,168.90907129317551,-1.1476877e-05,-0.019438874,-54.310563371859885,2.171480417251587,100,98,0.031572580337524414,22.861031629911327,621.9795649051666,6.149255752563477,26.361961360565044,0.23003840446472168,3.7753384113311768,34.43264995965573
6.0824432373046875,1000000,131.03295810275026,-1.1473032e-05,-0.019443367,-91.25432161949408,2.0411527156829834,100,99,0.044019460678100586,20.221404682668144,628.0731143951416,5.806333780288696,30.12687114459187,0.23189091682434082,3.572510004043579,30.399840235616114
6.091113328933716,1010000,129.347125720413,-1.1414976e-05,-0.02003096,-102.45728044372093,2.0412230491638184,100,100,0.08726215362548828,19.303737153532587,634.174868106842,5.794812202453613,30.495048507023146,0.20120525360107422,3.5615034103393555,30.29464478262235
6.01192831993103,1020000,103.01856899203541,-1.13906135e-05,-0.016561372,-29.34343090892286,2.0306804180145264,100,101,0.04077482223510742,22.4141444846471,640.1967906951904,5.742733001708984,22.54271095128664,0.22814154624938965,3.523801326751709,34.500802621184086
6.463157892227173,1030000,146.15686319804934,-1.13581655e-05,-0.021921095,-67.57269144224581,2.1599960327148438,100,102,0.06616806983947754,20.098575944445905,646.6700987815857,6.1705641746521,30.230617927895583,0.22604775428771973,3.8094184398651123,31.50423825075316
6.206196069717407,1040000,93.45141658098328,-1.12970465e-05,-0.018293994,-58.68461400505512,2.0867648124694824,100,103,0.04518270492553711,19.296268350524034,652.8881759643555,5.9244184494018555,28.076626937082867,0.23630189895629883,3.641645908355713,28.14073066139896
6.264968156814575,1050000,93.37386106230518,-1.125716e-05,-0.020745672,-72.26176660446947,2.1126515865325928,100,104,0.05073857307434082,20.741076599295557,659.1645472049713,5.989136695861816,25.92592947149445,0.22481942176818848,3.678968667984009,32.1875801715091
6.195963382720947,1060000,78.75256284222408,-1.1216455e-05,-0.020034937,-75.56546119125497,2.083357095718384,100,105,0.0332798957824707,23.018507482660297,665.372725725174,5.913542747497559,23.046119957174202,0.24882173538208008,3.6336114406585693,34.0248582782953
6.8347413539886475,1070000,100.330890561112,-1.1156389e-05,-0.019135948,-39.6857209793606,2.312664747238159,100,106,0.034776926040649414,25.43438205983559,672.2204821109772,6.541479825973511,21.164159904384736,0.2582521438598633,4.017322063446045,37.75699791458781
6.430812835693359,1080000,128.4370001876313,-1.11222225e-05,-0.021963615,-61.73569470392229,2.1664257049560547,100,107,0.0402376651763916,24.327989735107085,678.6635756492615,6.143823862075806,27.95043521255603,0.24646306037902832,3.77541446685791,37.50231581778152
6.173769950866699,1090000,131.53590711756104,-1.1089554e-05,-0.019872516,-6.683472411005001,2.0569403171539307,100,108,0.040143728256225586,26.095192815507907,684.8478019237518,5.850255250930786,19.47943153814795,0.2830502986907959,3.598231554031372,40.2625739788508
6.17814564704895,1100000,74.13917292136507,-1.1052879e-05,-0.020286057,-26.719687065326227,2.0715010166168213,100,109,0.04233050346374512,23.168957655692157,691.0375099182129,5.895667552947998,19.699440805953685,0.23992133140563965,3.6263508796691895,34.886080521894925
6.074625015258789,1110000,77.78832838308446,-1.1002525e-05,-0.022927763,-36.348283437849105,2.0114026069641113,100,110,0.044171810150146484,21.325950675629286,697.1236574649811,5.785823345184326,21.446646567773342,0.2443392276763916,3.584347724914551,31.633812986473146
6.812571048736572,1120000,130.05989104235303,-1.0966326e-05,-0.021555843,-40.49875727695036,2.2711243629455566,100,111,0.05051064491271973,26.932147491823233,703.9468264579773,6.481342792510986,24.24062010692771,0.2805061340332031,4.00103759765625,41.34344535340877
7.142038822174072,1130000,104.57479535600739,-1.0960549e-05,-0.023428136,-60.588529063498974,2.394472599029541,100,112,0.09067249298095703,23.343561507652026,711.1031136512756,6.767185688018799,27.256996147593693,0.27706456184387207,4.154135227203369,35.567647725697796
7.278177976608276,1140000,155.53560437803748,-1.0931987e-05,-0.020248443,-48.2141762338697,2.3692314624786377,100,113,0.03707718849182129,30.380390470287,718.3933885097504,6.979694604873657,28.51331285460934,0.2611565589904785,4.383341550827026,45.04005633281223
6.420044898986816,1150000,139.940377969408,-1.0889559e-05,-0.015911542,1.3823649678626098,2.1350317001342773,100,114,0.04471397399902344,30.309212081805303,724.8255424499512,6.134138107299805,22.96795825184956,0.2409219741821289,3.8010365962982178,46.12814051639874
6.234241247177124,1160000,158.27351746329305,-1.0893303e-05,-0.013933507,-24.545571841113283,2.0953972339630127,100,115,0.04314470291137695,30.152477631465686,731.0715503692627,5.95478892326355,25.21642163369665,0.23600316047668457,3.6631908416748047,44.950977641500145
6.500211000442505,1170000,192.00909872737506,-1.0875505e-05,-0.022711476,-27.55626928007938,2.17260479927063,100,116,0.035796403884887695,30.64715070590817,737.5833911895752,6.19927191734314,26.884031143224885,0.2649106979370117,3.824387311935425,45.427783654875746
6.8688623905181885,1180000,82.89321430299417,-1.0855567e-05,-0.02420786,-41.11759345189651,2.3307719230651855,100,117,0.050203800201416016,28.277168007020446,744.4648604393005,6.565873146057129,22.107098657325338,0.25256896018981934,4.0207226276397705,41.76370603958419
6.570865869522095,1190000,101.45515703061601,-1.0834546e-05,-0.022333652,-78.55204549645732,2.2202439308166504,100,118,0.041510581970214844,26.846840698902252,751.0497424602509,6.3018975257873535,26.76562034691522,0.22718238830566406,3.8760170936584473,39.40125289252825
6.0639989376068115,1200000,137.28652097399498,-1.0804358e-05,-0.02429042,-42.60041026334258,2.0278449058532715,100,119,0.04401874542236328,28.6838364594583,757.1255030632019,5.79427433013916,24.19868134295578,0.22548842430114746,3.574265718460083,43.5041600023807
6.053136110305786,1210000,123.08800854951042,-1.0769232e-05,-0.02178305,-79.96212207069867,2.02797794342041,100,120,0.05733895301818848,30.006244606549185,763.1890897750854,5.770295143127441,25.871966822263506,0.22527480125427246,3.5506911277770996,45.25264507108406
6.044829607009888,1220000,138.70935943354561,-1.0734061e-05,-0.021307763,-29.85171067532895,2.0225024223327637,100,121,0.04445052146911621,31.959574862711914,769.2440984249115,5.767369747161865,25.221629974804284,0.23271393775939941,3.5533151626586914,47.95226557140022
6.530338287353516,1230000,167.08161317748602,-1.0720137e-05,-0.019971585,1.1204835749445177,2.204686403274536,100,122,0.04430508613586426,34.272644416966834,775.7846329212189,6.255617380142212,22.62189404134899,0.23013782501220703,3.8458151817321777,50.54242775969027
6.252753973007202,1240000,195.54319859584803,-1.0680021e-05,-0.02070444,-89.03426935091736,2.097003221511841,100,123,0.05900764465332031,31.538931584582464,782.048451423645,5.969077110290527,34.499289670232756,0.22440695762634277,3.674353837966919,47.20665517254916
6.261952877044678,1250000,104.50055389258561,-1.0641168e-05,-0.022442997,-42.248195084215176,2.094118595123291,100,124,0.08336091041564941,30.640861004396292,788.3220541477203,5.958802700042725,23.09896411081581,0.21954751014709473,3.6665892601013184,44.559153673181456
6.204889535903931,1260000,99.20243959755938,-1.0632567e-05,-0.01940905,-8.404284812834568,2.0920612812042236,100,125,0.04656386375427246,31.40116461364702,794.5386154651642,5.9293577671051025,19.84547654533109,0.2286546230316162,3.642914295196533,47.41546072379028
6.058642387390137,1270000,107.26054333609773,-1.0608969e-05,-0.019218989,-51.79377612683376,2.024299144744873,100,126,0.04444265365600586,30.94825035951718,800.6081671714783,5.789369821548462,24.351574896905117,0.2245035171508789,3.5715103149414062,44.92170699237349
6.068402051925659,1280000,113.05971881742805,-1.05836925e-05,-0.020113751,-43.92304309381528,2.0332016944885254,100,127,0.04641985893249512,30.8635452624725,806.6871933937073,5.771554946899414,23.26715037145449,0.250164270401001,3.547013521194458,45.31804794536867
6.427116870880127,1290000,132.1805600277277,-1.0543432e-05,-0.022646895,-47.11515791858214,2.172240734100342,100,128,0.04483747482299805,32.756400614543594,813.1265439987183,6.138365030288696,26.44775965876027,0.24358630180358887,3.76313853263855,48.80126954139474
6.196458578109741,1300000,134.8831335158622,-1.0514773e-05,-0.022590661,-19.132371680548566,2.0679361820220947,100,129,0.08294296264648438,31.633578533323522,819.3350076675415,5.878976583480835,23.812962738795243,0.23427700996398926,3.6175355911254883,46.51865732567961
6.2179601192474365,1310000,152.1715930035098,-1.0485825e-05,-0.021970632,-21.646377494707306,2.0882468223571777,100,130,0.04033923149108887,36.66270534515615,825.5641746520996,5.933746337890625,25.894254560058453,0.24362850189208984,3.650876045227051,53.58330147550879
6.03013014793396,1320000,137.08934277593005,-1.042954e-05,-0.019689031,-22.11945867595792,1.999563455581665,100,131,0.07238984107971191,34.19058187422071,831.6049671173096,5.73334813117981,24.795624538984317,0.22399687767028809,3.54414439201355,50.88895035784524
6.059468746185303,1330000,104.85174445308502,-1.0380944e-05,-0.018964177,-29.05806770306023,2.019106149673462,100,132,0.03247261047363281,34.15899312837047,837.6751036643982,5.787781000137329,22.037435142290445,0.23894619941711426,3.577458381652832,50.09853592593878
6.236658573150635,1340000,111.24039996725254,-1.0367073e-05,-0.01650898,-0.03712768570875047,2.101123571395874,100,133,0.04383230209350586,36.35390428763058,843.9227540493011,5.929707288742065,22.49215096621549,0.2628166675567627,3.633742332458496,53.04607458730836
6.496752500534058,1350000,97.21826799794621,-1.0347285e-05,-0.018041201,-36.40087818468095,2.1762826442718506,100,134,0.08589506149291992,32.563280689381074,850.4328618049622,6.173842668533325,21.58251418456414,0.23587393760681152,3.7943999767303467,47.783102652307846
6.479228496551514,1360000,110.06433145736564,-1.0312523e-05,-0.022685813,-72.15822769833801,2.182582139968872,100,135,0.04899907112121582,34.05677397871034,856.9236242771149,6.183984994888306,28.576281140461106,0.2458481788635254,3.796213388442993,50.16591825247699
6.392078161239624,1370000,149.84777430809817,-1.0290737e-05,-0.020726439,-27.914779608804107,2.1366264820098877,100,136,0.05807232856750488,32.82545361122433,863.326887845993,6.0908308029174805,24.10401296735592,0.24272990226745605,3.752509117126465,47.50074597451063
6.446322441101074,1380000,163.18293044011565,-1.0289797e-05,-0.022064079,-79.51410483991225,2.1404337882995605,100,137,0.0887293815612793,34.76590719938891,869.7842454910278,6.1042726039886475,32.187563670353704,0.24339723587036133,3.7650020122528076,51.25039494784075
6.2955052852630615,1390000,84.10503950275513,-1.0267549e-05,-0.019126281,-7.702114466259081,2.098374843597412,100,138,0.04930686950683594,32.52171130008932,876.0907595157623,5.961572885513306,21.348207018451923,0.2842850685119629,3.6659886837005615,48.14937564143222
6.055543422698975,1400000,120.51612227161995,-1.0256644e-05,-0.020109285,-108.20962735871029,2.0046350955963135,100,139,0.04471182823181152,36.474795550435076,882.1571607589722,5.646053791046143,25.831356875331736,0.36447787284851074,3.453336000442505,52.897117864873174
6.173708200454712,1410000,151.60289000153134,-1.0211275e-05,-0.02241254,-49.03991449629389,2.059553384780884,100,140,0.049909353256225586,34.64064905299603,888.3463790416718,5.819425106048584,23.635466055643537,0.3037223815917969,3.5671634674072266,50.978348407220636
6.419949531555176,1420000,80.76637332372421,-1.019749e-05,-0.021719018,-10.48485971397903,2.154430866241455,100,141,0.05047011375427246,34.12036223686628,894.7830190658569,6.154472589492798,19.047431105111706,0.21471405029296875,3.7973220348358154,50.59720672392158
6.0923752784729,1430000,117.38897339126812,-1.0172709e-05,-0.022810698,-0.6015303396845678,2.0194876194000244,100,142,0.03961348533630371,36.251431951967426,900.886326789856,5.825660705566406,21.443537558190982,0.2268505096435547,3.6120829582214355,53.2678747550527
6.133009910583496,1440000,98.59885428745564,-1.0142174e-05,-0.024295334,-13.967220629856719,2.056732654571533,100,143,0.08911609649658203,36.4629985251619,907.0291588306427,5.802210330963135,22.84421219426942,0.24146294593811035,3.553168535232544,53.92302823779209
6.495708227157593,1450000,141.34673712044778,-1.0115111e-05,-0.022747958,-17.614020931616025,2.163278102874756,100,144,0.04536104202270508,38.968139215298436,913.5377943515778,6.208679676055908,22.416922668277397,0.24141168594360352,3.843752145767212,57.98856963584802
6.313162565231323,1460000,120.39480904843305,-1.0058411e-05,-0.02077659,-35.32838654919806,2.110705852508545,100,145,0.03346967697143555,36.998762146984156,919.8631317615509,6.02086877822876,21.959262134719342,0.2585482597351074,3.711432456970215,55.924150690295
6.258327007293701,1470000,202.28294469862956,-9.994802e-06,-0.02251237,-17.530252238195978,2.080927848815918,100,146,0.03497576713562012,39.64763887427075,926.1321351528168,5.988718509674072,28.064622623529008,0.23439502716064453,3.7117860317230225,59.29919790126548
6.9584503173828125,1480000,102.35061526902899,-9.96083e-06,-0.024356889,-9.531318607853867,2.286668300628662,100,147,0.05121159553527832,38.23343151352633,933.1031126976013,6.654538154602051,21.034731982593495,0.25241780281066895,4.151451826095581,56.404943884018536
6.603677034378052,1490000,146.9733840633349,-9.913275e-06,-0.02384828,-59.521903704594976,2.204864978790283,100,148,0.04267430305480957,37.78006886096335,939.719934463501,6.3161561489105225,24.853364317277507,0.24451828002929688,3.9072585105895996,56.26220626875567
6.262809753417969,1500000,134.2077839750152,-9.892029e-06,-0.02317038,-33.780433859481896,2.0876920223236084,100,149,0.049661874771118164,38.3051986329194,945.9935171604156,5.98306131362915,24.090630723083517,0.22981691360473633,3.6980559825897217,56.37199153694337
6.001070976257324,1510000,111.73923220159479,-9.851995e-06,-0.019914707,-32.082941190618264,2.00844144821167,100,150,0.08251357078552246,40.559693652101515,952.0066378116608,5.703966856002808,23.379590595315996,0.21079397201538086,3.5065557956695557,60.02477005333468
6.347475051879883,1520000,140.66024989683896,-9.790088e-06,-0.017517442,-28.160713059188613,2.137716770172119,100,151,0.04502153396606445,40.70119974342942,958.3656601905823,6.053708791732788,22.431050447686616,0.24840831756591797,3.7183990478515625,59.771081022748334
6.301496982574463,1530000,109.78193276414717,-9.748955e-06,-0.022026574,8.87856022995613,2.0879366397857666,100,152,0.040743112564086914,39.64193840847244,964.678982257843,6.026742935180664,19.34488581779309,0.23372888565063477,3.739009380340576,58.59900654642771
6.239184141159058,1540000,157.09658973764562,-9.725358e-06,-0.021608124,-64.96637215527899,2.1004250049591064,100,153,0.03374838829040527,38.658735731453646,970.9299213886261,5.960960865020752,24.67588909531009,0.24427199363708496,3.664313554763794,56.67371152990253
6.283250331878662,1550000,144.4423625403676,-9.7230395e-06,-0.018975606,-30.814074218273262,2.0794928073883057,100,154,0.11617875099182129,40.73973235534195,977.225485086441,5.943078279495239,22.257820431018427,0.22375917434692383,3.667032241821289,60.186206109131454
6.138985633850098,1560000,127.44337058638938,-9.686104e-06,-0.020198302,-0.954992135023534,2.068889856338501,100,155,0.044892311096191406,40.61311951422526,983.3773720264435,5.8722243309021,21.661433724718044,0.2216780185699463,3.6084790229797363,59.94650708773613
6.048243761062622,1570000,104.58008718137785,-9.66398e-06,-0.020389354,1.911552731233686,1.9999730587005615,100,156,0.04552626609802246,40.042555943783185,989.437180519104,5.763218879699707,19.924670750046896,0.23924541473388672,3.570866107940674,59.59482430473431
6.462908029556274,1580000,158.7619969228942,-9.678582e-06,-0.021750623,-0.8125242515986009,2.1474084854125977,100,157,0.0879361629486084,39.42979696922783,995.9110379219055,6.136126756668091,23.147201960343896,0.23862886428833008,3.7892496585845947,58.540787866954396
6.2681801319122314,1590000,137.16954981743223,-9.683968e-06,-0.019408725,-19.67952417787803,2.088228702545166,100,158,0.05367541313171387,38.04188187245645,1002.1926321983337,5.991504192352295,22.5881888482469,0.2225480079650879,3.7043020725250244,56.204458132750695
6.251625061035156,1600000,107.33387389458086,-9.66158e-06,-0.012008573,-21.049551137770088,2.081697940826416,100,159,0.04488205909729004,39.53134089171751,1008.4540917873383,5.9806623458862305,22.60452014018038,0.22581744194030762,3.7038893699645996,58.5576020833091
6.290796756744385,1610000,170.05784953716378,-9.6709655e-06,-0.021208297,-3.507986630984504,2.1066362857818604,100,160,0.0523524284362793,40.46712048999866,1014.7557845115662,6.022503137588501,23.883086549391436,0.21560287475585938,3.717350959777832,59.29175906627289
6.020756006240845,1620000,169.43938530520606,-9.638079e-06,-0.021779694,-33.10185965460303,2.0193591117858887,100,161,0.029675006866455078,40.63371297491719,1020.787232875824,5.762464284896851,28.810233409396997,0.22841620445251465,3.5524165630340576,60.2730140005815
6.125072240829468,1630000,108.51804922963254,-9.640812e-06,-0.019517578,-47.18693504436448,2.0424132347106934,100,162,0.04200387001037598,38.82088728633823,1026.922266960144,5.821975231170654,25.020868004172975,0.26081275939941406,3.5859131813049316,56.92153197073465
6.481054067611694,1640000,102.34430029667902,-9.598858e-06,-0.02092919,-73.12118874175368,2.190420389175415,100,163,0.04947781562805176,38.32419056226865,1033.4163103103638,6.193126440048218,25.223441148190176,0.23823904991149902,3.8021481037139893,56.1188644175858
6.505536079406738,1650000,171.72961416503293,-9.5413725e-06,-0.01861881,-5.930246855270521,2.1854374408721924,100,164,0.03805947303771973,43.09185996581234,1039.9327082633972,6.232442617416382,25.20627174941282,0.23481011390686035,3.8434529304504395,64.52455403183143
6.162683010101318,1660000,109.84142610943577,-9.529637e-06,-0.02215199,-49.83644294331478,2.0751612186431885,100,165,0.04441714286804199,40.55657357722906,1046.1068923473358,5.891818523406982,22.733557038494894,0.2261955738067627,3.620373249053955,59.82079468265959
6.248671531677246,1670000,99.76562811186479,-9.479527e-06,-0.020674925,6.062718813137055,2.0946028232574463,100,166,0.05518603324890137,40.78412860810339,1052.3675565719604,5.974327564239502,20.264499926081402,0.21891093254089355,3.6824820041656494,61.220839247300646
6.241684436798096,1680000,107.53094758840069,-9.436251e-06,-0.019170992,-66.04201050704913,2.096027135848999,100,167,0.057446956634521484,42.48726388048973,1058.6202294826508,5.961220026016235,23.340333800927098,0.22277569770812988,3.669841766357422,62.404003220061604
6.0597145557403564,1690000,101.87866292003422,-9.426131e-06,-0.019795582,11.543404851297733,2.040524959564209,100,168,0.050977468490600586,38.76425286356787,1064.6906220912933,5.791489362716675,19.11233892351663,0.21703696250915527,3.560731887817383,56.95235152883775
6.039985179901123,1700000,123.85472525340091,-9.397444e-06,-0.017766554,18.631289944686706,2.038140296936035,100,169,0.044142961502075195,42.25140898967272,1070.741967201233,5.771090745925903,20.89719910037444,0.2244882583618164,3.542222023010254,63.049693689594186
6.021909952163696,1710000,102.162529528054,-9.359204e-06,-0.022826532,-71.38382880752165,2.0327746868133545,100,170,0.05030345916748047,43.16140765192317,1076.7746012210846,5.754775285720825,25.177078253666185,0.21660995483398438,3.5325467586517334,63.88113295630602
6.451573610305786,1720000,134.67142070877557,-9.328424e-06,-0.017967002,7.4819852870087855,2.146428346633911,100,171,0.05594825744628906,45.15851632853601,1083.235776424408,6.146137475967407,20.41349971749555,0.24915146827697754,3.7975192070007324,66.94485673999262
6.3414740562438965,1730000,143.0882476678395,-9.27341e-06,-0.020803455,-43.76129326138523,2.1370456218719482,100,172,0.04222702980041504,45.234467989159604,1089.5882103443146,6.076207876205444,26.269037393351923,0.22266793251037598,3.7396719455718994,67.24883172273552
6.115713357925415,1740000,179.92994659917304,-9.256777e-06,-0.023372184,6.1812210153463925,2.053345203399658,100,173,0.0420379638671875,44.984718935594444,1095.715805053711,5.827464580535889,26.20142925601981,0.24592971801757812,3.5794320106506348,66.85999389820613
6.2669525146484375,1750000,142.69189871887338,-9.227115e-06,-0.024056932,-33.28272005712522,2.1107232570648193,100,174,0.043402910232543945,43.80336392776513,1101.993769645691,5.98550009727478,24.516807899059874,0.23782110214233398,3.6788339614868164,65.2918383302918
6.002742052078247,1760000,110.36930693197647,-9.184347e-06,-0.021596165,-26.899718893692974,2.005983352661133,100,175,0.06849908828735352,41.17888457032222,1108.0086698532104,5.7059876918792725,23.05114432314763,0.22800254821777344,3.511134624481201,60.91609458369394
6.036437273025513,1770000,149.9602157070041,-9.162853e-06,-0.020895425,-58.10895083745804,2.0210793018341064,100,176,0.029488086700439453,42.84465616627385,1114.054974079132,5.7766499519348145,27.669136495619043,0.2300887107849121,3.565500259399414,62.60349298276317
6.657306671142578,1780000,161.06704672802672,-9.1150005e-06,-0.019211004,-30.630332125100878,2.182771682739258,100,177,0.04757857322692871,45.78550570835773,1120.7236714363098,6.350587606430054,26.71264887026653,0.25878190994262695,3.959914445877075,68.11736915588739
6.793754577636719,1790000,153.58070833373594,-9.101325e-06,-0.022412632,12.436603474814838,2.247269868850708,100,178,0.051688432693481445,44.015970339494345,1127.5289559364319,6.511242628097534,19.74505623441158,0.2305617332458496,4.050804853439331,66.47160129796039
6.311439752578735,1800000,169.07644709845178,-9.095052e-06,-0.020249203,-47.0381000299243,2.1024558544158936,100,179,0.08388638496398926,42.010586353404015,1133.8512110710144,6.008713006973267,31.905110267628103,0.21860122680664062,3.7054755687713623,62.35431284102875
6.209024906158447,1810000,161.02744117764027,-9.074187e-06,-0.017253097,-19.525321560267358,2.091447353363037,100,180,0.039821624755859375,46.39348834446616,1140.072838306427,5.925627946853638,24.41267768254952,0.2433476448059082,3.637564182281494,69.28662969155556
6.223494291305542,1820000,128.88310043411698,-9.073765e-06,-0.020083662,-60.521886170962325,2.0983989238739014,100,181,0.04094815254211426,43.34372833356756,1146.308744430542,5.956933259963989,29.16461560566559,0.2253568172454834,3.6635220050811768,63.42144572700678
6.222956657409668,1830000,165.6199142851167,-9.062416e-06,-0.020442422,-21.180759888508,2.1006946563720703,100,182,0.04398632049560547,46.49613468045222,1152.5429232120514,5.95188045501709,25.64161166135677,0.22680187225341797,3.65427303314209,69.42405748515361
6.1158812046051025,1840000,169.1776014500345,-9.078643e-06,-0.022979613,-46.43298876853005,2.0418429374694824,100,183,0.04267573356628418,46.12132653405121,1158.6689245700836,5.855065822601318,25.19798555848796,0.21789240837097168,3.6214869022369385,68.11273309184295
6.183224201202393,1850000,126.95823485356695,-9.044805e-06,-0.023248974,-48.54354722673215,2.081259250640869,100,184,0.04833555221557617,43.65188483786284,1164.8632752895355,5.8876190185546875,23.373767994787645,0.24697065353393555,3.6128246784210205,65.11783165483524
6.439098834991455,1860000,129.0881620714413,-9.01437e-06,-0.020816969,-25.7687256499897,2.137129545211792,100,185,0.05405616760253906,44.21541119266629,1171.314383983612,6.148515939712524,21.993769824480378,0.23616409301757812,3.8102941513061523,66.63133983218503
6.44520115852356,1870000,195.74268525546458,-8.983665e-06,-0.015236125,16.419086497946306,2.176535129547119,100,186,0.05230069160461426,48.24477581585243,1177.7716264724731,6.163329601287842,27.77737003974419,0.2292940616607666,3.7802369594573975,72.74700785153456
6.474047422409058,1880000,134.14254746007637,-8.935335e-06,-0.023049142,-89.04768329152307,2.1845180988311768,100,187,0.03354477882385254,44.45085083322238,1184.2569541931152,6.22085428237915,29.104566474060864,0.2193593978881836,3.832731008529663,66.35788189927874
6.275022983551025,1890000,114.37370802547426,-8.922879e-06,-0.024455894,-50.382912596043845,2.0952553749084473,100,188,0.04866814613342285,44.712310442128086,1190.5442399978638,5.9966442584991455,22.34825044602301,0.22942614555358887,3.7058632373809814,66.3380909458363
6.022244691848755,1900000,158.5060786493308,-8.871824e-06,-0.019920548,-48.035040138795374,2.0200395584106445,100,189,0.04432940483093262,45.60648273413536,1196.5776934623718,5.745355606079102,27.805114102724623,0.23227477073669434,3.535161256790161,68.77784716641031
6.355558156967163,1910000,122.14124525244824,-8.847048e-06,-0.020275783,-0.8855023071108106,2.1360223293304443,100,190,0.047879695892333984,48.14329931094184,1202.9449563026428,6.060483455657959,20.163915454496266,0.24692010879516602,3.7238082885742188,70.86579615819075
6.36317777633667,1920000,169.46249933551175,-8.851688e-06,-0.022269925,-48.11874273841638,2.136895179748535,100,191,0.04190993309020996,48.45043045658137,1209.3201246261597,6.097611904144287,28.064422558235936,0.2234358787536621,3.760815382003784,72.67170679371145
6.0089335441589355,1930000,118.1986802997255,-8.845912e-06,-0.022210466,-21.95947265724114,2.012054920196533,100,192,0.039728641510009766,46.88133418215646,1215.3396356105804,5.737196922302246,25.72595558945566,0.2317981719970703,3.535031795501709,70.186822420673
6.276668548583984,1940000,161.7742487681137,-8.830648e-06,-0.021508053,18.870390034527404,2.091264009475708,100,193,0.04635453224182129,47.4179141405857,1221.627254486084,5.993777275085449,24.926963505444984,0.23625874519348145,3.706587076187134,71.34751256495677
6.476476192474365,1950000,157.62106016517652,-8.809106e-06,-0.023578685,-8.816715251841465,2.1873888969421387,100,194,0.06964850425720215,48.51694686762823,1228.1159844398499,6.193995237350464,28.346630140235053,0.21258854866027832,3.8029041290283203,73.61820194936172
6.2141640186309814,1960000,127.39511159936501,-8.801391e-06,-0.021468552,-39.62773096332935,2.0837302207946777,100,195,0.0428774356842041,46.310979173709505,1234.3406505584717,5.925729513168335,25.39396961195641,0.245255708694458,3.644676923751831,69.86443499239947
6.24979567527771,1970000,128.80207158038968,-8.760097e-06,-0.020177636,3.0025980107986565,2.098989486694336,100,196,0.04543733596801758,46.75005530347048,1240.60182595253,5.9638471603393555,21.59612280046141,0.24022889137268066,3.6687662601470947,69.6109782339689
6.671827793121338,1980000,135.79787574699174,-8.711939e-06,-0.022599855,-5.718717373577093,2.2279884815216064,100,197,0.08672261238098145,47.65827012896957,1247.2850031852722,6.35823392868042,25.904785582474485,0.22666621208190918,3.9216742515563965,71.90753752418064
6.475922584533691,1990000,135.91237763245297,-8.68365e-06,-0.023322936,-70.70577923658811,2.180483818054199,100,198,0.06994271278381348,45.50265434387434,1253.7742233276367,6.175675868988037,30.061526446179418,0.23003745079040527,3.7928459644317627,67.97518269637922
6.204392910003662,2000000,141.08892167100907,-8.661907e-06,-0.021474987,-23.108642042747338,2.076855182647705,100,199,0.046358585357666016,48.3965719750527,1259.9893980026245,5.914867877960205,25.90721461030754,0.24286818504333496,3.643355131149292,72.7085730155902
6.285284996032715,2010000,154.45107824079008,-8.663097e-06,-0.025128482,-19.571716948730106,2.090301513671875,100,200,0.04546475410461426,50.231290093641356,1266.286387205124,5.9999098777771,22.97810360395511,0.23966002464294434,3.7121806144714355,75.4061109980566
6.278124570846558,2020000,155.95833332299856,-8.6228365e-06,-0.019278867,-7.757339025528852,2.083773136138916,100,201,0.08494305610656738,49.252433745003756,1272.574477672577,5.975845098495483,22.7750320414268,0.21381211280822754,3.6978843212127686,74.40171752707316
6.077081918716431,2030000,200.93394698103634,-8.6247055e-06,-0.019255884,7.142247710339274,2.0242185592651367,100,202,0.08154296875,52.238118692054975,1278.6637835502625,5.783193826675415,27.491665313524052,0.21212434768676758,3.5566344261169434,79.23576317938566
6.231272220611572,2040000,123.78372249703595,-8.597355e-06,-0.021156743,-54.726255035275116,2.059582471847534,100,203,0.04390430450439453,46.3990317999501,1284.9047827720642,5.9316017627716064,26.314746497400282,0.2554337978363037,3.675025701522827,69.57272548879348
6.399260997772217,2050000,146.5082204315232,-8.556962e-06,-0.021596937,-34.30618540388837,2.147005319595337,100,204,0.031853675842285156,47.65328034968351,1291.3182950019836,6.13280463218689,24.881341056063945,0.23434233665466309,3.7880313396453857,71.14079756605089
6.262663125991821,2060000,143.4594417796958,-8.488542e-06,-0.017861998,13.859223705367366,2.0772082805633545,100,205,0.08963632583618164,50.81874040749735,1297.5930573940277,5.952019691467285,19.45076040109374,0.21997785568237305,3.67771577835083,77.66636741468065
6.265850782394409,2070000,161.97248182803804,-8.443966e-06,-0.018626666,5.682844838327336,2.0934712886810303,100,206,0.08822488784790039,52.43661798035239,1303.8719754219055,5.95222282409668,24.545033222252737,0.22517919540405273,3.6625800132751465,79.30952505962628
6.235947608947754,2080000,137.10931554662147,-8.410459e-06,-0.014092653,-26.40843718585647,2.0960938930511475,100,207,0.08631587028503418,48.55882714173286,1310.1200556755066,5.932584762573242,23.814026970762175,0.21680450439453125,3.639662742614746,73.56889495259597
6.150358438491821,2090000,117.60863651392557,-8.392174e-06,-0.017582215,24.779181673397733,2.0659966468811035,100,208,0.03973126411437988,48.908359633792486,1316.2814614772797,5.878661394119263,20.104934156778445,0.23174142837524414,3.6091761589050293,73.29107762046952
6.289752721786499,2100000,141.80343923009494,-8.375564e-06,-0.013888475,11.945619619909884,2.1113665103912354,100,209,0.05449819564819336,48.718293289637316,1322.5816631317139,5.99042010307312,21.855525019616607,0.24451899528503418,3.6832664012908936,73.59941456798143
6.302362680435181,2110000,118.5986078973456,-8.325784e-06,-0.018969944,17.712163680115868,2.1282403469085693,100,210,0.0480351448059082,49.63468614602949,1328.8965871334076,6.021739721298218,20.003901485857376,0.23231911659240723,3.6944921016693115,75.5011629877948
6.0164430141448975,2120000,121.55947983462548,-8.300893e-06,-0.021024805,20.344802297836605,2.017099142074585,100,211,0.041501522064208984,50.975530819227316,1334.9235754013062,5.740202188491821,17.57420975471027,0.2345113754272461,3.52866530418396,78.07139001112424
6.27707314491272,2130000,166.5792495444366,-8.269997e-06,-0.018408725,-30.239856468959033,2.0992958545684814,100,212,0.054190874099731445,48.5507508818148,1341.2117743492126,5.98216986656189,27.70735114445403,0.24031853675842285,3.6850547790527344,74.59073137603863
6.411034822463989,2140000,156.1570162948551,-8.233661e-06,-0.02360581,-43.99056571862393,2.1557374000549316,100,213,0.039361000061035156,50.42617837730679,1347.6341888904572,6.139055013656616,27.236801543820714,0.23234128952026367,3.782855272293091,77.0011054993048
6.0194690227508545,2150000,161.48320267310177,-8.211233e-06,-0.01880578,-47.90926777857688,2.023815631866455,100,214,0.04335498809814453,48.500262487403376,1353.6651616096497,5.751097917556763,26.362496751221933,0.22473907470703125,3.536098003387451,73.19092643667636
6.059727430343628,2160000,149.7984792536038,-8.215146e-06,-0.01791755,35.80602870700592,2.0197672843933105,100,215,0.08893442153930664,53.01630806996584,1359.7362115383148,5.740571975708008,22.044259999224888,0.23000884056091309,3.5285274982452393,80.48206319799041
7.00101375579834,2170000,149.76586866732393,-8.157001e-06,-0.016579485,-19.164705443972625,2.3547472953796387,100,216,0.06011343002319336,48.83184063651138,1366.7493755817413,6.674361705780029,25.9493563237979,0.266232967376709,4.101366281509399,75.44020322612016
6.782377481460571,2180000,208.781604643797,-8.137541e-06,-0.018095724,8.720232810073483,2.31434965133667,100,217,0.044811248779296875,51.38292065977199,1373.5446600914001,6.486011505126953,25.648652348433718,0.2512845993041992,3.960432529449463,78.88904960949742
6.410596132278442,2190000,157.03088299594964,-8.07656e-06,-0.020203762,-6.114378022321552,2.1411120891571045,100,218,0.08117151260375977,48.7746968685924,1379.9682478904724,6.121074199676514,23.021718266411515,0.2081139087677002,3.781374454498291,74.79243988927037
6.21410608291626,2200000,131.30045577100114,-8.042865e-06,-0.02262059,31.75604354886964,2.0632987022399902,100,219,0.08541989326477051,52.414146922156505,1386.1926851272583,5.905209302902222,20.436794445205482,0.22323942184448242,3.6459500789642334,79.5629896210829
6.240781545639038,2210000,155.31352906969144,-7.991516e-06,-0.018378133,-97.47090586637763,2.0951404571533203,100,220,0.04461503028869629,52.88905781533071,1392.445041179657,5.9534313678741455,28.316820587155895,0.24244213104248047,3.663142681121826,81.17002403858002
6.222042560577393,2220000,176.32533645756016,-7.956329e-06,-0.02110942,-71.29269616379625,2.0891287326812744,100,221,0.046781063079833984,50.246669990990306,1398.677663564682,5.936943769454956,29.462732146928147,0.238084077835083,3.651134490966797,77.61041769528883
6.047904014587402,2230000,187.51642404450206,-7.933022e-06,-0.019909687,25.373383736152714,2.015436887741089,100,222,0.05634617805480957,50.73167760311835,1404.736183166504,5.761184453964233,25.08592459913314,0.23007535934448242,3.554248094558716,77.30733846060231
6.05822491645813,2240000,125.6284309278548,-7.9203455e-06,-0.019112656,-31.573477473448598,2.034475326538086,100,223,0.08311605453491211,54.28446060773867,1410.8045432567596,5.7592408657073975,23.50437137001363,0.21567797660827637,3.5352466106414795,82.65759999988003
6.170026063919067,2250000,146.70936280074724,-7.884618e-06,-0.018070575,34.56501427794718,2.063711166381836,100,224,0.045491695404052734,53.77093324594843,1416.984650850296,5.867877721786499,18.662246496588597,0.2563917636871338,3.6104555130004883,82.52212223392858
6.486074686050415,2260000,125.35368065940276,-7.846179e-06,-0.016954953,-54.52598327511792,2.178206205368042,100,225,0.048866987228393555,53.58256815986082,1423.4828960895538,6.1846091747283936,25.471620665825746,0.2523634433746338,3.8022305965423584,82.97223772017077
6.460141181945801,2270000,201.37861415081036,-7.830557e-06,-0.022471799,-37.112988996012135,2.1719748973846436,100,226,0.08574271202087402,54.88371498025488,1429.955360174179,6.147234678268433,27.000090637197975,0.22692251205444336,3.773775815963745,84.43198090853306
6.261619806289673,2280000,155.4292878999899,-7.821838e-06,-0.020816393,43.71657255629127,2.0929737091064453,100,227,0.050362586975097656,53.7517377157088,1436.2288513183594,5.966270685195923,22.420168962433802,0.24460291862487793,3.6753392219543457,82.95823164124613
6.280766248703003,2290000,178.11284287977895,-7.811341e-06,-0.01940107,45.76267676771899,2.1212387084960938,100,228,0.04403424263000488,54.54281405011573,1442.521713256836,5.998653888702393,20.50905298138701,0.23772025108337402,3.6809957027435303,84.33378419941553
6.0424041748046875,2300000,149.4148695363836,-7.785522e-06,-0.020465717,14.987000438783374,2.031524181365967,100,229,0.04287362098693848,53.57610879202893,1448.5755603313446,5.775151491165161,22.814278124096692,0.22412371635437012,3.551600217819214,82.3245721575921
6.349545478820801,2310000,236.63617052851015,-7.792552e-06,-0.021587975,13.394846529550636,2.1220357418060303,100,230,0.09110641479492188,54.84356144261016,1454.9364666938782,6.012155294418335,28.643602962254903,0.24176526069641113,3.692250967025757,84.2853453360621
6.454411506652832,2320000,167.54760919817718,-7.734118e-06,-0.019874008,16.509432192557597,2.183877944946289,100,231,0.0507662296295166,54.9292535912533,1461.4015810489655,6.178712844848633,22.66428518498013,0.22452688217163086,3.791749954223633,84.55226329706042
6.078039884567261,2330000,121.13405206963817,-7.700558e-06,-0.02068129,4.956293283746882,2.026867389678955,100,232,0.04516148567199707,51.40694762941045,1467.4899880886078,5.811192750930786,23.439666642830826,0.2214510440826416,3.593730926513672,79.28247932310312
6.338141202926636,2340000,145.9615633537902,-7.659776e-06,-0.020845799,27.708766380428703,2.119058847427368,100,233,0.08607196807861328,56.84374489896737,1473.8392970561981,6.015589475631714,18.57909215040096,0.2280271053314209,3.6974222660064697,87.58997389348953
6.413740158081055,2350000,137.7936990495459,-7.596101e-06,-0.017333388,-98.06130173987063,2.1673991680145264,100,234,0.08361029624938965,54.35746325513544,1480.2645707130432,6.117603063583374,28.852287826369768,0.21228790283203125,3.750321865081787,84.03952608835803
6.2106873989105225,2360000,132.4304152890101,-7.569858e-06,-0.017544117,44.13081699472531,2.0891122817993164,100,235,0.04593467712402344,54.62008046615458,1486.4864559173584,5.91668963432312,19.642184940472813,0.24782657623291016,3.632847547531128,84.15944616569607
6.216375112533569,2370000,171.5268022781613,-7.5420694e-06,-0.017910536,38.955403422191985,2.093065023422241,100,236,0.09010624885559082,57.56398779514777,1492.714872598648,5.923254728317261,21.829327755993514,0.2016303539276123,3.6318271160125732,89.06745164635132
6.050005197525024,2380000,193.80576005877444,-7.5289395e-06,-0.014210217,-18.903406353285646,2.041346549987793,100,237,0.04580330848693848,55.548696872967376,1498.7750103473663,5.7639782428741455,25.53561182470836,0.2399435043334961,3.530028820037842,85.70951851738796
6.381271123886108,2390000,147.99282291246695,-7.481389e-06,-0.020325622,-22.38885243040834,2.1501519680023193,100,238,0.059599876403808594,56.46354571901479,1505.1668784618378,6.085909843444824,24.6944007378455,0.23539423942565918,3.7297375202178955,86.81588193187386
6.2113142013549805,2400000,137.45755692862946,-7.4610493e-06,-0.016780771,28.05693662796958,2.085697889328003,100,239,0.03639388084411621,56.23581964743179,1511.3907117843628,5.947035789489746,19.86700145829575,0.22763419151306152,3.6653332710266113,87.29037819124328
6.268625497817993,2410000,179.88761892994947,-7.4374793e-06,-0.020014273,26.0438019954382,2.1129562854766846,100,240,0.042899131774902344,59.64299837655955,1517.6701657772064,5.993536949157715,22.864113101052506,0.231858491897583,3.6742095947265625,92.09196951918518
6.228527545928955,2420000,153.3618242235353,-7.397742e-06,-0.022163643,-44.739483190362485,2.099667549133301,100,241,0.03325939178466797,55.08532952249996,1523.9103701114655,5.970460891723633,24.737089040001703,0.22454214096069336,3.675330877304077,85.39736245805796
6.045101642608643,2430000,173.89536941265592,-7.3863453e-06,-0.020677742,13.99251351115204,2.029261827468872,100,242,0.03035879135131836,59.28177059442019,1529.9671738147736,5.775434255599976,23.187473097811548,0.23913002014160156,3.5562596321105957,90.90275256274394
6.553746938705444,2440000,213.71950609466333,-7.362843e-06,-0.019591877,-8.272228732630845,2.165574789047241,100,243,0.04672670364379883,57.61529265429824,1536.532592535019,6.270407199859619,25.814040332188164,0.23630881309509277,3.89421010017395,89.83520533434343
6.596380233764648,2450000,203.1823015643413,-7.3461633e-06,-0.016732976,17.579683817426734,2.204932451248169,100,244,0.042989253997802734,57.74187358557288,1543.1402461528778,6.304126977920532,26.08217388829795,0.2489922046661377,3.8927547931671143,89.75093368172104
6.525883674621582,2460000,131.3820425043318,-7.3392966e-06,-0.017302776,18.539560582588635,2.1929540634155273,100,245,0.035231828689575195,59.552960958110944,1549.6790902614594,6.234521865844727,20.55226042736868,0.25583982467651367,3.8366596698760986,91.62371677120363
6.458584547042847,2470000,128.3718521199298,-7.2994153e-06,-0.018939814,31.27897908540074,2.18646240234375,100,246,0.04566764831542969,57.44190714548249,1556.1504368782043,6.172974586486816,18.451622006728037,0.23958182334899902,3.7785089015960693,87.92201407310502
6.468735456466675,2480000,152.00020077150322,-7.282601e-06,-0.020745581,-57.6072252588178,2.1694724559783936,100,247,0.04760384559631348,59.35544191278866,1562.6310141086578,6.178739786148071,25.217019462819522,0.24210596084594727,3.8062572479248047,92.45569866384463
6.288103342056274,2490000,152.1561300123219,-7.289683e-06,-0.020543009,-8.835758145024142,2.096149206161499,100,248,0.08264422416687012,57.4096454451074,1568.9307720661163,5.991791725158691,24.919956686932267,0.20568251609802246,3.6985599994659424,88.91455230087624
6.017504930496216,2500000,158.04357200020488,-7.271406e-06,-0.020199666,11.7756511209372,2.0148520469665527,100,249,0.044677734375,57.247943581881124,1574.9578235149384,5.742706537246704,22.54100243668982,0.22990179061889648,3.535479784011841,89.1836896736509
6.396815776824951,2510000,144.97686580168508,-7.2196435e-06,-0.019367687,20.26006468672809,2.16237473487854,100,250,0.04851055145263672,57.449733388583574,1581.366156578064,6.109838485717773,21.195092294560858,0.23819327354431152,3.7456231117248535,88.74403612939638
6.2459001541137695,2520000,149.57162941049134,-7.2077846e-06,-0.020631462,-5.964873700699313,2.1023366451263428,100,251,0.04252815246582031,56.92108775753334,1587.6238799095154,5.96627950668335,22.20255664025146,0.23685097694396973,3.6650474071502686,87.80081806569532
6.317697286605835,2530000,139.35920086598864,-7.1513177e-06,-0.020695163,18.286942914507666,2.129523515701294,100,252,0.04553866386413574,58.529427626975306,1593.952668428421,6.0329766273498535,19.67679622907631,0.2389392852783203,3.703606128692627,90.06833338695112
6.335216999053955,2540000,130.45520723453276,-7.14102e-06,-0.021679921,-5.3128514799695505,2.0871434211730957,100,253,0.08461618423461914,57.59861113894615,1600.2994289398193,6.007131099700928,21.48177200989591,0.2392578125,3.721017599105835,88.48326720199503
6.861325740814209,2550000,138.42851515686706,-7.0734905e-06,-0.022797843,-62.41237752013583,2.289738178253174,100,254,0.08978581428527832,53.14595692976493,1607.1738409996033,6.536830186843872,28.2695142959759,0.23442554473876953,4.031872749328613,82.92592884370718
6.400582551956177,2560000,146.99159225214703,-7.0468427e-06,-0.017931595,-6.1972433579734885,2.1306233406066895,100,255,0.051980018615722656,59.11586523646124,1613.5882861614227,6.119320631027222,21.753399169565036,0.228926420211792,3.7864620685577393,91.52551918362647
6.04497218132019,2570000,156.07971926711724,-7.0304313e-06,-0.022637988,-8.233404406304423,2.028477191925049,100,256,0.044137001037597656,60.34400914457479,1619.6445038318634,5.7818443775177,21.721123134891577,0.21856403350830078,3.561323404312134,93.43886768992074
6.081785440444946,2580000,181.73670467596375,-7.002309e-06,-0.021057835,-74.62984046864916,2.0392649173736572,100,257,0.04866623878479004,55.258571951932616,1625.736911058426,5.806647062301636,31.983408147916645,0.22619318962097168,3.5758116245269775,86.02534003438429
6.059065818786621,2590000,221.07151521816803,-6.973719e-06,-0.022295963,-14.7791156320253,2.0336196422576904,100,258,0.045626163482666016,59.8162782292044,1631.8082327842712,5.779778480529785,26.534867353573816,0.2333390712738037,3.5520472526550293,92.39126407313883
6.4254515171051025,2600000,167.81955905211515,-6.9256635e-06,-0.021091342,-14.63648648601996,2.1688783168792725,100,259,0.042220115661621094,57.84182068418684,1638.2445135116577,6.13098406791687,27.08381323219412,0.25196290016174316,3.7574894428253174,89.79874073572245
6.222228527069092,2610000,131.03440431164844,-6.908839e-06,-0.014544963,-39.755595008543125,2.0739989280700684,100,260,0.04535365104675293,60.3869529307739,1644.478872537613,5.947187662124634,23.58489752994086,0.22934246063232422,3.6793930530548096,93.21156662513717
6.036545276641846,2620000,147.09068359798826,-6.9200996e-06,-0.017909462,16.16239659859744,2.006181478500366,100,261,0.0446474552154541,59.53356675331282,1650.525871515274,5.7509260177612305,22.471067996670726,0.2407240867614746,3.5551490783691406,92.70024653362405
6.104369640350342,2630000,140.56281443696213,-6.862354e-06,-0.019265145,16.136754851841502,2.0656161308288574,100,262,0.04091644287109375,62.80690219250628,1656.6420137882233,5.83307409286499,20.776613114775625,0.23017096519470215,3.5739362239837646,96.90005478315965
6.339389801025391,2640000,153.6732330094398,-6.827144e-06,-0.02060531,-15.062075771881698,2.116283655166626,100,263,0.08862066268920898,57.49628649300011,1662.9916543960571,6.011485815048218,23.942913030144094,0.23903965950012207,3.6955759525299072,89.82782513542276
6.355251312255859,2650000,179.21939674258024,-6.848659e-06,-0.01940523,58.32131845802405,2.1275713443756104,100,264,0.05387759208679199,65.16208208281665,1669.3582792282104,6.065920114517212,21.787353454796097,0.23511624336242676,3.740011692047119,101.06621046118713
6.049451589584351,2660000,166.3406267928751,-6.7909855e-06,-0.018298537,-61.89095216044509,2.0253360271453857,100,265,0.05536365509033203,59.52983196956845,1675.4177389144897,5.7640838623046875,26.44666394407678,0.22977542877197266,3.5475287437438965,92.12582199527597
6.192240953445435,2670000,165.8627386786088,-6.7456594e-06,-0.023237905,-25.522846744896746,2.0596327781677246,100,266,0.05211782455444336,58.61952771063225,1681.6204981803894,5.8921074867248535,23.80034738034079,0.24776458740234375,3.636432409286499,92.29212217884606
6.397263288497925,2680000,141.42258237579426,-6.698797e-06,-0.020523662,33.152553773806936,2.138169288635254,100,267,0.09052920341491699,61.222176747070286,1688.0298290252686,6.055136442184448,19.705580246677876,0.2511777877807617,3.712186098098755,95.28486550043233
6.150124549865723,2690000,157.0566117408622,-6.681556e-06,-0.020750688,25.65817776741722,2.044760227203369,100,268,0.09964323043823242,59.5783382890874,1694.191571712494,5.75613260269165,20.402523435020722,0.29035234451293945,3.5178158283233643,93.49268829169333
6.0617828369140625,2700000,171.41224416174788,-6.665528e-06,-0.02036262,30.45055984168338,2.0040955543518066,100,269,0.07619476318359375,60.33510078555591,1700.2627696990967,5.64728045463562,22.385262955927477,0.3355221748352051,3.451136827468872,93.81512898542947
6.512434482574463,2710000,145.74704944633189,-6.6469242e-06,-0.021916103,8.296892973325129,2.175703287124634,100,270,0.04745364189147949,59.095672048824675,1706.7871837615967,6.137118816375732,19.04706758060428,0.3274722099304199,3.759287118911743,92.39008324100581
6.532163619995117,2720000,153.27154749574558,-6.6576117e-06,-0.020663168,-41.61613473863219,2.165768623352051,100,271,0.08552289009094238,62.583548922405214,1713.3337800502777,6.112585067749023,23.5311415549303,0.32950305938720703,3.745995044708252,96.8743448465088
6.5242626667022705,2730000,135.29229260356576,-6.609715e-06,-0.02237987,4.4685347695987865,2.182518482208252,100,272,0.0551605224609375,59.96798880386787,1719.87411570549,6.196139335632324,23.410991112511375,0.27243733406066895,3.810814380645752,92.43961341722154
7.122008562088013,2740000,141.91894339527857,-6.6044545e-06,-0.02293602,62.756314799677995,2.311119794845581,100,273,0.04822492599487305,62.2250269426325,1727.0101351737976,6.8410725593566895,17.4086818428017,0.23240900039672852,4.30377197265625,97.0752724291312
6.046149969100952,2750000,191.8044517230094,-6.6076177e-06,-0.024104243,9.345623934185046,1.9940626621246338,100,274,0.04149746894836426,60.407045759094565,1733.0712487697601,5.754864931106567,25.715377885144694,0.24907684326171875,3.5675032138824463,93.60709908186793
6.411913871765137,2760000,169.56572995506065,-6.575052e-06,-0.023606252,53.914399580370606,2.1370177268981934,100,275,0.08141517639160156,63.16868087302444,1739.494791984558,6.096318006515503,21.876836112865817,0.22715544700622559,3.7596213817596436,98.07390643761764
6.483394622802734,2770000,147.97432734246294,-6.571323e-06,-0.016291892,46.16065882996561,2.182039737701416,100,276,0.08593606948852539,61.693840259290084,1745.9899926185608,6.192710876464844,18.40201528029778,0.2045278549194336,3.808018207550049,96.60638601779237
6.273553848266602,2780000,132.50905840626453,-6.5391973e-06,-0.024276793,15.670422154552774,2.1142687797546387,100,277,0.04616236686706543,59.6729297207858,1752.2749054431915,5.994465112686157,21.09348574356525,0.23271512985229492,3.6832892894744873,92.14383928247987
6.8057920932769775,2790000,139.36559391017244,-6.503946e-06,-0.01989083,49.49777586861203,2.2792792320251465,100,278,0.08601927757263184,60.49040343584316,1759.0948305130005,6.4932050704956055,16.140690276854926,0.22313833236694336,4.005330801010132,94.45105850853317
6.478501081466675,2800000,146.86354481434734,-6.495218e-06,-0.02129545,2.2097854883397594,2.1699700355529785,100,279,0.04471778869628906,60.944972200897446,1765.5845642089844,6.217833042144775,21.20477817828394,0.2156839370727539,3.8455958366394043,95.05489464164287
6.232796907424927,2810000,158.11449095651588,-6.4482224e-06,-0.021240998,-16.07056773946827,2.0853066444396973,100,280,0.04681396484375,61.22504068807043,1771.8294265270233,5.9544713497161865,24.342271449316826,0.23108959197998047,3.6731677055358887,94.79363890841685
6.192521572113037,2820000,156.03210229654084,-6.436072e-06,-0.014825894,56.5613935673186,2.073434591293335,100,281,0.0638580322265625,62.39914331386089,1778.033002614975,5.9098451137542725,18.315150621864962,0.21854352951049805,3.642378568649292,97.15581979727193
6.0493786334991455,2830000,188.9944159047463,-6.416359e-06,-0.020183763,-3.354740417419903,2.0268876552581787,100,282,0.036202192306518555,61.43042925011291,1784.093896150589,5.778066158294678,23.6342075343586,0.23487186431884766,3.5620105266571045,95.7499261956703
6.498993635177612,2840000,154.9912819029261,-6.3901407e-06,-0.01911146,48.65660221507985,2.2002313137054443,100,283,0.04874587059020996,61.47226031356533,1790.6041162014008,6.2319769859313965,20.441187635728582,0.2178788185119629,3.818655490875244,95.81157216272575
6.141482830047607,2850000,166.088098947784,-6.3415305e-06,-0.022460755,57.358417440357265,2.0571792125701904,100,284,0.04442405700683594,65.13763570186316,1796.7577583789825,5.8819029331207275,18.58145629080488,0.21488475799560547,3.627225399017334,100.99126717733344
6.017829656600952,2860000,139.6790612433232,-6.3075163e-06,-0.021445187,55.57016812512683,2.014568328857422,100,285,0.04032468795776367,64.18156755574213,1802.7854630947113,5.755722522735596,18.6004917513525,0.22146010398864746,3.550217390060425,100.38844125427505
6.481922149658203,2870000,171.72294946868078,-6.258436e-06,-0.020735012,56.51018238737492,2.1651718616485596,100,286,0.06946420669555664,63.41776221708712,1809.2789423465729,6.1905763149261475,19.66152453238736,0.22118782997131348,3.820802927017212,98.33513900220228
6.348925590515137,2880000,142.57179802959035,-6.2491713e-06,-0.01858778,-20.745399908710603,2.135103225708008,100,287,0.046599626541137695,61.08894553490862,1815.6381974220276,6.083636045455933,21.81652485881698,0.21832513809204102,3.7492969036102295,95.2912714549983
6.33333158493042,2890000,150.35193300652932,-6.2517515e-06,-0.016715564,28.97159352963022,2.124556303024292,100,288,0.08669090270996094,63.895356293404404,1821.9811701774597,6.03420090675354,19.4822736798192,0.21219491958618164,3.7112276554107666,100.01143181795443
6.278045654296875,2900000,192.31110179522753,-6.2041927e-06,-0.017882772,42.143945713174645,2.0984771251678467,100,289,0.04305315017700195,64.3701448536206,1828.2689242362976,6.00463080406189,22.065923025029498,0.22999191284179688,3.710604667663574,100.40028999027142
6.215419769287109,2910000,139.5943585812147,-6.1555193e-06,-0.018581813,-11.025660429100187,2.0641748905181885,100,290,0.08268141746520996,63.35509064137396,1834.4957859516144,5.929751634597778,21.04618809869611,0.20279240608215332,3.6606497764587402,98.41604272676923
6.09344220161438,2920000,149.66538693818973,-6.162036e-06,-0.018137129,-0.804032855346376,2.0561275482177734,100,291,0.042066097259521484,62.32178662129304,1840.598699092865,5.8321533203125,21.488051590239543,0.21896839141845703,3.585118055343628,97.85564303770384
5.983193635940552,2930000,179.08884578969162,-6.142196e-06,-0.017431729,-21.996355894494204,2.0027122497558594,100,292,0.04192209243774414,60.86331129542086,1846.5919382572174,5.701950788497925,23.03845732958369,0.23903369903564453,3.5103867053985596,95.59280943344964
6.437995910644531,2940000,162.33356463302266,-6.1167266e-06,-0.008523204,-42.41498598231792,2.1617071628570557,100,293,0.04369544982910156,64.2215030124233,1853.041165113449,6.15064811706543,24.319370580772464,0.24342060089111328,3.782163381576538,99.95124717618604
6.367201328277588,2950000,164.7283541973753,-6.099553e-06,-0.011047304,24.604459938708807,2.1376802921295166,100,294,0.08198332786560059,62.74931464195177,1859.4206564426422,6.084607124328613,20.34816179459962,0.19453048706054688,3.748924970626831,98.55058011143292
6.266499042510986,2960000,204.80821832356006,-6.085882e-06,-0.013231741,18.56909547523878,2.1089558601379395,100,295,0.04519486427307129,65.28829134258449,1865.696790933609,5.9828150272369385,23.07982264467645,0.23612546920776367,3.676062822341919,102.10290053274443
6.239735126495361,2970000,156.6509525766986,-6.0534217e-06,-0.011995304,-1.2018747728243875,2.0972957611083984,100,296,0.040198326110839844,64.3453255560463,1871.9484477043152,5.969912767410278,23.606337623008486,0.22931575775146484,3.6776437759399414,101.36514464877796
6.137743949890137,2980000,207.90277579780926,-5.992487e-06,-0.019552909,31.075591410231773,2.0623226165771484,100,297,0.044790029525756836,63.0037314755152,1878.0976243019104,5.868360996246338,22.260956799074577,0.22437739372253418,3.611844062805176,99.28702322961298
6.098181486129761,2990000,165.62626242552824,-6.0070497e-06,-0.01815992,-0.5754201982522327,2.02630352973938,100,298,0.10063958168029785,66.22984370333215,1884.2056736946106,5.783100128173828,24.48997044191735,0.2142033576965332,3.5660383701324463,104.0542057908873
6.601449489593506,3000000,204.54077856881847,-5.964287e-06,-0.012137781,-9.876340542421945,2.232517719268799,100,299,0.04602932929992676,61.810434101748854,1890.8194017410278,6.320180892944336,26.747991158421463,0.2349092960357666,3.8794100284576416,97.54158718478551
