ItrTime,n_timesteps,train-NumTrajs,Time-Optimization,LossAfter,Time-Sampling,train-PolicyExecTime,LossBefore,Itr,Time-SampleProc,train-MinReturn,train-AverageReturn,train-MaxReturn,Time,train-StdReturn,train-EnvExecTime,train-AverageDiscountedReturn
26.974241018295288,10000,100,2.0637853145599365,-0.20111574,24.779489040374756,13.580477237701416,6.1035155e-09,0,0.1295473575592041,-158.56594030867026,-68.24271158176019,138.95310747879415,26.974250555038452,63.4943694993794,10.517486333847046,-27.548207189486103
27.348330974578857,20000,100,1.8543202877044678,-0.33628654,25.310906887054443,13.738245964050293,-1.6593933e-08,1,0.18174004554748535,153.4125840622097,183.79419623404988,199.5774036986311,54.486637592315674,9.190706818984419,10.876769065856934,110.93295808545922
27.8217453956604,30000,100,1.0669136047363281,-0.13573508,26.590596914291382,14.286566495895386,2.2888185e-09,2,0.1624610424041748,139.22329164052974,173.44260911572485,197.41411200926856,82.40297937393188,12.259734831062383,11.572011709213257,103.5190197070203
27.502965450286865,40000,100,1.0702483654022217,-0.047103737,26.27669930458069,14.171181917190552,-1.2207031e-08,3,0.15538859367370605,189.17525287171438,199.6788860275433,208.25399272127683,109.96736788749695,3.831108910489529,11.389909029006958,116.81074497898275
27.23457646369934,50000,100,1.0695488452911377,-0.02964278,26.05087924003601,14.244523525238037,1.8310548e-08,4,0.11329007148742676,156.7356057659016,178.32763829435345,201.58361205085657,137.26142287254333,6.874892228582383,11.081200361251831,108.9737730381212
27.11230993270874,60000,100,1.060743808746338,-0.01921752,25.936761140823364,14.184333801269531,-1.8310548e-08,5,0.11416268348693848,165.75429727484735,181.00592701719503,205.0497128055745,164.4360475540161,6.347263268207107,11.02522349357605,109.50253351225447
27.107155084609985,70000,100,1.0575535297393799,-0.26578555,25.942656993865967,14.158518075942993,3.0517577e-09,6,0.1062467098236084,150.84932722363214,184.69377590398798,205.2244812507205,191.6090009212494,9.63160885061691,11.063119888305664,111.03677065361771
27.15773868560791,80000,100,1.1043617725372314,-0.114732765,25.943767547607422,14.217341423034668,-1.2969971e-08,7,0.10888791084289551,183.50574233575225,200.5587373629948,212.15206973896377,218.82652378082275,7.426427107521091,11.01054048538208,117.81791120064844
26.573567628860474,90000,100,1.0459191799163818,-0.2975125,25.416780948638916,14.25055742263794,7.629395e-09,8,0.1102132797241211,79.27964424534244,134.18453613566132,182.98641563368307,245.45951056480408,22.938649355725666,10.459868907928467,81.99691465546206
26.577406406402588,100000,100,1.1033642292022705,-2.15771,25.336970567703247,14.08321762084961,-1.8310548e-08,9,0.13647055625915527,118.32887319612227,148.56900444307067,202.74965706645156,272.1058540344238,16.527405600258792,10.54135775566101,88.38712044543387
26.84486484527588,110000,100,1.088817834854126,-0.0016652085,25.64734983444214,14.151186466217041,6.1035155e-09,10,0.10808324813842773,130.92404151752126,192.49641675132935,207.18752289828288,299.01032543182373,14.560347060248288,10.777119398117065,112.48621490617896
26.758933782577515,120000,100,1.0682399272918701,-0.08072562,25.57489538192749,14.095873594284058,-4.577637e-09,11,0.11503100395202637,185.83821703351924,193.16432397460713,199.6797416701907,325.83044934272766,2.7846013216751744,10.762901782989502,113.9257630540567
27.014846324920654,130000,100,1.0586318969726562,-0.06476072,25.83590817451477,14.061293840408325,1.8310548e-08,12,0.1196756362915039,191.0013730920219,196.78957258674208,204.28982649952516,352.9055290222168,2.737936068319251,11.055142641067505,116.22108927577086
27.522903442382812,140000,100,1.0606956481933594,-0.060688097,26.340954303741455,14.322382926940918,-0.007981802,13,0.1205592155456543,198.60422696376574,202.75955238047115,207.81085280714225,380.48893308639526,2.019738759509936,11.289096117019653,118.27330810297872
27.239762783050537,150000,100,1.0423541069030762,-0.027906198,26.074849843978882,14.064579963684082,-3.0517577e-09,14,0.12187838554382324,199.46003553488637,204.7851860776005,209.10592487016416,407.78812170028687,1.750188469057413,11.28312373161316,118.66236677465542
27.435510873794556,160000,100,1.096381425857544,-0.0431539,26.21663236618042,14.062458992004395,0.001938916,15,0.12173151969909668,199.4514790745482,204.74749754882114,209.28918486821715,435.28383803367615,1.909259282945107,11.42828917503357,118.56837684851071
27.337603330612183,170000,100,1.0841658115386963,-0.023070456,26.135975122451782,14.034054040908813,-6.1035155e-09,16,0.11673259735107422,201.97663331430698,207.79981603773612,212.25868771026782,462.684894323349,2.092168306897281,11.38400411605835,119.69664105197529
27.39555025100708,180000,100,1.0763022899627686,-0.09947625,26.204238414764404,14.150319576263428,-0.016499972,17,0.11433267593383789,201.58977144566006,207.15132598043732,212.5479561863544,490.1428372859955,2.350158977043867,11.34070372581482,119.494733519706
27.44714665412903,190000,100,1.0381996631622314,-0.003938385,26.30018901824951,14.125521898269653,-2.822876e-08,18,0.10810470581054688,194.77176372203954,200.95690727109522,205.3506505826394,517.6528127193451,1.9381051355812073,11.467336177825928,116.95225336133693
27.456001043319702,200000,100,1.0561389923095703,-0.1451659,26.272445917129517,14.128894090652466,-3.0517577e-09,19,0.12679147720336914,196.13735418738415,201.31514121640544,204.84683973527993,545.164225101471,1.5452827185831546,11.419023513793945,117.02140247716005
27.294313430786133,210000,100,1.0736844539642334,0.0076047424,26.10398578643799,14.137621879577637,-5.722046e-10,20,0.1158902645111084,206.31670718615092,211.36163927673616,216.93539479090344,572.5191829204559,2.3076542730329197,11.2457275390625,121.24361256955729
26.80624771118164,220000,100,1.0612537860870361,-0.009568976,25.602416276931763,14.071374893188477,-6.1035155e-09,21,0.1418001651763916,203.91820166643245,213.500647435699,221.53054538534022,599.3838491439819,3.8152908035836663,10.80852198600769,122.43466746073175
26.621763706207275,230000,100,1.027554988861084,-0.20870283,25.474602699279785,14.126146078109741,-6.1035155e-09,22,0.11890888214111328,201.8213936413795,212.72859815329994,223.52653231614502,626.0656645298004,4.703231547962968,10.637133121490479,121.85780782587257
27.04495358467102,240000,100,1.0956318378448486,-1.0842369,25.83654808998108,14.200087308883667,-9.155274e-09,23,0.11214017868041992,204.74246708702944,213.57827860116547,227.58689011691115,653.1687307357788,4.534480642534084,10.913633346557617,122.50384646745893
27.107417583465576,250000,100,1.0787277221679688,0.04273695,25.916561126708984,14.195154428482056,1.2207031e-08,24,0.11114215850830078,188.17903710064303,199.673136091928,207.2914524632721,680.3378398418427,3.852748521293529,11.014891386032104,116.4517991369154
26.946234464645386,260000,100,1.079075574874878,-140.04724,25.75850749015808,14.095865964889526,6.1035155e-09,25,0.10793805122375488,188.9105000090046,199.84265863440328,208.81516578530426,707.3427710533142,3.178839886335831,10.944972276687622,116.69470286568962
26.51002550125122,270000,100,1.0478441715240479,0.022860497,25.349073886871338,13.98527979850769,-6.1035155e-09,26,0.11246943473815918,198.14411562164517,208.7801663505441,221.67922066611308,733.9118349552155,5.628920425800791,10.64930510520935,120.50222041350011
26.76635503768921,280000,100,1.065267562866211,0.115318924,25.577033042907715,14.159744501113892,6.1035155e-09,27,0.1233680248260498,162.01200662515205,179.30509907949627,195.79082962951406,760.7408716678619,6.980262045238323,10.687975645065308,107.03040389916943
26.739334106445312,290000,100,1.0555520057678223,-0.0025187347,25.558001279830933,14.012524843215942,-1.5258789e-09,28,0.12512803077697754,149.05989876229378,157.45870388412834,165.91884105721184,787.5384657382965,3.009198498529,10.830390453338623,96.66945037984938
26.750025272369385,300000,100,1.0672979354858398,-0.027924273,25.563726663589478,14.014195442199707,2.4414062e-08,29,0.11837553977966309,148.96854601536984,155.5538638019993,162.86776522452215,814.348452091217,2.7627832412046827,10.831847190856934,95.60774068195934
26.799322605133057,310000,100,1.0708844661712646,-0.008564281,25.618444442749023,14.158955097198486,1.8310548e-08,30,0.10918807983398438,146.92184415693515,156.7784661828561,165.83794853395125,841.2090516090393,3.3432464264356425,10.734546184539795,96.21428037008363
26.713142156600952,320000,100,1.055783987045288,-0.0065412596,25.516387701034546,14.091693639755249,-0.00132984,31,0.14001703262329102,151.7686908368476,159.78345311190822,174.31607576948153,867.9862868785858,4.521464774052944,10.697428941726685,97.53253955489448
26.689977645874023,330000,100,1.0764904022216797,-0.030776061,25.49988317489624,14.070371389389038,-9.155274e-09,32,0.11303567886352539,153.06879405092667,162.64147905324427,173.40130832132778,894.7366309165955,3.7478655868725097,10.712750434875488,98.83687089347828
26.405455827713013,340000,100,1.0725836753845215,-0.0012334648,25.22225069999695,14.012295961380005,1.0681152e-08,33,0.1099085807800293,153.98502226272825,167.01356451083765,182.23362598260846,921.1978397369385,5.667539192647997,10.498191833496094,100.96986860082136
26.425874948501587,350000,100,1.0650420188903809,-0.0054119173,25.23797369003296,14.198220014572144,-1.5258789e-09,34,0.12216019630432129,141.67402290855296,169.6621756843215,184.08644294467447,947.6817677021027,7.857117814138768,10.325408697128296,102.39071460437766
26.29300332069397,360000,100,1.0695655345916748,-0.005170398,25.102954864501953,14.077571630477905,-9.155274e-09,35,0.11974930763244629,146.6169389372749,173.13698010942935,199.1399106234457,974.0336120128632,8.964745753179871,10.313560724258423,103.64124720598089
26.463551998138428,370000,100,1.0809688568115234,-0.0010993484,25.271158456802368,14.160503387451172,7.247925e-09,36,0.11076164245605469,155.82454991061473,175.50413408570847,188.6348344631536,1000.5548009872437,6.890388567864107,10.391873359680176,104.41450745028625
26.417768955230713,380000,100,1.0784780979156494,-0.0048033874,25.159022569656372,14.079247236251831,4.2724608e-08,37,0.17917299270629883,97.8842497562938,172.2244005624587,191.03275838306763,1027.0329294204712,12.816610568190278,10.365075588226318,102.61435415077804
26.37983250617981,390000,100,1.5287139415740967,-0.010941077,24.70770764350891,13.785117864608765,6.1035155e-09,38,0.1410989761352539,103.2540741093661,172.5326820095127,187.83234741986755,1053.4785249233246,13.545603377172311,10.201716423034668,103.02060218255811
26.43721055984497,400000,100,1.6592421531677246,0.00013655014,24.655700206756592,13.760205745697021,1.0299683e-08,39,0.12154102325439453,154.78049538631765,174.36765147838724,190.3515310198813,1079.976098537445,7.690053561294858,10.193091869354248,104.11342217474208
25.723252534866333,410000,100,1.0706329345703125,-0.001719104,24.540878295898438,13.67343258857727,2.670288e-09,40,0.11043667793273926,146.28738481009415,174.3798734500249,186.07072498962182,1105.7728893756866,7.729987681894265,10.162867784500122,104.25887704795194
26.38296627998352,420000,100,1.08213472366333,-0.00089523924,25.1903076171875,14.119637489318848,-1.2207031e-08,41,0.10981225967407227,147.20951724837226,172.83356002132533,190.25067410652656,1132.2204446792603,8.362264468612022,10.363646268844604,103.60426718276523
26.238656520843506,430000,100,1.060351848602295,-0.003181491,25.04794454574585,14.075714111328125,-1.2207031e-08,42,0.12951254844665527,132.98623348648815,172.8614684806086,188.75844936747924,1158.5196311473846,8.381980741590187,10.263194561004639,103.66397896836419
26.338311433792114,440000,100,1.0751495361328125,-0.01440043,25.150357723236084,14.132782459259033,-1.9836426e-08,43,0.11220645904541016,157.00308766471923,173.522881717676,188.37856053756244,1184.9183611869812,7.109608872484,10.305498123168945,103.90439709982748
26.297499418258667,450000,100,1.065216302871704,-0.00069645385,25.123643398284912,14.09222412109375,-6.1035155e-09,44,0.10805320739746094,156.16951016073756,175.2827104399681,188.6777863149054,1211.276912689209,6.965401988253835,10.318055391311646,104.1741740824601
26.39334535598755,460000,100,1.4386932849884033,-0.011526411,24.818308353424072,13.886519432067871,-2.89917e-08,45,0.13565325736999512,154.95741310436097,174.94265397365848,191.09842174207876,1237.7319030761719,7.787468070508615,10.218670845031738,103.91853681291603
25.874760150909424,470000,100,1.1865959167480469,-0.0021900176,24.564424753189087,13.727176666259766,4.9591065e-09,46,0.12284541130065918,147.87705542549105,176.96331637754753,203.00420803891944,1263.6655418872833,8.595800211995224,10.130960464477539,105.25811829730577
26.08216142654419,480000,100,1.0854213237762451,-0.00117854,24.88652539253235,13.957202911376953,3.0517577e-09,47,0.10885119438171387,151.8317559074837,174.80395091668225,190.25180362201348,1289.8247470855713,7.460227863215484,10.212366104125977,104.44929299733667
26.30691146850586,490000,100,1.0462934970855713,-0.0077769104,25.144248247146606,14.144752740859985,1.8310548e-08,48,0.11551928520202637,158.50311086863738,175.1105768040847,200.91030892031662,1316.190310716629,7.746186901262987,10.286021947860718,104.5393420170619
26.226757526397705,500000,100,1.0738534927368164,-0.0055529876,25.029659509658813,14.053833484649658,1.0681152e-08,49,0.12251043319702148,157.18280564450214,174.45570715921195,188.05396397244945,1342.4850146770477,7.439685732747517,10.261136054992676,104.41599565364824
26.264512062072754,510000,100,1.048668384552002,-0.008644666,25.101898431777954,14.120374202728271,6.1035155e-09,50,0.1131734848022461,157.76573261780936,175.2600971550519,192.61769157605175,1368.8126945495605,7.77708395529406,10.269065618515015,104.56376767842481
26.37547516822815,520000,100,1.0911331176757812,0.0014392675,25.15401005744934,14.099749326705933,-1.9073486e-10,51,0.129608154296875,132.90349054088625,176.24818400857623,191.73191148733875,1395.2532551288605,8.117510131964002,10.341443538665771,104.73856031181867
26.351980924606323,530000,100,1.0515110492706299,-0.0016119415,25.18664574623108,14.092122316360474,1.2207031e-08,52,0.11314964294433594,104.87223892382879,176.47191030125992,193.94272800477378,1421.669289112091,10.817760486660486,10.376616716384888,104.7278975383808
26.35142946243286,540000,100,1.066100835800171,-0.009328106,25.158992767333984,14.106424570083618,2.4414062e-08,53,0.12562966346740723,145.95601595140334,177.1668247826133,198.90685746447724,1448.0897188186646,7.580759265365645,10.32768440246582,104.90805360356566
26.295095920562744,550000,100,1.0777513980865479,-0.0064380607,25.07588267326355,14.113160848617554,3.0517577e-09,54,0.14048337936401367,157.08412282228534,177.39708904142626,194.18375300981256,1474.4477553367615,7.589711570911055,10.263056516647339,105.14047614026856
26.257861137390137,560000,100,1.0552012920379639,0.001012558,25.085049152374268,14.088467836380005,6.1035155e-09,55,0.11697912216186523,150.33388030498142,177.26945666520106,199.57387200667796,1500.7682423591614,7.1819561498168945,10.280161142349243,105.21870207529388
26.300899267196655,570000,100,1.0565838813781738,-0.009185437,25.12713885307312,14.129767656326294,-1.2207031e-08,56,0.11646151542663574,154.15814418637808,175.1534961883049,206.2140917746742,1527.1338906288147,7.6227276943116875,10.287537574768066,104.4611019707532
26.884618282318115,580000,100,1.0967717170715332,-0.009991213,25.664613008499146,14.451215505599976,-1.2016296e-08,57,0.12248063087463379,155.65726947689512,175.0257545276276,203.9105601877226,1554.0779724121094,9.88721513317817,10.489978790283203,104.52058950618618
26.294637203216553,590000,100,1.0655553340911865,-0.012565298,25.116257429122925,14.100136280059814,1.8310548e-08,58,0.11212897300720215,155.51082123531904,175.5383226888983,194.4134616555678,1580.4352660179138,8.606624345287756,10.293644905090332,104.69796428777356
26.221725463867188,600000,100,1.0390360355377197,0.00034609681,25.063150644302368,14.05492639541626,-1.525879e-08,59,0.11894965171813965,154.13362240190008,172.99964687102835,207.16898804367915,1606.713743686676,8.18092440738621,10.295710325241089,103.46140557498111
26.282859325408936,610000,100,1.058074951171875,-0.015613501,25.111297845840454,14.052921533584595,-7.629395e-09,60,0.11281418800354004,156.12271668776083,173.1671028432799,196.3370208356759,1633.0525662899017,7.657596726736008,10.343131065368652,103.5410194787375
26.481049299240112,620000,100,1.0629727840423584,-0.004680728,25.2796368598938,14.205934762954712,-2.746582e-08,61,0.13776206970214844,159.018754458716,178.5115043437331,206.11690771296912,1659.5920169353485,9.223844260734046,10.35931944847107,105.5602707371207
26.63311219215393,630000,100,1.0623664855957031,-0.015512465,25.42310881614685,14.256105899810791,1.5258789e-09,62,0.14704680442810059,165.77409990909223,183.9842939257642,199.51386903749648,1686.285091161728,8.296073646619902,10.451716899871826,107.62271462843742
26.57484769821167,640000,100,1.0711126327514648,-0.01128804,25.392076015472412,14.240188598632812,-2.746582e-08,63,0.11092376708984375,144.98605737531634,186.32208547366852,201.5884526413511,1712.9178702831268,9.644273568919967,10.443112850189209,108.31319071895904
26.280027866363525,650000,100,1.0475974082946777,-0.0064796233,25.11751413345337,14.036501407623291,3.0517577e-09,64,0.11421751976013184,148.044005189944,185.1310446798012,204.97537701888874,1739.258418560028,13.632122224897246,10.365503549575806,107.69869907384562
26.282931327819824,660000,100,1.0559606552124023,-0.011799646,25.119105339050293,14.044005155563354,3.051758e-08,65,0.1072533130645752,153.2317399137888,191.77490584454415,206.09376486240927,1765.6051571369171,9.558751021383541,10.36073350906372,110.81123245832688
26.46390175819397,670000,100,1.0645537376403809,-0.0048467345,25.263150453567505,14.094369411468506,9.155274e-09,66,0.13550925254821777,162.10019447633417,193.67275129846922,208.07539509485562,1792.1257803440094,7.913646833608743,10.453574180603027,111.97439616399183
26.35640239715576,680000,100,1.077516794204712,-0.009742065,25.157185316085815,14.06599473953247,-1.525879e-08,67,0.12103533744812012,163.9527369918447,188.19876453710572,203.8519091676673,1818.5468192100525,9.45742670601566,10.382100820541382,109.8015448328752
26.31607985496521,690000,100,1.059403419494629,-0.011452475,25.134458303451538,14.104069709777832,2.746582e-08,68,0.12140440940856934,159.4843911313025,192.02147826773663,204.87269111984574,1844.9273138046265,9.286675556500098,10.33055853843689,111.46180830664326
26.33973979949951,700000,100,1.0545153617858887,0.00079302676,25.15015149116516,14.049331903457642,-1.525879e-08,69,0.13435006141662598,158.40374956573285,194.37470649839838,211.4555571887137,1871.3269653320312,11.438509766996813,10.383118629455566,112.10955141927089
26.433722496032715,710000,100,1.0858943462371826,-0.028445398,25.21630024909973,14.168380737304688,6.1035155e-09,70,0.1307840347290039,167.81490666391514,192.4920911005328,213.32819507370033,1897.8203315734863,11.0216797545845,10.331413745880127,111.29472294872083
26.319742441177368,720000,100,1.0522003173828125,0.004584877,25.15181040763855,14.062647342681885,4.577637e-09,71,0.11512970924377441,174.91100172399476,196.87455026170807,210.46145047116772,1924.2031075954437,7.476051991716297,10.373404026031494,113.53326749890192
26.41360116004944,730000,100,1.0557546615600586,-0.010186642,25.22355008125305,14.12070894241333,6.1035155e-09,72,0.13357114791870117,164.720365694642,194.34138577595758,209.4086140628107,1950.680338859558,8.26104171621428,10.388378143310547,112.67304474848332
26.401015281677246,740000,100,1.0477375984191895,-0.0138473725,25.238735914230347,14.17230224609375,-5.722046e-09,73,0.11381959915161133,183.288732905872,199.63653324081383,210.20523307006604,1977.1505312919617,6.643387370828543,10.353948831558228,114.82279212524139
26.33239507675171,750000,100,1.0926408767700195,-0.012046331,25.128053188323975,14.106689453125,-4.577637e-09,74,0.11085057258605957,163.80614077977833,195.79916811387164,214.98769826559854,2003.5422625541687,9.724641214806907,10.302181005477905,113.1759338189996
26.12972092628479,760000,100,1.426300287246704,-0.005955161,24.592899322509766,13.708338975906372,-1.2969971e-08,75,0.10975337028503418,153.83180742974622,191.30977441417625,213.78663081904338,2029.7377388477325,12.08878213199523,10.188555240631104,111.29160576691783
26.10365581512451,770000,100,1.070493459701538,-0.012493101,24.88008451461792,13.907598733901978,-2.822876e-08,76,0.15103840827941895,157.58673834365229,190.04980262316207,213.3167101336124,2055.9387011528015,12.860989077951743,10.262874603271484,110.77371688994414
26.449050426483154,780000,100,1.0777735710144043,-0.017632458,25.25328540802002,14.183091878890991,3.0517577e-09,77,0.11733055114746094,151.99285892620148,188.2380200693091,213.38222281047544,2082.446300506592,15.242441571499032,10.35377311706543,110.00973184241961
26.49919605255127,790000,100,1.0872471332550049,-0.01832428,25.262767553329468,14.185155868530273,6.1035155e-09,78,0.1485304832458496,159.0856672654518,194.8432418646032,217.08293997395637,2109.0048010349274,12.215284624927849,10.362600088119507,113.19090167658992
26.379908800125122,800000,100,1.1012775897979736,-0.0014036132,25.166688680648804,14.05831503868103,-0.00020918579,79,0.11124801635742188,165.4954405944713,199.63830823234687,214.93758040544438,2135.443915605545,10.505437103870927,10.392128467559814,115.50791350382377
26.48950171470642,810000,100,1.0614683628082275,-0.0100228805,25.28200364112854,14.124025344848633,-4.577637e-09,80,0.14531874656677246,177.1916525045993,202.3729845539794,216.30499761149593,2161.995959997177,8.040965555334832,10.440345287322998,116.86719953404959
26.670507192611694,820000,100,1.0760347843170166,-0.003288067,25.489212036132812,14.229054927825928,1.525879e-08,81,0.10459256172180176,173.68626073273455,203.20619312442878,216.24502367120425,2188.7263288497925,7.781407463751847,10.520212888717651,117.39002873380761
26.52963161468506,830000,100,1.0645151138305664,-0.00706752,25.350417613983154,14.117565393447876,-5.340576e-09,82,0.11410140991210938,174.66133387237934,204.18047026609077,217.421501205917,2215.315418243408,8.541560128858722,10.521280765533447,117.92285220509933
27.32953929901123,840000,100,1.1443774700164795,-0.008352888,26.06276226043701,14.603986978530884,-1.3923645e-08,83,0.12172341346740723,170.15501664146663,202.94617969302192,215.66756100043852,2242.7063558101654,9.250072007739591,10.7295241355896,117.41030280121905
28.161232233047485,850000,100,1.230882167816162,-0.009142264,26.79379653930664,15.087740898132324,7.629395e-09,84,0.1357426643371582,165.77322749939896,204.69021582229288,218.43477873361002,2270.9413924217224,7.880606388226243,10.934650897979736,118.18344225347263
27.49615740776062,860000,100,1.1279702186584473,0.0006691528,26.248355865478516,14.767804384231567,0.00032033082,85,0.1190183162689209,178.26558078038957,205.35354688542913,216.24417645418126,2298.5033128261566,7.776384507290365,10.743164300918579,118.47276239802423
27.52201199531555,870000,100,1.1358742713928223,-0.002619934,26.23663306236267,14.739152908325195,-6.1035155e-09,86,0.14847230911254883,185.71135103891345,204.95397592923786,216.6708436274823,2326.0960886478424,7.00136465022629,10.753177404403687,118.30871857735167
27.883005619049072,880000,100,1.3017191886901855,-0.0018555481,26.462331533432007,14.793795108795166,-0.00031680297,87,0.11815714836120605,176.0853014433604,206.7404279003472,217.4327906211315,2354.046865463257,7.590158620599936,10.91867208480835,119.23773035273553
26.777870178222656,890000,100,1.0386936664581299,-0.007993907,25.623119115829468,14.269805431365967,7.629395e-09,88,0.11515593528747559,171.8602681873236,207.42706763953555,217.0662535198144,2380.894630908966,6.943279454524388,10.637908220291138,119.54764363151584
26.647584438323975,900000,100,1.0821731090545654,-0.032939155,25.455212831497192,14.136659860610962,1.2207031e-08,89,0.10947871208190918,168.53384015389437,207.0700106237031,217.50625940358955,2407.6023411750793,8.044357775614232,10.605273008346558,119.43211384384243
26.477558612823486,910000,100,1.051337718963623,0.0075807297,25.31347107887268,14.026649951934814,1.525879e-08,90,0.11205458641052246,171.8779331710886,208.1005987363045,216.4242317956186,2434.143042087555,7.638872319880164,10.575962781906128,119.84476059099465
26.45187544822693,920000,100,1.0668222904205322,-0.0017773834,25.274025678634644,14.067373991012573,-3.0517577e-09,91,0.11033940315246582,165.89816135515835,207.71853296699533,215.64389627297535,2460.6542506217957,8.606679756330596,10.491558074951172,119.58789556411246
26.691802263259888,930000,100,1.1234605312347412,-0.0017330475,25.448752641677856,14.207014560699463,-1.525879e-08,92,0.11881256103515625,165.86454731312338,207.2850638693658,217.04048558847936,2487.405606031418,9.605493056900537,10.52322006225586,119.3884140587472
26.65172553062439,940000,100,1.0852975845336914,-0.0023387466,25.448989868164062,14.165006399154663,1.9836426e-08,93,0.11664891242980957,191.02238659970536,209.4042486727245,216.22764788674155,2514.1158101558685,4.988798467794132,10.562779903411865,120.31578598868937
26.486215353012085,950000,100,1.0592372417449951,-0.0046523353,25.313621520996094,14.086365699768066,-1.7929077e-08,94,0.11263704299926758,176.9125886681451,208.75505297632589,217.78817293071174,2540.6651203632355,6.391736539611068,10.511533737182617,120.04071431369648
26.555305242538452,960000,100,1.0770468711853027,-0.00024080124,25.344699144363403,14.147150039672852,-1.6784668e-08,95,0.13290786743164062,178.38968410313828,208.00817336420744,216.76291415999668,2567.2776358127594,6.569374271739672,10.477013349533081,119.7077521174629
26.477643489837646,970000,100,1.375490427017212,-0.0060538757,24.907702922821045,13.850018501281738,-6.1035155e-09,96,0.19348478317260742,175.4169083198864,208.0500855281729,217.38016808400337,2593.81582570076,6.346734920109274,10.34513807296753,119.7449555782351
26.642139434814453,980000,100,1.6872189044952393,-0.0051679746,24.814154148101807,13.756982326507568,1.8310548e-08,97,0.1401221752166748,175.34480375030384,209.06736853216213,216.63879044602115,2620.5222914218903,6.113771279120331,10.350817203521729,120.28448039061078
26.157390117645264,990000,100,1.2781946659088135,-0.01738612,24.78518772125244,13.741859436035156,-0.0016973511,98,0.09335017204284668,162.47979838427827,209.02532138968115,216.97073670814154,2646.7433047294617,6.282466130461931,10.340044021606445,120.17328787323632
26.210761547088623,1000000,100,1.106966495513916,-0.0031143264,24.98735499382019,13.91874623298645,1.5640259e-08,99,0.11565566062927246,195.00945484903906,210.48644621111336,217.93743184918247,2673.0712332725525,3.902827624102661,10.360595464706421,120.79259857407713
26.57060408592224,1010000,100,1.0846683979034424,-0.0057769655,25.35700297355652,14.229885816574097,6.1035155e-09,100,0.1282515525817871,185.5005888537585,210.14090851284953,217.23931967625956,2699.704903125763,4.868629800584264,10.404866695404053,120.49853677826195
26.398558378219604,1020000,100,1.1014339923858643,-0.0007523682,25.185139894485474,14.059200763702393,-3.0517577e-09,101,0.11087751388549805,178.79173332172263,209.1205030360726,216.63139239752542,2726.1661081314087,5.73000601479575,10.411833047866821,119.94162073002606
26.58918070793152,1030000,100,1.1005840301513672,-0.010108036,25.371424913406372,14.167360067367554,-2.4414062e-08,102,0.11648130416870117,194.2730931598121,210.4700759469424,217.08928161886755,2752.8143479824066,3.980973828798697,10.484036207199097,120.53494847682329
26.4404079914093,1040000,100,1.076673984527588,0.0010400665,25.238938570022583,14.171674728393555,1.2207031e-08,103,0.1240379810333252,184.3123167306731,210.62568132078337,216.26752769496994,2779.3161973953247,5.154096122848125,10.36054277420044,120.63593114371804
26.97117328643799,1050000,100,1.0785093307495117,-0.0033604628,25.777687549591064,14.45717740058899,-2.2888184e-08,104,0.11428570747375488,176.82569309863456,210.72264283198817,217.0359211571659,2806.349511384964,5.145232612713074,10.589521884918213,120.64391506523116
26.415520668029785,1060000,100,1.072632074356079,-0.010207532,25.227221488952637,14.117118835449219,-1.8310548e-08,105,0.11490511894226074,177.943466101123,210.16333165927904,217.4098547241445,2832.8310759067535,6.031573813091315,10.396476745605469,120.39693535968874
26.468036890029907,1070000,100,1.3183715343475342,-0.012038861,24.985097885131836,13.912841558456421,1.2207031e-08,106,0.1627497673034668,172.59808856408847,211.11249892322525,216.32263730551733,2859.3650846481323,6.463533808914152,10.365072965621948,120.86472198318545
26.21639394760132,1080000,100,1.3435444831848145,-0.008647548,24.755899667739868,13.749644756317139,6.1035155e-09,107,0.11623454093933105,170.5430441550409,209.8603846403757,218.2758739207682,2885.638959646225,7.576076922039209,10.311659097671509,120.42529978781228
26.17265272140503,1090000,100,1.0526471138000488,-0.0022432357,25.00232219696045,13.932858228683472,-4.9591065e-09,108,0.1170191764831543,175.69615727557303,211.43324429023113,218.42005658882914,2911.8983783721924,5.075886909505739,10.357011318206787,121.17105856435592
26.36389684677124,1100000,100,1.0655651092529297,-0.0017040222,25.186784267425537,14.117322206497192,-7.629395e-09,109,0.11095690727233887,182.47557194395853,210.7438512929183,218.46176291595492,2938.3219709396362,4.606309656852454,10.358466386795044,120.94450036486207
26.351900339126587,1110000,100,1.1399266719818115,-0.0038994583,25.096015453338623,13.97862458229065,-3.8146974e-09,110,0.11526966094970703,178.2399510582512,210.79833978634662,218.0722512633383,2964.7400941848755,5.702120236264583,10.40361475944519,121.01271795257043
26.519248247146606,1120000,100,1.0650241374969482,-0.0026857506,25.337615728378296,14.182542562484741,1.9073487e-09,111,0.11583852767944336,177.0061829282739,209.56222926620947,217.91709850399798,2991.3241424560547,7.481987893683307,10.448520183563232,120.58604231686613
26.377528190612793,1130000,100,1.069481372833252,-0.008381993,25.18564510345459,14.052889823913574,-6.1035155e-09,112,0.12167930603027344,176.89235116446554,210.12251977187046,219.67461082924703,3017.7600905895233,7.272848098539237,10.412563800811768,120.83722136858509
26.560590267181396,1140000,100,1.0836818218231201,-0.0054099,25.36108160018921,14.22409725189209,-1.2207031e-08,113,0.11512613296508789,170.9836048141049,209.5158267577197,218.70190481835854,3044.3858482837677,8.082599219317741,10.41903281211853,120.54789004344121
26.47626256942749,1150000,100,1.0787577629089355,-0.0033629485,25.28148627281189,14.075140953063965,1.2207031e-08,114,0.11531853675842285,169.66083071749725,209.42022179190243,217.42088474233995,3070.9267761707306,7.419564705764983,10.477536916732788,120.62545974404067
26.597168684005737,1160000,100,1.091325283050537,-0.0024057983,25.38656997680664,14.20165205001831,3.0517577e-09,115,0.1186525821685791,173.77676168963905,209.44604755395397,215.88806523951376,3097.5881090164185,6.331317887813168,10.46906328201294,120.7107616281134
26.55840754508972,1170000,100,1.0851213932037354,-0.002061664,25.34619641304016,14.079854726791382,1.8310548e-08,116,0.1264505386352539,185.57351625626853,208.62369782532224,216.78988415982028,3124.2070972919464,5.827273646884579,10.553131103515625,120.37455492020271
26.674928665161133,1180000,100,1.0764453411102295,-0.0065532196,25.477156400680542,14.235776424407959,-3.0517577e-09,117,0.12052512168884277,170.35049776367154,209.06395281969665,217.32878163522602,3150.943375110626,6.6398301401815205,10.521959066390991,120.58334590182767
26.875996828079224,1190000,100,1.0719470977783203,-0.008615842,25.686868906021118,14.385961055755615,3.0517577e-09,118,0.1163642406463623,193.35274642066202,210.4761607293448,217.87811174059516,3177.881605863571,4.417222708725537,10.565515756607056,121.24431092731679
26.380711555480957,1200000,100,1.0674200057983398,-0.010560416,25.201314687728882,14.052520513534546,-0.0011727242,119,0.1112055778503418,194.37009623156513,209.66192215210936,218.40371795756246,3204.3251435756683,4.54956137112595,10.438361883163452,120.69423296978572
26.50329351425171,1210000,100,1.0899956226348877,-0.037604943,25.2918119430542,14.131949186325073,3.0517577e-09,120,0.12064957618713379,196.10840847275477,211.2330959325466,217.48525208791477,3230.8954541683197,4.063176371618454,10.439600467681885,121.32971788641393
26.387290716171265,1220000,100,1.0763139724731445,0.00095829775,25.199188470840454,14.012972116470337,-1.0681152e-08,121,0.11120271682739258,192.84095251419558,212.09799253783464,218.47003973263116,3257.3440024852753,4.271019494468231,10.473515033721924,121.64469874828892
26.442065000534058,1230000,100,1.107177972793579,-0.010780545,25.21462655067444,14.028552770614624,1.2207031e-08,122,0.11952757835388184,186.65367007794447,212.2585352635925,219.96140210943216,3283.845484495163,4.583033908038859,10.475481986999512,121.77860049028733
26.57484745979309,1240000,100,1.0650107860565186,-0.0044930754,25.386828660964966,14.194145202636719,0.001034082,123,0.12229514122009277,200.6033583626336,211.4434313987469,220.89753293616658,3310.484842300415,3.9741579219434,10.477612972259521,121.48977302639729
27.188277006149292,1250000,100,1.083559274673462,-0.0016677887,25.984601974487305,14.528498411178589,1.8310548e-08,124,0.1192934513092041,196.052111948817,211.29869144071134,219.17202455341422,3337.736005783081,3.950495722978685,10.72171950340271,121.50941434440638
26.41472578048706,1260000,100,1.0681216716766357,-0.005482472,25.22021245956421,14.038562774658203,4.577637e-09,125,0.12566375732421875,200.56780524622565,212.4902044476583,219.5511307568008,3364.216426372528,3.6207291141293116,10.462558031082153,122.07944596521993
26.763535737991333,1270000,100,1.0593516826629639,-0.0030268952,25.58910346031189,14.356899976730347,-0.00033237305,126,0.1142888069152832,175.18995448756797,212.32465334656052,221.19205937486436,3391.0420508384705,5.327098561531443,10.521084547042847,122.0154650609391
26.453819036483765,1280000,100,1.0695483684539795,-0.0056453138,25.243147134780884,14.075918674468994,-9.918213e-09,127,0.14043045043945312,174.18218431228323,212.25136112269578,221.30625415536272,3417.557183265686,6.250306274883856,10.451058387756348,122.0137828599924
26.553550958633423,1290000,100,1.0540392398834229,-0.00020035858,25.361395835876465,14.144006490707397,4.577637e-09,128,0.13731741905212402,196.70492393639302,212.70614150578913,219.19339692191403,3444.185083389282,4.260017589949083,10.496761798858643,122.18781544318483
26.463115453720093,1300000,100,1.0714125633239746,-0.016270708,25.278056144714355,14.085373401641846,8.5830687e-10,129,0.11295223236083984,176.43020246106687,211.44052575899101,219.99729357340047,3470.707610607147,7.644507436394438,10.472693920135498,121.62782461630144
26.55128240585327,1310000,100,1.0641436576843262,-0.008413425,25.362308740615845,14.139068841934204,-3.0517577e-09,130,0.12414002418518066,190.19807821997625,212.56152513927336,220.48534555013973,3497.322031021118,4.885332502799189,10.513461589813232,122.03295309018205
26.60753035545349,1320000,100,1.0867912769317627,-0.010867704,25.40795588493347,14.087206602096558,1.1062622e-08,131,0.11202836036682129,177.75479818426822,213.40916271360211,220.87501475098492,3523.9909348487854,5.544215642018255,10.60690188407898,122.4549033196346
26.646042108535767,1330000,100,1.0895390510559082,-0.0018429535,25.434621334075928,14.184173583984375,1.8310548e-08,132,0.12119460105895996,189.30695114998812,211.5213563062838,219.57480903895402,3550.7063417434692,5.790187250722804,10.53818655014038,121.5093688844432
26.645797729492188,1340000,100,1.0785610675811768,-0.0013775207,25.452337741851807,14.179156303405762,-9.155274e-09,133,0.11424112319946289,197.8278374207363,212.58946750751255,221.48262551822447,3577.423110961914,4.90067699676538,10.555539846420288,121.99577209633034
26.568820238113403,1350000,100,1.0966119766235352,-0.0062541137,25.35663938522339,14.183399438858032,1.8310548e-08,134,0.11487436294555664,197.04564092048108,212.16309233822875,219.72848042546545,3604.0489840507507,5.29183427048946,10.456308364868164,121.73487850962636
26.431782722473145,1360000,100,1.0800385475158691,-0.010088638,25.23978590965271,14.096250057220459,-1.6784668e-08,135,0.11123418807983398,200.35888311868058,213.2751121534223,222.29930523842432,3630.5430483818054,3.8945936658580416,10.427494764328003,122.23366233882558
26.529106616973877,1370000,100,1.060689926147461,-0.0054363953,25.341366291046143,14.189632892608643,-3.0517577e-09,136,0.12650489807128906,197.2786360521955,212.58565583004395,220.78089755857715,3657.131991624832,4.591491300827544,10.439536571502686,121.9040122371362
26.48767852783203,1380000,100,1.079505443572998,-0.0035338227,25.295435428619385,14.1882164478302,3.8146972e-10,137,0.1119382381439209,201.59305957523537,213.3306001279652,219.91778637655418,3683.6743819713593,3.8060070025820782,10.393752813339233,122.2186384562134
26.411163806915283,1390000,100,1.0783488750457764,-0.0028046144,25.21160626411438,14.10481333732605,-1.2207031e-08,138,0.12013792991638184,204.71966529779084,213.87187273208787,221.9305645153462,3710.1474421024323,3.6240497839647747,10.392717361450195,122.43416810372959
26.411868810653687,1400000,100,1.0572035312652588,-0.003678038,25.229196786880493,14.139160394668579,5.722046e-10,139,0.12476944923400879,200.69809654997874,214.4999331417143,220.13118433266834,3736.6229181289673,3.558086222903284,10.378838300704956,122.63856737758209
26.426233053207397,1410000,100,1.2763690948486328,-0.0029623932,24.962929725646973,13.921552658081055,1.5258789e-09,140,0.18488049507141113,204.13935899823952,214.42828566645122,221.24047641987877,3763.107325553894,3.648469282338904,10.328614473342896,122.60120819335155
26.568490266799927,1420000,100,1.5997850894927979,-0.007879543,24.850172996520996,13.820611953735352,2.7656555e-09,141,0.11774444580078125,205.3499522536239,215.1062536531547,222.32387486010416,3789.74085855484,3.7126064873617968,10.325172901153564,122.93750272569332
26.013480186462402,1430000,100,1.0608792304992676,-0.0012637796,24.844836711883545,13.8421790599823,1.1062622e-08,142,0.10686779022216797,203.00203570614246,214.62177150343078,221.2796522482654,3815.8471529483795,3.9496898968112877,10.294456481933594,122.65723285228316
26.32915163040161,1440000,100,1.032224416732788,-0.0074973227,25.175671100616455,14.117892265319824,2.670288e-09,143,0.12037134170532227,190.73652714347605,213.49276504447752,220.77731212183267,3842.2456018924713,6.1685900258603645,10.344685554504395,122.11251897260928
26.54395031929016,1450000,100,1.066483497619629,-0.0015933029,25.349897623062134,14.225071668624878,-6.4849854e-09,144,0.12664031982421875,193.37406947521953,215.01734245344275,222.29058311142668,3868.8533804416656,4.99416747547759,10.411340475082397,122.95180480721092
26.50433111190796,1460000,100,1.065406084060669,-0.008985873,25.327816247940063,14.223825693130493,2.4414062e-08,145,0.11040568351745605,201.09948431332765,214.89568521413202,222.28296295661036,3895.414766073227,4.086362007621652,10.3936927318573,122.98852754825906
26.41347360610962,1470000,100,1.0632450580596924,-0.0012623024,25.23213291168213,14.07787036895752,-7.629395e-09,146,0.11733222007751465,205.22496538530908,215.43795312520353,221.45786286881193,3921.891142129898,3.7612367250185526,10.440258026123047,123.21638375823697
26.220531463623047,1480000,100,1.0665709972381592,-0.004358069,25.042010068893433,13.970412015914917,9.155274e-09,147,0.11124944686889648,198.63146091020144,215.30742974066848,223.30993105332726,3948.1745347976685,4.777716358943586,10.362062454223633,123.08764015376684
26.373350620269775,1490000,100,1.0596683025360107,-0.010219323,25.208709478378296,14.156649112701416,2.4414062e-08,148,0.10435271263122559,204.3622696560646,216.09711832561163,222.94929871998062,3974.6126322746277,3.5896855691409333,10.335262060165405,123.44641027147944
26.937721490859985,1500000,100,1.0627264976501465,-0.0006029388,25.75745153427124,14.443752765655518,-4.577637e-09,149,0.11687636375427246,210.0926947023803,216.731077768293,223.2439356456841,4001.6092653274536,3.118795331407508,10.575592517852783,123.65044008088394
26.420227766036987,1510000,100,1.0564565658569336,-0.0046789977,25.240983724594116,14.154040098190308,-8.392334e-09,150,0.12205624580383301,203.9716910091925,216.08159944462676,222.6932604497783,4028.09574842453,3.654298678734733,10.371097803115845,123.28697855353546
26.250014781951904,1520000,100,1.0754873752593994,-0.0057318,25.05794596672058,14.012794733047485,-3.4332275e-09,151,0.11585521697998047,205.35140269780655,216.60360705007267,223.21870749711732,4054.4094746112823,3.9323569812984798,10.334211349487305,123.57617153789971
26.493042469024658,1530000,100,1.088942289352417,-0.005241211,25.282675981521606,14.130306005477905,-1.0681152e-08,152,0.12071418762207031,193.07093202033641,216.26093352473146,222.8359527369631,4080.962615251541,4.836031247374756,10.428879261016846,123.48050351928825
26.566760301589966,1540000,100,1.4097788333892822,-0.0094881505,24.959269762039185,13.933704614639282,-6.1035155e-09,153,0.19637060165405273,203.93707280627336,217.92846611255393,226.3522422341356,4107.593976020813,3.9104815602420833,10.32003903388977,124.30907059644423
26.524176359176636,1550000,100,1.6491024494171143,-0.0033622864,24.7086079120636,13.757814645767212,-7.629395e-09,154,0.16576933860778809,203.9260121549332,217.40206309800627,224.32546132824214,4134.175161361694,4.162265788603722,10.235235214233398,124.04186630867059
26.207720041275024,1560000,100,1.3226542472839355,-0.008335573,24.75649666786194,13.78993535041809,-4.577637e-09,155,0.12780451774597168,203.5920064649893,217.30082486813956,225.38719162557157,4160.4433562755585,3.9638963593065455,10.266754150390625,123.88651233271256
26.108466625213623,1570000,100,1.064218521118164,-0.011452515,24.922789812088013,13.925572395324707,-2.1362304e-08,156,0.12068796157836914,144.66268844944318,215.2179470818324,225.96633052736757,4186.627536773682,9.742302131071968,10.287888288497925,122.96712472978867
26.368083953857422,1580000,100,1.0721287727355957,0.00024310112,25.185328006744385,14.132487773895264,1.926422e-08,157,0.11004471778869629,208.6964557648629,217.44886901066428,224.62917131052978,4213.055263519287,3.803332231467762,10.333543539047241,123.91339585999464
26.292304754257202,1590000,100,1.0794422626495361,-0.0049885926,25.093663692474365,14.08253526687622,-1.2207031e-08,158,0.11849617958068848,206.6138004420337,216.10887452897833,226.4110919190584,4239.4051921367645,4.12896861765703,10.292038440704346,123.26478034132592
26.429089784622192,1600000,100,1.0806288719177246,-0.0069365418,25.234900951385498,14.145049571990967,1.2207031e-08,159,0.11274480819702148,198.96021079851397,217.26998095817626,224.99493397502874,4265.900951862335,4.817346872088605,10.370294332504272,123.88433966065163
26.467501401901245,1610000,100,1.0597960948944092,-0.007015921,25.294742584228516,14.08960747718811,3.0517577e-09,160,0.11230850219726562,174.8592174061606,217.1577667465708,224.89911211392146,4292.430056333542,7.053215122091613,10.481515169143677,123.84786739523855
26.390750408172607,1620000,100,1.0929486751556396,-0.0074838013,25.17736577987671,14.070916891098022,1.8310548e-08,161,0.1197350025177002,179.68320337694308,217.1377470100471,226.28419719536336,4318.887014865875,7.822717405160823,10.39049243927002,123.93496501299467
26.336873531341553,1630000,100,1.0727689266204834,-0.007965863,25.14550542831421,14.079369068145752,-0.00085630495,162,0.11787080764770508,196.14561107519899,218.35132552411466,226.01125609000184,4345.286826848984,5.39582713729719,10.352699995040894,124.57280339343788
26.47466516494751,1640000,100,1.0637400150299072,-0.001589473,25.300554513931274,14.12754487991333,1.1062622e-08,163,0.10979056358337402,186.49460776144304,217.12858755584665,226.3376390814391,4371.825381755829,5.6284339641507515,10.45711064338684,124.08196126237912
26.432647228240967,1650000,100,1.0360164642333984,-0.011825238,25.286818027496338,14.149241209030151,-3.051758e-08,164,0.10904073715209961,194.7003104160906,217.88437456493114,223.88550484365058,4398.3214635849,4.480054946586571,10.418583869934082,124.39337071173604
26.41404151916504,1660000,100,1.07600998878479,-0.008983277,25.211622714996338,14.102888584136963,-2.1362304e-08,165,0.1256396770477295,201.75049186628607,219.601566597907,226.2494209133805,4424.793558835983,4.0438695988647435,10.398895978927612,125.1312910708247
26.37643551826477,1670000,100,1.0586702823638916,-0.031259038,25.19545078277588,14.033867835998535,-6.1035155e-09,166,0.12165975570678711,205.85190933431554,219.31058026208953,226.03138492202643,4451.233785390854,3.920478959007409,10.444144487380981,124.95185613963366
26.345420122146606,1680000,100,1.0680251121520996,-0.009120408,25.159892559051514,14.074470520019531,1.2207031e-08,167,0.11680960655212402,147.21439676832003,212.32163458300826,226.0529389577443,4477.634235620499,15.042298127670275,10.370844841003418,121.64735848028141
26.583049535751343,1690000,100,1.0762825012207031,-0.025669834,25.378143787384033,14.231076002120972,6.1035155e-09,168,0.12790417671203613,154.11962831438095,213.14101907820674,225.34235013973654,4504.275371313095,14.417793954204525,10.431599140167236,121.90044339567854
26.37153172492981,1700000,100,1.080409049987793,0.0019201416,25.161107063293457,14.100079536437988,-6.1035155e-09,169,0.12929749488830566,208.5405744737318,220.06509096474605,225.9775905681901,4530.710818767548,3.342757432978599,10.345491647720337,124.8465783382222
26.291451454162598,1710000,100,1.0850965976715088,-0.010273932,25.068847179412842,14.043041229248047,-2.4414062e-08,170,0.13680362701416016,179.01061594853547,215.056369669536,225.6222204724476,4557.062483787537,6.393368831599874,10.317433595657349,122.48045130199222
26.703720331192017,1720000,100,1.1033835411071777,-0.0049778502,25.469869136810303,14.311992168426514,-0.0008708473,171,0.12968993186950684,199.89968391233603,217.42402809338648,225.84261765665408,4583.827002286911,5.186877109086339,10.447121381759644,123.62468837901874
26.752012491226196,1730000,100,1.0726730823516846,-0.00711921,25.561144590377808,14.28173828125,1.5258789e-09,172,0.11734247207641602,205.96121606807034,220.60024480937426,227.05216647602435,4610.635257482529,3.717952160778257,10.54982876777649,125.22476583460009
26.574649810791016,1740000,100,1.0761442184448242,-0.0011347443,25.3839271068573,14.228104591369629,9.536743e-09,173,0.11383271217346191,194.16947295798028,219.21629714725398,226.24958209673434,4637.271301984787,6.274164024525111,10.436047554016113,124.63670195216179
26.338706970214844,1750000,100,1.0612523555755615,-0.018726727,25.16479229927063,14.08304738998413,-2.4414062e-08,174,0.11195254325866699,164.4490619827946,219.30641378204047,226.0227464174703,4663.671752691269,9.023736565944757,10.371612310409546,124.70810964769655
26.46311616897583,1760000,100,1.0793333053588867,-0.022679817,25.258967638015747,14.144848823547363,1.5258789e-09,175,0.12375426292419434,209.26567462800136,220.8166978883188,226.44786788816336,4690.194232702255,3.172490008705899,10.400813579559326,125.28540062178841
26.25177550315857,1770000,100,1.057133674621582,-0.0040937252,25.07319164276123,14.058451652526855,2.7608872e-08,176,0.12065434455871582,208.43440771728504,220.15734756429356,227.4076000225811,4716.509103059769,3.509072896080855,10.303264617919922,125.06511435651576
26.492085695266724,1780000,100,1.0752322673797607,-0.0053208587,25.29158902168274,14.105571031570435,-6.1035155e-09,177,0.1243128776550293,194.08003577649842,221.8698631459177,226.62859649034414,4743.064163684845,3.88983849751802,10.465779542922974,125.94824541992877
26.427045822143555,1790000,100,1.0512473583221436,-0.018173408,25.256380319595337,14.150377750396729,1.6784668e-08,178,0.11866521835327148,205.46310894790867,220.36087436237088,226.59261991762986,4769.550622463226,4.255911582002618,10.380913257598877,125.3983489415816
26.440059661865234,1800000,100,1.0852255821228027,-0.011491144,25.238775730133057,14.068742275238037,1.2207031e-08,179,0.11541557312011719,210.0554902105059,221.0404931831172,227.49399767132542,4796.053896665573,3.5619249026774322,10.453392267227173,125.84732670918271
26.438333988189697,1810000,100,1.0704982280731201,-0.020318635,25.25394082069397,14.119539260864258,1.0681152e-08,180,0.11323332786560059,207.8822490490053,219.872816989642,225.14950186935405,4822.556093454361,4.070092866277583,10.41368055343628,125.47198885065893
26.629456758499146,1820000,100,1.0772228240966797,0.001049498,25.35127282142639,14.212789297103882,1.9836426e-08,181,0.1994309425354004,206.275802595955,218.9067721871988,226.1062654580822,4849.24840426445,4.14478039808508,10.424823999404907,125.03484120942986
26.634191513061523,1830000,100,1.6783628463745117,-0.0055872626,24.801252126693726,13.767669439315796,7.629395e-09,182,0.15347886085510254,174.70921342676536,218.93586710793298,224.7971746739325,4875.9425802230835,5.760314358358521,10.331417322158813,125.00889265475051
25.998250246047974,1840000,100,1.0960750579833984,-0.0068771485,24.79504919052124,13.76455044746399,-6.1035155e-09,183,0.10640501976013184,203.5422373048286,220.1065950273811,226.22740535022305,4902.019113540649,3.319217916278949,10.327637195587158,125.51457219571829
26.399325370788574,1850000,100,1.0646982192993164,-0.009399737,25.219325065612793,14.073282718658447,-1.2207031e-08,184,0.11379122734069824,155.93199330646286,218.45156621654,225.45739664050492,4928.497145175934,10.510833057696445,10.437459468841553,124.9357601923561
26.4249587059021,1860000,100,1.0767924785614014,-0.010642083,25.213484048843384,14.105624437332153,-1.2207031e-08,185,0.1339409351348877,165.1638167644152,218.75308855753462,225.92891858381734,4954.98085641861,8.615491437069945,10.379915714263916,124.99101998780044
26.55380630493164,1870000,100,1.0460174083709717,-0.019184247,25.39668560028076,14.253425121307373,3.7670134e-09,186,0.11035990715026855,171.67349104679258,218.4501869841286,226.0828355126484,4981.595556974411,8.698198745652652,10.430711269378662,124.84856192742316
26.373321056365967,1880000,100,1.0633342266082764,0.0004841736,25.197208166122437,14.122595071792603,-1.6021728e-08,187,0.11202049255371094,159.84369257220493,217.77750100826503,225.9151390650408,5008.039236068726,10.424344035465273,10.361725330352783,124.508453282069
26.35204839706421,1890000,100,1.0545213222503662,-0.0077932924,25.182600736618042,14.026450634002686,-2.1362304e-08,188,0.11425399780273438,150.2398577480177,217.81707958357532,226.4397043177498,5034.447946548462,9.877253523035074,10.41756010055542,124.4140705328799
26.527259349822998,1900000,100,1.0765414237976074,-0.012501026,25.326603174209595,14.207714319229126,1.1444092e-08,189,0.12337923049926758,204.08172028382666,220.7813404189822,227.44426725282295,5061.034455299377,3.3963679490557928,10.406670331954956,125.74584296222226
26.467672109603882,1910000,100,1.0690407752990723,-0.0046647917,25.280537366867065,14.144816398620605,-1.2207031e-08,190,0.11738419532775879,124.04352468957612,220.0467603648286,227.50943106726217,5087.559440135956,10.280898107870597,10.420650959014893,125.32914608740839
26.491981983184814,1920000,100,1.0683937072753906,-0.007105887,25.301917791366577,14.164143323898315,3.0517577e-09,191,0.12093734741210938,206.56352528272606,220.4137778155641,227.0618464287966,5114.110447645187,3.6576655651278376,10.42557144165039,125.37140693039368
26.41273832321167,1930000,100,1.0783138275146484,-0.017843602,25.21752619743347,14.121925830841064,-6.1035155e-09,192,0.1161036491394043,208.42540246412813,220.86989888455068,226.56834264132274,5140.582191228867,3.488896257411332,10.383851051330566,125.62079559960765
26.934284210205078,1940000,100,1.169909954071045,-0.0017971161,25.61906099319458,14.32262659072876,7.629395e-09,193,0.14470338821411133,207.46971780167246,220.45172197796316,226.08790184469584,5167.578729152679,3.942226402490718,10.569485902786255,125.58589207633123
26.650490045547485,1950000,100,1.0711510181427002,-0.0022710694,25.458158016204834,14.299168348312378,6.1035155e-09,194,0.12034392356872559,204.57771113703038,220.7946214825103,226.2400515409543,5194.296641111374,3.8260161265086543,10.44325065612793,125.78813897043813
26.447885751724243,1960000,100,1.0891997814178467,-0.0023537902,25.223474502563477,14.168280363082886,-1.525879e-08,195,0.13454222679138184,201.01477184997935,220.19827960581006,226.19179725262998,5220.806440591812,4.734487973167525,10.349034309387207,125.47564766858197
26.489925146102905,1970000,100,1.080329418182373,-0.0060574645,25.294235467910767,14.152910470962524,-1.2207031e-08,196,0.11469101905822754,204.6815351865938,219.56284907822285,226.24251108635957,5247.360650062561,4.732737174577226,10.423018455505371,125.09982719713504
26.477911472320557,1980000,100,1.1167805194854736,-0.003300772,25.251574993133545,14.139705419540405,-3.0517577e-09,197,0.10895252227783203,199.98977626741373,220.79606569793214,227.3016577829995,5273.895480394363,4.827299952105595,10.399959087371826,125.72352047587215
26.395423650741577,1990000,100,1.087043285369873,-0.010752924,25.180954694747925,14.100659370422363,-1.6784668e-08,198,0.12668848037719727,188.0381412701381,221.38271355989698,227.35225982219225,5300.358332633972,4.5145718775505275,10.364476203918457,126.10651388277982
26.375256538391113,2000000,100,1.0661604404449463,-0.0054173563,25.18313980102539,14.078876256942749,-1.1444092e-08,199,0.12529635429382324,207.57304082508824,221.49294940529595,226.47541354993936,5326.79331278801,3.3870959117460973,10.385036945343018,126.10054639901173
26.36072087287903,2010000,100,1.059809684753418,-0.0024544678,25.14845061302185,14.03973126411438,-6.1035155e-09,200,0.15169239044189453,215.3416468286217,222.6304050242496,226.26984561559368,5353.220093250275,2.3583415034441577,10.391592264175415,126.67362193337406
26.31707191467285,2020000,100,1.0877947807312012,-0.0051057036,25.118310689926147,14.020464181900024,1.8310548e-08,201,0.11041092872619629,214.4757873585127,222.4870743302229,227.78978058152538,5379.60150885582,2.6983562397483536,10.372679948806763,126.61496411820815
26.35387659072876,2030000,100,1.078014612197876,-0.006917218,25.16852116584778,14.01978325843811,-0.00052592775,202,0.10670852661132812,211.00329088131033,222.6768634276528,228.2561024532492,5406.0194725990295,3.3689885931457364,10.435861110687256,126.69764159041384
26.450485944747925,2040000,100,1.0439529418945312,-0.008566426,25.29138731956482,14.139241456985474,1.1444092e-09,203,0.11444997787475586,213.6417345113591,222.47398867367917,228.0947798455886,5432.528928995132,2.9611832004172536,10.439109563827515,126.59330172604413
26.548584938049316,2050000,100,1.0812337398529053,-0.015848653,25.350712060928345,14.19816780090332,9.346008e-09,204,0.11588668823242188,201.5914604931627,221.98866643713725,228.1664513396921,5459.13946056366,3.8116183704292275,10.432580709457397,126.3452099759885
26.499937534332275,2060000,100,1.0673997402191162,-0.006867435,25.29705810546875,14.159722566604614,-1.8310548e-08,205,0.134779691696167,150.65714073470383,216.855409499435,227.0292635825896,5485.705822467804,10.373437698515453,10.425265073776245,123.9992043701384
26.393672466278076,2070000,100,1.077622890472412,-0.015757648,25.20787286758423,14.060741424560547,2.2125244e-08,206,0.1076054573059082,130.91302508457446,210.0875773792345,226.9302035992489,5512.167915582657,16.977742901807236,10.438806772232056,120.99423581418583
26.536633014678955,2080000,100,1.0842065811157227,-0.009609824,25.332833290100098,14.184410572052002,-1.2207031e-08,207,0.1189887523651123,194.77609255614948,220.0677154856047,227.8040445098884,5538.7648713588715,5.865131951147529,10.436380624771118,125.44307980968077
26.46453547477722,2090000,100,1.076606273651123,-0.0038914063,25.27648162841797,14.146541357040405,2.4908448e-05,208,0.11081194877624512,208.9530883714715,222.5066302247617,227.2331779381173,5565.290154695511,3.3429001825137363,10.41903567314148,126.75731183669632
26.55577540397644,2100000,100,1.0882492065429688,-0.047672592,25.35193657875061,14.152824878692627,9.918213e-09,209,0.11486101150512695,205.8926903307432,220.8423141891499,227.50088197851318,5591.905867576599,3.9212524050569804,10.48255467414856,126.13213660687664
26.466835498809814,2110000,100,1.0629682540893555,-0.0454984,25.291581392288208,14.158320903778076,-2.2888185e-09,210,0.11160159111022949,211.69110580059936,221.78897419027032,229.33664419361818,5618.432245731354,3.549759818790735,10.398568153381348,126.34299739111889
26.450804471969604,2120000,100,1.1187803745269775,-0.0040018493,25.20595359802246,14.104905843734741,-0.00046035767,211,0.12544679641723633,186.30508542590192,221.28100983568933,227.5629241519479,5644.942755460739,5.76284821921354,10.386718034744263,125.93077216919562
26.33173656463623,2130000,100,1.2504551410675049,-0.005071359,24.93390464782715,13.956312894821167,-9.155274e-09,212,0.14386701583862305,182.22970564465578,214.38055009820096,226.8441064307343,5671.343462705612,11.359584852019868,10.26600956916809,122.67207659730875
26.494649410247803,2140000,100,1.6458191871643066,-0.017910717,24.65613842010498,13.757342338562012,-2.2888185e-09,213,0.19169282913208008,193.52828720411287,221.3173785652715,227.1686963927445,5697.892998456955,6.09100487789951,10.194865465164185,125.63900938796482
25.721099138259888,2150000,100,1.0913047790527344,-0.0006861046,24.505457162857056,13.675401210784912,-4.196167e-09,214,0.12357902526855469,212.71549383376473,223.47370768549487,227.60227196925314,5723.673806190491,2.7901186086090255,10.12830924987793,126.79293813218369
26.255619049072266,2160000,100,1.0670979022979736,-0.007720215,25.063706874847412,14.07920241355896,2.89917e-08,215,0.12363600730895996,211.14861852752404,222.77687299506954,228.60262073479075,5750.008451700211,3.1256407921250373,10.27230167388916,126.57469955992103
26.426015853881836,2170000,100,1.1528329849243164,-0.019662863,25.157378911972046,14.158403396606445,-1.373291e-08,216,0.11517500877380371,195.7279259765594,222.64279380628494,227.2120662274724,5776.4977486133575,3.879326784636604,10.291503429412842,126.45285445437739
26.680712938308716,2180000,100,1.0946285724639893,-0.0065604104,25.438535928726196,14.29522705078125,3.0517577e-09,217,0.14676594734191895,217.52939072712607,224.21581766302256,227.86460828512617,5803.251374959946,2.13592084027151,10.426662683486938,127.00142097605885
26.384352445602417,2190000,100,1.074789047241211,-0.0058980505,25.199567079544067,14.097386837005615,-3.0517577e-09,218,0.1092386245727539,210.0411325283686,223.46197339609574,228.32557510701088,5829.702769994736,3.0778479389667535,10.383172273635864,126.66502737297738
26.365902185440063,2200000,100,1.0696508884429932,-0.0053510433,25.182613611221313,14.135014772415161,3.4332275e-09,219,0.11289739608764648,212.00690598486904,223.20219561638493,228.84457333756492,5856.132420063019,3.339227482452187,10.339275121688843,126.43175268178699
26.31525945663452,2210000,100,1.0931789875030518,-0.004080928,25.105151653289795,14.055827379226685,9.155274e-09,220,0.11590242385864258,195.0815485405566,219.87742620803485,228.36311676028592,5882.513617038727,7.4190341774965365,10.331975221633911,124.97798177503118
26.470974445343018,2220000,100,1.0597741603851318,-0.01555324,25.295310974121094,14.257701635360718,-3.8146974e-09,221,0.11514711380004883,170.1801282127894,218.66366079384198,229.07711499196415,5909.047567129135,11.120001069865383,10.32646894454956,124.55388828245046
26.27509117126465,2230000,100,1.076761245727539,-0.012219052,25.040575742721558,14.05333399772644,-9.155274e-09,222,0.1570143699645996,209.2923936915738,223.8140022740776,227.9669309433657,5935.384649038315,2.8943865321140883,10.272948980331421,127.00107528258489
26.318811416625977,2240000,100,1.093125581741333,-9.957581e-05,25.112621545791626,14.008234977722168,6.1035155e-09,223,0.11243367195129395,204.1973446011334,220.80333609536908,227.54127926035687,5961.764922142029,4.187458071352535,10.393963098526001,125.68558319457031
26.36280655860901,2250000,100,1.0662612915039062,-0.035227954,25.16611361503601,14.043988227844238,-2.746582e-08,224,0.1296851634979248,208.13579746275033,222.10446867410758,229.1071960523601,5988.187814235687,4.211832396672204,10.399267673492432,126.38160408975949
26.483195066452026,2260000,100,1.6839337348937988,-0.00023043212,24.667029857635498,13.732329845428467,-1.2207031e-08,225,0.13158011436462402,194.22486172937545,222.3584000790632,227.6610652439063,6014.733213663101,5.139937214349548,10.236616849899292,126.53184910803274
26.054447650909424,2270000,100,1.155299186706543,-0.010180218,24.784804821014404,13.825806856155396,6.1035155e-09,226,0.11193680763244629,155.2424699866153,219.29746673552611,227.6161287513996,6040.876815080643,9.134238641652342,10.251477479934692,125.07916481282356
26.389950275421143,2280000,100,1.0814552307128906,-0.0060818694,25.18992257118225,14.104946851730347,-1.2207031e-08,227,0.11658358573913574,189.9231128515568,219.89092982075,227.29015722503584,6067.349952697754,6.529602456722377,10.378667831420898,125.30896290095232
26.442381143569946,2290000,100,1.0957751274108887,-0.0137224365,25.239675998687744,14.086432695388794,-9.155274e-09,228,0.10605406761169434,202.02434467880397,222.60303306131289,228.15598777436148,6093.859907627106,4.525237636255953,10.432898998260498,126.70020361532893
26.42753505706787,2300000,100,1.0744860172271729,-0.0041915923,25.240249156951904,14.041376829147339,-1.8310548e-08,229,0.11203408241271973,211.0976704665376,222.15769404329902,227.88435268186487,6120.352084875107,3.7739971771031358,10.461939334869385,126.71097256251454
26.573175191879272,2310000,100,1.0678236484527588,-0.026007235,25.391047716140747,14.16037893295288,6.1035155e-09,230,0.1136927604675293,206.25184278819003,221.87112865305508,228.15378792391883,6146.986325979233,4.234536739601284,10.51409125328064,126.567363766684
26.533873319625854,2320000,100,1.1013739109039307,-0.2776259,25.315420389175415,14.155044078826904,-1.8310548e-08,231,0.11641502380371094,205.24127098389624,222.45348607998577,227.89346055290423,6173.580738782883,3.7069433443065676,10.450521469116211,126.65346145056048
26.515627145767212,2330000,100,1.0756921768188477,-0.16779044,25.33075785636902,14.135143518447876,1.9836426e-08,232,0.1084439754486084,199.4151322512414,221.81765312714361,227.25875127285533,6200.159102678299,3.971628896150099,10.48233437538147,126.20922221339029
26.403557777404785,2340000,100,1.067610502243042,-0.022747021,25.221335411071777,14.054105997085571,1.8310548e-08,233,0.11394858360290527,210.29723584969037,222.10403738706916,228.0371761824851,6226.630284547806,3.585146372227381,10.454110860824585,126.30732475514034
26.48711323738098,2350000,100,1.0763025283813477,-0.012128441,25.275206327438354,14.043395280838013,-0.000979889,234,0.13487768173217773,200.58047611257632,216.5252245447606,225.99500812150558,6253.174957275391,5.243219174285221,10.513296604156494,124.12117068364549
26.427173852920532,2360000,100,1.0705935955047607,-0.009131042,25.24709153175354,14.092123985290527,-4.577637e-09,235,0.10877776145935059,194.33554561280496,214.04962965164486,225.94223682746764,6279.659821510315,4.882163409309119,10.438223123550415,123.13540424667943
26.4150869846344,2370000,100,1.0958619117736816,-0.013730121,25.207108974456787,14.09361457824707,-1.5258789e-09,236,0.11144542694091797,204.82494315385281,217.36811646829557,225.16096333207025,6306.131828546524,4.600092553828835,10.39573335647583,124.60552435830412
26.41659951210022,2380000,100,1.0720655918121338,-0.018587027,25.199180841445923,14.08910584449768,6.866455e-09,237,0.14447259902954102,202.95345750367355,222.1524009827789,227.38892041660878,6332.608391046524,3.5622622279169645,10.401414632797241,126.6782621888424
26.404645204544067,2390000,100,1.0828545093536377,-0.001453601,25.208404302597046,14.148613214492798,-1.373291e-08,238,0.11260771751403809,206.56139462480888,222.99282522261208,228.33273517178154,6359.073930025101,3.351260851881344,10.341871738433838,126.86722871049027
26.39757204055786,2400000,100,1.1154470443725586,-0.018616345,25.134233713150024,14.070994853973389,4.386902e-09,239,0.1469254493713379,195.5854234069261,221.3771251721089,227.92370409253584,6385.535989046097,5.855585578379076,10.352341175079346,126.07010820443858
26.395405292510986,2410000,100,1.1008579730987549,-0.00027796478,25.17733860015869,14.135003328323364,1.8310548e-08,240,0.11634683609008789,207.5987905079871,223.82323055572348,227.75127730476203,6411.997497081757,2.892776868059042,10.319506406784058,127.14719970167677
26.26705765724182,2420000,100,1.0506412982940674,-0.01581133,25.108462810516357,14.007166147232056,-9.155274e-09,241,0.10722541809082031,216.04531136228294,223.68602009971767,227.82026213072157,6438.325424671173,2.452661616075696,10.392272472381592,127.09803511226718
26.4036967754364,2430000,100,1.0869197845458984,-0.0018899201,25.192650079727173,14.136580228805542,-1.2207031e-08,242,0.12356972694396973,208.9932906537519,223.7223267957972,227.65072948063275,6464.790620088577,2.863945215862769,10.345861196517944,127.19457662206977
26.443249225616455,2440000,100,1.0658302307128906,-0.0016129151,25.264082670211792,14.184333562850952,0.00035234375,243,0.11265945434570312,211.80180145216752,224.084492844419,228.70713849381295,6491.296237707138,2.6415677012901218,10.371103525161743,127.29803481323174
26.312231063842773,2450000,100,1.0753214359283447,-0.016430924,25.128226280212402,14.099659204483032,1.8310548e-08,244,0.1079249382019043,201.9567693931374,222.0169961338705,228.86551358453383,6517.671224832535,4.9645098776763215,10.304152011871338,126.40579712841664
26.496124029159546,2460000,100,1.0592994689941406,-0.009268295,25.308631896972656,14.239550113677979,-6.1035155e-09,245,0.12753844261169434,209.04452739533124,224.87592487457886,229.47971230355296,6544.230622291565,2.609076140095297,10.361452102661133,127.62228315691642
26.422869205474854,2470000,100,1.0907015800476074,-0.020413019,25.212968349456787,14.054601907730103,-1.2207031e-08,246,0.11843323707580566,209.95996572368819,220.9605536242469,228.7657174871224,6570.712425231934,3.821696112226104,10.427376985549927,125.85699506191291
26.33886194229126,2480000,100,1.071540355682373,-0.08099002,25.152493715286255,14.091826438903809,-3.0517577e-09,247,0.11401677131652832,210.0482004210273,222.83835724562815,230.45674765472185,6597.115046262741,3.8211335871952605,10.354074478149414,126.69384386906377
26.20128607749939,2490000,100,1.0582056045532227,-0.004880536,25.031442880630493,13.988396644592285,3.6621095e-08,248,0.1110224723815918,162.26604491317312,213.25571059468948,228.5525005010111,6623.378391742706,13.983527102107264,10.334797859191895,122.68798812818041
26.41932964324951,2500000,100,1.1218953132629395,-0.012550156,25.183395624160767,14.10754942893982,-3.0517577e-09,249,0.11321592330932617,81.73325539024813,182.1008784478091,222.9144710553923,6649.855731010437,34.45201177855894,10.368738174438477,108.04038956927806
26.534515619277954,2510000,100,1.077427625656128,-0.003828212,25.318435668945312,14.166358947753906,2.1362304e-08,250,0.137955904006958,70.41548711301385,194.0413718467832,222.06449249624833,6676.45535326004,14.252303523017833,10.429832458496094,112.38726091228664
26.4329092502594,2520000,100,1.0999555587768555,-0.015550683,25.21965193748474,14.162286520004272,6.1035155e-09,251,0.11252093315124512,185.7467624128756,197.0281426911911,205.4318939895383,6702.953155040741,4.713756717779714,10.340754985809326,113.29548065865534
26.32939600944519,2530000,100,1.110748529434204,-0.01996243,25.08005714416504,14.082478761672974,-6.1035155e-09,252,0.13783645629882812,169.98690527333258,196.832089117757,208.08503393916033,6729.346061706543,5.702553531510276,10.283520936965942,112.59424723487696
26.32023000717163,2540000,100,1.099489450454712,0.0008396019,25.08264708518982,14.13402533531189,-5.340576e-09,253,0.13735389709472656,183.04407523765917,198.21805670927196,220.08564371658434,6755.737484931946,5.647795767053744,10.235177993774414,113.48244483839888
26.29361891746521,2550000,100,1.0612561702728271,-0.012316651,25.125927448272705,14.108388900756836,6.1035155e-09,254,0.10573077201843262,177.66219165494113,196.39643581702327,208.61744807912098,6782.094236373901,5.343495765269846,10.299401998519897,112.70508453169208
26.27159357070923,2560000,100,1.0583927631378174,-0.0077295015,25.06307888031006,14.119969367980957,-1.8310548e-08,255,0.1494121551513672,184.8552358446692,196.20882538167237,210.08617486777314,6808.4227476119995,5.2520304082956155,10.228699207305908,112.46966040340126
26.266456604003906,2570000,100,1.0917706489562988,-0.011638083,25.063294649124146,14.09628939628601,-1.449585e-08,256,0.11075592041015625,185.41454509598023,200.94152234715247,217.03462738429866,6834.747055053711,6.5638405087692036,10.240198135375977,114.2359945141734
26.216589212417603,2580000,100,1.0676326751708984,-0.011934674,25.028736114501953,14.110150575637817,6.1035155e-09,257,0.11949944496154785,57.174603929832784,199.72298909590273,224.5692520214416,6861.033071756363,20.606714826693885,10.20447826385498,112.344774897036
26.14110016822815,2590000,100,1.0833477973937988,-0.025386285,24.944339275360107,14.06986379623413,1.6784668e-08,258,0.11264967918395996,53.432642147057955,203.81074565281583,222.33799313236014,6887.2365617752075,18.853977626847637,10.158888101577759,114.5838594162349
26.39150094985962,2600000,100,1.0788896083831787,-0.0008205322,25.203787088394165,14.230871200561523,1.2207031e-08,259,0.10814046859741211,179.46570901904064,197.3139665381844,211.821914552414,6913.683944702148,6.58941424539682,10.258170366287231,113.36392770906753
26.260273456573486,2610000,100,1.059976577758789,-0.0027839844,25.07774829864502,14.088882446289062,-1.2207031e-08,260,0.12198901176452637,182.13867270287648,196.25509529590224,209.7302436080758,6940.005172252655,5.748613941273438,10.274885177612305,113.07873699904587
26.6476469039917,2620000,100,1.0603587627410889,-0.005901251,25.44081735610962,14.247130393981934,6.1035155e-09,261,0.14502310752868652,177.22776609473274,196.459979845099,209.66681773547248,6966.716499090195,5.774377949642458,10.461845636367798,113.06601350741559
26.359504222869873,2630000,100,1.6442551612854004,-0.027977716,24.599931001663208,13.75395941734314,-4.577637e-09,262,0.11464071273803711,183.61998446999195,198.90660342930053,222.03703208108016,6993.141344547272,6.206869588279346,10.148221015930176,113.98139563093504
25.88425922393799,2640000,100,1.0955729484558105,-0.017251816,24.67072892189026,13.841705560684204,-3.6621095e-08,263,0.11730098724365234,131.49375465271066,207.23876406306482,224.35601932946597,7019.100669145584,12.077712169691162,10.12137222290039,116.49771560803221
26.174298763275146,2650000,100,1.0955357551574707,-0.008425223,24.9623019695282,14.03747844696045,3.0517577e-09,264,0.11568021774291992,26.58167492186015,92.37413856408767,222.99474351756658,7045.352478504181,63.06876389729385,10.212656259536743,63.5502176088143
26.105032205581665,2660000,100,1.0695686340332031,-0.09809097,24.89534592628479,13.992641687393188,1.5258789e-09,265,0.1395127773284912,34.432656956664644,121.32261725690505,221.46600978613623,7071.51416683197,65.57470849870877,10.188857793807983,76.57848091574402
26.44599223136902,2670000,100,1.105266809463501,-0.007640903,25.203653812408447,14.141904354095459,4.768372e-10,266,0.1360156536102295,182.86445001342875,197.8765752710008,210.22005019396323,7098.026355981827,6.357009464310607,10.33518123626709,113.66804503558757
26.5774245262146,2680000,100,1.645521640777588,-0.0019556175,24.761253833770752,13.814998865127563,-1.1444092e-08,267,0.16949200630187988,57.36616015620529,196.27139228473766,226.97023032030026,7124.676602363586,17.00005906410281,10.236506700515747,113.9343193313179
25.758888006210327,2690000,100,1.0758094787597656,-0.018939113,24.56563138961792,13.69268250465393,-1.2969971e-08,268,0.11680221557617188,151.2528742692262,206.49427331186686,226.13570276058735,7150.493060827255,14.577107248357489,10.170156955718994,119.10087753151168
26.323761224746704,2700000,100,1.1014926433563232,-0.0078372555,25.108609914779663,14.10062575340271,1.2207031e-08,269,0.11281752586364746,196.4825293226886,221.39681805502678,227.4056485435936,7176.892818689346,6.46269516429126,10.280181646347046,125.96600305262179
26.348461627960205,2710000,100,1.0465457439422607,-0.006174753,25.189893007278442,14.070428848266602,2.1362304e-08,270,0.11107850074768066,208.96626004625,223.3184951163947,227.33302062438125,7203.304277896881,2.855521504980099,10.401693105697632,127.00922622396142
26.385040044784546,2720000,100,1.097604751586914,-0.016719125,25.177417516708374,14.086201190948486,-4.9591065e-09,271,0.10947155952453613,208.8840641528173,222.23546317478585,227.6028306655293,7229.752867698669,3.623391949341531,10.380121231079102,126.5950282547488
26.40732741355896,2730000,100,1.0590238571166992,-0.0023474304,25.232398509979248,14.154902458190918,-1.525879e-08,272,0.11515259742736816,211.43146827071507,223.5161334502454,227.75587310538612,7256.219637870789,2.9524756250813953,10.366570711135864,127.2605580812444
26.511831521987915,2740000,100,1.0825254917144775,-0.00963015,25.30368685722351,14.182142972946167,4.2724608e-08,273,0.12467789649963379,194.30153189280452,222.10626285369995,227.7367179911543,7282.791827440262,6.170778440401879,10.405786991119385,126.54312713144446
26.456390857696533,2750000,100,1.0914249420166016,-0.010189039,25.229087591171265,14.182544946670532,-3.0517577e-09,274,0.13526177406311035,191.69406922093034,222.94475190087255,227.40974188142712,7309.308689594269,4.680669032484469,10.337384939193726,126.98864399818976
26.457313776016235,2760000,100,1.0421497821807861,-9.504394e-05,25.300962448120117,14.164469003677368,-1.2207031e-08,275,0.11335182189941406,197.38378795228383,222.72270965641044,227.4068233623885,7335.823328971863,4.050641319448753,10.417311906814575,127.03485872851506
26.379310846328735,2770000,100,1.068572998046875,-0.007919354,25.194660902023315,14.080215692520142,-1.2207031e-08,276,0.11550617218017578,214.77929616769399,223.01732543145582,227.33219870076476,7362.2626259326935,2.5551792611241217,10.401143312454224,127.16858937843003
26.448118209838867,2780000,100,1.0963597297668457,-0.003945397,25.22316265106201,14.195001602172852,1.6403199e-08,277,0.12799453735351562,201.55833619702057,222.89696118964602,227.7784760932811,7388.773452997208,4.037475077119743,10.31604552268982,127.0067482800737
26.383803129196167,2790000,100,1.0574712753295898,-0.0042854124,25.21418833732605,14.157967567443848,1.8310548e-08,278,0.11139154434204102,217.00393094588472,224.32786974453006,228.30549050210948,7415.215522527695,2.153074996963522,10.35363483428955,127.63704683568645
26.430126190185547,2800000,100,1.0372347831726074,-0.012282154,25.270511865615845,14.166052103042603,-1.525879e-08,279,0.12168383598327637,215.41752162331377,224.45296565069987,228.04017333372067,7441.70695567131,2.2662922457714463,10.37677788734436,127.62293976332305
26.437212467193604,2810000,100,1.0492103099822998,-0.006197632,25.277525901794434,14.151541948318481,1.4877319e-08,280,0.10987019538879395,216.68877561744415,223.9919767132045,228.4807216598915,7468.2041046619415,2.4722364802720036,10.401389598846436,127.47949359659948
26.373629808425903,2820000,100,1.0738966464996338,-0.0061073853,25.190423011779785,14.048615455627441,-1.2207031e-08,281,0.1085810661315918,200.63812490894787,223.5677239537351,228.23318289599922,7494.640429973602,3.9759528522300163,10.424959897994995,127.20283759566573
26.37837243080139,2830000,100,1.0956237316131592,-0.013637436,25.16340661048889,14.035129308700562,-0.0016673187,282,0.11870265007019043,201.41717219965838,223.79108542359768,228.59425387484328,7521.078864574432,4.158727967147129,10.411167621612549,127.27528207262752
26.531354188919067,2840000,100,1.0474259853363037,-0.010712726,25.375609636306763,14.220406532287598,1.525879e-08,283,0.10757994651794434,209.56669141176104,225.08721492951284,229.88505535506272,7547.672821998596,2.7932327354876416,10.433044910430908,127.85135094210833
26.48794722557068,2850000,100,1.10699462890625,-0.007678476,25.270183086395264,14.181246042251587,1.5258789e-09,284,0.11013197898864746,196.62289644770982,223.7835271500945,228.7484851385903,7574.2232258319855,5.154810892625461,10.369019269943237,127.30907670490971
26.6823890209198,2860000,100,1.0665559768676758,-0.0052016326,25.506207704544067,14.324447870254517,-7.053222e-05,285,0.1088707447052002,211.49158659788324,224.04720147903947,230.93287979250593,7600.964779138565,3.790028808218365,10.456304550170898,127.39962369304777
26.453024864196777,2870000,100,1.0739789009094238,-0.03129785,25.234180688858032,14.097488164901733,-1.5258789e-09,286,0.14412498474121094,210.6772016387075,223.47515267714869,229.6549941562978,7627.481392621994,3.601246326613741,10.423252820968628,127.18447756614219
26.391963720321655,2880000,100,1.084221363067627,-0.0013364685,25.185346126556396,14.07208251953125,0.0007865967,287,0.12153983116149902,185.28623487802156,222.16965757045148,228.23589690152554,7653.9377019405365,7.68102322888353,10.401883363723755,126.67484798715232
26.462452173233032,2890000,100,1.0853958129882812,-0.012895068,25.253496885299683,14.076183557510376,2.746582e-08,288,0.12283778190612793,176.103909216721,219.83434816732202,227.47950452464093,7680.45965218544,9.99440800339097,10.45442819595337,125.637285159307
26.42871904373169,2900000,100,1.0585176944732666,-0.018600525,25.261284589767456,14.082241773605347,-0.0021884125,289,0.10825729370117188,201.06281823194954,222.68287905418933,227.17302952952153,7706.949534893036,4.581138707891666,10.458929061889648,126.9432566870322
26.630513191223145,2910000,100,1.0800278186798096,-0.009469338,25.43572998046875,14.174443483352661,-6.1035155e-09,290,0.1140279769897461,212.80956459357282,224.32727572677658,228.52956711606092,7733.641288757324,2.559940566201854,10.544282674789429,127.85200816349972
26.530306339263916,2920000,100,1.0620770454406738,-0.010968248,25.35137629508972,14.066553354263306,-4.577637e-09,291,0.11613202095031738,208.12366857872323,222.49074183033258,228.26048533909776,7760.229455947876,3.7426055869025388,10.572649240493774,127.03525391238995
26.529398441314697,2930000,100,1.0662927627563477,-0.00027354126,25.341718673706055,14.128242492675781,-1.9836426e-08,292,0.12071919441223145,212.685231844637,224.47315723596853,229.04219593650976,7786.822118997574,2.755568942915301,10.499536275863647,127.90500350467289
26.59541654586792,2940000,100,1.0726923942565918,-0.01581286,25.403310298919678,14.149219512939453,-1.8310548e-08,293,0.1187894344329834,214.78036846536315,224.83303504074948,229.14936961304835,7813.478581905365,2.6431545726979575,10.537952661514282,127.9887045608525
26.571260929107666,2950000,100,1.0455322265625,-0.0072364677,25.401360034942627,14.18605351448059,1.9073487e-09,294,0.1237790584564209,198.20301494091103,224.8126744061061,229.65547733072756,7840.109172344208,3.740493697654848,10.498287200927734,128.03234398156582
26.581636905670166,2960000,100,1.0661537647247314,-0.017611343,25.380695104599,14.092933654785156,9.155274e-09,295,0.13422894477844238,181.6658878580794,223.97458166781288,230.5416755266892,7866.749598026276,5.805269701481784,10.575616121292114,127.53453798550915
26.4419584274292,2970000,100,1.1079297065734863,-0.006318618,25.210925102233887,14.024190187454224,-1.9073486e-08,296,0.12242364883422852,195.8338290319185,223.9761755589856,230.80039077745255,7893.25134062767,5.479783936882462,10.469667196273804,127.57010263343085
26.509490728378296,2980000,100,1.0465824604034424,-0.011414231,25.33940625190735,14.135511875152588,6.1035155e-09,297,0.12274432182312012,197.24062353264074,222.93724836580458,230.24925118698343,7919.822697877884,5.530706567865936,10.492817401885986,127.05317588368
26.53150725364685,2990000,100,1.08243727684021,-0.013490558,25.330904245376587,14.157817363739014,9.155274e-09,298,0.11728906631469727,182.50103036138785,218.4087544797923,229.21069318820784,7946.416594028473,6.791784329139025,10.463585615158081,124.81621999249397
26.547117710113525,3000000,100,1.094550609588623,-0.02128985,25.33358144760132,14.121642351150513,1.373291e-08,299,0.11833405494689941,200.93248723966428,222.99862227151564,231.55902806010272,7973.02876162529,5.089879542800478,10.48545241355896,126.77668700412862
