train-AverageDiscountedReturn,train-AverageReturn,LossAfter,Itr,train-MaxReturn,train-MinReturn,Time-SampleProc,ItrTime,LossBefore,Time-Sampling,train-PolicyExecTime,Time-Optimization,train-NumTrajs,n_timesteps,train-StdReturn,train-EnvExecTime,Time
-1.1504085422049417,-1.3599595217369265,0.00094636274,0,7.065286839817158,-8.502465540906293,0.1686408519744873,24.646019458770752,-1.4190816e-05,22.122788190841675,13.48100757598877,2.3533473014831543,100,10000,3.1258211465154995,7.966779470443726,24.646023988723755
-0.7354377477365123,-0.40456059914952697,0.01648145,1,8.820252006925248,-7.344576024595305,0.1567389965057373,24.310043334960938,-1.4217308e-05,22.262279510498047,13.551393270492554,1.8898296356201172,100,20000,3.2748820812199484,8.035272598266602,49.08984994888306
-0.7620071180732293,-0.5992675764107855,0.0020124053,2,7.421506477653413,-6.74678940928712,0.12681865692138672,23.727538108825684,-1.4239445e-05,22.281758785247803,13.522188425064087,1.3181757926940918,100,30000,3.01657386384143,8.075747728347778,72.93769121170044
2.314826036929164,3.6883039869473877,-0.012622558,3,17.800538381955228,-7.769348210596119,0.13836908340454102,24.101813316345215,-1.4254091e-05,22.841060400009155,14.009062051773071,1.1207704544067383,100,40000,4.371643898703947,8.140554428100586,97.13507652282715
6.0287792188677205,9.069391950511022,-0.005856341,4,22.41749784928649,-3.7847296618802173,0.14852070808410645,24.42122507095337,-1.4244275e-05,23.213232040405273,14.254007339477539,1.0587036609649658,100,50000,6.273699246040647,8.264544010162354,121.63580203056335
12.254188401435046,18.516182893805787,-0.011858937,5,29.67034355784251,1.1396543676507405,0.15979719161987305,24.499775648117065,-1.4211447e-05,23.270522117614746,14.170154571533203,1.0688197612762451,100,60000,5.745282397092669,8.405117273330688,146.1965434551239
16.52199224886307,23.746874480021717,-0.010030767,6,31.40205269198377,11.69593927907835,0.13664865493774414,24.70292854309082,-1.4171212e-05,23.496148824691772,14.127949237823486,1.069406270980835,100,70000,3.547743664762165,8.64280390739441,170.96064043045044
18.241688797350164,25.69764808967909,-0.007082298,7,32.67201579946951,17.102051940004593,0.12544703483581543,24.696992874145508,-1.4119356e-05,23.547780513763428,14.176522254943848,1.0230062007904053,100,80000,2.9995603469434213,8.66937804222107,195.71925616264343
19.870337265279908,27.09246418905385,-0.006157185,8,31.203456660873464,19.16506621442456,0.1407461166381836,24.85384964942932,-1.4085288e-05,23.63656449317932,14.171550035476685,1.0759572982788086,100,90000,2.247343433510854,8.758115768432617,220.6368453502655
20.594981062488582,27.331447431589996,-0.0031048544,9,31.502898939615164,21.14258850124111,0.13102388381958008,24.780826807022095,-1.4042725e-05,23.580798387527466,14.17111611366272,1.0682611465454102,100,100000,2.1863659076160933,8.7141695022583,245.47905802726746
20.93340058989098,27.57028984493458,-0.005886017,10,31.88294669826447,21.6257903301661,0.13817477226257324,25.04326581954956,-1.4000554e-05,23.842309713363647,14.286809206008911,1.062105655670166,100,110000,2.1844858540159677,8.854278087615967,270.58318638801575
20.799568552004644,27.00887407609236,-0.0053384523,11,31.21208052463229,21.477827219715344,0.13646936416625977,24.87053346633911,-1.3952624e-05,23.64951491355896,14.092636346817017,1.0839576721191406,100,120000,2.025645723331779,8.843896627426147,295.51786613464355
21.561253900274522,27.782734952411843,-0.00497727,12,31.92262395054075,19.778047405304555,0.12035822868347168,24.83316993713379,-1.3913638e-05,23.628188133239746,14.019605875015259,1.0839476585388184,100,130000,2.0595362288429406,8.895327806472778,320.4076089859009
21.53511872279728,27.4397633694977,-0.0031086516,13,32.939512222051924,20.22699647136172,0.1306157112121582,24.924081563949585,-1.3866176e-05,23.761326551437378,14.18209719657898,1.0315141677856445,100,140000,2.041147691202506,8.8721764087677,345.3956084251404
22.20979768266638,28.089059941607665,-0.004185828,14,32.93134154879216,21.616328405845184,0.1664106845855713,25.062825202941895,-1.3815542e-05,23.82482147216797,14.197572708129883,1.0708489418029785,100,150000,2.0020640194330346,8.932301759719849,370.5154821872711
22.054684405146194,27.96461422968182,-0.0018452246,15,34.06853853584844,22.579853912083458,0.11879611015319824,24.945351600646973,-1.377257e-05,23.741373777389526,14.14111876487732,1.0844805240631104,100,160000,2.1922333059751593,8.901181936264038,395.5228052139282
22.26167595822243,28.168416388674963,-0.001570636,16,31.29858404923779,22.629730238496613,0.12365055084228516,24.811487913131714,-1.3726228e-05,23.627811670303345,14.054088354110718,1.0593228340148926,100,170000,1.765406827879381,8.86891508102417,420.3919327259064
22.546516179946916,28.354275013158727,-0.004298429,17,32.62981211593787,23.047276834554225,0.1431412696838379,24.75896954536438,-1.3691525e-05,23.561026334762573,14.033813238143921,1.0541813373565674,100,180000,1.7951739037062828,8.826727390289307,445.2062895298004
22.64629152169795,28.564368976138315,-0.0028158291,18,32.35651086317069,22.936011526141325,0.12797236442565918,24.933441638946533,-1.364567e-05,23.7474422454834,14.131380558013916,1.0574455261230469,100,190000,2.0727409962934438,8.911519050598145,470.1992824077606
22.540092583926306,28.489905711301752,-0.0029774827,19,32.71821494451801,24.571038271594777,0.16380786895751953,25.157384395599365,-1.36015115e-05,23.93753719329834,14.273795127868652,1.0554115772247314,100,200000,1.9642000226434084,8.954304456710815,495.41474747657776
22.94611226924493,28.88995153970241,-0.0027858375,20,33.14365627979053,22.82868493309923,0.12873482704162598,24.83119249343872,-1.354942e-05,23.612083196640015,14.003629922866821,1.0896873474121094,100,210000,1.8954137514690503,8.903924465179443,520.3069806098938
23.01913924454128,28.891579949874362,-0.0030134574,21,32.862569845227355,22.335355469801637,0.12815093994140625,24.8281672000885,-1.3506086e-05,23.624977350234985,13.979496955871582,1.0744068622589111,100,220000,1.9637298065642226,8.95060133934021,545.1968905925751
22.726320918161964,28.65987610678126,-0.0035054234,22,33.31262882585189,24.290699179159148,0.139174222946167,25.485814094543457,-1.3479191e-05,24.262536764144897,14.407020330429077,1.0833594799041748,100,230000,1.7343983376517575,9.128916025161743,570.7407824993134
22.959044538195357,28.993296237310815,-0.0023392178,23,32.46390913586343,21.724564228492405,0.1373457908630371,24.9819655418396,-1.3441358e-05,23.785955905914307,14.13866138458252,1.0579264163970947,100,240000,1.7894292576112298,8.945987701416016,595.7826175689697
23.174107510709927,29.111091070778116,-0.0032378293,24,32.98761274223022,24.406785157177545,0.13552451133728027,24.906129121780396,-1.3376874e-05,23.684492826461792,14.071339845657349,1.0854568481445312,100,250000,1.9453697692215222,8.904956102371216,620.7527318000793
23.512422030134566,29.60560835860437,-0.0016020432,25,34.464247867737726,23.77491701149293,0.12939906120300293,24.913751363754272,-1.3335542e-05,23.754250049591064,14.132208824157715,1.0295343399047852,100,260000,1.8263593418367838,8.912952899932861,645.722288608551
23.564193519370324,29.55001437665297,-0.002060557,26,33.165679841767265,24.054605839248786,0.12836790084838867,25.042453289031982,-1.3286625e-05,23.860923051834106,14.177329063415527,1.0525248050689697,100,270000,1.7711972431967364,8.966129541397095,670.8257532119751
23.56827991851857,29.585594303681727,-0.0015617765,27,32.839855662058575,25.688291046658794,0.12943267822265625,24.870153188705444,-1.3251102e-05,23.680994272232056,14.065680027008057,1.0589649677276611,100,280000,1.6009173041370646,8.912710189819336,695.7538230419159
23.477627325362114,29.43574218856121,-0.003515916,28,33.70715856696415,23.141552580620914,0.1613919734954834,24.786283493041992,-1.3205488e-05,23.545307874679565,13.941559314727783,1.0787851810455322,100,290000,1.867397524591835,8.891292572021484,720.6038067340851
23.579930428141875,29.644751407021104,-0.0018561555,29,32.89777070623171,21.36202127362148,0.12734508514404297,24.876991510391235,-1.3149462e-05,23.67945957183838,14.062175989151001,1.0694289207458496,100,300000,1.8662871617053733,8.91256046295166,745.5381329059601
23.333400488667664,29.31797738704272,-0.0008846777,30,34.340377908815945,24.615087490507374,0.13202810287475586,24.833032608032227,-1.3098328e-05,23.60365653038025,14.024793148040771,1.0967366695404053,100,310000,1.9632620222149446,8.878997564315796,770.4300761222839
23.73434799325443,29.748031063047684,-0.0032295652,31,34.29846428088003,22.388836567696902,0.12244844436645508,24.900619983673096,-1.3046204e-05,23.705737590789795,14.082696676254272,1.071739673614502,100,320000,1.9485100411864988,8.921759366989136,795.3904435634613
23.496049283114143,29.487472465273207,-0.0012397735,32,33.397405602479616,20.395350412969723,0.13661551475524902,24.903152227401733,-1.3009179e-05,23.697393894195557,14.123174905776978,1.0684189796447754,100,330000,1.939570252851467,8.874493837356567,820.3507146835327
23.704162379515196,29.81015950422886,-0.0022674913,33,34.87219716297627,25.23652205264009,0.14089131355285645,25.02460527420044,-1.2978179e-05,23.800556659698486,14.198099851608276,1.0824933052062988,100,340000,1.7753474192729997,8.898696660995483,845.4387385845184
24.052170595371745,30.147621126387424,-0.0022851399,34,34.242371184716035,25.635591937996203,0.13099884986877441,24.990246772766113,-1.2938265e-05,23.813505172729492,14.22081184387207,1.045119285583496,100,350000,1.6926574944885757,8.886886358261108,870.4914219379425
24.055791645245883,30.1783530101533,-0.0028879293,35,34.45607803823183,24.956280863742247,0.1398618221282959,24.9217209815979,-1.2903471e-05,23.70380163192749,14.139819383621216,1.0771379470825195,100,360000,1.7150137079279253,8.864391326904297,895.4774024486542
23.9289979248215,30.043613974593946,-0.0027450626,36,34.03460651412302,25.801521198296676,0.1351475715637207,24.854209661483765,-1.28638385e-05,23.646474599838257,14.051987648010254,1.0718135833740234,100,370000,1.7332383115407153,8.895313501358032,920.396297454834
24.019076632828504,30.185525854484858,-0.0026459456,37,33.736885982337235,25.833394768071713,0.14112591743469238,24.798585176467896,-1.2834213e-05,23.577428817749023,14.021023035049438,1.079298496246338,100,380000,1.4597916346091182,8.84907603263855,945.2547810077667
24.211102592508965,30.352570529642048,-0.0035045077,38,33.93899947741352,22.561217839397013,0.12641572952270508,24.95174288749695,-1.2792892e-05,23.734249353408813,14.134542465209961,1.090083360671997,100,390000,1.8075673474615186,8.88974905014038,970.266396522522
24.164857430156744,30.3470476896528,-0.0010333551,39,34.46236473903112,26.224812230527217,0.1337592601776123,24.971319437026978,-1.274537e-05,23.74578046798706,14.11560606956482,1.0910930633544922,100,400000,1.5568467927100678,8.925323724746704,995.2985501289368
24.20383681829877,30.45564341789573,-0.0018279541,40,33.70715830858992,26.28694246339077,0.13050365447998047,25.00128698348999,-1.27041585e-05,23.79432439804077,14.181525468826294,1.0757665634155273,100,410000,1.5165218042480295,8.904510974884033,1020.3664038181305
24.567445312712554,30.92778659958732,-0.0019569073,41,34.57347776786387,25.103428530317757,0.14220905303955078,24.91649627685547,-1.2670802e-05,23.717740297317505,14.15321159362793,1.0559778213500977,100,420000,1.9181362125367503,8.862630844116211,1045.3414919376373
24.262927903567448,30.55049485686619,-0.0011535758,42,34.976675475850065,26.606882974337545,0.12693262100219727,24.843109607696533,-1.2637097e-05,23.657803297042847,14.064531564712524,1.057776927947998,100,430000,1.7357419237714387,8.892881631851196,1070.2524735927582
24.3530195480883,30.733645524744517,0.0061649345,43,34.81499746880246,23.665122725096502,0.13248038291931152,25.12001395225525,-1.2596523e-05,23.931846380233765,14.223445892333984,1.0550439357757568,100,440000,1.7588204795156637,8.990148305892944,1095.4375803470612
24.571641363809633,31.00906854540021,0.002837118,44,35.490233863378016,26.474885339221924,0.12690377235412598,24.945870637893677,-1.2573237e-05,23.771671295166016,14.107914686203003,1.046678066253662,100,450000,1.6315371219683132,8.953593730926514,1120.449061870575
24.588684067526064,31.082946093273776,-0.0026120876,45,35.09638538026871,27.461349375684907,0.1282637119293213,24.958043813705444,-1.2531574e-05,23.740978479385376,14.131044626235962,1.0881164073944092,100,460000,1.6395665932388575,8.907513856887817,1145.4683220386505
24.691669963353103,31.233694776533298,-0.0032849284,46,35.36874473367285,27.09221899051263,0.13468289375305176,25.142120122909546,-1.2488166e-05,23.936479091644287,14.255887985229492,1.0700390338897705,100,470000,1.643817903051771,8.980784893035889,1170.6699426174164
24.77799411578511,31.341784295355883,0.0008267124,47,34.740299144215285,27.62158726865983,0.1654500961303711,24.94640350341797,-1.2442866e-05,23.70059633255005,14.037458419799805,1.0797193050384521,100,480000,1.5359049336387751,8.96153712272644,1195.6758933067322
24.699896760622046,31.27352534789104,-0.0004895453,48,35.09792361400913,26.6178837717757,0.13089680671691895,24.950427770614624,-1.2384428e-05,23.72436237335205,14.093300819396973,1.0944104194641113,100,490000,1.6160236451995733,8.934706926345825,1220.6832160949707
24.391033413838244,30.862236504415417,-0.00083382934,49,34.841963311523656,26.992472064470462,0.1374037265777588,24.89180016517639,-1.2327629e-05,23.667165279388428,14.07804560661316,1.086566686630249,100,500000,1.7131240000054477,8.878702402114868,1245.633199930191
24.604192749732174,31.13886974197755,-0.0007902849,50,35.43824590114893,23.081825410195634,0.12157058715820312,24.956355571746826,-1.22862075e-05,23.768442392349243,14.142069339752197,1.065652847290039,100,510000,1.9557138892693984,8.91885232925415,1270.654426574707
24.756169594837854,31.28654788657552,-0.0019163891,51,34.892315028120635,25.34309978105097,0.1306288242340088,24.806885719299316,-1.22557685e-05,23.60814642906189,14.02721357345581,1.0674092769622803,100,520000,1.9624464767505443,8.88050389289856,1295.5211777687073
24.69000228285129,31.269900254982666,-0.0015446665,52,34.845082862282666,26.3194563103821,0.12668514251708984,24.8569815158844,-1.2206492e-05,23.693812370300293,14.101770877838135,1.035773754119873,100,530000,1.8590293557302546,8.897382497787476,1320.436900138855
24.809836963928483,31.44830109644151,-0.0022696194,53,35.454169893734374,26.657624931647376,0.12805485725402832,24.8441743850708,-1.2172479e-05,23.63946294784546,14.040398597717285,1.0759782791137695,100,540000,1.8205804842279127,8.8969407081604,1345.3398060798645
25.06653107165919,31.76677602825816,-0.0016633681,54,36.028428383905954,26.161350825688743,0.13001298904418945,24.83988046646118,-1.2132695e-05,23.67399525642395,14.077641010284424,1.0352323055267334,100,550000,1.746887652140378,8.893105030059814,1370.2367260456085
25.068704795052295,31.759516417503995,-0.0030586654,55,35.24722292387885,27.181932232139605,0.1240684986114502,24.94128108024597,-1.2106065e-05,23.78327178955078,14.149417638778687,1.033221960067749,100,560000,1.6730233020977299,8.931704998016357,1395.2428133487701
24.881892431420297,31.601274055724208,-0.0038329628,56,35.33786343191896,27.36084905210656,0.14490127563476562,24.992136240005493,-1.2064122e-05,23.755252361297607,14.123609781265259,1.0913069248199463,100,570000,1.6390412320942032,8.903962135314941,1420.2972464561462
25.160295745655276,31.9501478375304,-0.002656985,57,35.79680806132832,26.35227162610558,0.1353001594543457,24.900470972061157,-1.2027751e-05,23.679835081100464,14.052754640579224,1.0845425128936768,100,580000,1.8355100645661868,8.925233840942383,1445.2581343650818
25.12232922558741,31.880568405768102,-0.003533407,58,35.96114790142287,25.03645191672881,0.1474442481994629,25.09679365158081,-1.1989975e-05,23.878042936325073,14.208390235900879,1.0706381797790527,100,590000,1.9456943025379063,8.973924398422241,1470.4125204086304
25.16803611279981,31.86703086177115,-0.0012172553,59,35.68377103434909,26.747674545002774,0.1452934741973877,24.916255474090576,-1.1958954e-05,23.704859733581543,14.10134243965149,1.0654065608978271,100,600000,1.8956118055216578,8.901547193527222,1495.3920395374298
25.274965616049876,32.033219753830835,-0.0014374425,60,35.66388578117726,26.643095059933206,0.13229632377624512,24.924660682678223,-1.1923267e-05,23.759414196014404,14.158239841461182,1.032217025756836,100,610000,1.7815669680239592,8.89170503616333,1520.3829998970032
25.49079386131296,32.320720755751424,-0.0010263743,61,35.66185884536559,26.540709977610103,0.1272110939025879,24.855754375457764,-1.1879215e-05,23.660831451416016,14.056374311447144,1.0670833587646484,100,620000,1.7713862896175894,8.908266305923462,1545.295580148697
25.339290338417836,32.21998711484927,0.004685716,62,35.58819239065308,28.495437306042934,0.14560532569885254,24.924084901809692,-1.1821727e-05,23.712994813919067,14.098688125610352,1.0647642612457275,100,630000,1.6654642209971426,8.91592788696289,1570.2782633304596
25.114178757706874,32.02784715601868,0.007056281,63,37.080637333708985,26.03477700919912,0.12787985801696777,24.995848894119263,-1.1772866e-05,23.809837102890015,14.148137092590332,1.0574090480804443,100,640000,2.0304581622035656,8.958843469619751,1595.333251953125
25.288824879784798,32.249650071613964,-0.0015052457,64,35.56036086109013,28.452979786358327,0.1653447151184082,24.950446844100952,-1.1731812e-05,23.705129861831665,14.079196691513062,1.079376459121704,100,650000,1.4922412657166062,8.926299571990967,1620.344473361969
25.422495361682895,32.38665537069944,0.00080607354,65,35.99017765968176,27.428431694395872,0.14834165573120117,24.793635845184326,-1.1686697e-05,23.581392765045166,13.983469247817993,1.0632085800170898,100,660000,1.77315332994749,8.888046026229858,1645.1933670043945
25.429558075794873,32.440727369661325,-0.0032294977,66,36.645905742567614,27.6613164645627,0.13084816932678223,24.933491945266724,-1.1651832e-05,23.715702295303345,14.079047441482544,1.0862462520599365,100,670000,2.005783921989887,8.928978204727173,1670.1881175041199
25.28438110755077,32.22917711388731,-0.0016763085,67,35.85179845526776,28.619017881984966,0.12283539772033691,24.994860649108887,-1.1612547e-05,23.788114309310913,14.140276432037354,1.0832335948944092,100,680000,1.690437079956096,8.9406156539917,1695.2507321834564
25.562413491813118,32.62312796359871,-0.0005070345,68,36.18832235521052,28.84172448146707,0.14702153205871582,25.02621817588806,-1.1572759e-05,23.80822777748108,14.171565294265747,1.0703225135803223,100,690000,1.5533648238296414,8.936867952346802,1720.3362383842468
25.54437107088967,32.6390738105013,-5.968519e-05,69,36.579386117837544,28.90141147930143,0.13341546058654785,24.883789777755737,-1.1540003e-05,23.664345741271973,14.010020732879639,1.0853114128112793,100,700000,1.7192132943642682,8.943017482757568,1745.28236079216
25.295408281697995,32.3024314373212,-0.003296541,70,35.30491942697713,27.693272118309345,0.13536882400512695,24.936442852020264,-1.1502514e-05,23.732929944992065,14.128778219223022,1.0674936771392822,100,710000,1.7352096898091822,8.90784740447998,1770.2740828990936
25.571584040537722,32.61624483835418,-0.00015953837,71,36.67435867624285,26.43288114915428,0.14274311065673828,24.90719199180603,-1.1455464e-05,23.7008638381958,14.064986944198608,1.0628979206085205,100,720000,1.9980181768208436,8.92769193649292,1795.2409772872925
25.77704915101716,32.881770815681215,-0.0028836231,72,36.09662814110807,29.207727684503194,0.12549638748168945,24.98497700691223,-1.14022305e-05,23.795968770980835,14.125601530075073,1.0628330707550049,100,730000,1.4691633360850225,8.965245723724365,1820.2933983802795
25.753482607293066,32.866605474692435,-0.0025501074,73,36.42676886150489,26.82931764919731,0.1288466453552246,24.810550689697266,-1.1355264e-05,23.63351559638977,14.07239055633545,1.0475077629089355,100,740000,1.9880936497709787,8.85900592803955,1845.1645731925964
25.716362653295842,32.80547442553696,-0.00088879524,74,35.61589450004782,29.26472691684769,0.12615036964416504,24.899280548095703,-1.1308533e-05,23.714437007904053,14.110829830169678,1.0577917098999023,100,750000,1.5319752664477724,8.900252103805542,1870.1206181049347
25.58164741851161,32.66383123184893,-0.0015445137,75,36.32143165602779,28.890763317863595,0.12769603729248047,24.918694734573364,-1.12654425e-05,23.72245717048645,14.121536493301392,1.067875623703003,100,760000,1.6862084324820077,8.896435022354126,1895.100485086441
25.615526695418797,32.69881411279141,-0.0027542375,76,37.79030554599315,26.931606654408387,0.12813162803649902,24.921260356903076,-1.1220953e-05,23.734495401382446,14.084024667739868,1.0580077171325684,100,770000,1.907706985647694,8.940444946289062,1920.0846757888794
25.778301197173402,32.9188272772659,-0.0016750548,77,36.28221569076145,28.18804593275365,0.14000582695007324,24.946414709091187,-1.11926e-05,23.726840257644653,14.153371334075928,1.0787489414215088,100,780000,1.6823663289247257,8.864760875701904,1945.0981001853943
25.603362204559485,32.81325609163848,-0.0024745332,78,35.979543329892124,27.06650772793833,0.15212655067443848,24.96400737762451,-1.1161783e-05,23.731578826904297,14.082827091217041,1.079655647277832,100,790000,1.8082289777978533,8.943294525146484,1970.1240360736847
25.54766846142005,32.740442864340146,-1.0646089e-05,79,36.8738681523874,28.074189774112778,0.1267855167388916,24.90586018562317,-1.1112426e-05,23.714980125427246,14.114620923995972,1.063037633895874,100,800000,1.7836101790299885,8.897037982940674,1995.0953114032745
25.471191093498376,32.67520577249692,-0.0017096654,80,36.8083355661644,27.694190913892907,0.13521027565002441,24.946882247924805,-1.1075243e-05,23.734323501586914,14.108314037322998,1.0765984058380127,100,810000,1.7233943798381706,8.929354667663574,2020.1034469604492
25.80454014676984,33.02365574846977,-0.001386625,81,36.70295026081887,27.345413987751147,0.12172412872314453,24.936463356018066,-1.1049292e-05,23.68502402305603,14.063897609710693,1.1286935806274414,100,820000,1.8406648626411366,8.913702487945557,2045.0960924625397
25.60825436323798,32.82701229873022,-0.00091887545,82,36.31795094428191,26.216519934974876,0.12679171562194824,24.920033931732178,-1.1015401e-05,23.668129205703735,14.061275243759155,1.124450445175171,100,830000,1.7613014687172805,8.904770851135254,2070.0757100582123
25.698335403607935,32.88995888143207,-0.0020702146,83,36.250889764610804,28.82733960152788,0.1386268138885498,24.895034790039062,-1.09853145e-05,23.67162585258484,14.04491925239563,1.0840513706207275,100,840000,1.6987376938034473,8.917807340621948,2095.04625082016
25.65852065131868,32.88878404248584,0.00047799118,84,36.234205510596674,27.671660695257692,0.12828302383422852,24.89474630355835,-1.0953328e-05,23.720003604888916,14.05370306968689,1.0454089641571045,100,850000,1.779959677170156,8.960511922836304,2119.9990487098694
25.32215925029116,32.52103258302264,-0.0008689943,85,37.27259567550634,27.002853643015698,0.16179370880126953,24.985149145126343,-1.0906305e-05,23.763643980026245,14.153417825698853,1.0589430332183838,100,860000,2.1932385367270713,8.904347658157349,2145.044017791748
25.88973162912422,33.12892063339079,0.00050669006,86,37.174658542857436,28.73005022948671,0.12680816650390625,24.873035430908203,-1.08634085e-05,23.682308435440063,14.038502216339111,1.0628602504730225,100,870000,1.8267950556420292,8.941757202148438,2169.9785239696503
25.411321944998512,32.66377643976963,-0.0025602693,87,36.94118911061981,27.19593501974958,0.12815213203430176,24.97434711456299,-1.0831837e-05,23.753497838974,14.133527994155884,1.091679573059082,100,880000,1.8975941348361212,8.92424988746643,2195.0149676799774
26.060668227006378,33.35294840912021,-0.00036753577,88,37.59376244823724,29.082359428287795,0.12944793701171875,24.91661310195923,-1.0805602e-05,23.706648588180542,14.092348098754883,1.079848289489746,100,890000,1.8558010666873486,8.914969205856323,2219.9900255203247
25.720771192424294,32.997150628475374,-0.0014091682,89,37.029884150242715,28.263135688855954,0.13306379318237305,24.91677951812744,-1.0782987e-05,23.698184728622437,14.081549167633057,1.08488130569458,100,900000,1.9156812120851314,8.917417287826538,2244.9630212783813
25.741684054171337,33.03950388989723,0.0007830073,90,38.04707353557886,24.784363136562508,0.12896990776062012,24.89690065383911,-1.0753223e-05,23.68482804298401,14.03898549079895,1.0824012756347656,100,910000,2.1618859202571117,8.938007831573486,2269.9220559597015
25.994357502426546,33.29131993578966,-0.0016386267,91,37.47287955144452,28.168726278696983,0.1344597339630127,25.200806617736816,-1.0707475e-05,23.995208978652954,14.274436473846436,1.0705268383026123,100,920000,1.8934321413920632,9.014707565307617,2295.1871061325073
25.67335696584472,32.876067056488836,0.000529177,92,37.30883793328024,27.183402051356275,0.12942266464233398,24.945626497268677,-1.0677802e-05,23.696474075317383,14.072413921356201,1.119006633758545,100,930000,2.078138674915633,8.920526027679443,2320.194551706314
25.495207022932785,32.72989681028596,0.0029731751,93,36.68041553958866,28.41101576174291,0.13186407089233398,25.222699642181396,-1.0630323e-05,23.87663245201111,14.19903039932251,1.2130134105682373,100,940000,1.925585696860583,8.968343734741211,2345.472933769226
26.06717155810445,33.46283114165267,-0.0015985436,94,36.74096603959982,29.729525364222372,0.17206954956054688,25.077619552612305,-1.0589168e-05,23.83705735206604,14.169411659240723,1.0677788257598877,100,950000,1.5602225286218006,8.95488691329956,2370.622285604477
25.8810956740097,33.20145366952847,0.010092836,95,37.054392390448925,25.83360660864431,0.12705063819885254,25.438859939575195,-1.054106e-05,24.24743366241455,14.42041301727295,1.0636482238769531,100,960000,1.9537094806263662,9.120710849761963,2396.136811733246
25.783920222529083,33.12432395472249,-0.0010740557,96,38.0532247397916,26.50764588837149,0.12785983085632324,25.198878526687622,-1.05209065e-05,23.9845974445343,14.275343418121338,1.0857784748077393,100,970000,2.185450312455962,8.995219707489014,2421.394373178482
25.89092568462822,33.22292971509953,0.0036367222,97,37.433904378810425,27.907835786071573,0.1357564926147461,25.028883695602417,-1.0490625e-05,23.810794353485107,14.15603756904602,1.081728219985962,100,980000,2.06526780245022,8.950906038284302,2446.4833240509033
25.860014961700664,33.235867790277936,-0.0023027833,98,37.94105072684268,28.686873071871638,0.13835430145263672,24.973374128341675,-1.0474899e-05,23.75968337059021,14.146005868911743,1.0747098922729492,100,990000,1.9768903700574065,8.916851997375488,2471.5146431922913
25.9895983513557,33.439980030228156,-0.0027698476,99,38.753893736087896,27.162662983616112,0.2098217010498047,24.85514497756958,-1.0436682e-05,23.504581212997437,13.935485363006592,1.1395480632781982,100,1000000,2.003799696146397,8.870847463607788,2496.428314447403
25.745615055780966,33.128092025433396,-2.2058453e-05,100,36.80418095167874,25.37183649460665,0.21276640892028809,25.058685779571533,-1.04044075e-05,23.477278470993042,13.923659801483154,1.367018699645996,100,1010000,2.0641624791160664,8.855150938034058,2521.5429906845093
26.209021991099426,33.664941688764095,-0.0029703674,101,37.43384227681439,29.327393384851526,0.14722800254821777,25.061903476715088,-1.0386052e-05,23.287861347198486,13.763335227966309,1.625305414199829,100,1020000,1.9336599177565623,8.828881978988647,2546.6640260219574
26.14196728603024,33.598742177866704,-0.00015993816,102,38.04538552069857,29.181537656787302,0.16536903381347656,25.031137466430664,-1.0368365e-05,23.269428253173828,13.754143238067627,1.5955636501312256,100,1030000,1.9481816354529093,8.814877033233643,2571.7568984031677
25.907810030906553,33.29330934677023,0.00822291,103,37.7785706401325,25.410702084394366,0.15752816200256348,24.792083024978638,-1.0330644e-05,23.19377040863037,13.693018674850464,1.4399714469909668,100,1040000,2.123352950573113,8.809934139251709,2596.6360218524933
26.186510551337115,33.684283012779616,0.0009218793,104,38.35554833491098,28.841855676669358,0.1312868595123291,24.647276401519775,-1.0316918e-05,23.371846199035645,13.860230445861816,1.1430459022521973,100,1050000,1.8063219025992348,8.814929246902466,2621.3708970546722
26.337032498618555,33.818158062057904,0.004401465,105,38.26458550922116,27.70287190384417,0.12920379638671875,25.036627054214478,-1.0281951e-05,23.775521278381348,14.136097431182861,1.1309044361114502,100,1060000,1.975525959257362,8.936017751693726,2646.507103919983
26.24415618422087,33.72927780487016,-0.00033477496,106,37.85502073467096,28.89062175426871,0.1354069709777832,25.112849473953247,-1.026477e-05,23.834227323532104,14.167145252227783,1.1424198150634766,100,1070000,1.8830009828056835,8.94560170173645,2671.683552980423
26.282964539361593,33.77269435803234,7.3446965e-05,107,37.79528068433992,28.157979304510857,0.129622220993042,24.9834942817688,-1.0242594e-05,23.764958143234253,14.132476329803467,1.0878453254699707,100,1080000,1.7061038732434117,8.934491634368896,2696.735634326935
26.40744992832104,33.893152012342846,-0.0011774882,108,37.6487921676066,30.01145180717046,0.12799453735351562,24.934808492660522,-1.021211e-05,23.71534013748169,14.060538530349731,1.090780258178711,100,1090000,1.6374828635838088,8.929619789123535,2721.7344195842743
26.25769137188822,33.75338343607381,0.0017759393,109,36.625271228195714,26.886068082306625,0.1415712833404541,25.02916646003723,-1.0186317e-05,23.82073450088501,14.199404239654541,1.066143274307251,100,1100000,1.718607115985909,8.918792724609375,2746.8279213905334
26.18341609672024,33.669676325544806,-0.00038947424,110,37.90772901914297,27.329922606800853,0.12921547889709473,25.000581979751587,-1.0166261e-05,23.779409885406494,14.111050844192505,1.0912244319915771,100,1110000,1.8525831980929355,8.9521644115448,2771.889043569565
26.30864843842564,33.77106520682159,0.0048327493,111,37.5421578126288,28.0338600514051,0.1421489715576172,25.076931476593018,-1.0142081e-05,23.851914644241333,14.206437826156616,1.0822069644927979,100,1120000,1.6633971710225037,8.940975427627563,2797.0277898311615
25.991580647465216,33.36643724507065,0.0038926143,112,37.026268339653086,28.130995645964134,0.1439805030822754,25.02738046646118,-1.0132744e-05,23.805978536605835,14.198058843612671,1.0765759944915771,100,1130000,2.1383232424246796,8.905977725982666,2822.118103504181
26.07135326516407,33.48081864148292,0.0010525933,113,38.11534163809011,24.16542186917903,0.14339637756347656,24.88912081718445,-1.0104925e-05,23.663145542144775,14.072094917297363,1.081824779510498,100,1140000,2.352268155515161,8.894360303878784,2847.063750267029
25.623542779883408,32.93180895838523,-0.0015738051,114,38.325502657347485,27.401659077691306,0.13130450248718262,24.82806944847107,-1.008308e-05,23.61161780357361,14.014861583709717,1.084320068359375,100,1150000,2.4348965484772176,8.893711566925049,2871.9507377147675
25.66482820390266,32.9352405198939,-0.002338276,115,37.810845409560926,23.210814877206285,0.15776443481445312,25.051680088043213,-1.0052336e-05,23.80653429031372,14.143621921539307,1.0867176055908203,100,1160000,2.4228882560369303,8.954366207122803,2897.0631082057953
25.766052072068504,33.062232735766564,-0.0014585754,116,37.05893507740152,25.01614371285594,0.12515926361083984,24.850282669067383,-1.0044243e-05,23.62295889854431,13.976890802383423,1.1015660762786865,100,1170000,2.3155973335537277,8.937059164047241,2921.977461338043
25.76889736008044,33.127815145262076,-0.0030272424,117,38.32080536430173,27.141262719757115,0.1273057460784912,24.936315536499023,-1.0016744e-05,23.682297945022583,14.082756042480469,1.126011610031128,100,1180000,2.279009148851889,8.887535810470581,2946.9722464084625
25.77075671014589,33.10536341196828,-0.00011548811,118,36.85402998631927,27.795796609628585,0.13730525970458984,25.0307354927063,-9.991987e-06,23.846678972244263,14.141288757324219,1.0461711883544922,100,1190000,2.147308220223858,9.001314163208008,2972.059061765671
26.165597049330824,33.59766208370592,-0.0023936525,119,38.053359832153255,28.73409796566066,0.14537525177001953,24.919809341430664,-9.951647e-06,23.715174674987793,14.088805437088013,1.0584778785705566,100,1200000,1.9122153789782306,8.923509359359741,2997.0366683006287
26.360868519511335,33.815218617972526,-0.001910607,120,37.19655471324015,30.314517631853615,0.17361950874328613,24.93907594680786,-9.937498e-06,23.705708980560303,14.059563875198364,1.0590972900390625,100,1210000,1.8275674865691967,8.943614959716797,3022.0434777736664
25.967250455033216,33.35630316394857,-0.0023431235,121,37.37380577309759,27.21052017974384,0.1685936450958252,24.991794109344482,-9.935591e-06,23.755192279815674,14.069324016571045,1.0672633647918701,100,1220000,1.9357416241934844,8.988181829452515,3047.092488050461
26.18643726706421,33.645815395694825,-0.0013236697,122,37.332861032615725,27.692800311585053,0.1292710304260254,25.004475116729736,-9.895971e-06,23.78655219078064,14.13179612159729,1.0879523754119873,100,1230000,1.9089403592297145,8.950913667678833,3072.1568739414215
26.270243212502507,33.75706636089133,-0.0012240214,123,37.051053374622036,28.03534405070756,0.13234710693359375,24.86159062385559,-9.868495e-06,23.653451204299927,14.084105014801025,1.074645757675171,100,1240000,1.6350712096189848,8.870941638946533,3097.079522371292
26.346926040198245,33.86017348646777,-0.0039062048,124,38.452643665378076,28.80814391262689,0.1308271884918213,24.9906108379364,-9.8524615e-06,23.804234266281128,14.240622997283936,1.0548903942108154,100,1250000,1.8792653028065245,8.866252183914185,3122.1338267326355
25.882737309534573,33.3366726884855,-0.0013587463,125,38.053181042196584,26.39772277687484,0.1314716339111328,24.84999394416809,-9.8195005e-06,23.63318943977356,14.054730892181396,1.0847091674804688,100,1260000,1.9885982407886416,8.874391317367554,3147.0435371398926
26.353288090419383,33.877936131230626,-0.0013128206,126,37.82250258099573,28.856351202673938,0.14627552032470703,25.04511332511902,-9.799027e-06,23.823745012283325,14.140885591506958,1.0743637084960938,100,1270000,1.70605400118,8.970215320587158,3172.1472051143646
26.180918124107787,33.673670261189784,0.00042384226,127,37.06411955719405,26.90596433069681,0.1326589584350586,24.939746856689453,-9.762796e-06,23.69239616394043,14.122669458389282,1.1140341758728027,100,1280000,2.0344922433345043,8.867423057556152,3197.14746260643
26.43612058605296,33.91427643835324,-0.0009954876,128,37.73586974597397,27.257981368306112,0.12419438362121582,24.975156545639038,-9.738905e-06,23.77726125717163,14.172288179397583,1.0730619430541992,100,1290000,2.0168824868813386,8.907874345779419,3222.1865808963776
25.969288245605362,33.45698861180756,-0.0005292222,129,37.42391744723071,29.194721886058083,0.1355900764465332,24.883021116256714,-9.70463e-06,23.63417935371399,14.030271768569946,1.112616777420044,100,1300000,1.7878022746321993,8.897579193115234,3247.1316814422607
26.080866005483603,33.57322986970786,0.00093770237,130,37.533465752763576,28.020140163575654,0.12967395782470703,25.042574644088745,-9.68642e-06,23.78901433944702,14.16701340675354,1.1231389045715332,100,1310000,1.8768404282416564,8.917578220367432,3272.2315106391907
26.348245020434785,33.89146761579446,0.0025472494,131,37.715731227098956,28.477921570544716,0.12707996368408203,25.006259441375732,-9.65635e-06,23.792771816253662,14.132076501846313,1.0856778621673584,100,1320000,1.9578713990798966,8.950318574905396,3297.306227684021
26.38695848453439,33.932497236016545,0.001514046,132,37.70110250804466,27.663759001413815,0.12728619575500488,24.914005041122437,-9.641007e-06,23.725999355316162,14.106014251708984,1.0600967407226562,100,1330000,1.9227286201277403,8.90979266166687,3322.277634382248
26.55124094753439,34.10969434666563,0.0034682795,133,37.444767691811,27.24486381697443,0.12967181205749512,24.89366102218628,-9.609175e-06,23.691486835479736,14.062835216522217,1.071784257888794,100,1340000,1.8831376307578622,8.917849063873291,3347.234498977661
26.57767446801387,34.22775349929355,-0.0014427506,134,38.30327048226543,28.284301319357176,0.12389564514160156,25.102295875549316,-9.580236e-06,23.881303787231445,14.221804857254028,1.0957634449005127,100,1350000,1.9103092548207794,8.95491099357605,3372.3976533412933
26.612335117130982,34.24226860579714,-0.0011591106,135,38.665633679101504,28.363072015592454,0.1482081413269043,24.902698755264282,-9.567759e-06,23.7064950466156,14.052916765213013,1.0472586154937744,100,1360000,1.7253147837592298,8.954415321350098,3397.3640396595
26.694738339923738,34.368569304476765,-0.00051600655,136,38.252272583891866,29.08346239787129,0.13471031188964844,24.94837975502014,-9.545543e-06,23.736762762069702,14.097293138504028,1.076268196105957,100,1370000,1.613961405163016,8.931822538375854,3422.3727927207947
26.65861540319166,34.31548045038382,0.0047202636,137,37.62895082245255,28.34923299376362,0.12890338897705078,24.875130653381348,-9.530079e-06,23.676455974578857,14.072417497634888,1.068998098373413,100,1380000,1.860074195281713,8.900286674499512,3447.3059527873993
26.906475990954487,34.543417093163015,0.006158023,138,38.342494705712475,28.9099303541399,0.12748026847839355,24.87987470626831,-9.496859e-06,23.69283366203308,14.05567455291748,1.0589406490325928,100,1390000,1.8139506286840588,8.925926685333252,3472.2474040985107
26.74495644921036,34.40201099543535,0.0048998813,139,37.647748599968345,29.220301050837417,0.1347970962524414,25.766250371932983,-9.461469e-06,24.51081919670105,14.602975368499756,1.1200029850006104,100,1400000,1.4551974633771008,9.183457136154175,3498.0734548568726
26.63584082920842,34.262187074926686,0.00509092,140,37.04445916710655,30.60206463612362,0.121063232421875,24.955909729003906,-9.432112e-06,23.753003358840942,14.13263988494873,1.081132173538208,100,1410000,1.4799324479037843,8.922695398330688,3523.0922260284424
26.991918334175402,34.59606963225233,0.011332716,141,38.430409323330295,30.658601371662503,0.14583587646484375,24.990147829055786,-9.394108e-06,23.741961240768433,14.11753225326538,1.1016108989715576,100,1420000,1.5868452462703004,8.927593469619751,3548.141275882721
26.933137097916703,34.540206121491,0.0074556847,142,37.20108438151367,30.006302270632258,0.11921858787536621,25.011335611343384,-9.359266e-06,23.800615310668945,14.105982542037964,1.0908846855163574,100,1430000,1.5011657522386683,8.986572742462158,3573.2150967121124
26.728722729417235,34.343298438995696,0.0048803245,143,37.73387738656967,29.961548575633564,0.12260580062866211,24.89665198326111,-9.345449e-06,23.717384099960327,14.118934392929077,1.0559895038604736,100,1440000,1.5545261927962,8.893969297409058,3598.1726219654083
26.61065362554396,34.1939381154233,0.00850266,144,38.37419425409317,27.610971389349103,0.12582182884216309,24.990782260894775,-9.316584e-06,23.78568720817566,14.136115074157715,1.078597068786621,100,1450000,1.9135980770422838,8.942852020263672,3623.2219796180725
26.616933872495576,34.24246468910982,0.0075853216,145,38.55719172065383,28.376754606457425,0.13087105751037598,24.923680782318115,-9.285081e-06,23.723793029785156,14.08103632926941,1.0682051181793213,100,1460000,1.6206532244762133,8.945662021636963,3648.208640098572
26.190309153464312,33.710020798687076,0.0055872984,146,37.260787153344175,26.51267080851767,0.1294708251953125,25.070953845977783,-9.2804585e-06,23.859126806259155,14.140839099884033,1.0816636085510254,100,1470000,1.9323293653701692,9.008216381072998,3673.334176301956
26.434584571166127,33.973979537108775,0.007952103,147,37.02674525554973,25.868717862297352,0.12644672393798828,25.002312660217285,-9.246968e-06,23.812878370285034,14.186951637268066,1.0624101161956787,100,1480000,1.7369154129639233,8.921206951141357,3698.3971633911133
26.28161441659539,33.732750513903035,0.009491928,148,37.397740501487796,25.90314892677847,0.13625454902648926,25.01984477043152,-9.222666e-06,23.792211055755615,14.134111404418945,1.0907254219055176,100,1490000,2.0924058090142315,8.959060192108154,3723.4734494686127
26.00923531831557,33.37191793764145,0.0019395842,149,38.44227917121533,29.023190388853198,0.14102435111999512,24.948052167892456,-9.216197e-06,23.710672616958618,14.130723237991333,1.095679759979248,100,1500000,1.8100704034451875,8.877363204956055,3748.4804866313934
25.783046683580146,33.09977438905847,0.016278323,150,37.205349847784305,25.89540159219827,0.13367438316345215,25.096333265304565,-9.226383e-06,23.898044109344482,14.20061707496643,1.063852071762085,100,1510000,2.1709251837208154,8.976803064346313,3773.635669708252
25.567504582760456,32.83015626002086,-0.0006455179,151,37.62529571935868,25.797533640342433,0.1217648983001709,24.886770963668823,-9.195773e-06,23.6807222366333,14.059447288513184,1.0835602283477783,100,1520000,2.201313700677177,8.918027639389038,3798.5817925930023
25.935794661537123,33.212713890547796,0.006469018,152,38.030484432911045,26.6734583373984,0.12682223320007324,24.90275263786316,-9.18326e-06,23.709024667739868,14.017762422561646,1.0662436485290527,100,1530000,2.116096356852221,8.983346939086914,3823.545006752014
25.935262819690916,33.20818846312422,0.0001946377,153,37.084049266643326,27.72654342775726,0.13850879669189453,25.03289794921875,-9.185382e-06,23.78449773788452,14.1220064163208,1.1090469360351562,100,1540000,2.0045133982281045,8.955538272857666,3848.6395103931427
25.85751619802207,33.073077616947764,-6.233527e-05,154,37.25125100140322,27.006316004849094,0.13330602645874023,25.091190099716187,-9.181008e-06,23.835175037384033,14.153730630874634,1.1221628189086914,100,1550000,2.079693188156993,8.96112871170044,3873.7977755069733
25.57084413068566,32.74361189166652,-0.0016621158,155,36.93277087932214,24.184496583875806,0.1223750114440918,24.990209341049194,-9.147044e-06,23.80978775024414,14.154462337493896,1.057356595993042,100,1560000,2.5125600087476494,8.94798994064331,3898.846598625183
25.895063065472463,33.1649401482404,-0.0017169709,156,36.980192919333916,28.03970051410472,0.13294291496276855,24.98840045928955,-9.130313e-06,23.78775715827942,14.115378856658936,1.0669214725494385,100,1570000,1.850349191525078,8.969200849533081,3923.8993289470673
25.943128304206883,33.256290764209375,-0.0015038168,157,36.98599855556075,26.867114612789834,0.12387919425964355,24.97550129890442,-9.11438e-06,23.78975749015808,14.140906572341919,1.061213731765747,100,1580000,2.2929081683107926,8.9485182762146,3948.936712026596
25.82782198107632,33.14416002971145,-0.0022278766,158,36.84600641590461,25.112414303846165,0.12715697288513184,25.124693155288696,-9.076126e-06,23.919008255004883,14.25543761253357,1.0779061317443848,100,1590000,2.051649076626702,8.961448907852173,3974.1211993694305
25.668390023676462,32.98098702073461,-0.0012019726,159,38.113752296190476,23.698493957460876,0.12839484214782715,25.033300161361694,-9.057552e-06,23.853980779647827,14.194589853286743,1.0502755641937256,100,1600000,2.2309057017172242,8.956425905227661,3999.216574192047
26.072638046443107,33.39644621020614,-0.0019258551,160,37.16499480387158,25.787560405901527,0.15905094146728516,25.07677936553955,-9.028242e-06,23.850396156311035,14.161125183105469,1.0665781497955322,100,1610000,1.8533838524435176,8.997859001159668,4024.351142644882
26.144810044705494,33.54653533393073,-0.0011927933,161,36.53625938041553,26.65323022980302,0.13875031471252441,24.966304302215576,-8.994512e-06,23.75693130493164,14.141345977783203,1.0699889659881592,100,1620000,1.8335984230705376,8.914710283279419,4049.378879547119
25.92173911477625,33.29145670213508,0.0068964926,162,37.39427380198171,26.133534555233965,0.12494921684265137,24.954242944717407,-8.948396e-06,23.76018452644348,14.137316703796387,1.0683505535125732,100,1630000,1.8731339160681715,8.927480459213257,4074.3942577838898
26.47541942217929,33.99952387440753,-0.0008269238,163,37.61102008370965,29.693427015358854,0.14474964141845703,25.08347797393799,-8.89114e-06,23.866066217422485,14.212855100631714,1.0720250606536865,100,1640000,1.5171534561861786,8.951778173446655,4099.539749383926
26.57184792228449,34.05935606508655,0.0012488227,164,38.5347919311379,28.16287325376641,0.1293933391571045,24.965662002563477,-8.859518e-06,23.765907764434814,14.109924077987671,1.0697855949401855,100,1650000,1.8809277107295677,8.950195550918579,4124.566528081894
26.783951538656574,34.3499463888201,0.0021513328,165,38.649503099264535,29.506058937759676,0.16727757453918457,24.992974758148193,-8.831725e-06,23.723056077957153,14.098225831985474,1.1018717288970947,100,1660000,1.6245420849026637,8.923792839050293,4149.616655349731
26.72639079329907,34.19507576645608,0.0017473332,166,38.153865404391986,30.210799656390254,0.1377408504486084,24.97815775871277,-8.792583e-06,23.74916362762451,14.070738315582275,1.090498924255371,100,1670000,1.6964539435639776,8.973727226257324,4174.6560752391815
26.922845021919805,34.44815659614895,7.552851e-05,167,37.21460022055673,30.55378928156134,0.12357854843139648,24.979771375656128,-8.777945e-06,23.79392433166504,14.159088134765625,1.0615344047546387,100,1680000,1.5232056827305487,8.927007913589478,4199.697303771973
26.533969843688688,34.0330133438768,0.0013619505,168,38.62943066386548,29.343403315861647,0.1242818832397461,25.64283061027527,-8.7517e-06,24.422935724258423,14.525467872619629,1.0949506759643555,100,1690000,1.7077054213782283,9.17879867553711,4225.400822401047
26.744839752845575,34.329619046869595,0.0016284314,169,37.948664059324194,29.177058081321896,0.14071226119995117,24.937917947769165,-8.737883e-06,23.697922229766846,14.045511484146118,1.0985441207885742,100,1700000,1.4657214795873834,8.93785572052002,4250.398594617844
26.82850027915672,34.38251616362787,-0.00033788237,170,37.16497776641352,30.80123778718569,0.12670326232910156,24.981326580047607,-8.698244e-06,23.78525471687317,14.117118835449219,1.068713665008545,100,1710000,1.2989610245074852,8.969730138778687,4275.439700841904
26.930803652661147,34.543093585809444,-0.00096974435,171,38.20633970871962,29.717965476258883,0.12705397605895996,25.0055193901062,-8.662519e-06,23.8139226436615,14.183342456817627,1.0637640953063965,100,1720000,1.6129667952792133,8.924665689468384,4300.510129451752
26.623457096249354,34.259739879945485,0.000101101694,172,37.579265231666994,30.480338654807394,0.12851977348327637,24.928407669067383,-8.637305e-06,23.733744144439697,14.075454473495483,1.0655009746551514,100,1730000,1.645046189454531,8.940595626831055,4325.49737071991
27.01056150215227,34.64725328829703,-0.001961189,173,37.949879872229076,28.839025944467778,0.12484097480773926,24.898114681243896,-8.612054e-06,23.69784164428711,14.05512809753418,1.0746824741363525,100,1740000,1.704774433073835,8.935762882232666,4350.4574818611145
26.95794164575419,34.61050584491378,-0.0010773533,174,38.11445911213601,30.471203578547172,0.13245868682861328,25.018222332000732,-8.554177e-06,23.806643962860107,14.158446550369263,1.0785229206085205,100,1750000,1.5600491256107072,8.941092491149902,4375.533321380615
26.648214016998768,34.29851665967009,0.0039515756,175,37.431759104602804,28.34886848236173,0.13383984565734863,24.843613386154175,-8.519373e-06,23.65364360809326,14.031009912490845,1.0555047988891602,100,1760000,1.63259104323736,8.918092012405396,4400.442376375198
27.11236637410949,34.80417607588692,-0.0030666338,176,38.15059475625039,31.245866774435108,0.14302396774291992,24.996703147888184,-8.490878e-06,23.778138160705566,14.107890844345093,1.0748341083526611,100,1770000,1.4214881128785155,8.947372436523438,4425.500727653503
26.849645901781404,34.57185623647399,0.0024343368,177,38.24061798131588,30.60514388270318,0.13921761512756348,25.003541231155396,-8.469722e-06,23.741201162338257,14.09210991859436,1.1223835945129395,100,1780000,1.5484338036295253,8.945351600646973,4450.567250967026
26.776995675845196,34.55019628968618,0.00817421,178,38.21908447678179,31.051236352489074,0.13575196266174316,25.150440216064453,-8.448627e-06,23.87338089942932,14.167471885681152,1.1406614780426025,100,1790000,1.452778103450585,8.990869522094727,4475.7773950099945
26.778092064424786,34.44807134454118,0.0039981836,179,37.68099124446638,28.771229973231776,0.16483378410339355,24.960281372070312,-8.416242e-06,23.698797464370728,14.056336164474487,1.0958070755004883,100,1800000,1.705533169829948,8.93984055519104,4500.80220413208
26.70331102824618,34.308173209540485,0.006049482,180,38.328521648004,27.020327267012362,0.12485432624816895,24.952888250350952,-8.383304e-06,23.74325132369995,14.097514390945435,1.0841035842895508,100,1810000,2.0611041378574906,8.939045429229736,4525.817695140839
26.519500718097902,34.131512871732006,-8.3287225e-05,181,38.195977791203944,29.65020102096372,0.12482881546020508,24.966050386428833,-8.338795e-06,23.769174575805664,14.162631750106812,1.0714848041534424,100,1820000,1.7762932461298186,8.905527830123901,4550.843533277512
26.404237351936086,34.02821919325902,0.001380547,182,37.68508074851428,27.853199003776876,0.14462733268737793,25.069194078445435,-8.2937095e-06,23.867961883544922,14.200886011123657,1.0559906959533691,100,1830000,1.7536399981376132,8.953445434570312,4575.972719907761
26.550741531874984,34.153930608839225,0.0023947693,183,38.10817054606927,28.4568198656089,0.13277959823608398,25.003453016281128,-8.269363e-06,23.797487020492554,14.127907514572144,1.0723834037780762,100,1840000,2.039659640875634,8.966017723083496,4601.039446353912
26.370665888255743,33.97233614466278,0.002716335,184,38.03637605140496,28.17170716997437,0.1331617832183838,25.071829319000244,-8.24578e-06,23.84819984436035,14.183180093765259,1.0898759365081787,100,1850000,1.8347708519517627,8.974811792373657,4626.171354532242
26.329249256345314,33.89168451549128,0.0059171533,185,37.53295385463842,26.942691650044814,0.1304779052734375,24.804348707199097,-8.229792e-06,23.611711978912354,14.039523601531982,1.0615689754486084,100,1860000,1.7365201776761892,8.870746612548828,4651.035874128342
26.44396467582856,34.010950925392514,0.003075321,186,37.38333556951431,28.1996711129507,0.14604616165161133,24.927800178527832,-8.19154e-06,23.701580286026,14.07988452911377,1.079514980316162,100,1870000,1.8185525836662553,8.9180428981781,4676.021689414978
26.261472520855108,33.773779881944044,0.010744386,187,38.05661890520699,29.636312682136325,0.1446092128753662,25.521111488342285,-8.174044e-06,24.293020248413086,14.463363647460938,1.0827631950378418,100,1880000,1.8286003965547448,9.119855403900146,4701.600965499878
25.924875687101377,33.42083470582941,-0.0019538437,188,38.12531807573095,28.248679283678765,0.1569359302520752,24.899788856506348,-8.1589815e-06,23.650372982025146,14.030583620071411,1.091827630996704,100,1890000,1.9682522157796953,8.914042949676514,4726.560721158981
26.283614362519458,33.76613158281222,0.0030331747,189,37.997000609691106,27.881330855284386,0.1566314697265625,25.01341223716736,-8.159589e-06,23.773333311080933,14.156821489334106,1.0826053619384766,100,1900000,1.932100899394732,8.904733419418335,4751.634314775467
26.291005105837115,33.742046250607935,0.0023247015,190,38.06734906002843,26.002430150431053,0.16789555549621582,25.00144863128662,-8.112409e-06,23.759275197982788,14.132241010665894,1.0736339092254639,100,1910000,1.8925996116928672,8.925050973892212,4776.699856758118
25.73261768603046,33.153403757119136,0.0013274365,191,36.90516923639308,25.998530005137333,0.12853169441223145,24.914549112319946,-8.083715e-06,23.71383237838745,14.060259580612183,1.0714545249938965,100,1920000,2.013303968840256,8.942763328552246,4801.673785448074
25.78028469404291,33.1695720352714,-0.0021555421,192,36.9764614559784,27.098145714981566,0.17079734802246094,24.93792152404785,-8.063156e-06,23.679503917694092,14.066132307052612,1.0869390964508057,100,1930000,1.8235158011068102,8.91441011428833,4826.669842243195
26.21251751162231,33.59468489870628,0.0016994923,193,37.99783354726688,27.27691037680235,0.13391685485839844,24.878862619400024,-8.043501e-06,23.684487104415894,14.05031132698059,1.059838056564331,100,1940000,2.0565225931377444,8.93580937385559,4851.610013961792
26.39389170528654,33.89462454833249,0.002125527,194,37.71482551229133,28.830998972722114,0.17430758476257324,24.92332696914673,-8.006335e-06,23.68772530555725,14.073580741882324,1.0605809688568115,100,1950000,2.029004310607486,8.905510187149048,4876.5891671180725
26.4251845909139,33.942272645463774,0.009936481,195,37.32697840625115,27.48985741074159,0.12910008430480957,24.936429500579834,-7.972195e-06,23.760866403579712,14.135332107543945,1.045708179473877,100,1960000,2.1693109868941436,8.91124176979065,4901.58717250824
26.565273173594957,34.13081679673349,0.000868665,196,37.4316542261345,28.915429201510612,0.12090325355529785,25.052908897399902,-7.959393e-06,23.856563329696655,14.178843259811401,1.0748803615570068,100,1970000,1.6906332764109095,8.974644660949707,4926.699478626251
26.534759107139557,34.11247214755063,-0.0022829883,197,37.88598891096551,30.045395620399333,0.12989187240600586,24.938164710998535,-7.9148895e-06,23.720308303833008,14.066629886627197,1.0872423648834229,100,1980000,1.7590779433378214,8.942152976989746,4951.697489261627
26.6014296509309,34.12271906773904,0.00094652205,198,37.18711461946698,28.510386392636825,0.14796710014343262,24.99744176864624,-7.876473e-06,23.79535412788391,14.145740270614624,1.053393840789795,100,1990000,1.6209201138540414,8.939218997955322,4976.754325866699
26.623176532561747,34.178031373713125,0.0054832017,199,37.53513505024869,29.89188571916682,0.12548279762268066,24.831631422042847,-7.878748e-06,23.663384437561035,14.033980369567871,1.0420737266540527,100,2000000,1.6028005150767195,8.929631233215332,5001.648349046707
26.641640644320884,34.20318645028116,-8.418606e-07,200,37.50189050888862,30.254276964447612,0.15932083129882812,24.829972982406616,-7.850056e-06,23.628711462020874,14.002983093261719,1.041236162185669,100,2010000,1.7341784167767953,8.92264723777771,5026.541648387909
26.624944773409023,34.17720805576949,-0.0015281928,201,37.43869939867759,30.171824774077617,0.15711116790771484,24.981536149978638,-7.82905e-06,23.733785152435303,14.116135597229004,1.0900044441223145,100,2020000,1.5229322834011934,8.90892744064331,5051.580988883972
26.626819174552246,34.17941454371683,0.0016894193,202,36.910709531469465,31.394157737352803,0.131195068359375,25.234630346298218,-7.824691e-06,23.957440853118896,14.27754282951355,1.1452832221984863,100,2030000,1.484272643604968,8.970091342926025,5076.874174118042
26.83557779696077,34.42110031847471,0.001010148,203,37.09902932211783,29.17052636126829,0.16895699501037598,25.02052354812622,-7.80245e-06,23.55012059211731,13.998086214065552,1.2999224662780762,100,2040000,1.4705276545603325,8.85818886756897,5101.961525678635
26.61771988947114,34.11876533102671,0.0031679175,204,37.4683480005628,28.850029083419933,0.20913004875183105,25.003652095794678,-7.778648e-06,23.321676015853882,13.756504535675049,1.470874547958374,100,2050000,1.6330411494838855,8.872421741485596,5127.024260044098
26.796954735458854,34.30252095823237,0.0051524695,205,38.27453326349419,30.373610263484366,0.1455247402191162,25.013121843338013,-7.747403e-06,23.193561792373657,13.699893236160278,1.6727900505065918,100,2060000,1.5187040330908732,8.802841663360596,5152.096488952637
26.462695242084905,33.961616583389656,0.0030565609,206,37.51923222918339,28.518414679360482,0.1401207447052002,24.842275857925415,-7.707176e-06,23.284230947494507,13.765515089035034,1.4171478748321533,100,2070000,1.8593645342806453,8.821708679199219,5177.003620624542
26.82563663672561,34.31303177385948,0.0020637976,207,36.94679323672326,30.11506808445219,0.14730095863342285,24.77716326713562,-7.680273e-06,23.363155364990234,13.801145076751709,1.2650201320648193,100,2080000,1.5094548161816561,8.86739206314087,5201.870159626007
26.39087097424956,33.84207244167345,-0.00077910477,208,37.74007167617947,28.688130600813135,0.1271042823791504,24.809978008270264,-7.646503e-06,23.606366872787476,13.997549295425415,1.075732707977295,100,2090000,1.7378478628040444,8.908948183059692,5226.765204906464
26.450385345648716,33.894432372413505,0.005857865,209,38.13398898690008,29.522790567584128,0.1337754726409912,24.852282524108887,-7.606869e-06,23.644288063049316,14.082693576812744,1.0729045867919922,100,2100000,1.636498874470813,8.869356393814087,5251.694168329239
26.424168696438116,33.860639074818735,0.0012463102,210,37.505826624821474,29.500487069342203,0.1536564826965332,24.88850450515747,-7.5649464e-06,23.687201499938965,14.104580402374268,1.046799898147583,100,2110000,1.6270460861211016,8.883476257324219,5276.647804021835
26.471899057767885,33.92681317487119,0.004356017,211,37.45269710269785,28.79768220338158,0.13456153869628906,25.289024591445923,-7.5491844e-06,24.066689014434814,14.336200952529907,1.0869543552398682,100,2120000,1.725629879224693,9.019386529922485,5301.997069120407
26.712844709329634,34.16891811981901,-0.0012831688,212,37.96617073641599,25.051530736393293,0.13226652145385742,25.089531183242798,-7.541322e-06,23.857791900634766,14.211207389831543,1.098404884338379,100,2130000,1.9659645224712137,8.94364595413208,5327.143167972565
26.779131053942947,34.275223073370455,0.0025852018,213,38.25643540109192,30.0745044814011,0.14867091178894043,25.010174036026,-7.501056e-06,23.75568461418152,14.092085838317871,1.105053186416626,100,2140000,1.7520089451808494,8.963369369506836,5352.21537566185
26.884298196389437,34.41145310404839,0.0022699854,214,37.88628299372397,29.712154288771433,0.13285112380981445,25.105093955993652,-7.504598e-06,23.894875049591064,14.241156578063965,1.0766732692718506,100,2150000,1.5987069732364037,8.949127197265625,5377.383949518204
26.87670146846111,34.398913768740904,0.0039542853,215,37.877707811111385,27.371055287678757,0.1616837978363037,24.835654973983765,-7.4846516e-06,23.616959810256958,13.967476606369019,1.0563735961914062,100,2160000,1.6500236453135284,8.946012020111084,5402.279052019119
26.866633137092066,34.400001862320586,0.0016267096,216,37.698079136172744,31.4161582982605,0.13022685050964355,25.04843497276306,-7.439003e-06,23.845525979995728,14.177151203155518,1.0718984603881836,100,2170000,1.4628909297905917,8.92790937423706,5427.388758182526
27.0029913782545,34.57638242039058,0.00011757869,217,37.74077637389249,29.665358411271914,0.13182330131530762,24.874258279800415,-7.4182567e-06,23.690526723861694,14.071282625198364,1.0511066913604736,100,2180000,1.5137860955774753,8.914510726928711,5452.320566654205
26.58703601226301,34.14777978834713,6.9645816e-05,218,37.318302700679645,29.305689180849146,0.12209963798522949,24.886456966400146,-7.427796e-06,23.684156894683838,14.093985319137573,1.079580545425415,100,2190000,1.63712211378015,8.880874633789062,5477.268569946289
26.797531155855317,34.37898592645688,0.0046961554,219,38.04246655328108,30.269988893689842,0.12332844734191895,24.96043062210083,-7.4286163e-06,23.758041381835938,14.15669584274292,1.0782790184020996,100,2200000,1.5485094786479545,8.896955728530884,5502.29208445549
26.90150838465539,34.50682977604382,-0.00059315906,220,38.744648637855356,30.143574467217462,0.1273937225341797,24.875879764556885,-7.4044347e-06,23.659139156341553,14.073807716369629,1.0887291431427002,100,2210000,1.6967609921468372,8.873077869415283,5527.227089881897
27.103358179360225,34.75179662852245,0.0024837784,221,37.653031671483305,30.074938134963087,0.13399410247802734,24.946613550186157,-7.3993406e-06,23.746744394302368,14.159343481063843,1.0650396347045898,100,2220000,1.4153935332507115,8.88914179801941,5552.236852169037
26.929263402951747,34.58075747787337,0.012062128,222,37.942761371537806,30.755533697000857,0.1602165699005127,24.984467267990112,-7.4129493e-06,23.772074460983276,14.092467784881592,1.0512638092041016,100,2230000,1.4643305528231347,8.974284648895264,5577.28403377533
26.904702693772172,34.58715102794442,0.018613612,223,38.11096126785994,29.484486787002123,0.12913942337036133,24.902653694152832,-7.3892115e-06,23.682310819625854,14.066291332244873,1.090306282043457,100,2240000,1.6386061770351605,8.9089674949646,5602.250618457794
27.151868001520025,34.843644289467505,0.0076989247,224,38.34913751978617,30.397271431797297,0.14507198333740234,24.88932752609253,-7.3732444e-06,23.67438316345215,14.010172843933105,1.0689406394958496,100,2250000,1.5297752878409205,8.962674617767334,5627.196941614151
27.033321735593958,34.6813780739913,0.015271135,225,37.82734205369724,28.9952381621064,0.12864184379577637,25.073391437530518,-7.3590695e-06,23.830626726150513,14.226360321044922,1.1133878231048584,100,2260000,1.618182414405822,8.905118465423584,5652.331693887711
27.12743615381001,34.80455952508965,0.004275823,226,37.301454283539336,31.72191991816779,0.14746737480163574,25.07800006866455,-7.3519836e-06,23.818977117538452,14.165344476699829,1.1105802059173584,100,2270000,1.2984735160790848,8.947501182556152,5677.473005533218
27.086612255342942,34.7288100519444,0.0064911596,227,37.68152913797438,30.282035346859168,0.14134454727172852,25.058874368667603,-7.34718e-06,23.858922243118286,14.181591510772705,1.057830572128296,100,2280000,1.5574520308864803,8.96957278251648,5702.594099998474
26.985841884796187,34.62963945630001,0.0023161434,228,37.76445586679552,29.51048571617891,0.13970327377319336,24.95570158958435,-7.342496e-06,23.743765354156494,14.102179765701294,1.071488618850708,100,2290000,1.5808924414295713,8.939293146133423,5727.610914707184
26.709454548943405,34.367900178773226,0.00059218437,229,37.380047747600095,29.633429116054725,0.13274002075195312,24.83926773071289,-7.311295e-06,23.590866327285767,13.969883441925049,1.1149790287017822,100,2300000,1.5555056147154298,8.917098999023438,5752.512097120285
26.882015127418477,34.597116602547196,0.0012558136,230,38.109395097264986,31.48834461527639,0.12464380264282227,24.970845460891724,-7.297946e-06,23.78211760520935,14.087905645370483,1.0630927085876465,100,2310000,1.3850802212633835,8.992458820343018,5777.542498826981
26.994854474507243,34.67618635750996,-0.0010062093,231,38.0057467971045,29.347783452481952,0.1400904655456543,24.96509552001953,-7.282137e-06,23.737104892730713,14.123161554336548,1.0872480869293213,100,2320000,1.6055687635693274,8.912502765655518,5802.56352686882
27.09259656775842,34.7500009199846,0.002325543,232,37.46723052616729,28.800359309158353,0.14033174514770508,24.98681902885437,-7.2398184e-06,23.77009153366089,14.115580320358276,1.0757176876068115,100,2330000,1.582075064674951,8.947124481201172,5827.6097230911255
27.014722109138546,34.631286934368006,0.0055781747,233,37.67646510514164,28.31625645804513,0.13953208923339844,24.91402578353882,-7.2275184e-06,23.686193704605103,14.07580280303955,1.0876684188842773,100,2340000,1.5846931403797775,8.901013851165771,5852.586413383484
26.555557719970608,34.08097398477191,0.008438555,234,37.803079293438465,25.02727047399122,0.14447879791259766,24.896668195724487,-7.237349e-06,23.681623935699463,14.076429605484009,1.0698566436767578,100,2350000,1.9498204449186485,8.901365280151367,5877.542555809021
26.323134929840403,33.86201764859285,0.004544865,235,37.78760998589689,27.31668548605197,0.1299915313720703,25.057122945785522,-7.2183834e-06,23.851258516311646,14.194023609161377,1.0752031803131104,100,2360000,2.0599216921410988,8.949476957321167,5902.657004833221
26.251409665622976,33.72258154565361,0.0022994725,236,37.67133163099601,29.08965043928496,0.1212930679321289,24.961752891540527,-7.193041e-06,23.728782415390015,14.050549030303955,1.1109015941619873,100,2370000,1.8579446700718758,8.958462715148926,5927.677268743515
26.32624998987028,33.72867630933371,0.0026451526,237,37.84236674347838,28.243786966371147,0.1310884952545166,24.929909706115723,-7.188381e-06,23.73186945915222,14.083204746246338,1.0661697387695312,100,2380000,1.9565482857337093,8.9443941116333,5952.672695875168
26.115204168610138,33.53457853932831,-0.00060374284,238,37.5106902202464,28.24208220994811,0.1428520679473877,24.96348524093628,-7.1620975e-06,23.759905338287354,14.094221830368042,1.0600237846374512,100,2390000,1.639479362259987,8.956129789352417,5977.696930885315
25.9161739333159,33.309703808878346,0.0023129487,239,37.13169455325522,27.5419414588709,0.13022589683532715,24.930784463882446,-7.1359455e-06,23.70679545402527,14.127618074417114,1.0931575298309326,100,2400000,2.060844209762229,8.873267889022827,6002.690238237381
26.217680905428242,33.63043608695863,0.0046457364,240,37.843407240939385,23.90508312777338,0.14545798301696777,24.965478897094727,-7.114883e-06,23.76800775527954,14.166667222976685,1.0512843132019043,100,2410000,2.0197008087620145,8.904613733291626,6027.716505050659
25.939318298411038,33.27704112010899,-0.00022420053,241,37.677486082803554,26.58049006719898,0.13227295875549316,25.50933313369751,-7.1057434e-06,24.2959885597229,14.415537595748901,1.0804412364959717,100,2420000,2.220832593184187,9.172010660171509,6053.288499593735
26.228201934817193,33.581332723694324,0.0007222539,242,37.306745291042745,27.22931721129974,0.15195798873901367,24.866014003753662,-7.0927495e-06,23.647204399108887,14.085814476013184,1.0662918090820312,100,2430000,1.902732757800299,8.86186957359314,6078.211331129074
26.26501813445433,33.66704527989972,-0.0005738895,243,37.66535082889381,29.415410019335997,0.13102960586547852,24.91252326965332,-7.0723568e-06,23.709587574005127,14.170083045959473,1.0710806846618652,100,2440000,1.8586999569664677,8.84006404876709,6103.183573007584
26.13532877568214,33.5180682238679,-0.003509896,244,38.06768220487306,26.490308633230967,0.13210773468017578,24.9604275226593,-7.0614715e-06,23.75757884979248,14.162313222885132,1.0699708461761475,100,2450000,2.0227452941033155,8.894711256027222,6128.205338001251
26.378647109703014,33.76068367832822,-0.00073455914,245,37.0751621651021,29.734790975917047,0.13427114486694336,24.913411617279053,-7.0356064e-06,23.72330141067505,14.120715618133545,1.0552513599395752,100,2460000,1.7030467710248725,8.896125078201294,6153.17827129364
26.45660513970053,33.86573791004042,-0.0011695086,246,36.98044429715528,29.321285623911567,0.13174033164978027,24.909097909927368,-7.0249407e-06,23.72230362892151,14.12995195388794,1.0542864799499512,100,2470000,1.6680540003293278,8.894120216369629,6178.147637844086
26.532657941264905,33.96662261808532,-0.0022918691,247,37.65712889249085,26.385332415466053,0.1332685947418213,24.861011266708374,-7.012368e-06,23.651400804519653,14.074730396270752,1.0755281448364258,100,2480000,1.8411609559429991,8.874606370925903,6203.068382978439
26.34156871013454,33.78110813884437,-0.0010559808,248,38.522295924359476,29.289457470670897,0.1391913890838623,24.95393419265747,-7.0047327e-06,23.742450714111328,14.12800407409668,1.0715863704681396,100,2490000,1.770730993342105,8.916353940963745,6228.084688663483
26.41831577658211,33.82741978551713,3.7116573e-05,249,37.47355470937637,20.031769482862924,0.15871977806091309,24.93959641456604,-6.97949e-06,23.711093187332153,14.094983577728271,1.069167137145996,100,2500000,2.2472024798040273,8.919024467468262,6253.080915927887
26.304023376419877,33.74410209461232,-0.0006652137,250,36.97485617032574,27.25676214723207,0.16810178756713867,25.047364950180054,-6.9502353e-06,23.783743858337402,14.145764350891113,1.0948030948638916,100,2510000,1.4844413839222508,8.933074474334717,6278.191649436951
26.52185750396401,33.978610588817425,-0.0009254967,251,37.640296112244556,27.918174805010285,0.13217830657958984,25.027031421661377,-6.9174694e-06,23.7850821018219,14.10665512084961,1.1088066101074219,100,2520000,2.053217535366185,8.972146987915039,6303.286838293076
26.628695717746645,34.125537461456055,0.004176458,252,38.434239751530704,29.577644248819386,0.13231658935546875,24.84597682952881,-6.87601e-06,23.63954758644104,14.031555652618408,1.073399305343628,100,2530000,1.5724818653250123,8.903650283813477,6328.1916654109955
26.33543069583629,33.82122939444516,2.9011837e-05,253,37.88217414622557,29.037996884245384,0.12714290618896484,24.88306188583374,-6.831084e-06,23.690165758132935,14.061686277389526,1.065058946609497,100,2540000,1.5865698883869976,8.926180362701416,6353.131765604019
26.457383107808468,33.988314933047675,0.010382126,254,37.3667551192237,29.425855187311853,0.13692522048950195,25.117576599121094,-6.8017816e-06,23.892383098602295,14.15156865119934,1.0875372886657715,100,2550000,1.457766691355905,9.028268337249756,6378.314292192459
26.739483285324287,34.29098088807121,0.0004133421,255,37.33535444421193,29.038492225953927,0.12278413772583008,24.93327021598816,-6.7392984e-06,23.73986053466797,14.095742464065552,1.0700814723968506,100,2560000,1.63199859414013,8.939345121383667,6403.306693553925
26.66366530164157,34.24100219190317,0.019756248,256,37.47151976830387,30.66136858264907,0.15821480751037598,25.030410528182983,-6.709957e-06,23.81229019165039,14.158023595809937,1.0591893196105957,100,2570000,1.522086331000402,8.939591646194458,6428.3968324661255
26.882161510464172,34.485108817404516,0.015489005,257,37.704105089705486,31.336984048987347,0.13400983810424805,24.922014474868774,-6.689266e-06,23.711822032928467,14.100338459014893,1.0755393505096436,100,2580000,1.5489001743398072,8.909449100494385,6453.378424167633
26.84603681721109,34.47392966156217,0.013131759,258,37.63647189951327,26.089779087702304,0.1312563419342041,24.945356369018555,-6.675595e-06,23.73255467414856,14.112661361694336,1.0808615684509277,100,2590000,1.7527392857315496,8.917667150497437,6478.384076356888
26.863835855395127,34.50409515561697,0.0055194683,259,37.477478601975086,30.69227106835048,0.1407456398010254,25.121429681777954,-6.6728326e-06,23.918612003326416,14.212318897247314,1.061337947845459,100,2600000,1.4108855761964751,8.993207216262817,6503.571479558945
26.960518858444733,34.629202091320145,0.018071435,260,38.48410657085289,29.679626117951877,0.15570569038391113,25.077876567840576,-6.6615817e-06,23.846256971359253,14.153088569641113,1.0752079486846924,100,2610000,1.6214483448983374,8.985358953475952,6528.7114107608795
27.132083589333178,34.77182346904506,0.0008846651,261,38.064327835174545,30.111347433675252,0.1347360610961914,25.01614785194397,-6.6356265e-06,23.74379014968872,14.16434621810913,1.1366298198699951,100,2620000,1.508240993682693,8.87895393371582,6553.786927700043
27.087710204529056,34.75209935149565,0.015260847,262,37.477488089166805,31.663682993398343,0.14093637466430664,25.103801727294922,-6.6171588e-06,23.917422771453857,14.203043222427368,1.0446736812591553,100,2630000,1.330132279204917,9.012014389038086,6578.96751832962
27.050247448835904,34.77432434604123,0.016184337,263,37.77103308805135,27.229853002210344,0.17415094375610352,24.840961933135986,-6.6162847e-06,23.61145329475403,14.035404682159424,1.0540592670440674,100,2640000,1.6509163786655308,8.873908519744873,6603.868721246719
27.03537730768388,34.74123727893062,-0.0010617283,264,38.084933510955956,30.76345064092452,0.22130179405212402,24.933470726013184,-6.600361e-06,23.60502052307129,13.987011194229126,1.1059722900390625,100,2650000,1.4448290351974464,8.91600251197815,6628.863260984421
27.136241738319917,34.836120004377314,0.0032890257,265,37.643827752765404,31.315934753210854,0.2132270336151123,25.01294994354248,-6.5650065e-06,23.612009525299072,14.031390905380249,1.185986042022705,100,2660000,1.4680727972405034,8.877570390701294,6653.93573641777
27.207519113635563,34.92382450858281,0.0033179666,266,38.54850415881122,28.421013578067967,0.17605066299438477,24.972995281219482,-6.5474114e-06,23.461365938186646,13.893096923828125,1.3339693546295166,100,2670000,1.6208225288888267,8.870980739593506,6678.97003698349
27.23385320663738,35.02782830318181,0.0043720785,267,38.24710786161684,31.157519795223486,0.16753578186035156,24.976436138153076,-6.530867e-06,23.22932457923889,13.727684497833252,1.5782420635223389,100,2680000,1.3594962980437137,8.804621934890747,6704.00613617897
27.02725870815443,34.83647679360458,-0.00054864754,268,38.34259205717529,25.72035432768419,0.1492161750793457,24.93453335762024,-6.520464e-06,23.20984649658203,13.703256130218506,1.5744752883911133,100,2690000,1.802601517851668,8.813076972961426,6729.001631259918
26.82411546903096,34.587940323306896,0.00013872706,269,37.49456894761542,30.808893065238554,0.17180728912353516,25.067441940307617,-6.4874753e-06,23.25782299041748,13.739659070968628,1.6369383335113525,100,2700000,1.5130654383197024,8.82962441444397,6754.168375015259
27.287507891995805,35.09328661163113,-0.0021649553,270,38.18163952821522,30.882031486867334,0.14217638969421387,25.022968530654907,-6.45097e-06,23.367825269699097,13.856210708618164,1.5119643211364746,100,2710000,1.486204649711088,8.818073034286499,6779.28621506691
27.03482302053965,34.80342415083657,-0.0029775077,271,37.90009810173437,30.084421448253707,0.12350797653198242,24.955322742462158,-6.414933e-06,23.301703214645386,13.774529457092285,1.5280251502990723,100,2720000,1.4583902579643802,8.832520723342896,6804.334457874298
26.953137427735818,34.76468920654288,0.009079955,272,37.7492748326895,30.15545340095614,0.12225604057312012,24.745501279830933,-6.3843677e-06,23.30602192878723,13.780301332473755,1.3163278102874756,100,2730000,1.5091889294825331,8.831923007965088,6829.183616161346
26.950517772973985,34.737043703211086,0.005831282,273,37.759762276789594,27.35940813196363,0.13602995872497559,25.226467609405518,-6.3576044e-06,23.564411640167236,13.956895589828491,1.5252718925476074,100,2740000,1.7054172810539796,8.903703451156616,6854.516068935394
26.89838026956927,34.65839469900895,0.002627353,274,38.24082067631644,29.974751770028824,0.16176414489746094,25.164607048034668,-6.309422e-06,23.46364140510559,13.881479024887085,1.5364489555358887,100,2750000,1.4298629102718392,8.881432056427002,6879.752067565918
26.97426217439105,34.69718057923747,0.0007464622,275,37.81202923756544,27.976330248060826,0.12692928314208984,24.92165970802307,-6.2746844e-06,23.520627737045288,13.96128797531128,1.2721343040466309,100,2760000,1.7850947258846348,8.866578817367554,6904.753976345062
26.83236015510936,34.55291171150563,0.00045755086,276,38.264820185222746,30.55924406470003,0.15216875076293945,24.955640077590942,-6.2466106e-06,23.519728899002075,13.917209386825562,1.2816436290740967,100,2770000,1.5434954376735763,8.897918939590454,6929.814870357513
26.920431553317517,34.64330643725857,-0.000982969,277,37.98584493357342,29.971753924763373,0.1304159164428711,24.83870816230774,-6.220954e-06,23.54953384399414,13.992855310440063,1.15797758102417,100,2780000,1.4115355380841188,8.863596200942993,6954.737554550171
26.672094134137783,34.351448706462726,-0.0016242774,278,37.82094249114009,28.567779371695003,0.14785981178283691,25.038464069366455,-6.2059194e-06,23.665912628173828,14.045959949493408,1.2226605415344238,100,2790000,1.7832841122748448,8.923349618911743,6979.901547431946
26.546307859722138,34.18113978568602,-0.0020263975,279,37.94001008626719,28.902326997568544,0.14907598495483398,24.881880044937134,-6.165684e-06,23.55180072784424,13.98601508140564,1.1801931858062744,100,2800000,1.7630975410074479,8.870542287826538,7004.857075929642
26.77145755695314,34.419444321739185,0.008112866,280,38.49674745462476,28.630524432893125,0.1247854232788086,24.88612675666809,-6.123187e-06,23.638746976852417,14.066417217254639,1.1218974590301514,100,2810000,1.7891029168881947,8.868897914886475,7029.851061105728
26.728277806734212,34.38648892577877,-0.00013361438,281,38.18474477573296,29.739422258574816,0.15019845962524414,25.09770393371582,-6.1135042e-06,23.73493981361389,14.107723236083984,1.2116320133209229,100,2820000,1.7702300270560218,8.907376289367676,7055.038161039352
26.481312946675512,34.08718218064916,9.3745075e-05,282,37.63310362540067,30.246258687917667,0.12480568885803223,24.64504337310791,-6.082749e-06,23.417663097381592,13.905388116836548,1.1002681255340576,100,2830000,1.6955420539490083,8.818033695220947,7079.799268484116
26.727658914951018,34.3756763143497,-0.0005013273,283,38.441350384723535,30.64941692818509,0.13505148887634277,25.170618057250977,-6.095469e-06,23.927022457122803,14.246986150741577,1.1065316200256348,100,2840000,1.5110529010919642,8.974313020706177,7105.039866447449
26.625420673916963,34.274336192268,-0.0018709189,284,37.939696604701574,29.418222408541155,0.12674283981323242,24.97068738937378,-6.044176e-06,23.77275037765503,14.143732786178589,1.0687859058380127,100,2850000,1.8635859287994525,8.924124002456665,7130.069307804108
26.680938551560615,34.39248751477105,0.0012300715,285,38.371495315607845,28.21636802050252,0.13202285766601562,24.983134508132935,-6.024501e-06,23.78111743927002,14.137567043304443,1.069242000579834,100,2860000,1.7685259799449609,8.938570737838745,7155.109793186188
26.71371755493825,34.4131476395379,-0.002690142,286,38.380215840691164,30.468045439231823,0.1332697868347168,25.02381134033203,-5.9939803e-06,23.820191860198975,14.200899839401245,1.069697618484497,100,2870000,1.6035833517277513,8.918117046356201,7180.196731567383
26.958066943342434,34.68686897118539,-0.0007058878,287,38.41791740853252,30.468261046440404,0.12097740173339844,24.868594646453857,-5.9536524e-06,23.66428542137146,14.108291864395142,1.0827012062072754,100,2880000,1.6114301100037043,8.862519025802612,7205.122829675674
26.701381760971298,34.397193254458415,-0.0015397023,288,38.18807997374973,28.924788886632903,0.13450145721435547,24.889442205429077,-5.910759e-06,23.691821336746216,14.01507830619812,1.062363862991333,100,2890000,1.6442830203950245,8.951959609985352,7230.074031591415
26.85326942463218,34.531836985994495,-0.00042490385,289,38.54804465791277,30.562492765773886,0.13180041313171387,24.88422417640686,-5.888249e-06,23.661216735839844,13.99269151687622,1.0905718803405762,100,2900000,1.7408692426738204,8.956263065338135,7255.020064592361
26.722210063222033,34.38715592889076,-0.0012009394,290,37.90747972691556,29.96194935315568,0.12502455711364746,24.988003969192505,-5.8538308e-06,23.778377294540405,14.166609287261963,1.0839564800262451,100,2910000,1.6251999901819347,8.908037662506104,7280.067332744598
26.617905822536713,34.299352731517445,-0.0007603758,291,38.21862989131919,29.562235451336687,0.13989782333374023,24.917617082595825,-5.8312608e-06,23.720035314559937,14.072275638580322,1.056903600692749,100,2920000,1.514753134773462,8.943117141723633,7305.049550771713
26.634600289552804,34.26419362519067,-0.0012997483,292,37.75196874998564,27.766187618943967,0.1241004467010498,24.829904794692993,-5.8309565e-06,23.637547969818115,14.0289888381958,1.0676028728485107,100,2930000,1.8695639544956149,8.903019905090332,7329.937149763107
26.76472277006367,34.41822384619414,-0.0019865262,293,38.47818646047592,30.32495996920021,0.12520909309387207,24.865322828292847,-5.7798134e-06,23.667335987091064,14.076643943786621,1.072061538696289,100,2940000,1.4920040716289862,8.89944863319397,7354.863520622253
26.70489417367221,34.349959591261246,-0.0019951912,294,38.28757244487061,26.683951430043145,0.15998554229736328,24.835304021835327,-5.761436e-06,23.613858699798584,14.03064751625061,1.0608301162719727,100,2950000,1.9501703102508614,8.885190963745117,7379.756124973297
27.007581572941216,34.713091529937856,0.0012650448,295,38.183023850415246,27.808940250616203,0.12756824493408203,24.979830026626587,-5.738897e-06,23.78177571296692,14.134651899337769,1.0698320865631104,100,2960000,1.6359359621299547,8.940470218658447,7404.797324895859
27.122164876059813,34.86710609454848,-0.0015882057,296,38.006313635465396,31.006820975244725,0.15614628791809082,24.97917413711548,-5.721943e-06,23.73992347717285,14.054354429244995,1.0824177265167236,100,2970000,1.3701559804978307,8.975360870361328,7429.837600469589
26.98821257863611,34.67556328088095,0.001687749,297,38.15956802560072,30.43833243246933,0.13718867301940918,24.87417435646057,-5.6709187e-06,23.628356218338013,14.016042947769165,1.1080224514007568,100,2980000,1.5562894957198625,8.916110515594482,7454.772087335587
26.916706574168025,34.60034901103995,-0.0016847997,298,39.24683212383606,28.86896349925865,0.1346123218536377,25.041919231414795,-5.65592e-06,23.840405702590942,14.161807537078857,1.0661430358886719,100,2990000,1.7639144873755392,8.9670889377594,7479.871387243271
27.03468234208019,34.73927117703617,-0.001024649,299,38.46004799671188,31.582482073903005,0.13531088829040527,25.038309335708618,-5.6304584e-06,23.833192825317383,14.155429124832153,1.0691351890563965,100,3000000,1.5396585415380042,8.970994710922241,7504.970238208771
