Time-SampleProc,train-AverageDiscountedReturn,Time,train-StdReturn,LossAfter,ItrTime,train-NumTrajs,train-PolicyExecTime,n_timesteps,train-EnvExecTime,train-MinReturn,Itr,Time-Optimization,Time-Sampling,train-MaxReturn,LossBefore,train-AverageReturn
0.24918913841247559,-16.59964458295294,28.940921783447266,81.55673233779054,0.1328604,28.940912008285522,100,14.745881080627441,10000,11.264869689941406,-210.9626277098667,0,1.9647777080535889,26.726043224334717,128.19083068004568,-1.4195965e-05,-43.19990885594433
0.19923949241638184,-31.294163852820965,57.40656399726868,80.90182372240983,0.0042071645,28.342199325561523,100,14.842743873596191,20000,11.428914785385132,-207.93516796536525,1,1.1389307975769043,27.003360748291016,121.9242223617983,-1.4187857e-05,-70.75782114942791
0.1615278720855713,-7.340552901646052,85.7462317943573,98.06382118745542,-0.008355695,28.25849175453186,100,14.842691659927368,30000,11.431631803512573,-259.64018776649834,2,1.0844981670379639,27.011595249176025,140.325258262034,-1.4207906e-05,-29.756104404941148
0.1663188934326172,31.570803441551206,113.83335447311401,103.22903083278567,-0.0078093386,28.01564359664917,100,14.742003440856934,40000,11.228658437728882,-209.45672567892495,3,1.1510069370269775,26.697597980499268,196.32087361115723,-1.4209702e-05,38.27499888226651
0.17890453338623047,65.69462932457823,142.12913823127747,90.63592164777486,-0.0076658474,28.223936080932617,100,14.789169311523438,50000,11.374927282333374,-162.57194627041548,4,1.1419131755828857,26.90225076675415,205.8766575197422,-1.4201327e-05,99.99819268675127
0.24485421180725098,97.68745483785837,170.37186098098755,57.65882811496468,-0.005388266,28.171111822128296,100,14.618820190429688,60000,11.384527683258057,-71.04126445504465,5,1.196781873703003,26.72791600227356,202.9447738274944,-1.4198015e-05,157.5370050203356
0.17008209228515625,106.9176075837334,198.29491233825684,30.81684133925334,-0.007824764,27.850614309310913,100,14.371405124664307,70000,11.304612874984741,27.937545082732292,6,1.2811732292175293,26.39711856842041,201.8594769395024,-1.4164962e-05,172.87632955602675
0.21155428886413574,110.24468024273693,225.81446933746338,26.124371585678745,-0.0035503788,27.455337047576904,100,13.93347978591919,80000,11.180762529373169,47.342176380557845,7,1.4424247741699219,25.800013542175293,200.75510484938462,-1.4139378e-05,181.4338670435927
0.1438889503479004,114.7339226825239,253.52376914024353,9.256580492849974,-0.0020937428,27.650254726409912,100,13.89091944694519,90000,11.246119499206543,147.03070858661766,8,1.6777384281158447,25.827884435653687,202.7721981186943,-1.4116369e-05,190.6150925731552
0.16294407844543457,113.72868784221613,281.3307807445526,30.432813197329427,-0.0031423662,27.745200872421265,100,13.918635606765747,100000,11.258724689483643,-104.87326339463688,9,1.7089564800262451,25.872214317321777,203.13879863605717,-1.4084465e-05,188.65908057653695
0.17401480674743652,116.7353258869059,309.1085014343262,6.531513616207851,-0.0038564247,27.717010974884033,100,13.859939098358154,110000,11.307883262634277,165.09744134723576,10,1.6855926513671875,25.855644702911377,205.90378165655358,-1.4039882e-05,195.44834880689498
0.15243148803710938,117.43386777992937,336.8590407371521,4.72924422114261,-0.005802867,27.683566331863403,100,13.82398247718811,120000,11.264566659927368,176.93701804529928,11,1.7582192420959473,25.77175259590149,202.96163139939142,-1.3995701e-05,197.0868711010631
0.16284394264221191,118.03105144625125,364.70667481422424,2.3438650514694515,-0.006479748,27.74674081802368,100,13.909586906433105,130000,11.365376710891724,190.4288880992616,12,1.6217679977416992,25.961250066757202,203.2030184973075,-1.3954903e-05,198.72445139936278
0.17837023735046387,118.31674733932978,392.54286217689514,2.2772130801441115,-0.0067183706,27.763360023498535,100,13.806410312652588,140000,11.37558388710022,190.91864964387702,13,1.711421251296997,25.872976303100586,202.97361220449807,-1.39099675e-05,199.65475839223353
0.178541898727417,118.64319543908805,420.40083599090576,2.0362993387199877,-0.00487931,27.79917001724243,100,13.837921857833862,150000,11.377982378005981,192.30563143217313,14,1.7103893756866455,25.90934157371521,203.37790932221023,-1.3867932e-05,200.23254170918543
0.2362060546875,118.77431202573156,448.2358102798462,2.301082032950731,-0.0059811734,27.77014994621277,100,14.00025725364685,160000,11.398443222045898,190.61366802021556,15,1.43625807762146,26.096789836883545,203.5594608562339,-1.3822799e-05,200.43517370746338
0.18695712089538574,117.16108406270472,475.9934184551239,17.630797860275102,-0.004800356,27.689067363739014,100,14.10106348991394,170000,11.371970653533936,86.64012797174588,16,1.3364293575286865,26.164062976837158,205.47063191977517,-1.3752008e-05,197.69105972703136
0.19028234481811523,119.44106750500943,503.8364300727844,1.3677235787493425,-0.004083648,27.78228259086609,100,14.254112243652344,180000,11.5207998752594,198.27173928187108,17,1.1181151866912842,26.471282243728638,204.94607795165047,-1.3698905e-05,201.75072600016654
0.14024567604064941,118.8154278896132,531.4938127994537,5.633444418653938,-0.0047173067,27.593170642852783,100,14.171927213668823,190000,11.511342525482178,166.3317130507067,18,1.0660696029663086,26.38607954978943,204.8597559241209,-1.3643585e-05,200.02230536917398
0.142625093460083,119.4786414201343,559.1801290512085,1.7192574034669268,-0.0026304964,27.62282705307007,100,14.170794248580933,200000,11.504118919372559,194.67664098578942,19,1.1030004024505615,26.376603841781616,205.1273223877953,-1.3591547e-05,201.56240712386915
0.1454780101776123,119.7189935183921,586.9304566383362,1.5285867412868555,-0.008193112,27.692254304885864,100,14.259678840637207,210000,11.50761365890503,196.92652136111727,20,1.0804555416107178,26.465613842010498,205.1455418093685,-1.3515735e-05,202.14080352239102
0.13938331604003906,119.82810916022852,614.7134456634521,1.6766676720816622,-0.006324255,27.715944051742554,100,14.190043926239014,220000,11.604092597961426,196.7179206995737,21,1.0772602558135986,26.498500108718872,205.506783494291,-1.3449749e-05,202.2807001384282
0.13939332962036133,120.10756358665863,642.5410850048065,1.7601147894543683,-0.0074806823,27.77068066596985,100,14.291493892669678,230000,11.534440517425537,195.84878248731778,22,1.1016268730163574,26.5290105342865,207.49394415067218,-1.3380857e-05,202.92316955633555
0.13338112831115723,120.37160102402817,670.3390843868256,1.900124866007849,-0.005043668,27.724722385406494,100,14.26752257347107,240000,11.51726770401001,194.25437655463432,23,1.102907657623291,26.487576961517334,207.85271519438768,-1.3316843e-05,203.55521594106926
0.12823152542114258,120.40598829779356,698.1745893955231,1.6954965518451475,-0.0055530155,27.775841236114502,100,14.322643280029297,250000,11.537209272384644,199.9356359883806,24,1.0807545185089111,26.56612491607666,207.63372415858205,-1.325662e-05,203.607111023076
0.16802620887756348,120.71764814542686,725.8687286376953,1.8494867162493702,-0.0068403296,27.63485860824585,100,14.209651231765747,260000,11.475223064422607,197.51322142062406,25,1.0808756351470947,26.385162591934204,208.43830259900434,-1.3202427e-05,204.340665583522
0.1781764030456543,120.57856137497393,753.602109670639,5.0670200102835805,-0.0054655448,27.66636300086975,100,14.211751222610474,270000,11.479004144668579,159.14536591883927,26,1.0748698711395264,26.412514209747314,210.08352981436454,-1.3147172e-05,204.10590380714297
0.1369180679321289,121.30993600716282,781.2519192695618,2.764734448013516,0.0026332617,27.5914306640625,100,14.189639568328857,280000,11.485238313674927,197.55116015499175,27,1.0855283737182617,26.36824631690979,217.32862271178035,-1.308771e-05,205.5594305515222
0.1461012363433838,121.87929366313041,809.0267176628113,3.4358421290510357,-0.0019244491,27.716471195220947,100,14.328357219696045,290000,11.461679697036743,199.129871263953,28,1.0806021690368652,26.48887801170349,215.5580688756205,-1.30343715e-05,207.34716691958462
0.131913423538208,122.32312691735797,836.5717239379883,3.8204518550649142,-0.0072747977,27.480720043182373,100,14.123467922210693,300000,11.417545080184937,201.46164505261663,29,1.1046156883239746,26.24309730529785,220.9491384396255,-1.2987804e-05,208.67204877406843
0.13355350494384766,122.95975204859062,864.3474814891815,3.978330988412571,0.0020473562,27.708773374557495,100,14.302256107330322,310000,11.531418323516846,200.55147003073176,30,1.036259651184082,26.538252592086792,219.94301383534548,-1.2948801e-05,209.950996858931
0.14004206657409668,122.96670641057521,891.8931214809418,4.1164708424808065,0.001606517,27.481518030166626,100,14.122794151306152,320000,11.405546426773071,202.01247264728497,31,1.108901023864746,26.23179864883423,220.22381676836832,-1.29057225e-05,209.84640867312166
0.13556528091430664,122.15061825453222,919.5599730014801,11.475226036674643,-0.003729671,27.604528427124023,100,14.244869470596313,330000,11.437468528747559,102.04393034293813,32,1.0596387386322021,26.408613681793213,218.8792119162541,-1.2872165e-05,208.51962648820572
0.13634800910949707,123.12276167649999,947.2943069934845,3.5021946764885157,-0.00968141,27.674764394760132,100,14.308324337005615,340000,11.45178484916687,202.95372784414545,33,1.066091775894165,26.471693754196167,219.4764286238155,-1.2822939e-05,210.1131562084489
0.18722891807556152,122.56511595415218,974.8845720291138,19.39198100328122,-0.0045741433,27.527504444122314,100,14.157481908798218,350000,11.424846649169922,64.00208820073016,34,1.0555198192596436,26.28414011001587,226.0286413554558,-1.2775558e-05,209.7780389416153
0.13239479064941406,124.07158648758502,1002.4317510128021,4.69663091421833,-0.006573168,27.482576608657837,100,14.157245874404907,360000,11.39612078666687,193.96348923272737,35,1.093766689300537,26.255560874938965,227.45587929147084,-1.27462945e-05,212.61268005539347
0.1348724365234375,124.24338986372666,1029.9302525520325,9.847861681504186,-0.0064899684,27.44037628173828,100,14.226967096328735,370000,11.320059061050415,123.49074305665215,36,1.0604374408721924,26.244420766830444,227.79627928907794,-1.26973e-05,213.37998935964075
0.14389920234680176,124.98178572300553,1057.5055131912231,4.162546301884411,-0.006212586,27.511419534683228,100,14.196214437484741,380000,11.396442890167236,199.41445049845055,37,1.0696015357971191,26.29731273651123,224.79866140186792,-1.2659009e-05,214.89454453685542
0.1366562843322754,125.26260197348404,1085.1452560424805,3.5354999905962843,-0.00641709,27.58167028427124,100,14.25482702255249,390000,11.410683631896973,208.44657737794086,38,1.0685274600982666,26.37586283683777,224.26067009025275,-1.2610856e-05,215.7281253599808
0.14619207382202148,125.82134898016328,1112.6222047805786,3.899164088498453,-0.004825462,27.417537927627563,100,14.156431436538696,400000,11.338748693466187,205.38006256938345,39,1.0827100276947021,26.187592029571533,228.9124021711675,-1.2559093e-05,217.02677893529756
0.1337141990661621,125.86176543220927,1140.106192111969,10.34502574547779,0.0043465924,27.42185354232788,100,14.281235694885254,410000,11.249102115631104,124.13703801994849,40,1.0705022811889648,26.21689486503601,232.46434939289833,-1.2516625e-05,217.57740394814212
0.15592312812805176,126.53643972783917,1167.5570595264435,4.979797816410845,0.00088980474,27.385979175567627,100,14.212890148162842,420000,11.253185510635376,202.44750674593413,41,1.062864065170288,26.166457653045654,233.84534395320185,-1.2466222e-05,219.2663453489692
0.16994571685791016,122.821000836456,1195.0807676315308,26.21904228040133,0.0052981926,27.460510969161987,100,14.263442516326904,430000,11.26600193977356,99.61833215870762,42,1.0615863800048828,26.2283194065094,237.70366621110526,-1.2422863e-05,213.36016795423853
0.1395120620727539,126.58662599768357,1222.6219239234924,6.127083763013811,0.000536338,27.478278875350952,100,14.25013518333435,440000,11.324975490570068,198.5320393938255,43,1.0681254863739014,26.269861221313477,244.42005414380853,-1.2387142e-05,219.52282332981676
0.13888907432556152,127.04241246663072,1250.3183887004852,4.520748590122733,-0.005747182,27.636579751968384,100,14.338151216506958,450000,11.38832426071167,205.65171299486977,44,1.0612242221832275,26.43549942970276,229.5348577937815,-1.2350455e-05,220.49234650630805
0.14629626274108887,125.80637915211868,1277.7724742889404,16.189934463224258,-0.0062772147,27.394400358200073,100,14.174646854400635,460000,11.283921241760254,109.11644566963561,45,1.0867424011230469,26.16069722175598,240.4990627081234,-1.23329255e-05,218.7334385524301
0.13731026649475098,127.02691012153528,1305.2228374481201,6.214359571895477,-0.00226307,27.38227105140686,100,14.153579711914062,470000,11.314573049545288,207.758161853248,46,1.0770912170410156,26.16724944114685,242.37526037640836,-1.2297472e-05,220.33485203996378
0.16662287712097168,127.79013111793704,1332.785297870636,5.804444776482792,-0.006655824,27.508110284805298,100,14.24503779411316,480000,11.2925546169281,207.97446657611044,47,1.107738733291626,26.232930898666382,242.48580508491182,-1.2263344e-05,222.057630357203
0.13132500648498535,124.11689830641643,1360.136307477951,33.04717500660546,-0.007115316,27.293132305145264,100,14.160812139511108,490000,11.214909076690674,48.36418956226101,48,1.082242727279663,26.07877469062805,246.42105818589292,-1.2228192e-05,216.18077909168153
0.1399061679840088,127.11517547756539,1387.6316781044006,14.866725797903323,2.265301e-05,27.435412645339966,100,14.26427960395813,500000,11.261463642120361,120.9380792156367,49,1.0753238201141357,26.219494819641113,247.51061564592118,-1.2198335e-05,221.11322572717592
0.14025616645812988,127.4561911991858,1415.0951445102692,5.488234184386747,-0.00024330418,27.404357433319092,100,14.179837226867676,510000,11.325907707214355,206.99580832837762,50,1.0571413040161133,26.20627784729004,234.43277792900355,-1.2161776e-05,221.0232015099583
0.13498830795288086,126.49082407386113,1442.687872171402,17.645411736687194,-0.0030354327,27.530726671218872,100,14.281436681747437,520000,11.298359394073486,105.92027376785325,51,1.1102685928344727,26.28473401069641,242.58084400188721,-1.2123181e-05,220.03938316532506
0.13439297676086426,127.03752814042791,1470.144572019577,11.45117617975251,-0.0039111865,27.398107767105103,100,14.234760046005249,530000,11.259704113006592,128.26063966424599,52,1.0690762996673584,26.193891525268555,243.89856522206722,-1.21016865e-05,220.75711595841784
0.1386125087738037,127.40705925777965,1497.8995156288147,5.815607784526041,-0.0045570508,27.688697814941406,100,14.36856484413147,540000,11.389107942581177,205.46286779420114,53,1.0858924388885498,26.4635329246521,240.95409697418594,-1.2059027e-05,221.16604114637394
0.13779258728027344,128.07827383094292,1525.770082950592,13.48652099282629,-0.0036929438,27.81284475326538,100,14.480652570724487,550000,11.413151979446411,115.19099225070197,54,1.0770583152770996,26.597330331802368,247.46943860371115,-1.2036961e-05,223.52382101851384
0.17530393600463867,130.7933277848773,1553.2659332752228,10.89366493642001,-0.00059132103,27.436780214309692,100,14.269890785217285,560000,11.14773678779602,198.0293670028884,55,1.1405081748962402,26.12022614479065,254.50037706723987,-1.2012122e-05,230.33396925073876
0.15346980094909668,129.88286592663025,1580.6929335594177,29.860919827289603,-0.0056515737,27.36005139350891,100,14.25790286064148,570000,11.140056371688843,37.074007381663876,56,1.103065013885498,26.10284662246704,255.56740102735913,-1.1984977e-05,230.56979561107033
0.15349221229553223,130.84288521026377,1607.9689650535583,18.151426955983784,-0.0032934318,27.21187949180603,100,14.203931093215942,580000,11.08493185043335,100.73756019109594,57,1.063520908355713,25.994189500808716,252.9435521277714,-1.1952519e-05,232.1195038564699
0.13917160034179688,131.0307631298597,1635.4196634292603,8.801766390243278,-0.0077217584,27.391127586364746,100,14.201209545135498,590000,11.206892251968384,207.64635515700363,58,1.1412553787231445,26.10998558998108,248.94047192204454,-1.1916695e-05,230.40308379827354
0.15159320831298828,132.58336962447365,1662.9926540851593,11.129109958703289,0.0017495836,27.48546290397644,100,14.176410436630249,600000,11.060608148574829,182.182189652314,59,1.3940134048461914,25.93854284286499,252.20505376988038,-1.1886519e-05,234.3410785845821
0.1307520866394043,133.76287002827846,1690.655203819275,13.000362555892075,-0.002305931,27.523053407669067,100,14.03502893447876,610000,10.981118440628052,185.52132255788985,60,1.6879103183746338,25.703513622283936,257.1134111952778,-1.1867834e-05,238.48546726247602
0.22705912590026855,135.08117159171152,1718.0839042663574,12.82922528324655,-0.0049900557,27.35283613204956,100,14.002992153167725,620000,11.016363620758057,167.0382939899838,61,1.411616563796997,25.711301565170288,255.0409224152346,-1.18461685e-05,241.50936398080233
0.20405864715576172,134.8558638791522,1745.3596920967102,8.872588450396844,-0.00549232,27.207194805145264,100,14.109679222106934,630000,11.10802698135376,209.94516290487945,62,1.0854249000549316,25.91628909111023,254.72059928168545,-1.182332e-05,240.15147176773226
0.16623353958129883,135.8002722484706,1772.651284456253,10.562306886744453,-0.0015784936,27.231000661849976,100,14.19243836402893,640000,11.091058492660522,190.52123881673182,63,1.0733423233032227,25.990681171417236,257.03268157343024,-1.1793795e-05,242.80960051434585
0.17091822624206543,135.38424074046674,1799.9928691387177,9.843471320670574,-0.0031312178,27.282248735427856,100,14.244773387908936,650000,11.052501678466797,205.53997276689492,64,1.1061298847198486,26.004589557647705,258.57333818507595,-1.1769943e-05,243.36855219665205
0.13398027420043945,137.22792568944516,1827.2866864204407,6.003241947489027,-0.0029464613,27.23604130744934,100,14.226050853729248,660000,11.108656167984009,221.7417633248845,65,1.0710229873657227,26.03034019470215,255.896247672569,-1.1743365e-05,246.54878718034578
0.14016008377075195,137.52018219991487,1854.6360256671906,6.128558179119953,-0.005844116,27.28520178794861,100,14.263425350189209,670000,11.095001697540283,226.00836925415152,66,1.082641363143921,26.061788320541382,256.7294411280696,-1.1729229e-05,246.49830103814045
0.13522863388061523,138.06734682167817,1881.8543469905853,8.82644585020905,-0.0056288675,27.16189193725586,100,14.265177965164185,680000,10.974093914031982,181.78124947765775,67,1.0934712886810303,25.93249225616455,258.98455851123595,-1.16891515e-05,248.54447170028413
0.1708087921142578,138.08210647967968,1909.1021349430084,7.464900002558879,-0.0021418857,27.18908715248108,100,14.187859535217285,690000,11.054842472076416,211.05069264880137,68,1.0823726654052734,25.935354471206665,261.7835295671175,-1.1665145e-05,248.14211489722015
0.13327312469482422,137.33593827454183,1936.318597793579,9.298171317108745,0.0007316291,27.150006532669067,100,14.193589687347412,700000,11.059197902679443,186.20066070346013,69,1.0701453685760498,25.945905208587646,258.79285599970945,-1.1643401e-05,246.01630726584972
0.15968966484069824,137.94339066589737,1963.6004209518433,6.744572735519991,-0.0045617353,27.212673664093018,100,14.20640754699707,710000,11.047721862792969,225.77244571124626,70,1.096071481704712,25.956233978271484,259.5455076580251,-1.16041e-05,247.4214630420576
0.17895889282226562,137.8603953662839,1990.8279330730438,10.18863562117319,-0.0016675742,27.164783239364624,100,14.151948928833008,720000,11.033652067184448,177.22431957770397,71,1.10426664352417,25.880831718444824,259.96373825364077,-1.1565864e-05,247.829534930694
0.16114044189453125,138.87761643480437,2018.1814126968384,5.732419013702714,-0.0043994915,27.28627109527588,100,14.272428274154663,730000,11.105706930160522,229.70657058183673,72,1.0520296096801758,26.07240390777588,260.6367669695163,-1.1526543e-05,250.55025470367298
0.13074111938476562,138.02331118210168,2045.5280668735504,24.139270838542622,-0.0050707315,27.284104585647583,100,14.221345901489258,740000,11.037589311599731,48.710001864367534,73,1.1963322162628174,25.955979108810425,263.6490947636794,-1.1491171e-05,248.7788062756233
0.13301610946655273,138.96893966457304,2072.8067677021027,8.751244490558646,-0.002778843,27.211504220962524,100,14.235256910324097,750000,11.050371885299683,185.46104333396863,74,1.0878703594207764,25.98990249633789,262.71004950539105,-1.147605e-05,250.62198461228348
0.15667390823364258,138.2377333628021,2100.0584523677826,6.720929418069367,-0.0066472795,27.19130229949951,100,14.183525800704956,760000,11.051903247833252,225.527495709724,75,1.0984835624694824,25.935418128967285,260.3401311293974,-1.14554e-05,248.1511630939199
0.14238882064819336,139.50118572158297,2127.3140213489532,8.175607102607234,-0.005942553,27.190011739730835,100,14.214712858200073,770000,11.042744159698486,209.3117307441376,76,1.0855481624603271,25.96134352684021,265.2032832769872,-1.14195545e-05,251.66573863116307
0.15803980827331543,140.09701097135294,2154.59201836586,12.313767697325652,-0.0024134433,27.21993899345398,100,14.22498607635498,780000,11.061811685562134,176.30603679165915,77,1.0562455654144287,26.005016088485718,264.86517090546573,-1.1384296e-05,252.9483970517439
0.15344882011413574,140.50550713852303,2181.8621480464935,6.802618378135159,-0.0014407202,27.21135449409485,100,14.232935190200806,790000,11.039367914199829,217.36427498124283,78,1.0898582935333252,25.9675030708313,263.87345897047067,-1.1346282e-05,253.92788052364062
0.14124011993408203,140.29443341888629,2208.8851063251495,7.438076307117837,-0.0043196175,26.961697578430176,100,14.071465969085693,800000,10.984835147857666,219.8984384408346,79,1.0620980262756348,25.757691144943237,264.35605211300503,-1.1326203e-05,253.22061253627504
0.13316702842712402,140.6515309084625,2236.1237218379974,12.818836395920158,-0.0013249203,27.174540042877197,100,14.215290546417236,810000,11.025434494018555,175.04990651151226,80,1.0831341743469238,25.957618474960327,266.7685876114369,-1.1285282e-05,254.55099537401878
0.1560659408569336,141.04662693695408,2263.3776457309723,10.052241877589374,-0.0020786778,27.19249653816223,100,14.208241701126099,820000,11.027066946029663,174.81694596260348,81,1.0984957218170166,25.937227249145508,264.54352309151096,-1.1261406e-05,255.03772673253854
0.14257335662841797,140.7345781908152,2290.5958967208862,6.034404574763155,-0.0011211797,27.15757989883423,100,14.14556336402893,830000,11.052112579345703,227.99754583662775,82,1.1131935119628906,25.901143789291382,264.4610840525994,-1.1242341e-05,253.98860446850173
0.130662202835083,141.42328218046245,2317.777915239334,5.557292137106412,-0.0045127096,27.118034839630127,100,14.214101314544678,840000,10.995825052261353,231.4008613291727,83,1.0715391635894775,25.915107011795044,263.8393253714546,-1.11977215e-05,255.84531953792109
0.187363862991333,140.71273627282494,2345.130890607834,16.47045340823532,-0.003969639,27.291337966918945,100,14.31640911102295,850000,11.026945114135742,161.11361350838806,84,1.0646955966949463,26.038644552230835,268.6789710551723,-1.1166568e-05,254.21511204627316
0.1409010887145996,141.91859029378037,2372.3263397216797,5.82286136344479,-0.0010015623,27.133331060409546,100,14.236394882202148,860000,10.994705438613892,236.93228918895392,85,1.064100980758667,25.927682876586914,268.6654997676409,-1.1128767e-05,257.04536463576295
0.138962984085083,142.11294483795126,2399.461061477661,6.374913869414593,-0.0047634896,27.078261375427246,100,14.20569109916687,870000,10.947064399719238,228.6778044760678,86,1.0815715789794922,25.857082843780518,267.33968191736227,-1.1102097e-05,256.6912047040307
0.1432359218597412,139.14286332235002,2426.5645027160645,24.219039434630403,-0.0025094848,27.04198431968689,100,14.219839334487915,880000,10.890668869018555,148.7569582710147,87,1.0854377746582031,25.812732934951782,268.6041581562229,-1.1066131e-05,250.45448675378393
0.13521575927734375,140.9212369708568,2453.789938926697,16.559018779724923,0.021403968,27.165797472000122,100,14.18925428390503,890000,11.068518877029419,161.55486798203071,88,1.0645344257354736,25.965302228927612,268.8104090817474,-1.1043938e-05,254.39180141276336
0.14583206176757812,139.23554640513828,2481.1037142276764,6.643193267253204,0.017445536,27.25224232673645,100,14.262547254562378,900000,11.060218095779419,226.6044706740161,89,1.0818202495574951,26.024016618728638,264.3738462481153,-1.10268975e-05,250.43997832859236
0.14233899116516113,139.36510495704957,2508.408242225647,7.751033517107306,-0.005119332,27.239197969436646,100,14.20691180229187,910000,11.116891860961914,215.68133504943708,90,1.0710499286651611,26.024786710739136,265.02517927531005,-1.0992983e-05,251.25347855253415
0.1339125633239746,140.50389935598056,2535.656811475754,8.536130652937347,-0.0007026893,27.187212228775024,100,14.293291091918945,920000,10.995062112808228,206.18667888835205,91,1.0593235492706299,25.993295907974243,265.674172688911,-1.0975141e-05,254.24285950585158
0.13064813613891602,140.93199164448612,2562.8415265083313,9.97632112941566,0.00786729,27.125714778900146,100,14.206491947174072,930000,10.996660947799683,188.2592919717747,92,1.0952577590942383,25.89910578727722,268.8818267437329,-1.0962597e-05,255.00433316505445
0.14343523979187012,137.7229567586744,2589.956400871277,27.499649751393108,0.0035586643,27.050533533096313,100,14.219085931777954,940000,10.913705348968506,145.04898516214251,93,1.0671958923339844,25.83922243118286,266.1533563216005,-1.0932226e-05,246.72859211373753
0.15626978874206543,139.6678832196166,2617.09233546257,11.270800060087058,0.0054318397,27.07041311264038,100,14.1632239818573,950000,10.91633915901184,207.33823987534035,94,1.1225602626800537,25.790813207626343,267.126621495159,-1.0897817e-05,250.9804252202763
0.14280343055725098,138.61481467645595,2644.1191313266754,18.22082911611167,0.0069215856,26.955405950546265,100,14.119128227233887,960000,10.91555905342102,153.84237554123985,95,1.0829625129699707,25.728923559188843,265.7454396328001,-1.0880996e-05,248.90854783439968
0.13433218002319336,135.29312253347652,2671.3604872226715,32.435966340969166,-0.0029124613,27.18133521080017,100,14.323405981063843,970000,10.938303470611572,93.7231992055124,96,1.0767884254455566,25.969609260559082,270.0313324442769,-1.0866724e-05,242.82707035193832
0.12836575508117676,138.556794814515,2698.498453140259,13.09130121180885,-0.00019363422,27.07026720046997,100,14.187707424163818,980000,10.960426330566406,181.75064771773398,97,1.0757033824920654,25.86548900604248,265.18997879357545,-1.0835075e-05,249.42502383945427
0.14889264106750488,138.60346603985158,2725.693111181259,13.360121420092876,-0.0027499627,27.126354455947876,100,14.258579969406128,990000,10.92969036102295,175.61497724111132,98,1.0825996398925781,25.894110202789307,262.9908255570644,-1.0823145e-05,249.4888053433682
0.13694477081298828,138.5757506390859,2753.034946680069,10.394382037240856,-0.0020247446,27.282819747924805,100,14.293034553527832,1000000,11.066294193267822,210.63658382480958,99,1.0785853862762451,26.066483736038208,263.46650598345104,-1.0808475e-05,249.09663940277864
0.1433238983154297,138.3029596290589,2780.242167711258,23.80177178759999,-0.00012483774,27.148128032684326,100,14.28811264038086,1010000,10.974539041519165,47.954202884346,100,1.045271635055542,25.958715438842773,266.5590540114612,-1.0797642e-05,250.11292719421354
0.1424541473388672,138.13853405989485,2807.4394967556,24.989832335874198,-0.004260335,27.133130073547363,100,14.191426277160645,1020000,11.010697364807129,37.731113867665556,101,1.0822789669036865,25.907613277435303,266.475075596632,-1.0762842e-05,249.67216691863823
0.13351988792419434,140.27088676296896,2834.703368663788,6.987056148347294,-0.002199318,27.193925142288208,100,14.220942497253418,1030000,11.056249618530273,233.5349982552059,102,1.0857048034667969,25.974106550216675,267.9738311222382,-1.074039e-05,253.22522912757512
0.13133883476257324,139.6149471929297,2861.9199109077454,15.89266332889297,-0.0038367466,27.155513525009155,100,14.325913190841675,1040000,10.933438777923584,172.5584388839707,103,1.0693650245666504,25.954124212265015,271.85247955627955,-1.0701645e-05,251.35531424766944
0.17706084251403809,141.07921798917832,2889.2671027183533,11.601738006188073,-0.0027819595,27.28841781616211,100,14.317570209503174,1050000,11.047115564346313,177.178896463992,104,1.05824613571167,26.052352905273438,268.80561416407755,-1.0680212e-05,255.18799034498898
0.13866782188415527,140.50916768129792,2916.601862668991,9.241089222110158,-0.0015243405,27.273218631744385,100,14.27810525894165,1060000,11.066122770309448,203.0825569603552,105,1.0871238708496094,26.046712398529053,266.36314697042167,-1.0664618e-05,253.52129488611806
0.14447259902954102,140.01120478093424,2943.9015884399414,13.507361262235996,0.005247193,27.24037456512451,100,14.320415019989014,1070000,11.018674373626709,157.67349919111285,106,1.0593557357788086,26.035802602767944,267.93658719887367,-1.0635847e-05,252.82685728723806
0.18009281158447266,140.53343696909621,2971.163669347763,10.105375229028237,-0.0014539426,27.20431089401245,100,14.196986675262451,1080000,11.045331478118896,184.70410302537042,107,1.0851430892944336,25.93832540512085,266.05899005966916,-1.0616923e-05,253.8670893647963
0.1368565559387207,141.4404902799472,2998.4122457504272,8.16471085171182,-0.00276695,27.18447494506836,100,14.204844236373901,1090000,11.072848081588745,206.70219297177513,108,1.0656261444091797,25.98126721382141,264.2859737550929,-1.0597655e-05,255.87024563686109
0.1381216049194336,138.57988917127,3025.503839492798,24.813585901844792,-0.0038145976,27.034670114517212,100,14.204542875289917,1100000,10.912970781326294,148.7878786114297,109,1.0791409015655518,25.81678295135498,268.41691957443777,-1.0577111e-05,248.8804080799895
0.133561372756958,139.7886896820039,3052.7779796123505,17.88019779149029,-0.0034450903,27.212562799453735,100,14.25761866569519,1110000,11.022802114486694,136.58358718431856,110,1.0915584564208984,25.986751317977905,265.6741722666644,-1.0554589e-05,251.31917620748035
0.14520263671875,140.2900753316489,3079.9227488040924,17.102686349828478,-0.002778302,27.080286264419556,100,14.213247537612915,1120000,10.965147733688354,141.70991469550052,111,1.06119966506958,25.873286724090576,268.2819820806122,-1.0543438e-05,251.9453466207628
0.13262176513671875,141.43862438812607,3107.261803627014,9.49002956275379,-0.0008786518,27.274112224578857,100,14.268932819366455,1130000,11.0767240524292,202.18137363459755,112,1.0939967632293701,26.046870708465576,268.3234043802815,-1.05166955e-05,255.8096056012206
0.13648343086242676,141.933535906578,3134.5452575683594,7.729698540269986,-0.002873298,27.218100547790527,100,14.251257419586182,1140000,11.02674388885498,223.4678192696397,113,1.1024577617645264,25.97852063179016,269.71043400551724,-1.0496944e-05,256.9447738035964
0.14517951011657715,142.6417755953786,3161.874758720398,5.57540261027263,-0.004850388,27.266778469085693,100,14.340783834457397,1150000,11.01577615737915,235.32419963559116,114,1.068556785583496,26.052311658859253,268.8799297181125,-1.0482119e-05,258.9612142202875
0.1771860122680664,140.14481644800122,3189.0050489902496,26.68404649496921,-0.0030785196,27.072014808654785,100,14.192726373672485,1160000,10.908271789550781,141.66379227136485,115,1.0986924171447754,25.795429706573486,269.59832182790706,-1.0450493e-05,252.26018800817758
0.13996076583862305,142.50551107602323,3216.14893078804,13.511903170250658,-0.00021941429,27.082388401031494,100,14.153945446014404,1170000,10.981368064880371,171.31738950434507,116,1.0986297130584717,25.843156337738037,269.1204091969888,-1.0449743e-05,258.2251970344726
0.164503812789917,142.59043604715262,3243.282793521881,5.599523855498262,-0.0060276673,27.072381734848022,100,14.143755674362183,1180000,10.966381311416626,238.13091528827633,117,1.0832302570343018,25.82391595840454,269.34300272750914,-1.0417894e-05,258.70338090686386
0.14223408699035645,141.85960284572687,3270.8168680667877,13.16471826403297,-0.00028348793,27.476562023162842,100,14.526825428009033,1190000,11.057209491729736,144.70656329762073,118,1.0518639087677002,26.28191304206848,271.2004084128121,-1.0381098e-05,255.7702717737516
0.15132451057434082,141.3562274713535,3298.078916788101,17.104216316422292,0.00017760048,27.2017719745636,100,14.26841425895691,1200000,10.988762617111206,144.74125389386103,119,1.0927703380584717,25.956944704055786,268.7751571957912,-1.0363396e-05,254.3001812722743
0.1316664218902588,139.9581963650015,3325.9325664043427,15.421845883379854,-0.002784944,27.79210138320923,100,14.674142122268677,1210000,11.19307827949524,142.3736403612677,120,1.0674052238464355,26.592334508895874,267.1393336854368,-1.0324765e-05,250.92356433283967
0.16856050491333008,140.0157046433965,3353.2515449523926,16.076334262379593,-0.002732905,27.25375008583069,100,14.27005410194397,1220000,11.049947023391724,128.86796850481159,121,1.0661673545837402,26.0183584690094,265.4589359143207,-1.0300047e-05,252.5239428146983
0.12955403327941895,141.9048562227172,3380.616064786911,8.862182146978709,-0.0051615112,27.305983543395996,100,14.348031282424927,1230000,11.065017223358154,217.32637550390388,122,1.0718860626220703,26.103922605514526,267.28624138764417,-1.0263914e-05,256.47170438880954
0.13518929481506348,141.7592567221935,3407.955631017685,11.737130954663463,-0.0031083743,27.266356706619263,100,14.251275539398193,1240000,11.086949348449707,155.6598005073702,123,1.0993046760559082,26.031214952468872,267.3077320330055,-1.0237721e-05,256.4836812781807
0.1444542407989502,142.27508094407258,3435.082716703415,6.952293794807521,-0.003828917,27.066431045532227,100,14.123409032821655,1250000,10.992445230484009,214.6532946452818,124,1.1040236949920654,25.817277669906616,266.91362374057087,-1.0193204e-05,257.2184230038321
0.16689538955688477,142.41075102986406,3462.380218267441,9.600296817206702,-0.0030417873,27.23434352874756,100,14.17081356048584,1260000,11.10353684425354,189.1469371919593,125,1.0901992321014404,25.976468801498413,268.29256711688254,-1.0168468e-05,257.70680643595506
0.15570449829101562,141.84092844671616,3489.5923039913177,16.01355289015168,-0.005403484,27.139452695846558,100,14.105998754501343,1270000,11.083455324172974,166.81191982916178,126,1.0828166007995605,25.900182008743286,269.26752423196353,-1.0128985e-05,256.0792423164946
0.15644335746765137,141.61739838713967,3516.9916875362396,6.558068463626217,-0.0028671606,27.338873624801636,100,14.307592391967773,1280000,11.092179536819458,232.58008856394338,127,1.0886855125427246,26.09300470352173,265.54106586054127,-1.0093418e-05,255.678880223605
0.1466357707977295,141.18525180691282,3544.316116333008,10.020996240555009,-0.0027130933,27.262312650680542,100,14.21131420135498,1290000,11.113590240478516,205.73357031067792,128,1.0922417640686035,26.022651195526123,267.92189179605214,-1.0059142e-05,254.37057200234125
0.17318010330200195,143.18747516344837,3571.5997366905212,11.253508406663796,-0.0007684925,27.223924160003662,100,14.239065170288086,1300000,11.028059244155884,159.07312445763057,129,1.0883758068084717,25.961602687835693,267.7561991291692,-1.0027595e-05,259.3743583086627
0.1309499740600586,141.9823820645469,3598.7603709697723,8.048164866996817,-0.0017324372,27.100547313690186,100,14.126117706298828,1310000,11.082950592041016,216.3890473273287,130,1.0637547969818115,25.905110597610474,265.5053763018362,-1.0002197e-05,256.7404601107864
0.16353607177734375,142.41688122055618,3626.089331150055,10.547285901780697,0.0046940846,27.266457080841064,100,14.232736587524414,1320000,11.106025218963623,177.34321122471815,131,1.0605497360229492,26.04180145263672,269.63461793913785,-9.977918e-06,257.7541544202732
0.13634061813354492,142.13395681690716,3653.4062333106995,17.037678655433908,-0.0033319762,27.24951696395874,100,14.278146982192993,1330000,11.021705150604248,163.69268983931164,132,1.089907169342041,26.02252984046936,270.1876301396842,-9.970975e-06,256.7242688744582
0.13509678840637207,141.90813885395718,3680.814496278763,8.862641510086045,-0.0026407484,27.344171285629272,100,14.297322988510132,1340000,11.10816502571106,203.04064700919255,133,1.1035325527191162,26.10488510131836,267.308844413281,-9.953591e-06,256.42091963909
0.14374232292175293,142.75508372528878,3708.208826780319,7.662373720761371,-0.001648242,27.333928108215332,100,14.309168100357056,1350000,11.092050790786743,213.36703420915498,134,1.0929324626922607,26.096425771713257,269.46885941553177,-9.937497e-06,258.26022902071605
0.13522768020629883,142.5081139690758,3735.522940635681,10.614274205064465,-0.002926995,27.247000694274902,100,14.274818897247314,1360000,11.039172410964966,177.40337670339423,135,1.0986931324005127,26.012360334396362,273.5484012751363,-9.925937e-06,257.19654971816703
0.1587536334991455,139.1032268627431,3762.803378343582,31.07289312128643,-0.0060750972,27.212968587875366,100,14.198605060577393,1370000,11.07221269607544,122.18847285420152,136,1.084578037261963,25.96896505355835,272.4751981137176,-9.900422e-06,249.65092777841505
0.14046454429626465,141.32138165532535,3790.0799458026886,20.405240475858214,-0.005440173,27.213381052017212,100,14.19918441772461,1380000,11.058306694030762,155.52515547117386,137,1.1022472381591797,25.97002601623535,271.8076614775352,-9.867864e-06,254.75873632045207
0.15335845947265625,141.67230699497887,3817.3805475234985,9.209314436492093,-0.0058164294,27.228042364120483,100,14.165482521057129,1390000,11.147714138031006,215.37862081290163,138,1.0593829154968262,26.014383792877197,267.6582982850578,-9.863503e-06,255.89066794789164
0.13009858131408691,141.0160881580016,3844.4224231243134,21.270381892889993,-0.003621039,26.98417019844055,100,14.120955228805542,1400000,10.963022232055664,151.2532635596491,139,1.0613820552825928,25.791998147964478,269.00732362354563,-9.846162e-06,253.90679819287953
0.13794445991516113,142.11355785385933,3871.9825394153595,8.64247019503411,-0.005110285,27.500385999679565,100,14.397607564926147,1410000,11.181424379348755,212.00395680009763,140,1.075758695602417,26.28600525856018,268.77959327254996,-9.831677e-06,256.5118952341893
0.13774490356445312,143.3926572274138,3899.2795000076294,6.148823709112029,-0.005246393,27.236676931381226,100,14.23108983039856,1420000,11.108771800994873,232.28398600289717,141,1.0565755367279053,26.041590929031372,271.99309328125395,-9.810228e-06,259.2262782074572
0.13832616806030273,139.26769506407317,3926.647093772888,36.43460221888927,-0.00090324844,27.301693201065063,100,14.256207466125488,1430000,11.11205530166626,22.11944017543811,142,1.0904896259307861,26.072171211242676,271.32011594528296,-9.776227e-06,249.7995358471174
0.13704490661621094,140.31731584384943,3953.9212334156036,28.585216991767446,0.001649018,27.21720027923584,100,14.272086143493652,1440000,11.037988185882568,147.2770645885748,143,1.0726449489593506,26.00673818588257,269.82419142730436,-9.7532475e-06,252.0021053198499
0.15428805351257324,141.65603729591973,3981.246980190277,9.793177101982957,-0.005381263,27.26730465888977,100,14.256081819534302,1450000,11.091681480407715,199.01144204364456,144,1.062969446182251,26.049479246139526,271.14570149527987,-9.722174e-06,255.99993798205364
0.15149855613708496,142.7686618816792,4008.49964094162,11.23924496971405,-0.002882311,27.188632488250732,100,14.22299861907959,1460000,11.021058559417725,192.86981793936752,145,1.0994329452514648,25.93701481819153,270.2814506082856,-9.723524e-06,257.9068138557947
0.13416337966918945,139.94054255821948,4035.5602996349335,30.868708820530145,0.0002204463,26.992948055267334,100,14.147915601730347,1470000,10.960208415985107,156.97050065794753,146,1.0558021068572998,25.80199432373047,269.06542733322937,-9.717547e-06,250.08908759162682
0.12842416763305664,142.9066214799053,4062.8604974746704,14.430005589235629,-0.00025596545,27.241437435150146,100,14.300763368606567,1480000,11.020857572555542,135.24650297921715,147,1.0839004516601562,26.02854323387146,270.244290002502,-9.694343e-06,256.7977892856176
0.1504499912261963,142.2065236163619,4090.14302444458,11.171411536541253,-0.0066131884,27.22122573852539,100,14.234073877334595,1490000,11.071443319320679,195.54787457383566,148,1.0691492557525635,26.000935077667236,268.6706961199337,-9.66953e-06,256.48400023912825
0.13325214385986328,144.30955263536924,4117.303016424179,11.505724693917111,-0.00028205756,27.100108861923218,100,14.192080736160278,1500000,11.020641803741455,169.82023063248855,149,1.052964210510254,25.91316843032837,272.1708790026335,-9.645144e-06,260.7676265588587
0.14454102516174316,141.02461096683473,4144.557780981064,26.858359463017052,-0.0037705181,27.193538427352905,100,14.272344589233398,1510000,11.006861448287964,151.10855978601242,150,1.0714287757873535,25.97681760787964,270.17417997890266,-9.622419e-06,253.3857727789148
0.1344897747039795,143.28269523922884,4171.8339240550995,11.224239755816546,0.0010666384,27.207788705825806,100,14.25834584236145,1520000,11.028980016708374,172.10702611486684,151,1.0888855457305908,25.98365831375122,269.3799486662692,-9.591565e-06,258.7015943173867
0.1486189365386963,142.51979042994515,4199.130992412567,12.87716000034606,-0.0027715466,27.234063148498535,100,14.119088411331177,1530000,11.08462643623352,160.98378088588083,152,1.174626111984253,25.910133600234985,271.2360339826666,-9.568589e-06,256.5335671802621
0.1366896629333496,143.01477160597022,4226.780636548996,7.317595400564115,-0.0048938445,27.567117929458618,100,14.17322826385498,1540000,11.006379842758179,228.16257425699217,153,1.5410799980163574,25.88765788078308,267.7032455166585,-9.532155e-06,257.81209463284
0.20324468612670898,142.24812126522934,4254.463173866272,19.39173739966183,-0.0030993093,27.602028131484985,100,14.014820575714111,1550000,11.019261121749878,153.67826502184062,154,1.6611192226409912,25.736652374267578,270.4567018585669,-9.4806055e-06,255.8136605319989
0.24300336837768555,143.56984883124775,4281.748978614807,6.919387138974016,-0.0036078668,27.224228858947754,100,13.977066993713379,1560000,10.951792001724243,230.12775247452558,155,1.3616561889648438,25.617550373077393,270.2561582404581,-9.4666275e-06,259.4141925221335
0.17184710502624512,143.3555071636876,4308.844252109528,8.61881174493681,0.00069968903,27.039963960647583,100,13.872759342193604,1570000,10.895509958267212,203.0796821033291,156,1.4052746295928955,25.461162090301514,271.0096048314918,-9.41609e-06,258.7007617391869
0.17539334297180176,138.21517665847148,4335.99818110466,36.59511337062084,-0.0084531475,27.091920375823975,100,14.053390979766846,1580000,10.886466264724731,100.8601812903323,157,1.2837409973144531,25.631585359573364,270.89604847142226,-9.3811095e-06,247.5224917596432
0.16977977752685547,143.4630311809328,4363.297691106796,15.450825519253554,-0.0039212233,27.2388973236084,100,14.267822980880737,1590000,11.042290449142456,163.10047707330835,158,1.0567233562469482,26.011823177337646,270.88715082115465,-9.348019e-06,259.33645732378665
0.1687464714050293,143.16581431989823,4390.607728481293,7.869351854836646,-0.008166154,27.252681493759155,100,14.25549840927124,1600000,11.043521642684937,235.11903645647467,159,1.0842857360839844,25.998931169509888,270.0636932589931,-9.3281515e-06,258.89149675833215
0.16010141372680664,142.7248562270754,4417.824729919434,16.11975457827062,-0.0031162747,27.15372586250305,100,14.23353910446167,1610000,10.96463418006897,140.2894781652872,160,1.0907902717590332,25.90215563774109,269.8293513470302,-9.293709e-06,257.22096863511996
0.1402585506439209,142.81953360108415,4444.9918422698975,7.149183894573656,-0.0047308556,27.10858988761902,100,14.144660234451294,1620000,11.05913782119751,236.03763885747875,161,1.0636937618255615,25.90390372276306,268.1866421486562,-9.267311e-06,256.98478833011757
0.13951706886291504,142.05001209913985,4472.316892623901,17.82185547929821,-3.5979698e-05,27.265907764434814,100,14.361129522323608,1630000,10.98570704460144,160.95009927141402,162,1.0844409465789795,26.041356325149536,270.8346312080238,-9.221541e-06,255.13476226655553
0.13774633407592773,141.91397462334857,4499.54718208313,18.63020853575782,-0.0030675493,27.16899538040161,100,14.243391752243042,1640000,10.982915163040161,156.19690556589512,163,1.0970351696014404,25.933504343032837,269.78121556389726,-9.200045e-06,254.2661677958701
0.15771818161010742,141.8179782785247,4526.755216598511,9.873162688139079,-0.005163932,27.148194551467896,100,14.268409252166748,1650000,10.973097324371338,210.80213249490185,164,1.0488920211791992,25.940927505493164,270.28360334566264,-9.166918e-06,254.88075006130882
0.13089323043823242,143.1979743938572,4554.059761762619,5.464792185799214,-0.006267759,27.239524364471436,100,14.269537210464478,1660000,11.040533781051636,239.53815068165088,165,1.092560052871704,26.015326499938965,267.93415025133567,-9.125717e-06,258.3093074629701
0.17500972747802734,142.9971969984235,4581.328091144562,15.795730198164065,-0.0035123993,27.203797101974487,100,14.24916672706604,1670000,11.017803192138672,173.4604420833436,166,1.0602853298187256,25.96777105331421,270.8206088783397,-9.086643e-06,258.0057854493847
0.16503214836120605,143.45274230980115,4608.563259363174,11.246191938096798,0.003077899,27.17233657836914,100,14.250489711761475,1680000,10.983487606048584,175.3293653851622,167,1.065636157989502,25.941062450408936,269.68454674040004,-9.057172e-06,259.2649899000668
0.14063024520874023,144.314255371573,4635.85018992424,5.55278289928586,-0.003110067,27.22757840156555,100,14.253222227096558,1690000,11.066320657730103,240.19005483069643,168,1.0622496604919434,26.02390456199646,269.94805611225667,-9.010911e-06,260.7661448406888
0.1287384033203125,145.33778381880484,4663.023846149445,5.380688765372734,-0.0024600895,27.114696741104126,100,14.239091873168945,1700000,10.965785026550293,235.01153204845664,169,1.0858936309814453,25.899412393569946,273.8995075547687,-8.992755e-06,263.1560459811045
0.1348414421081543,138.7134195307295,4690.063128709793,35.10832421579919,-0.005578988,26.981873273849487,100,14.187244653701782,1710000,10.884343385696411,101.16738160856453,170,1.0653653144836426,25.780943393707275,270.9392039082901,-8.951384e-06,248.29826335533096
0.14718127250671387,142.37875075183723,4717.215685606003,22.526238234603266,-0.0056051165,27.07843780517578,100,14.208555698394775,1720000,10.938590049743652,166.60194114640203,171,1.0871329307556152,25.8434579372406,271.8613153186968,-8.910847e-06,256.39100072327
0.1497800350189209,144.15884161771115,4744.4033880233765,11.198792663220637,-0.0061428007,27.12997055053711,100,14.1593496799469,1730000,11.033479690551758,165.1886536871644,172,1.0864472389221191,25.893189191818237,271.1734550351754,-8.8868e-06,260.81512415152656
0.14733290672302246,143.0268375734762,4771.536138296127,10.358776389260221,0.003193744,27.07392930984497,100,14.177886724472046,1740000,10.991103410720825,182.69238436258888,173,1.0609900951385498,25.864985466003418,270.43283566477777,-8.864247e-06,257.56092487058845
0.16872620582580566,144.19940019638224,4798.8318910598755,5.830174448231989,0.019293815,27.235791444778442,100,14.262372255325317,1750000,10.999774932861328,243.1948624306639,174,1.1088604927062988,25.95760488510132,270.94477929352166,-8.823615e-06,260.60166702553886
0.13716721534729004,135.04096781748433,4825.868423700333,41.06813859926622,0.012304864,26.97335648536682,100,14.210294008255005,1760000,10.870113134384155,147.1335291067933,175,1.0534169673919678,25.782058715820312,272.4442556534333,-8.806994e-06,238.1781662343683
0.1423053741455078,136.72712946124955,4853.001015901566,36.67515710200936,-0.002140414,27.0696063041687,100,14.285653114318848,1770000,10.857479333877563,151.9670814011857,176,1.087111234664917,25.83949613571167,271.3272944985573,-8.790403e-06,242.2177008783172
0.14025473594665527,143.78928947973193,4880.289419174194,15.154236354539105,-0.0009289495,27.22456455230713,100,14.316186904907227,1780000,10.966334581375122,163.90208769696065,177,1.0926504135131836,25.99090838432312,270.2346312021978,-8.76254e-06,258.60103371975765
0.14305424690246582,144.10267271296422,4907.481699466705,5.067236326908047,-0.0061759506,27.131519556045532,100,14.205240488052368,1790000,11.001801013946533,246.04910880539398,178,1.0672640800476074,25.920610427856445,270.1011230380524,-8.729534e-06,259.5197648784364
0.15140008926391602,144.90639577048577,4935.199777841568,5.540924101899738,-0.0030924452,27.66073250770569,100,14.372140169143677,1800000,11.153876066207886,239.5970302578313,179,1.2695343494415283,26.238810777664185,271.10354031680384,-8.707211e-06,262.4991807160718
0.1978762149810791,144.41795368044401,4966.089271306992,15.399260902493864,-0.0022037507,30.813343286514282,100,16.297659873962402,1810000,12.304520845413208,156.92204408412366,180,1.2314915657043457,29.38321614265442,271.985070111473,-8.678664e-06,260.6649292186475
0.14633798599243164,143.86033776533424,4994.696247577667,13.252621519204299,-0.0041942312,28.537362337112427,100,15.001113176345825,1820000,11.546804666519165,150.17402172406614,181,1.0976767539978027,27.292623043060303,269.6702453941161,-8.6284535e-06,259.4357862100869
0.1467592716217041,144.54532431477756,5023.451763391495,10.50739081994575,-0.0045348573,28.695894479751587,100,14.983289957046509,1830000,11.630098581314087,171.92380253162605,182,1.1943387985229492,27.354058027267456,270.7867555460129,-8.603972e-06,261.44846954043646
0.12928318977355957,144.66942506907847,5051.561799764633,5.8029729467945055,-0.0035491257,28.03818440437317,100,14.705127716064453,1840000,11.386000156402588,229.06003369166442,183,1.0810928344726562,26.82703685760498,271.4679110460349,-8.579604e-06,261.7996615380722
0.15882086753845215,144.67689236096652,5078.926176071167,7.3806624895704775,-0.0057052113,27.297802925109863,100,14.29761791229248,1850000,11.054907321929932,212.5616455215769,184,1.0799667835235596,26.058337926864624,270.54736096342896,-8.534866e-06,261.6937285850808
0.15117120742797852,142.1047717672273,5105.978647232056,26.506436353858398,-0.0030698692,26.992686986923218,100,14.163928270339966,1860000,10.907032012939453,156.5359244220329,185,1.060171127319336,25.78056526184082,273.09191092119,-8.50156e-06,254.97902303698845
0.14884400367736816,145.14481932059505,5133.553461074829,6.2613692792896245,-0.005221556,27.513898372650146,100,14.435626745223999,1870000,11.141104459762573,239.78034006899478,186,1.088179111480713,26.276238441467285,273.054298550284,-8.460695e-06,262.1773181472714
0.15415263175964355,142.90518475478663,5160.781630992889,21.538787721433337,-0.002905982,27.164589166641235,100,14.270647525787354,1880000,10.934776306152344,168.4481683846905,187,1.0952825546264648,25.91449499130249,272.92230135330755,-8.43871e-06,257.9359695034081
0.14374113082885742,144.0303281513524,5187.9087064266205,15.796948028737376,-0.0051620537,27.065487384796143,100,14.197555303573608,1890000,10.945931911468506,162.3081381515608,188,1.0856425762176514,25.835360765457153,271.8197904937595,-8.406059e-06,260.4428879540169
0.15863823890686035,142.87975862417494,5215.163565397263,9.64580311899046,-0.0045522265,27.19880247116089,100,14.2875337600708,1900000,10.990849733352661,196.0604487651634,189,1.070038080215454,25.969152688980103,268.90302310590243,-8.387296e-06,256.9000560089706
0.14243149757385254,144.57395734168009,5242.330548048019,7.396287823354709,-0.0028369743,27.106294631958008,100,14.188906192779541,1910000,10.979712724685669,236.57468863505133,190,1.0828616619110107,25.88025951385498,274.4554469013676,-8.348307e-06,260.9896538142956
0.13916444778442383,141.69613176213724,5269.428612470627,27.79601978646151,-0.0051488085,27.033254146575928,100,14.204442501068115,1920000,10.913414716720581,152.33679656260014,191,1.0822148323059082,25.811248540878296,271.52877108042145,-8.334639e-06,254.26537526602053
0.13580012321472168,142.89104024960713,5296.3989980220795,11.721211281557233,-0.005087211,26.91018843650818,100,14.125362873077393,1930000,10.911787033081055,191.6672434853749,192,1.0459239482879639,25.727877140045166,271.36882649761606,-8.291053e-06,257.4089061824359
0.12990593910217285,143.0195891327334,5323.423715591431,15.727883451957346,-0.00017430309,26.96544599533081,100,14.162075281143188,1940000,10.91232419013977,165.52314337798856,193,1.065509557723999,25.76936960220337,272.9419729417979,-8.247856e-06,257.54712628384647
0.1324777603149414,141.34026192535447,5350.462877035141,19.829720695593505,-0.003913133,26.977704763412476,100,14.190935850143433,1950000,10.890439987182617,159.94905789372166,194,1.062861680984497,25.7817542552948,266.51252738880305,-8.21264e-06,252.52564485698522
0.1500229835510254,139.1749994927806,5377.631207704544,13.848190546313607,-0.0006281844,27.108092784881592,100,14.298031568527222,1960000,10.897194623947144,200.94715517986336,195,1.0647313594818115,25.892659187316895,266.7852929240532,-8.178253e-06,247.12928810976462
0.1582198143005371,141.5003986277478,5404.795977115631,14.607837671151342,-0.0068400186,27.09864592552185,100,14.257765769958496,1970000,10.904160261154175,165.08618114461677,196,1.0821194648742676,25.857490301132202,269.8056830150837,-8.145144e-06,253.24133955753024
0.13566040992736816,143.43240130161837,5432.002650260925,15.519188343613923,-0.0056334147,27.146681785583496,100,14.301246166229248,1980000,10.949951887130737,165.81788184377697,197,1.063133955001831,25.947260856628418,270.8424945100139,-8.116464e-06,258.9498609875925
0.15294790267944336,142.07457554667434,5459.372121810913,10.369499165147566,-0.005554616,27.312065601348877,100,14.383315563201904,1990000,10.981006860733032,195.72841543723618,198,1.082667350769043,26.075822591781616,269.05943644215574,-8.099261e-06,254.99146939417426
0.1390535831451416,143.32727948537917,5486.396146535873,12.819317347416403,-0.0017674447,26.96703791618347,100,14.205922842025757,2000000,10.86371660232544,166.6211284171732,199,1.0521063804626465,25.775291681289673,271.6196354787389,-8.065711e-06,258.43378371295995
0.13961458206176758,141.24724259140086,5513.441976547241,23.02626172826446,-0.0052991644,26.985161066055298,100,14.201276779174805,2010000,10.859229326248169,162.91348999037365,200,1.0789902210235596,25.765879154205322,270.9335557220688,-8.0498485e-06,253.14776058949587
0.13773131370544434,140.46476744024207,5540.4866502285,15.877885136000073,-0.0024536746,26.981191396713257,100,14.157878875732422,2020000,10.865410566329956,164.10465866194093,201,1.1105279922485352,25.73222780227661,268.3195484780406,-8.033654e-06,251.0193929104805
0.13628458976745605,141.7654268080483,5567.470606088638,13.118452116436519,-0.007744329,26.919105052947998,100,14.173112154006958,2030000,10.81740427017212,171.1806128442271,202,1.0886445045471191,25.693464517593384,270.6967634953016,-8.013525e-06,255.19881419617798
0.14662504196166992,142.91209113330754,5594.506035327911,10.535452926682305,-0.0002774575,26.974685192108154,100,14.234405994415283,2040000,10.799137830734253,201.47986184095623,203,1.0871734619140625,25.740194082260132,273.43181841503355,-7.990015e-06,259.47120404141555
0.1343235969543457,143.63143982817246,5621.635343074799,6.216580251391848,-0.0010902883,27.070889472961426,100,14.215936660766602,2050000,10.933348178863525,244.03148759639672,204,1.091989517211914,25.843965768814087,271.9776060754561,-7.974637e-06,261.3008354533381
0.16471219062805176,143.33199460193876,5648.648010253906,11.823868606895438,-0.0019123423,26.94561195373535,100,14.21762728691101,2060000,10.786768913269043,181.1610932563843,205,1.0795960426330566,25.70065665245056,272.08897041315834,-7.943244e-06,258.98921895075824
0.13502812385559082,141.2413317268938,5675.971646308899,17.919092681570593,-0.0045373645,27.252586603164673,100,14.431171417236328,2070000,10.920694351196289,163.86883181930557,206,1.0575110912322998,26.059306859970093,270.364268660992,-7.932094e-06,253.2967029225919
0.15360784530639648,141.4855517274049,5702.868273019791,12.417159011241665,0.0021917718,26.836636066436768,100,14.14347219467163,2080000,10.735890865325928,209.99249236340427,207,1.1003363132476807,25.582022666931152,271.296044706378,-7.902517e-06,253.3337369449313
0.1290583610534668,142.81390770500926,5729.808830022812,16.482362845025314,-0.0010402658,26.874486446380615,100,14.161449193954468,2090000,10.812917947769165,148.46494273817905,208,1.0685596466064453,25.675813674926758,272.4836041905426,-7.884244e-06,256.64483399904503
0.1336989402770996,143.7233993273717,5756.793365478516,12.788136918648235,0.005126617,26.92355966567993,100,14.183101415634155,2100000,10.819495439529419,159.44655905223726,209,1.0809760093688965,25.70811891555786,273.22230770967946,-7.854235e-06,260.29601888589707
0.14053988456726074,142.41556052658623,5783.735728979111,11.89168845424103,-0.0088465735,26.880125999450684,100,14.195986032485962,2110000,10.74465823173523,206.92798152904277,210,1.0937650203704834,25.645118474960327,274.1259608400366,-7.847377e-06,256.65805895257387
0.16890454292297363,143.77756765458136,5810.83332490921,12.056943952013123,-0.0023629656,27.037779569625854,100,14.252424716949463,2120000,10.825173139572144,169.56306658366125,211,1.0940732955932617,25.774118661880493,272.8940138034453,-7.8170815e-06,260.74074339411277
0.1533975601196289,142.9626111875757,5837.915035009384,13.031745044692387,-0.0051096645,27.01961398124695,100,14.272783756256104,2130000,10.798574924468994,166.27479203418125,212,1.1002516746520996,25.765273094177246,271.3206304607959,-7.805362e-06,259.1045355289965
0.1273210048675537,143.31955349504182,5864.780964851379,14.835673417241908,-0.0018131384,26.799793243408203,100,14.115707874298096,2140000,10.783629655838013,149.52543391755518,213,1.0755059719085693,25.59624671936035,272.7341321444819,-7.766816e-06,259.3455280821352
0.13135480880737305,144.04704855721056,5891.745701313019,9.766867736676515,-0.0034587462,26.89785146713257,100,14.228623628616333,2150000,10.785831928253174,198.75313457239764,214,1.0519945621490479,25.713794708251953,272.17112004558265,-7.752642e-06,261.21975120424725
0.14536285400390625,142.52417736958535,5918.593601703644,22.80244044257142,0.015439404,26.78478741645813,100,14.082527160644531,2160000,10.793550968170166,154.88871334823688,215,1.0624992847442627,25.57624340057373,272.48201256885756,-7.725067e-06,257.8097544131997
0.14952325820922852,142.118116707142,5945.537378549576,15.044179521168779,-0.0023616124,26.882933855056763,100,14.206098556518555,2170000,10.754313707351685,144.41197559596276,216,1.0718917846679688,25.66082763671875,270.21477651377614,-7.695262e-06,256.8536354284994
0.1314680576324463,141.70462156178652,5972.582776546478,11.94146451881412,-0.00037406172,26.985188484191895,100,14.281719446182251,2180000,10.805155992507935,218.7785534682659,217,1.0736148357391357,25.779463291168213,273.5295218830606,-7.683263e-06,255.70878044248337
0.14117693901062012,135.27264273731384,5999.667247533798,61.412584594337524,-0.0008658582,27.02241539955139,100,14.272289514541626,2190000,10.826796770095825,-229.33590663794536,218,1.0787570476531982,25.80178189277649,271.911693564982,-7.658906e-06,245.43703783444846
0.13987374305725098,138.1207603054333,6026.659774303436,48.93715168904303,-0.0028227647,26.933872938156128,100,14.272849321365356,2200000,10.776559591293335,-147.1684945217595,219,1.0466647148132324,25.746699571609497,271.7667142142971,-7.654791e-06,249.55130410096848
0.15540552139282227,142.47446055026285,6053.791815280914,9.607969078992218,-0.0019737687,27.073259592056274,100,14.248792886734009,2210000,10.892189502716064,220.30268377612657,220,1.0781450271606445,25.839130640029907,271.3491982617556,-7.652176e-06,258.40189254835377
0.1545424461364746,135.01994207516952,6080.869175195694,64.01259306874516,-0.0038229981,27.0159695148468,100,14.17883849143982,2220000,10.88234543800354,-121.66541093136742,221,1.0817768573760986,25.77889370918274,277.2445118927099,-7.630517e-06,244.96363140041237
0.13452363014221191,141.01301277593478,6107.892368793488,12.876863336650237,0.0027789345,26.959455490112305,100,14.299922943115234,2230000,10.75432562828064,202.04900119401375,222,1.0804977416992188,25.74372625350952,274.40848783821707,-7.603943e-06,255.23108880922007
0.1313931941986084,136.4735002466887,6134.934716939926,45.990346335792516,0.0020977391,26.977254390716553,100,14.276794910430908,2240000,10.778756141662598,-61.6311725140933,223,1.0788600444793701,25.7663414478302,275.63763688991327,-7.573506e-06,247.3654265112708
0.13584589958190918,140.20240065547918,6161.949951887131,22.044724387675,-0.0035103976,26.956419229507446,100,14.259533882141113,2250000,10.786660194396973,122.37556207430538,224,1.0528452396392822,25.76719641685486,274.1075108677356,-7.5657576e-06,254.5058468993948
0.16360902786254883,138.44917268722173,6189.107290267944,22.602067275545586,-0.0044649816,27.093662977218628,100,14.298082828521729,2260000,10.854734182357788,83.58769599906844,225,1.0804247856140137,25.848990201950073,274.2277840671546,-7.547818e-06,249.67518379943812
0.1334538459777832,138.3951121322823,6215.985302686691,16.733005661075502,-0.008615649,26.813359260559082,100,14.126782417297363,2270000,10.769399881362915,185.78406751172542,226,1.086958408355713,25.5922794342041,271.23582139187505,-7.5291755e-06,247.8613897463489
0.1625216007232666,140.9756227960425,6242.948288679123,15.327380925601046,-0.0013878753,26.905832529067993,100,14.242054462432861,2280000,10.719630241394043,191.05409461251622,227,1.0782325267791748,25.664079427719116,274.9817278752815,-7.517793e-06,254.6352782244558
0.15435266494750977,140.4525171330625,6269.939099550247,27.570757580969733,-0.003901771,26.930591106414795,100,14.239045143127441,2290000,10.768550872802734,93.92315794320346,228,1.058485984802246,25.717135190963745,274.9790334835149,-7.509105e-06,254.7940621291973
0.12845993041992188,140.96577372462437,6297.001673936844,19.522607783857467,0.0009620831,27.001359462738037,100,14.27804946899414,2300000,10.812440395355225,123.43738974730701,229,1.0660183429718018,25.806192874908447,273.56119851820927,-7.500016e-06,256.3533116329331
0.16331982612609863,140.63300529652187,6323.896013498306,14.86094077186841,-0.0013899633,26.83628249168396,100,14.15943956375122,2310000,10.721955060958862,201.15472158462103,230,1.082106351852417,25.590118646621704,274.99855383245415,-7.489708e-06,253.45971865198197
0.1772630214691162,140.66892526852808,6350.822161912918,20.349979949461222,-0.005632028,26.865493535995483,100,14.190040349960327,2320000,10.732894659042358,148.48640178715965,231,1.0611906051635742,25.626445293426514,277.3669496997963,-7.455832e-06,254.08153948795677
0.18933677673339844,141.84101908371872,6377.8287444114685,36.514439280734514,-0.002505238,26.944490909576416,100,14.279582023620605,2330000,10.706404685974121,-74.245776111575,232,1.0709254741668701,25.683576107025146,277.6775103329947,-7.4458026e-06,257.36146829472744
0.18099403381347656,142.2306897445679,6404.7746369838715,18.067845041874683,-0.0060772467,26.890172719955444,100,14.235137462615967,2340000,10.688323259353638,144.13415785319407,233,1.0927138328552246,25.61578059196472,273.8157683459801,-7.4017953e-06,258.3762029346202
0.1332247257232666,142.07414455892,6431.626412630081,11.77426128933648,-0.0020706123,26.793447256088257,100,14.178874969482422,2350000,10.706135511398315,216.9817163642734,234,1.0715394020080566,25.58772349357605,281.4878428657491,-7.392318e-06,257.31804036250855
0.16745972633361816,143.93911586999718,6458.527415513992,10.3346779911462,-0.0053918236,26.844155073165894,100,14.220323085784912,2360000,10.710962057113647,222.58814105028515,235,1.0541863441467285,25.62179946899414,275.71355808286063,-7.3736337e-06,261.7875815624235
0.16648578643798828,138.45257225392925,6485.474761724472,42.90079447006826,0.0007413944,26.88344693183899,100,14.15714693069458,2370000,10.806198120117188,-39.042531792732596,236,1.0583856105804443,25.65794038772583,277.8130328305939,-7.3422243e-06,252.18754539730196
0.17972040176391602,129.35576800802957,6512.456237792969,95.08284696157226,-0.00500095,26.920050382614136,100,14.178618907928467,2380000,10.77494502067566,-248.83233460909233,237,1.0813639163970947,25.658294677734375,276.995627734216,-7.3331335e-06,235.55986230982109
0.13605189323425293,141.72505864399537,6539.247920036316,23.675604023564375,0.0013141624,26.731553077697754,100,14.151724338531494,2390000,10.65138840675354,75.81837776907419,238,1.0802068710327148,25.51469898223877,275.94027358554854,-7.307929e-06,257.0959335131086
0.14145517349243164,141.74235360918763,6566.14125585556,14.084470613161738,-0.000297857,26.831958055496216,100,14.248493432998657,2400000,10.66389012336731,196.84717933316503,239,1.069199562072754,25.620234489440918,275.3404205930868,-7.279444e-06,256.7165305431383
0.13988566398620605,142.01244175830482,6593.031337738037,15.381788473365177,-0.0033887047,26.830224990844727,100,14.235697984695435,2410000,10.69660234451294,153.99065014392937,240,1.0616729259490967,25.627657651901245,276.0645760195487,-7.252301e-06,257.5920485819234
0.13872456550598145,130.4874151497273,6619.867067575455,70.23176811305775,-0.0009016363,26.772396564483643,100,14.144915103912354,2420000,10.73103642463684,-92.89439780646806,241,1.0657374858856201,25.567161321640015,278.0711837165921,-7.243033e-06,237.4968142816977
0.14037275314331055,138.72775061311805,6646.911057949066,51.38127322490721,-0.0018791009,26.984318733215332,100,14.318625926971436,2430000,10.756662368774414,-185.71116909041936,242,1.0653860569000244,25.77788734436035,275.76960079144266,-7.21391e-06,253.23550933461513
0.17332077026367188,143.38262815780737,6673.982714653015,13.436283033196116,-0.00048107252,27.0091552734375,100,14.275222063064575,2440000,10.7747962474823,157.757663283994,243,1.0774054527282715,25.757739305496216,275.36683755777113,-7.2014705e-06,261.1906717524296
0.1345977783203125,141.55049873934001,6700.881021261215,12.577293620705065,-0.0042120502,26.836535930633545,100,14.179014444351196,2450000,10.732659339904785,215.94326782815872,244,1.0873923301696777,25.613848447799683,276.38528686036494,-7.187611e-06,255.85937550251504
0.13888788223266602,141.68356292006555,6727.726072072983,22.175916190156176,-0.0030276491,26.783967971801758,100,14.173403978347778,2460000,10.692596197128296,75.23863529450485,245,1.0795252323150635,25.56497073173523,276.76570641862895,-7.175946e-06,256.7664234104492
0.13607120513916016,141.63267758442313,6754.701467514038,23.340366594895485,-0.0035351291,26.914554595947266,100,14.275287628173828,2470000,10.739732503890991,149.2009481580394,246,1.0640811920166016,25.713688611984253,276.1370882048709,-7.133445e-06,257.3210911723545
0.13279104232788086,141.64621014153647,6781.557119131088,14.362360876276995,-0.0050475635,26.79659080505371,100,14.214169979095459,2480000,10.671510457992554,198.73109703313352,247,1.0758705139160156,25.587316036224365,274.81045949173557,-7.0963056e-06,256.18240998802025
0.15325188636779785,142.98459635374428,6808.449363231659,16.141256027651533,-0.0027001577,26.836570978164673,100,14.222925662994385,2490000,10.694814205169678,143.79103066372852,248,1.0688223838806152,25.613920211791992,274.7543201607504,-7.0706988e-06,258.73957044617765
0.13561701774597168,142.32711556325404,6835.323555469513,23.073852564657923,-0.004254057,26.816662311553955,100,14.268863916397095,2500000,10.658659219741821,135.8455489479689,249,1.0555291175842285,25.624974250793457,278.28080188718747,-7.0899623e-06,257.34015284683875
0.16572070121765137,141.72800949861747,6862.333468914032,22.270639353759456,-0.0036129686,26.951204538345337,100,14.314056873321533,2510000,10.655815839767456,82.84833268995033,250,1.1188645362854004,25.666083335876465,274.94928746430645,-7.0492033e-06,256.9973375759053
0.1330263614654541,143.13551299602034,6889.159399986267,10.393512795636417,-0.0048348983,26.76510524749756,100,14.169872760772705,2520000,10.707802534103394,211.55857039861914,251,1.064812183380127,25.566641569137573,277.46767281706724,-7.041233e-06,260.31130792026664
0.16881132125854492,144.7317298352837,6916.158687114716,9.681478446904224,-0.0054930826,26.938177824020386,100,14.261051893234253,2530000,10.689348936080933,224.02484624465865,252,1.093646764755249,25.674935340881348,277.8446444087828,-7.012445e-06,263.8209052796437
0.20487761497497559,132.85796957004214,6943.710293531418,87.50280429461877,-0.009061499,27.49225902557373,100,14.429311513900757,2540000,10.871374368667603,-195.49811745651508,253,1.280618667602539,26.006052255630493,280.1820854197446,-6.9936946e-06,241.21151775633106
0.13028478622436523,144.2299394733466,6970.668009996414,24.200218710128826,-0.0036556097,26.885199069976807,100,14.262418746948242,2550000,10.7021164894104,117.09765999246686,254,1.0918397903442383,25.662119388580322,282.8788366365751,-6.989808e-06,263.43844607840316
0.14157962799072266,142.89125458368582,6997.533705234528,20.6907556597192,0.0011960982,26.801671266555786,100,14.197391510009766,2560000,10.673239946365356,124.95874271811552,255,1.0891180038452148,25.57032561302185,277.83529442366705,-6.954497e-06,260.0092690046464
0.14322686195373535,140.081849284931,7024.541208982468,12.79781381835427,-0.0024504366,26.94948124885559,100,14.229925155639648,2570000,10.796749830245972,222.23307477826486,256,1.0745928287506104,25.73101305961609,273.8771061524243,-6.9485686e-06,253.70210671571192
0.13457894325256348,143.33506292116127,7051.478089570999,12.035643590818763,-0.008991982,26.87272620201111,100,14.306393384933472,2580000,10.66259765625,200.94911729284362,257,1.067314624786377,25.670279502868652,278.6888039549481,-6.9330786e-06,261.4430637120068
0.13537120819091797,144.20430239075225,7078.32932472229,13.813437541351224,-0.0002163518,26.78901720046997,100,14.204726934432983,2590000,10.668050765991211,200.0061971658148,258,1.0873329639434814,25.565659761428833,279.39738044417896,-6.8953623e-06,263.7060628123148
0.13884186744689941,143.4947538402001,7105.195601940155,17.335541651004892,0.012618215,26.805810928344727,100,14.216140747070312,2600000,10.625319480895996,144.34837151410585,259,1.11971116065979,25.54650044441223,279.5781029979139,-6.876227e-06,261.42032117460485
0.14011621475219727,131.4946397025614,7131.992502689362,82.94549520083324,0.023609377,26.73518443107605,100,14.176008701324463,2610000,10.64623475074768,-192.51381146800352,260,1.0685584545135498,25.52586269378662,277.6138139041916,-6.8473933e-06,238.54279970032752
0.13236641883850098,137.64556231518986,7158.801485300064,17.546530844979234,0.010484166,26.753707885742188,100,14.199896097183228,2620000,10.654377222061157,142.90644036718933,261,1.0673038959503174,25.553467512130737,273.42561448559053,-6.8454165e-06,246.9574345520695
0.22286200523376465,141.16814157207898,7185.726583003998,14.698876203636228,-0.0026692105,26.864169359207153,100,14.148176670074463,2630000,10.605338335037231,222.83442210080005,262,1.1936044692993164,25.44619631767273,276.44744014868763,-6.8544227e-06,255.3926449923442
0.2322072982788086,139.51811130497882,7212.625056505203,31.93927117267242,0.00050239405,26.83287239074707,100,14.043529510498047,2640000,10.485940217971802,102.31282596345501,263,1.3753700256347656,25.2226243019104,277.8707856484691,-6.8314152e-06,252.80565938313737
0.15029335021972656,131.4417235329837,7239.489997148514,54.025736005496675,-0.004867903,26.803280353546143,100,13.87592101097107,2650000,10.525639533996582,-59.891131012329026,264,1.5628008842468262,25.089351654052734,279.2343479616552,-6.8094378e-06,237.66160001845248
0.1521468162536621,137.51643440638577,7266.189419746399,33.445334490246864,-0.0019562626,26.60729217529297,100,13.988553285598755,2660000,10.499756097793579,79.92849035207956,265,1.275132179260254,25.178714275360107,282.4307594959319,-6.7814904e-06,247.86050435163241
0.16704440116882324,135.820355225982,7292.809186220169,18.164279363141173,-0.0034847455,26.526543140411377,100,14.027619123458862,2670000,10.575610637664795,145.21217420538179,266,1.069242238998413,25.28937077522278,275.96675974044894,-6.7487877e-06,242.9276313146374
0.1376509666442871,138.94188336830467,7319.586807727814,22.45055345187768,0.0017590362,26.71515655517578,100,14.254419565200806,2680000,10.552754402160645,116.9466917051783,267,1.0680863857269287,25.50871467590332,274.53560842865517,-6.7358537e-06,250.5642800228561
0.14733052253723145,139.16833693920677,7346.518451929092,31.921984758111336,-0.00083507923,26.87062931060791,100,14.339540719985962,2690000,10.599277973175049,111.78590215494431,268,1.0940370559692383,25.628596305847168,278.35107268422934,-6.7296073e-06,252.28078243215103
0.14132094383239746,142.48308678693442,7373.29633641243,18.45105201876403,-0.0031072807,26.713971376419067,100,14.24462890625,2700000,10.549053192138672,153.8779728233386,269,1.0838875770568848,25.488003730773926,278.0404458522657,-6.7036526e-06,258.8820787048315
0.14391231536865234,139.88113708310686,7400.191802740097,36.966782224772885,-0.0008838965,26.835171937942505,100,14.328290462493896,2710000,10.602891445159912,106.49365840238816,270,1.063368558883667,25.627228021621704,279.2514786420188,-6.691939e-06,255.14489762285694
0.13759613037109375,141.48261974240495,7426.962795972824,18.351658696610983,-0.0021220325,26.712663888931274,100,14.227427244186401,2720000,10.5521559715271,188.33120855810776,271,1.104823112487793,25.469650745391846,278.05596717014527,-6.659824e-06,256.7521773978858
0.1524951457977295,141.63151741098054,7453.638295888901,16.193873414988577,-0.0065182205,26.61517858505249,100,14.155300617218018,2730000,10.545516967773438,204.70675016827227,272,1.063410997390747,25.39839482307434,276.3379586937883,-6.6421408e-06,256.7994633573478
0.14060759544372559,143.70180397809278,7480.394775390625,16.41766721503022,-0.0011507124,26.682682037353516,100,14.18046522140503,2740000,10.581650972366333,140.17726033986528,273,1.082170009613037,25.45914578437805,277.1260305845934,-6.61871e-06,262.2422468599122
0.13297796249389648,144.6384922839615,7507.186847686768,7.536456987116117,-0.0028797942,26.724888801574707,100,14.23503041267395,2750000,10.604771852493286,239.1298435869738,274,1.0512144565582275,25.54008436203003,278.91036776026874,-6.581213e-06,263.7202730584194
0.13553643226623535,143.08945481863745,7533.950957298279,25.197140805163944,-0.0023924746,26.70107913017273,100,14.186791181564331,2760000,10.607951164245605,120.75859565071856,275,1.0569117069244385,25.507954120635986,276.3542081883445,-6.5409236e-06,260.462310192642
0.14803814888000488,143.84835104947294,7560.751253128052,23.89534022315034,-0.004921653,26.734615087509155,100,14.17658019065857,2770000,10.634446620941162,103.406813908662,276,1.0753638744354248,25.510435342788696,276.8624974762985,-6.5068975e-06,261.63813985782605
0.14954805374145508,144.0360757724477,7587.637877941132,15.324421144463823,-0.0046587163,26.8234920501709,100,14.257009267807007,2780000,10.614270687103271,163.38715991213368,277,1.0959126949310303,25.577371835708618,276.2864979986953,-6.471854e-06,262.3603778822016
0.1339874267578125,144.40717699881253,7614.356365442276,14.714742530136055,-0.0007117546,26.658172369003296,100,14.153588056564331,2790000,10.596315860748291,146.55814215206584,278,1.076462984085083,25.447067499160767,278.64489999718984,-6.4463543e-06,262.62301414124937
0.14103484153747559,145.52862425972305,7641.158491611481,9.010656291465788,-0.0064078006,26.734745502471924,100,14.200354099273682,2800000,10.61536192893982,224.87597440495236,279,1.0801997184753418,25.51282811164856,274.980310781963,-6.422809e-06,265.43795348111723
0.14035463333129883,142.31829578667853,7667.974941492081,34.02014001222137,0.0057149054,26.751685857772827,100,14.116393327713013,2810000,10.710286855697632,95.58079136804997,280,1.0739655494689941,25.536566734313965,277.4926776236201,-6.400392e-06,259.2846321529139
0.13213443756103516,146.64544809120315,7694.816514968872,11.186347031571463,-0.0030909807,26.774637937545776,100,14.218394756317139,2820000,10.621896505355835,173.925742154949,281,1.1068847179412842,25.53487491607666,277.95925790997575,-6.375292e-06,267.98366120344724
0.14511346817016602,145.87159473730208,7721.591545343399,13.985392492058173,-0.0017478139,26.71806049346924,100,14.201642751693726,2830000,10.583078622817993,147.99236614849326,282,1.0926587581634521,25.47973918914795,276.84556055421524,-6.335327e-06,266.31955176661165
0.1363210678100586,146.65556308963988,7748.343501567841,5.236224405803562,0.00012227887,26.69209313392639,100,14.188434362411499,2840000,10.599177122116089,253.5191373041232,283,1.0785541534423828,25.476417541503906,277.751034954074,-6.313867e-06,267.8805374587007
0.1339712142944336,146.62969610350737,7775.086070775986,6.150553830435649,-0.0036422089,26.684560537338257,100,14.19189167022705,2850000,10.594372272491455,242.8289882936211,284,1.0656940937042236,25.483844757080078,277.1894848661626,-6.2804274e-06,268.08811911997583
0.1722099781036377,145.05444399471983,7801.971709012985,25.585896258290003,-0.0074788816,26.82402753829956,100,14.264976978302002,2860000,10.635428190231323,118.40208637618423,285,1.0474860668182373,25.603615522384644,279.88184400976576,-6.2298022e-06,264.6026429092459
0.23747706413269043,146.12524832656075,7828.890775918961,7.186867833618243,-0.0021050856,26.85280418395996,100,14.081842184066772,2870000,10.63368034362793,237.4360216411971,286,1.2049565315246582,25.409210205078125,277.63408612205114,-6.2023196e-06,267.09704452598436
0.20427227020263672,145.1166275510058,7855.867870807648,22.58306766266302,-0.0031642623,26.912144422531128,100,14.044907569885254,2880000,10.5912446975708,120.60417418017741,287,1.371567964553833,25.332903623580933,281.3198915561619,-6.1785913e-06,264.6719310780604
0.18408560752868652,144.04654571419752,7882.867086648941,12.886990827177929,-0.0020538624,26.934983015060425,100,13.842687845230103,2890000,10.577367782592773,164.48817215807614,288,1.6382331848144531,25.111687898635864,275.3417500393088,-6.158303e-06,262.4664373959775
0.1439964771270752,143.74729281142712,7909.762206554413,18.35706333203232,-0.0019928387,26.835933208465576,100,13.831968307495117,2900000,10.564450740814209,98.80974972544787,289,1.605468511581421,25.08582329750061,278.53588988045175,-6.1500473e-06,262.3128977455666
0.1333620548248291,143.14269363010885,7936.5140969753265,13.046874137643167,-0.0066395774,26.661383390426636,100,13.968152046203613,2910000,10.505657196044922,187.92801393475378,290,1.3601124286651611,25.165453672409058,274.15882292715713,-6.14249e-06,260.5197984367908
0.1405019760131836,145.41722230374714,7963.162107467651,7.862580769932322,-0.0024609654,26.54367232322693,100,14.020818948745728,2920000,10.61532473564148,231.1591452856459,291,1.0734169483184814,25.328816175460815,277.10953119529665,-6.1168384e-06,265.79665270774626
0.13501930236816406,131.91327105852722,7989.888344287872,68.62442076511252,-0.0045439894,26.652872562408447,100,14.173681735992432,2930000,10.54910397529602,-87.19240980994915,292,1.0944905281066895,25.422523736953735,279.7354208278603,-6.1258943e-06,238.8342735610084
0.13784384727478027,142.16316949409222,8016.652245044708,33.00168501009868,-0.003590136,26.702723503112793,100,14.162542581558228,2940000,10.630963325500488,70.02500543309871,293,1.0644235610961914,25.499794244766235,278.2868277961771,-6.1175447e-06,258.73174104209113
0.1385667324066162,142.72963229721248,8043.466844558716,9.078564645153204,-0.004913822,26.75318670272827,100,14.166024923324585,2950000,10.668561220169067,231.37777579356825,294,1.0726044178009033,25.54129719734192,276.4984351509732,-6.1255305e-06,260.03320711472935
0.1353597640991211,143.24672255233835,8070.640304803848,18.746173641305013,-0.003622422,27.109630823135376,100,14.392231464385986,2960000,10.826374053955078,94.35547522902856,295,1.0509655475616455,25.922590732574463,277.1873210658899,-6.1181618e-06,261.5007784333096
0.13093352317810059,140.31154050281313,8097.534320354462,37.74091569975603,-0.0023265718,26.832748889923096,100,14.239308834075928,2970000,10.681133270263672,-102.78182198135696,296,1.0846993923187256,25.61637234687805,276.50759268172396,-6.093047e-06,255.3064089907691
0.14609217643737793,142.00287627813057,8124.468487262726,12.25329888963509,-0.002945232,26.875826597213745,100,14.254462957382202,2980000,10.696204662322998,220.01544267990062,297,1.0856397151947021,25.64342713356018,276.8973733017115,-6.0794323e-06,258.1099515204574
0.12516117095947266,142.10771762107078,8150.090269804001,34.76534226532347,-0.0018685113,25.55975103378296,100,13.766363620758057,2990000,10.036094427108765,-66.39111124266016,298,0.9599692821502686,24.473899602890015,277.64623352065377,-6.0678767e-06,258.88330244350004
0.12689995765686035,143.33581398010816,8174.39004278183,23.941006965664577,-0.0033412352,24.24540376663208,100,13.023837327957153,3000000,9.486546993255615,99.69488454788437,299,0.9722566604614258,23.145705699920654,279.1575172240848,-6.036337e-06,261.383344465064
