Time-Optimization,Time,n_timesteps,Itr,ItrTime,train-NumTrajs,train-PolicyExecTime,train-StdReturn,LossBefore,LossAfter,train-AverageDiscountedReturn,train-MaxReturn,Time-Sampling,Time-SampleProc,train-MinReturn,train-EnvExecTime,train-AverageReturn
1.9795782566070557,24.58658742904663,10000,0,24.586578369140625,100,13.815652132034302,7.826819733129531,0.011453287,-1.8171216,6.375429818631534,25.48546249308933,22.54684829711914,0.058812618255615234,-7.213638873107144,8.072140455245972,9.818919198849295
1.071930170059204,49.29853677749634,20000,1,24.6251003742218,100,14.061083555221558,5.574362846956112,0.015125507,-4.5976734,14.467205441240772,32.38759523111293,23.511375427246094,0.04114365577697754,-7.691972371562394,8.773316144943237,23.71793310253096
1.0799341201782227,74.03954100608826,30000,2,24.673458337783813,100,13.992809295654297,3.0969052350089923,0.013597388,-5.0912685,15.851649967107011,30.723446439042004,23.55122184753418,0.041602373123168945,16.6744173276104,8.874042987823486,25.025054372052054
1.0672023296356201,98.92438554763794,40000,3,24.824082374572754,100,14.073213815689087,1.8894775471918979,0.0043444154,-3.4689324,18.263286815702042,30.106697575907916,23.718200206756592,0.03791642189025879,21.71627691068087,8.962435245513916,26.132721834237167
1.0422532558441162,123.72237229347229,50000,4,24.73379397392273,100,14.010191202163696,2.0077937508631196,-0.009164658,-1.8881041,19.426341171676757,30.222419799503516,23.649500846862793,0.04125499725341797,20.878998183885084,8.9561288356781,26.55726212149697
1.0675718784332275,148.65624022483826,60000,5,24.870909690856934,100,14.046144962310791,3.1799933492383734,0.004755772,-1.0905316,19.25730469081421,30.360749408254726,23.767767429351807,0.03465914726257324,4.41191472710199,9.040998697280884,25.962169719462118
1.064474105834961,173.5073800086975,70000,6,24.790069818496704,100,13.969279050827026,2.7171491338222076,0.009764461,-0.7894447,19.544983568047506,30.774409668222475,23.689590454101562,0.03523659706115723,14.999727905666001,9.034087181091309,26.175513383255137
1.0882515907287598,198.39625883102417,80000,7,24.82684898376465,100,14.02002763748169,3.58553412610325,-0.0027105561,-0.67317206,19.281075648960094,30.93172765801061,23.699731826782227,0.03814244270324707,5.1145143930080055,8.99277138710022,25.729201784493522
1.0602478981018066,223.22654366493225,90000,8,24.768967628479004,100,13.92295241355896,2.4263952847966177,-0.007126893,-0.6311756,19.944562872003573,30.22169012437615,23.668979167938232,0.03897833824157715,9.037541006280897,9.051131248474121,26.613938836472247
1.055870532989502,247.97946763038635,100000,9,24.692431926727295,100,13.943265438079834,2.900204890205734,-0.005761403,-0.59769905,19.573803417974624,30.502196786976004,23.59943151473999,0.03623652458190918,6.003354318825242,8.97070598602295,26.424531905508264
1.0462923049926758,272.7621955871582,110000,10,24.726022720336914,100,13.95401120185852,2.4293727431191705,-0.0076325447,-0.5415867,19.903372448358382,30.123357707010328,23.642879962921143,0.03614401817321777,13.342562464014769,9.006131172180176,26.70946825736585
1.0731019973754883,297.6498427391052,120000,11,24.829965114593506,100,14.021953105926514,2.215320984761209,0.0073375893,-0.4630267,20.037666612952215,30.39615045971294,23.714561223983765,0.04166412353515625,15.519835106951794,8.998462200164795,26.882937149259533
1.0514826774597168,322.5665988922119,130000,12,24.86094307899475,100,14.002492189407349,2.561949517153137,-0.0060527567,-0.41590956,19.550732855772925,30.357067345369845,23.769784212112427,0.03906440734863281,14.077402042782612,9.078940391540527,26.328856415156547
1.0826025009155273,347.48583221435547,140000,13,24.85600471496582,100,14.020336389541626,1.6486782692562356,0.003410536,-0.34859076,20.214875684985046,30.250512436079664,23.733593463897705,0.039052486419677734,20.301053353365923,9.034981966018677,27.057122301089898
1.0604045391082764,372.37682580947876,150000,14,24.83275842666626,100,14.019355773925781,1.9047916466698245,0.0053747497,-0.32571465,20.187692343164528,30.774869874928477,23.734022855758667,0.03775930404663086,17.891046040744314,9.034514427185059,27.061479825875672
1.0786073207855225,397.2284653186798,160000,15,24.794455766677856,100,13.957552909851074,1.4321014747948824,-0.00439942,-0.3136232,20.307344032851983,30.08252347456116,23.67469024658203,0.040457725524902344,23.999796752959202,9.032465696334839,27.289935941292914
1.0411803722381592,422.1121666431427,170000,16,24.82000207901001,100,13.984778642654419,1.5691935481983692,0.0033179747,-0.2843666,19.97362843108277,29.830594841106468,23.740458250045776,0.037682533264160156,22.43315400678733,9.072200298309326,26.843835417769345
1.0839693546295166,447.0128197669983,180000,17,24.837993383407593,100,13.952145338058472,1.402727257146065,-0.00227257,-0.25987628,20.336409378631494,29.56069352287616,23.708202123641968,0.04526257514953613,23.17978743147727,9.072383880615234,27.229388284434137
1.0507307052612305,471.80260181427,190000,18,24.722487449645996,100,13.88997197151184,1.677923581416352,0.0036141258,-0.24475786,20.09878379199311,30.26767648190319,23.62926745414734,0.041822195053100586,21.508829260695414,9.052048206329346,27.024789137284564
1.0672333240509033,496.63722372055054,200000,19,24.777331113815308,100,14.004703044891357,1.586573828869759,0.0010964279,-0.24110202,19.977884851926795,30.02015116422818,23.671869039535522,0.03751516342163086,21.818584477938707,8.977782487869263,26.925334591127537
1.043524980545044,521.6368923187256,210000,20,24.942060470581055,100,14.090471982955933,2.2782007499145043,-0.0015996567,-0.23837939,19.86617154245465,30.34052845509114,23.85813546180725,0.03970694541931152,11.86008678563678,9.074166774749756,26.657041268769273
1.0557451248168945,546.542952299118,220000,21,24.85038685798645,100,13.985291242599487,3.2998715371978267,0.021700306,-0.19930075,20.09709100371534,30.93653038030397,23.759474515914917,0.03445124626159668,-1.3866443604240157,9.08985161781311,26.895829638254906
1.081484317779541,571.4506728649139,230000,22,24.846620559692383,100,14.014698505401611,3.2545891944562877,0.0057470445,-0.21084812,20.288254005783223,30.420200956221866,23.72824263572693,0.036184072494506836,5.600074370666906,9.034926176071167,26.99890275538612
1.065913200378418,596.3412072658539,240000,23,24.82719874382019,100,14.017072200775146,2.9759418451830513,0.0049493485,-0.2180248,19.728241631445343,30.48516264352405,23.72072434425354,0.03986096382141113,6.561346411983407,9.018145322799683,26.477958122623132
1.089843511581421,621.4145932197571,250000,24,25.01552677154541,100,14.09403681755066,2.7330525474330116,0.0038964592,-0.22396514,20.171307043644077,29.90184344544426,23.88509440422058,0.039931297302246094,11.342736333690329,9.10092544555664,27.166674460584712
1.0581128597259521,646.1395299434662,260000,25,24.663225412368774,100,13.847593307495117,1.6589366378589487,0.0020960479,-0.22920384,19.93200186907352,29.67225132819861,23.56515908241272,0.039018869400024414,17.283287906980444,9.032666444778442,26.72527963577383
1.0787866115570068,671.0553522109985,270000,26,24.855051517486572,100,14.019001722335815,2.288779057419947,0.0020806747,-0.23055181,19.885606597885488,30.12271187101655,23.738301038742065,0.037307024002075195,15.615782730427094,9.026602983474731,26.767400749181462
1.06087064743042,695.8402547836304,280000,27,24.72579073905945,100,13.88230013847351,1.6888076115035582,0.01493007,-0.20859136,20.06958918110264,29.824876036389075,23.627922534942627,0.03626132011413574,19.69561246132127,9.051697731018066,26.90385722187467
1.0496838092803955,720.6845428943634,290000,28,24.77525305747986,100,14.011934995651245,3.1309881907190222,-0.0064262603,-0.2463216,19.687036148532783,29.973404950284213,23.686450481414795,0.03844404220581055,9.631416181690238,8.995837450027466,26.426528026089645
1.0667107105255127,745.4875764846802,300000,29,24.74546790122986,100,13.881858348846436,1.8640873381786538,-0.00094540406,-0.23223208,20.008861224192366,29.77163189718268,23.641866445541382,0.03597068786621094,18.75288251922854,9.077296733856201,26.84798667648306
1.0410621166229248,770.3426578044891,310000,30,24.793579816818237,100,14.013123512268066,2.526752132920201,0.01679411,-0.21369663,19.76646967401199,31.205759802057006,23.715460538864136,0.036342620849609375,10.414560580309761,9.013826847076416,26.638199573606585
1.0918583869934082,795.24733543396,320000,31,24.84176254272461,100,14.015512228012085,3.2216203354858375,-0.002303186,-0.2276538,19.579909283073828,30.690440931276427,23.710346460342407,0.038843631744384766,2.815620065774095,9.008894205093384,26.43214694509835
1.089900016784668,820.123185634613,330000,32,24.811886072158813,100,13.96449875831604,2.3227065583060815,0.007346457,-0.2711782,19.87946074296169,30.296500083161565,23.687506675720215,0.033776283264160156,17.630687446388755,9.032744884490967,26.73386355455828
1.0576376914978027,845.0571789741516,340000,33,24.86860227584839,100,14.0906503200531,3.024337841636516,-0.007243834,-0.29831436,19.807543339548417,30.240791050733492,23.76960587501526,0.04054617881774902,2.496095491809083,8.99552297592163,26.53261545225614
1.0738818645477295,869.825971364975,350000,34,24.705782413482666,100,13.880987644195557,3.133869627176216,-0.00055801927,-0.30894557,19.44037232097372,29.912955009913084,23.588598012924194,0.04257488250732422,5.971775058629709,9.020576000213623,26.14269718911369
1.1008906364440918,894.8221166133881,360000,35,24.935346364974976,100,14.078089714050293,2.1596938442275113,0.004079663,-0.3178553,19.79416877863309,30.793661446275756,23.797832250595093,0.0360105037689209,12.919167194008724,9.03721833229065,26.793784095030674
1.0628917217254639,919.8268053531647,370000,36,24.946237087249756,100,14.068191766738892,2.8146744594974065,-0.021250468,-0.37108952,19.93943373514058,30.50553108134867,23.834686517715454,0.04787731170654297,5.3342343877692615,9.073851108551025,26.80031375856865
1.0710549354553223,944.6776371002197,380000,37,24.791796445846558,100,13.957195043563843,4.357834965490195,-0.007828036,-0.39067551,19.06875596371642,29.88982664646055,23.685864686965942,0.034197092056274414,4.555385621503078,9.03656530380249,25.53564746977254
1.065119981765747,969.5743362903595,390000,38,24.837390899658203,100,14.052246570587158,3.5981805921991157,0.0033252013,-0.41738555,19.276267357875284,30.64434456971467,23.734146118164062,0.03713679313659668,4.75288263064667,9.000885248184204,26.066379789283147
1.0590159893035889,994.4751868247986,400000,39,24.841609001159668,100,14.053305387496948,5.254834237175747,0.01683496,-0.45015928,19.111130278890332,29.383134509512054,23.74079465866089,0.041104793548583984,-0.6914907739671232,9.00197958946228,25.570911540025726
1.5890018939971924,1020.2792398929596,410000,40,25.744082927703857,100,14.187802076339722,2.914929840179322,-0.0016837097,-0.5163469,19.187392708317244,30.294409270717335,24.108630657196045,0.045567989349365234,12.471049036090474,9.222908020019531,25.931885262389432
1.0615923404693604,1045.259492635727,420000,41,24.90077829360962,100,14.060359001159668,4.810914473576388,0.0026025819,-0.5393217,18.69179897455389,29.999984321508755,23.794134616851807,0.04309797286987305,3.444350666908943,9.049925327301025,25.309327437468596
1.0481605529785156,1070.2187414169312,430000,42,24.899733304977417,100,14.11355972290039,3.7166728219411045,0.0019939514,-0.5950394,19.259439078088235,30.287532126117224,23.81191325187683,0.038765907287597656,6.690250759172705,9.009495973587036,25.91942020053997
1.050490379333496,1095.0162847042084,440000,43,24.736396312713623,100,13.951433897018433,5.1886166499130155,-4.533615e-05,-0.61376494,18.36579452436195,31.351828064254807,23.64698362350464,0.038362741470336914,-4.127080114995913,9.008087635040283,24.994094493002876
1.0812954902648926,1120.517490386963,450000,44,25.443816661834717,100,14.460766077041626,4.904053511580306,0.0153773045,-0.68373215,18.56781279297508,29.75386779170862,24.323482036590576,0.03830146789550781,2.9039610405934413,9.157772302627563,24.89711396649029
1.076641321182251,1145.5694766044617,460000,45,24.991982221603394,100,14.140175819396973,4.126670838131596,0.021296982,-0.77659744,18.64904554237869,30.118828277037924,23.878700733184814,0.0358586311340332,7.706134938226109,9.037209510803223,25.15309962310009
1.067223072052002,1170.545737028122,470000,46,24.910104751586914,100,14.112886190414429,6.883499299558147,-0.005716031,-0.8050706,17.883275343727416,30.975213010641607,23.80686378479004,0.03525424003601074,-3.1089561958489225,9.00728988647461,24.079648290513703
1.0557746887207031,1195.4020302295685,480000,47,24.800142765045166,100,14.033522844314575,6.624505455287588,-0.009161904,-0.81912714,17.344480712152524,30.093351667546678,23.70262837409973,0.04079580307006836,-4.079871303262956,8.988394260406494,23.459385845450292
1.0717523097991943,1220.1313376426697,490000,48,24.66953754425049,100,13.917969226837158,6.375250635951878,0.006235666,-0.7928505,17.626755977377492,32.11029460167839,23.556544065475464,0.04047799110412598,1.1084215429316862,8.949262142181396,23.846846378014696
1.0822830200195312,1245.0586807727814,500000,49,24.859731674194336,100,14.070301055908203,5.7183244441625884,-0.0028247163,-0.82374376,18.10495011137656,30.020058795177167,23.73761510848999,0.0391087532043457,-0.23696471381335474,8.967593431472778,24.661266568023226
1.0510237216949463,1269.7949850559235,510000,50,24.675469875335693,100,14.019724607467651,8.448220101173694,-0.012352088,-0.7640806,15.811233213791079,30.59292284587682,23.58936619758606,0.03441500663757324,-4.289319162389698,8.888718366622925,21.755089152866912
1.0750694274902344,1294.5572865009308,520000,51,24.705000638961792,100,13.969547748565674,7.267063846739515,0.001415915,-0.7684147,16.759877009459696,31.215510040263855,23.58669686317444,0.04258918762207031,-4.556128493948667,8.931965589523315,22.851685201392534
1.0788688659667969,1319.3367490768433,530000,52,24.722227096557617,100,13.977333307266235,7.6458563982732235,0.011103818,-0.71608704,15.398618234898032,30.199717714185685,23.606388807296753,0.03630805015563965,-7.426341775549427,8.938903093338013,20.782885910275027
1.076305627822876,1344.2138495445251,540000,53,24.81522297859192,100,14.058125019073486,9.259484309541591,0.010374026,-0.6205453,14.600920603447687,30.632861171568393,23.702924728393555,0.035333871841430664,-1.9350157865733337,8.941378593444824,19.51107891626366
1.059159278869629,1369.0402874946594,550000,54,24.76223349571228,100,14.053669452667236,10.752999859877928,-0.0021187072,-0.5531711,12.987113353833045,31.119690893662625,23.664307594299316,0.03811073303222656,-5.626752419297899,8.91179895401001,17.267697316462257
1.0814642906188965,1393.8253421783447,560000,55,24.722028732299805,100,14.003145694732666,10.25977045394483,-0.00286026,-0.48540625,12.26104132860836,32.29284884355685,23.60661005973816,0.03326749801635742,-5.493960373955635,8.91577434539795,16.29497780875083
1.0351474285125732,1418.5212213993073,570000,56,24.63127589225769,100,13.949475288391113,9.455113226515973,-0.003987579,-0.44001684,11.542233601717244,30.678266579700473,23.556862831115723,0.03856682777404785,-7.5673471348768775,8.914064407348633,15.014291073903678
1.0729827880859375,1443.1560580730438,580000,57,24.57726216316223,100,13.968940019607544,11.220681650302593,-0.010950745,-2.0397074,-0.016413286777537776,23.809481041957984,23.463457107543945,0.04009532928466797,-15.101305054546454,8.816671371459961,-4.276521407855276
1.0412368774414062,1467.8084003925323,590000,58,24.595504760742188,100,13.904626369476318,5.60276807821988,0.002843692,-26.18401,-2.977189805733311,15.124332481808974,23.5135817527771,0.040079355239868164,-12.861501780474011,8.92136549949646,-8.51615150539185
1.0552988052368164,1492.6784975528717,600000,59,24.810899257659912,100,13.97036862373352,8.857846451539203,-0.01068924,-24.374153,-4.671721281440162,11.759680207214336,23.71441102027893,0.04055333137512207,-16.119569750312234,9.05713701248169,-6.298031263191728
1.0578880310058594,1517.8416681289673,610000,60,25.099773406982422,100,14.073643684387207,1.6212182950577378,0.014816975,-125.83574,-11.450321092788126,-12.104368507017078,24.004436492919922,0.03669857978820801,-18.927390773473103,9.249045133590698,-15.582237379918617
1.0424013137817383,1541.8071811199188,620000,61,23.90984869003296,100,13.92509388923645,3.680936379679684,0.009919147,-70.65646,-0.12805188802595596,8.954364386754227,22.819117069244385,0.0475311279296875,-9.094313934457261,8.214203357696533,0.8911770390793666
1.1093711853027344,1565.9943799972534,630000,62,24.13192057609558,100,14.002445220947266,2.1417396774530433,0.01828132,-125.96595,-1.9771414811121377,2.3401250352743443,22.98809051513672,0.03388071060180664,-15.763408846746023,8.302754640579224,-1.342161289883351
1.0898206233978271,1590.7100780010223,640000,63,24.64478898048401,100,14.017754316329956,5.3802794547626265,0.0017082031,6.2483926,-6.229753884909555,-1.1890054104424124,23.51888680458069,0.03537750244140625,-16.88408619083036,8.813733577728271,-8.504458089053088
1.0838439464569092,1614.9280018806458,650000,64,24.158488035202026,100,14.042412519454956,1.3471914759951187,0.0018737,0.7722583,-1.5705000937200364,0.7972517749018054,23.03321123123169,0.040715932846069336,-10.167247702873873,8.300729990005493,-1.7672473526575507
1.0819392204284668,1639.092826128006,660000,65,24.098549604415894,100,14.08859896659851,1.613598959470382,-0.00901076,0.0065095946,-1.6761086978414497,1.2012499616956427,22.979355573654175,0.036489248275756836,-14.00928256883524,8.215312957763672,-1.9324611794702713
1.067577838897705,1663.3234329223633,670000,66,24.17225933074951,100,14.07647442817688,1.7450352090142438,-0.0061550383,-0.05922931,-1.780536681494231,1.5925441145104469,23.064979791641235,0.03900647163391113,-12.355534016889841,8.306457996368408,-2.010078761074728
1.0862336158752441,1687.5776228904724,680000,67,24.19636034965515,100,14.098627090454102,1.8764590087357547,0.015362661,-0.01279878,-1.7448514067697385,1.5587476030392373,23.073469638824463,0.03595232963562012,-16.912530629747717,8.297841787338257,-1.9708212060440566
1.098984718322754,1711.88178896904,690000,68,24.23836612701416,100,14.151718616485596,2.2219311238908825,-0.0064192796,-0.023861451,-1.9342330593063648,1.5338714866156666,23.103244066238403,0.03535342216491699,-16.60717374375241,8.26060938835144,-2.193091499102422
1.0965094566345215,1736.4012496471405,700000,69,24.460203886032104,100,14.288054704666138,1.8056069556472194,-0.0026809203,-0.013507666,-1.661592845708179,1.5502063859118693,23.32978367805481,0.03332710266113281,-16.19497340694812,8.349711418151855,-1.835978074085774
1.0683960914611816,1760.5470643043518,710000,70,24.086867332458496,100,14.022007703781128,2.169051097909942,0.020373572,0.015115601,-1.6393508252804536,0.600755432287606,22.983338594436646,0.034423112869262695,-16.06816723290312,8.289154291152954,-1.9267775396934814
1.0691959857940674,1784.6885721683502,720000,71,24.080665111541748,100,13.976383686065674,2.4928209217142507,-0.0025775544,-0.0074620834,-1.7852011161550332,0.48955868594423246,22.97109079360962,0.039667367935180664,-15.915912483314267,8.317309379577637,-1.9326862421517685
1.0794258117675781,1808.8612875938416,730000,72,24.114283800125122,100,14.005151271820068,1.1506656303583307,-0.0014118165,-0.0024099762,-1.5563503073991396,0.30026242707615947,22.991894721984863,0.042008399963378906,-4.656794530265061,8.293222904205322,-1.8568142867481077
1.0930380821228027,1833.0727427005768,740000,73,24.14783525466919,100,14.017563104629517,2.8226228520971826,0.002083206,-0.0007948914,-1.9255558487802613,1.1959908185723163,23.016421794891357,0.03769564628601074,-16.579621054768523,8.310949563980103,-2.184843003308675
1.0729336738586426,1857.297703742981,750000,74,24.162354469299316,100,14.046014785766602,2.764104827717462,0.0015626282,0.0010325348,-2.0019624086109427,0.8311897867174476,23.042981386184692,0.04575157165527344,-16.275222224709196,8.313865184783936,-2.2211527272230747
1.0788094997406006,1881.3743288516998,760000,75,24.017523765563965,100,13.948819160461426,2.4017746211878164,0.0011557511,0.0010345001,-1.8573390715997116,0.4746477817047333,22.893965005874634,0.04395103454589844,-15.523532335201889,8.26297664642334,-2.278979053142171
1.0436441898345947,1905.5518276691437,770000,76,24.119550704956055,100,14.07844591140747,1.1437544459974136,0.009982386,0.009332123,-1.5983380309127284,0.42896333603946923,23.034458875656128,0.040834903717041016,-5.178583597284092,8.2694993019104,-1.8050017887103749
1.0556285381317139,1929.6786613464355,780000,77,24.065630435943604,100,13.997379302978516,2.289134328592388,0.007833008,0.0066516725,-1.8392776124561505,0.4961685247939527,22.973363876342773,0.03580451011657715,-14.637187028197836,8.286474466323853,-2.2160758561541227
1.1054573059082031,1953.8918371200562,790000,78,24.151920795440674,100,14.062334537506104,1.8639771960585436,0.0060218945,0.0054486813,-1.6836838013838573,0.2558111431128809,23.004279375076294,0.0414884090423584,-17.753274091826867,8.258176326751709,-1.9616586148041926
1.0610275268554688,1978.1203966140747,800000,79,24.16584587097168,100,14.071062326431274,2.9952238233117416,-0.000747168,-0.0076896604,-2.0108016584441613,0.6732241229171703,23.059943675994873,0.04387378692626953,-15.974141486560082,8.305118560791016,-2.4447960214781617
1.4162192344665527,2002.2996020317078,810000,80,24.116886854171753,100,13.762965202331543,1.8451544376606448,-0.009975983,-0.009485696,-1.6688930809201394,0.8088082917575778,22.642483234405518,0.056844234466552734,-15.912444324541775,8.193541526794434,-1.9101236710818799
1.062004804611206,2025.9176018238068,820000,81,23.559659481048584,100,13.600051403045654,2.5524385062990818,-0.015748193,-0.016010785,-1.7803339021840299,1.1777538779204633,22.457117319107056,0.039864301681518555,-16.766700938144137,8.188614845275879,-1.9198691734587532
1.0738239288330078,2049.9817955493927,830000,82,23.999608993530273,100,13.911298751831055,1.4832491176236875,0.011600305,0.01085683,-1.6074168511270046,0.7943786416639004,22.88467836380005,0.03972744941711426,-11.325278744017002,8.288287162780762,-1.807233502591342
1.0778491497039795,2074.1471316814423,840000,83,24.105703115463257,100,14.002587080001831,1.6228571453632705,-0.0074706785,-0.008023728,-1.6053962745529402,1.3192741004652135,22.986586570739746,0.040496826171875,-14.154697442145052,8.306480646133423,-1.8351643140413092
1.0754210948944092,2098.4043204784393,850000,84,24.19015884399414,100,14.138022899627686,1.8337685759329756,-0.0021914598,-0.0027681754,-1.6572725765247642,1.9453697988479695,23.074097156524658,0.03964686393737793,-14.958854960984103,8.252880096435547,-1.7887933113384102
1.0756468772888184,2122.5828156471252,860000,85,24.11250329017639,100,14.01569652557373,1.041782583338929,-0.014240448,-0.014901111,-1.5859112894465044,0.8588940365723606,22.996732234954834,0.03943347930908203,-4.398009170944464,8.28907036781311,-1.7306843172433943
1.5320117473602295,2146.8180582523346,870000,86,24.169705390930176,100,13.670679330825806,1.8310781790856658,-0.00847121,-0.011091943,-1.6633595253350757,0.7171562091735701,22.575881242752075,0.06008791923522949,-13.586971057451368,8.225379467010498,-1.9147156276107469
1.522580862045288,2170.978237390518,880000,87,24.094807624816895,100,13.642759561538696,1.1430518041611015,0.0022782471,0.0015411255,-1.5282457324247816,0.7987889054025942,22.533564567565918,0.0379338264465332,-4.329946633595679,8.206830501556396,-1.8039020818794294
1.059009075164795,2194.7241463661194,890000,88,23.638469457626343,100,13.672577381134033,1.53150803068147,-0.0031320679,-0.003573111,-1.6621040426930065,0.8614354207677286,22.533494234085083,0.045075416564941406,-13.09018476164849,8.184822082519531,-1.8332423419125996
1.0843935012817383,2218.9278326034546,900000,89,24.14920997619629,100,14.01366114616394,1.6627076776843397,-0.0015659668,-0.0019936478,-1.8240541782783743,0.9448014075713704,23.02405548095703,0.040087223052978516,-13.98588110713759,8.32968258857727,-2.0876813162874157
1.078141689300537,2242.9069108963013,910000,90,23.918375492095947,100,13.817577362060547,2.163188220561746,0.005666875,0.0056609833,-1.7798153682533602,0.7645112533337335,22.800400972366333,0.03906416893005371,-15.096990748216983,8.297636985778809,-2.0296864942304924
1.0328335762023926,2266.9211604595184,920000,91,23.955353260040283,100,13.946585655212402,1.1255271110513336,-0.004016379,-0.0042178347,-1.5816505408278676,1.2303186928082297,22.88614010810852,0.03575897216796875,-4.934166426660483,8.251526117324829,-1.797932848185598
1.056459903717041,2291.0111389160156,930000,92,24.030581951141357,100,13.980698347091675,1.1053243282351637,-0.007872069,-0.008375079,-1.5877838732323135,0.40073157288599554,22.932566165924072,0.04091763496398926,-4.556006600200371,8.274803638458252,-1.787480348729199
1.0693576335906982,2315.21444606781,940000,93,24.142744064331055,100,14.025084257125854,2.157669453435502,-0.004412918,-0.004957849,-1.6346159535806952,1.4701362314343418,23.033335208892822,0.03934311866760254,-15.171873923598394,8.318480968475342,-1.734659488308126
1.0603911876678467,2340.3651237487793,950000,94,25.08560299873352,100,14.746689796447754,1.7177663570463486,-0.0052184877,-0.005500128,-1.684451878141772,0.5515545826548143,23.982635021209717,0.0418243408203125,-14.931341084404028,8.526904344558716,-1.8240590577113858
1.0759003162384033,2364.544411420822,960000,95,24.120575666427612,100,14.026261329650879,2.1326180562304935,-0.0033076352,-0.0038590457,-1.7255220030016982,1.0933220587625794,23.00418734550476,0.03965330123901367,-16.229004826078402,8.294351577758789,-1.985007814225372
1.0662097930908203,2388.723587989807,970000,96,24.119498014450073,100,14.029711246490479,2.2794809723956404,0.010194872,0.009893931,-1.7814965488624097,1.2772355850012802,23.01570701599121,0.03699231147766113,-17.01514288569759,8.302906274795532,-1.9350326023656124
1.0600159168243408,2412.7668166160583,980000,97,23.98505997657776,100,13.946174144744873,0.9970514712981775,0.006973256,0.006471219,-1.5410385288561192,0.7028327688319689,22.883866786956787,0.040416717529296875,-4.679708719371017,8.245491743087769,-1.7217615533329351
1.0595731735229492,2436.9569494724274,990000,98,24.124226808547974,100,14.004730224609375,1.8043376000879356,-0.007737431,-0.008823944,-1.583057414389207,0.6877976093191335,23.018171072006226,0.045676231384277344,-16.011842967582435,8.329311609268188,-1.6558253716780513
1.1145739555358887,2461.2444682121277,1000000,99,24.22864842414856,100,14.099303960800171,2.532202942328299,-0.015679846,-0.016169459,-1.7790433842336772,1.021512537108384,23.069138526916504,0.044065237045288086,-17.192478546260883,8.28995966911316,-1.8944499768468233
1.0758123397827148,2485.4524068832397,1010000,100,24.144410133361816,100,14.00402045249939,1.0130571408829434,-0.010653296,-0.011770822,-1.550960865837365,0.8688846180320506,23.022430658340454,0.045359134674072266,-4.4271748728528255,8.335031270980835,-1.6423806721690726
1.0641534328460693,2509.6711325645447,1020000,101,24.1619656085968,100,14.067022562026978,1.7673185817299033,-0.0030624878,-0.003402417,-1.6339045286081528,1.6604196834150269,23.054913997650146,0.04213380813598633,-13.513526333229185,8.309966325759888,-1.7835186533061005
1.0510671138763428,2533.817090511322,1030000,102,24.0905921459198,100,13.99045443534851,1.5297071936381035,-0.015522443,-0.016112085,-1.7550293701946162,0.31952317994798785,22.996079921722412,0.04280495643615723,-14.08114922214967,8.318795680999756,-2.0674354710148406
1.062828540802002,2557.8838176727295,1040000,103,24.003962755203247,100,13.92062520980835,1.8318567656105433,-0.008137815,-0.008794918,-1.7401056816327236,1.4412326765803878,22.90298342704773,0.037450313568115234,-15.451877210801419,8.279504537582397,-1.8650510097511923
1.0715818405151367,2582.093672275543,1050000,104,24.152544498443604,100,14.030690908432007,1.9402487481067248,0.007207306,0.006536316,-1.6517156122992742,0.6236962170513302,23.036455392837524,0.04365062713623047,-15.77486656439121,8.317928075790405,-1.801950509825561
1.0630028247833252,2606.124975681305,1060000,105,23.97231149673462,100,13.922616243362427,1.1141732272410547,-0.0085869385,-0.009772681,-1.4744599907386098,0.6230850298534152,22.866889476776123,0.041565656661987305,-4.6518007405817094,8.25259280204773,-1.604713986281892
1.0488262176513672,2630.1599345207214,1070000,106,23.978872537612915,100,13.931219577789307,1.2117195095841995,0.0033996764,0.0029771759,-1.351108454556198,2.1789437718651996,22.88547968864441,0.043433427810668945,-4.099843157848262,8.265161275863647,-1.3648388662417776
1.0510139465332031,2654.3677484989166,1080000,107,24.151737928390503,100,14.078243017196655,1.9490350292121472,-0.002696637,-0.0032794343,-1.6273026834613473,1.3271610394378097,23.055935382843018,0.04411053657531738,-13.775429207465882,8.290061473846436,-1.830679225491961
1.0972108840942383,2678.4669857025146,1090000,108,24.0395565032959,100,13.999460935592651,1.2143452441539966,-0.013648924,-0.014134087,-1.6611482309365784,1.2844687132540236,22.90329623222351,0.03830981254577637,-4.3200584130318145,8.225043058395386,-1.9026861206877432
1.0991885662078857,2702.759323835373,1100000,109,24.233031034469604,100,14.005586862564087,2.637685308632939,0.0070963623,0.0056460206,-1.796764621575871,1.063960355963608,23.084165334701538,0.048940181732177734,-15.07911056846125,8.37977385520935,-2.060490483245543
1.0324909687042236,2726.8833742141724,1110000,110,24.06280279159546,100,14.017727136611938,1.1724584282957329,0.0076369094,0.007898577,-1.5908410458089706,1.4936859558237814,22.98798131942749,0.04163956642150879,-4.371724221155399,8.281855344772339,-1.6234607836294106
1.3843929767608643,2750.9987297058105,1120000,111,24.056464195251465,100,13.748852968215942,1.8430822643022113,0.006376729,0.0059458413,-1.6227639990822271,0.87999534319471,22.610435247421265,0.060483694076538086,-15.96338489580684,8.18749213218689,-1.7405159825059857
1.2206573486328125,2774.8032047748566,1130000,112,23.744996547698975,100,13.611945390701294,1.667124670697639,-0.011870948,-0.012771558,-1.6395100014054496,0.8350641374892371,22.486318826675415,0.037119388580322266,-14.019948369843618,8.194308280944824,-1.695237878378672
1.0969181060791016,2798.7960481643677,1140000,113,23.903823137283325,100,13.85125207901001,2.513053689955613,0.004756232,0.0035788086,-1.8500707808213317,1.0769034410467382,22.767183780670166,0.03903627395629883,-16.941443166950272,8.222541570663452,-2.0418951542667343
1.0529687404632568,2823.4946472644806,1150000,114,24.639071464538574,100,14.343800067901611,2.141733131921997,-0.0016415222,-0.0023614655,-1.6535474421888814,0.7161242005836979,23.55007839202881,0.03520798683166504,-14.722981212093776,8.50429630279541,-1.8323251451061924
1.0567026138305664,2847.5923211574554,1160000,115,24.041874170303345,100,13.956035137176514,2.3565768579079163,-0.012607171,-0.013605555,-1.6721585478399053,1.7273619331203969,22.94237518310547,0.04208207130432129,-17.045636316609592,8.300699234008789,-1.8696924682575553
1.0948970317840576,2871.7701683044434,1170000,116,24.118072986602783,100,14.028930187225342,1.538445445622953,0.017134229,0.015497943,-1.5838085159526356,0.7163066377670311,22.97389578819275,0.04854011535644531,-13.395204367671253,8.25887680053711,-1.7336522186110122
1.017286777496338,2895.909967660904,1180000,117,24.070053577423096,100,14.00943922996521,1.6852802420035422,0.02328281,0.022982916,-1.6079937442550856,1.1942679555370868,23.01072096824646,0.04136061668395996,-14.500528472583172,8.309300184249878,-1.6899180421543578
1.0656328201293945,2919.9745326042175,1190000,118,24.00416922569275,100,13.879657983779907,1.9798621822436286,0.0028161132,0.0016075684,-1.805536478337335,1.0481433756052965,22.892879962921143,0.04484367370605469,-14.508563070317269,8.32763671875,-1.9730402874926218
1.0652110576629639,2944.1679513454437,1200000,119,24.133365392684937,100,14.078577280044556,1.0310374823659734,-0.013653301,-0.0137160765,-1.418047870804743,0.7142679167026006,23.027101516723633,0.04038405418395996,-4.412012945008085,8.259610176086426,-1.4840047205554228
1.0508897304534912,2968.1273713111877,1210000,120,23.901625871658325,100,13.913194417953491,1.1958339003837934,-0.002825586,-0.0030957276,-1.5335270439891662,1.0013049245262737,22.810924530029297,0.03910565376281738,-4.760423970374754,8.215672492980957,-1.6493902890086563
1.0583539009094238,2992.2407989501953,1220000,121,24.054952144622803,100,13.981204271316528,1.8456163209052368,-0.021545988,-0.02181058,-1.6361025544907128,1.1658839898409665,22.946951150894165,0.04885435104370117,-16.66502826462087,8.27050256729126,-1.8251143539352708
1.0946588516235352,3016.5174214839935,1230000,122,24.214184284210205,100,14.099269151687622,2.107685438034871,0.0011294342,0.00018991395,-1.7497127149873168,0.6922674737416036,23.0810489654541,0.03771328926086426,-15.701997199974196,8.300421476364136,-1.887681716455888
1.0632810592651367,3040.7138409614563,1240000,123,24.129924535751343,100,14.089745998382568,1.393540033791812,0.0011374878,-0.00059793703,-1.4559315367573242,0.6630700038393574,23.03157687187195,0.03445935249328613,-10.535863598265093,8.263880014419556,-1.6202675313989605
1.070521354675293,3064.848486185074,1250000,124,24.076796293258667,100,13.996042013168335,1.7309330258950029,0.0151542965,0.013694739,-1.6103406725027574,1.625504890244784,22.96741271018982,0.03822660446166992,-14.48861152753324,8.281341552734375,-1.632042726025511
1.0622248649597168,3088.855756998062,1260000,125,23.94813871383667,100,13.941292762756348,1.8238533715902845,0.008281678,0.008093895,-1.6267132506626323,0.7782097093095982,22.845465660095215,0.039784908294677734,-14.345403749644,8.222510576248169,-1.8516794707156674
1.0650269985198975,3113.003291606903,1270000,126,24.086025714874268,100,13.972625017166138,2.830609486581885,-0.0073654875,-0.0110959355,-1.9191555857283935,0.9851934031107488,22.97890853881836,0.04144406318664551,-15.116861195601523,8.316575050354004,-2.1810687387011187
1.0611515045166016,3137.1484916210175,1280000,127,24.088787317276,100,13.992014646530151,1.132009435948034,-0.0065212036,-0.0084613385,-1.387439089124893,1.3891391970562965,22.98927879333496,0.037584543228149414,-3.8549291197463127,8.293861865997314,-1.3811829297565748
1.0801472663879395,3161.3265674114227,1290000,128,24.121302843093872,100,14.038830041885376,2.4048050712792883,-0.013439487,-0.013456963,-1.6776932306949996,1.255582624300195,22.996140956878662,0.04430818557739258,-13.2408441143664,8.260996341705322,-1.855179586798601
1.049250602722168,3185.4455716609955,1300000,129,24.05807089805603,100,14.03847050666809,0.9756599060654716,0.00088745117,-7.973023e-05,-1.4751153580429734,0.5812548314250514,22.97163414955139,0.036416053771972656,-3.8186550399254426,8.253844738006592,-1.3660675764432602
1.0797569751739502,3209.569263458252,1310000,130,24.06593894958496,100,13.986780881881714,1.1743735828700799,-0.00059634703,-0.0016974793,-1.3966451048467434,0.7908754760245859,22.940386295318604,0.04514265060424805,-4.776776391860654,8.273766279220581,-1.386973524189785
1.2680416107177734,3233.698882341385,1320000,131,24.069628953933716,100,13.817506074905396,1.2104681412575784,0.006754988,0.005333481,-1.3895762527126754,1.7912824375414964,22.733093976974487,0.0660257339477539,-4.517024120706818,8.234471321105957,-1.410234374894352
1.6434335708618164,3257.9322667121887,1330000,132,24.17584776878357,100,13.605965852737427,1.4274262492271672,0.0049871276,0.0043321806,-1.4113605008079544,1.0173989360855993,22.47908115386963,0.0526278018951416,-10.066407027859107,8.199677228927612,-1.3545355500232497
1.1092190742492676,3281.6073920726776,1340000,133,23.613210201263428,100,13.626351118087769,1.049751933675525,0.0073489198,0.005652606,-1.4598162868993478,1.4740169786694262,22.460702657699585,0.04252219200134277,-4.5101897439192715,8.158615589141846,-1.5145396095829589
1.0739481449127197,3305.670515537262,1350000,134,23.97733783721924,100,13.922244548797607,1.938905734491937,-0.0085857,-0.012634308,-1.4973116692222512,1.6891519204584593,22.86573815345764,0.03554368019104004,-12.430239799892867,8.26714301109314,-1.6940539458663935
1.0961613655090332,3329.824001789093,1360000,135,24.097883701324463,100,14.00999927520752,1.6486234649156217,-0.012406023,-0.013773672,-1.5597864678323936,1.0726542362212603,22.963950395584106,0.03708672523498535,-11.196475517382467,8.270509243011475,-1.771151524941203
1.0869128704071045,3353.8919627666473,1370000,136,24.007225513458252,100,13.949256181716919,1.377191455286764,0.013845697,0.013577991,-1.4933130157039296,0.8711523406481241,22.884839296340942,0.03484010696411133,-9.559324800244866,8.256227493286133,-1.545207986155392
1.0591747760772705,3378.0302143096924,1380000,137,24.081632137298584,100,13.990067481994629,2.2997307240783553,-0.00057885743,-0.0018680786,-1.6383524644717304,1.7960954625956465,22.98537588119507,0.03637242317199707,-16.715683921140215,8.300810813903809,-1.893930144236276
1.0636394023895264,3402.151415348053,1390000,138,24.064302682876587,100,14.013097286224365,1.4450821245246799,0.0008675964,0.0007179871,-1.4498199897013802,1.1265012441328888,22.956879377365112,0.04307818412780762,-10.396051147071374,8.263676404953003,-1.560706637671753
1.0461926460266113,3426.19637298584,1400000,139,23.988118410110474,100,13.935635089874268,1.1326178374163642,-0.008156006,-0.00860628,-1.444547116495747,1.0546170690407937,22.902397632598877,0.038561344146728516,-4.01335783546209,8.273860216140747,-1.4228639142738948
1.0616679191589355,3450.2258880138397,1410000,140,23.97172212600708,100,13.873623132705688,1.120340924178929,-0.012080579,-0.013039612,-1.4252946077030533,0.8740114234167027,22.867321252822876,0.041962385177612305,-4.204229642923112,8.305829286575317,-1.529446693364816
1.6796321868896484,3474.4610328674316,1420000,141,24.180606365203857,100,13.630000352859497,1.2545420518330272,-0.008518461,-0.010581343,-1.2883327263546118,1.8208222184327314,22.4582998752594,0.04173731803894043,-4.4028766880085985,8.134755611419678,-1.264345922942746
1.0714495182037354,3498.075846672058,1430000,142,23.547704219818115,100,13.590096712112427,1.7891779877396814,0.004952765,0.0024669068,-1.4348903897035887,1.1670725957838637,22.437070608139038,0.03844785690307617,-14.96366201263018,8.167193174362183,-1.4140381140911737
1.1017792224884033,3522.2203187942505,1440000,143,24.084646463394165,100,14.035912990570068,1.6381170485258119,-0.0005117737,-0.00089514925,-1.3683147064846528,2.0235846138008102,22.949155569076538,0.03291893005371094,-10.300721162627692,8.232436180114746,-1.4562318815747262
1.0689690113067627,3546.5993530750275,1450000,144,24.314092874526978,100,14.18001127243042,1.8768937536564152,0.0030118804,0.0021855193,-1.4001063348901985,1.1418711933043317,23.20553946495056,0.0388188362121582,-16.913309305060938,8.332965612411499,-1.3885069081141614
1.0582911968231201,3570.6928446292877,1460000,145,24.025866985321045,100,14.003089427947998,1.457207513365637,0.003168872,0.0026592652,-1.4210195242888524,1.5027889627064264,22.928788661956787,0.03807973861694336,-9.992026914030548,8.24802303314209,-1.4392217591798806
1.0764729976654053,3594.878593444824,1470000,146,24.129690647125244,100,14.000612735748291,1.6694999927764265,0.0059486143,0.0054063597,-1.5483064561145465,1.4056248853189053,23.015246152877808,0.0372319221496582,-13.508716665540609,8.320115327835083,-1.5158884980628438
1.0618319511413574,3619.0102293491364,1480000,147,24.064873695373535,100,14.007603168487549,1.1676187121801516,-0.016074456,-0.018823639,-1.5509401017045443,1.014278546605233,22.96195340156555,0.040300846099853516,-4.971644033235624,8.262869358062744,-1.6185521425848015
1.0755441188812256,3643.121750354767,1490000,148,24.047723054885864,100,13.97730803489685,1.63112473641012,-1.8920898e-06,-0.0011380035,-1.3105761606907145,1.9001024542066147,22.934379816055298,0.03706192970275879,-9.82961130574073,8.27712345123291,-1.2980159786016219
1.0520427227020264,3667.2585072517395,1500000,149,24.080435276031494,100,14.031455993652344,1.6821518183000201,-0.0065862304,-0.0077087022,-1.428380581193038,2.0162181298768087,22.990076541900635,0.0374760627746582,-13.82015479011475,8.276127576828003,-1.3922721363638555
1.0863289833068848,3691.4997265338898,1510000,150,24.179686069488525,100,14.064683437347412,1.2139881124934315,0.008898248,0.008443973,-1.3241754476049974,1.9095556306398314,23.049327850341797,0.04329252243041992,-3.9111906183345266,8.296241998672485,-1.2657344016721286
1.0529234409332275,3715.712469100952,1520000,151,24.15199613571167,100,14.0836660861969,1.7603838316649854,0.0038753601,0.0025128296,-1.5553623987321339,0.5695694229126165,23.0570170879364,0.041252851486206055,-15.431344651319517,8.283710956573486,-1.6179312570221154
1.0355825424194336,3739.8243186473846,1530000,152,24.0509774684906,100,14.043511867523193,1.1763766101446287,0.015117456,0.014974866,-1.4270740111883504,1.0163046529026931,22.971325397491455,0.043376922607421875,-4.568362537182974,8.245965480804443,-1.5266230087577732
1.0599379539489746,3763.877051115036,1540000,153,23.99644136428833,100,13.959205389022827,1.335856780126864,0.00036278018,-0.0019509335,-1.2902712646134862,2.3921234214898344,22.89624309539795,0.03949594497680664,-4.421702391605917,8.247401714324951,-1.2469541508238777
1.051224946975708,3787.9412627220154,1550000,154,24.000289916992188,100,13.909050941467285,1.4795147845014096,0.008869882,0.0091091,-1.4324148737574516,0.9252739279553832,22.908674955368042,0.0397181510925293,-10.867873785745445,8.308695793151855,-1.455833180045605
1.1087713241577148,3812.049677848816,1560000,155,24.050089836120605,100,13.945204973220825,1.7683271878323148,-0.0071810274,-0.009167374,-1.5165584936123029,0.9869126202445629,22.896348237991333,0.043970584869384766,-14.101874977949734,8.272552967071533,-1.665062297515494
1.0677506923675537,3836.17009806633,1570000,156,24.057022094726562,100,13.963831186294556,1.0849918431951262,0.016506128,0.015227881,-1.4403748424815066,1.146089697599949,22.948832273483276,0.03973865509033203,-3.7629861527510564,8.293484210968018,-1.415791041912315
1.055788516998291,3860.3698720932007,1580000,157,24.1418879032135,100,14.09977674484253,1.216077717199169,-0.00096464844,-0.0014515503,-1.283804736978073,1.2490584118165902,23.05294156074524,0.032361507415771484,-4.552411445774683,8.267180919647217,-1.3426453656975406
1.0939342975616455,3884.4581718444824,1590000,158,24.029760122299194,100,13.927985668182373,1.6143207608481558,0.012595526,0.01242032,-1.433154868814608,1.626478208945208,22.88641929626465,0.0486445426940918,-11.981321119796593,8.273218393325806,-1.5418440807334297
1.0989747047424316,3908.634667158127,1600000,159,24.110568523406982,100,14.004252910614014,1.0227116948916786,-0.024162572,-0.024962684,-1.2451498705185622,1.956314721838487,22.976866483688354,0.034065961837768555,-3.4849124506595572,8.28586196899414,-0.9821047479855529
1.0640499591827393,3932.7181527614594,1610000,160,24.02333164215088,100,14.008966207504272,1.220515585652347,0.002977278,0.0018016868,-1.3219869896608964,1.8067805972572277,22.918631553649902,0.03991127014160156,-4.47152573890443,8.226603746414185,-1.1990664209324775
1.0511534214019775,3956.8477935791016,1620000,161,24.068464279174805,100,14.034274578094482,1.0692970632396759,0.00011958313,-0.00050588074,-1.3750170409715452,0.7742950368571669,22.972742557525635,0.0439753532409668,-3.819072286100903,8.248234748840332,-1.2600434946791428
1.0408060550689697,3980.9519395828247,1630000,162,24.041839599609375,100,14.014967203140259,1.9251528719171362,0.00407222,0.0028418426,-1.3263368328421257,1.9648173843404324,22.961256742477417,0.039101362228393555,-14.600600024692266,8.262669801712036,-1.2364801653579773
1.0721757411956787,4005.156854867935,1640000,163,24.138914346694946,100,14.04474663734436,1.234063935683993,-0.010689172,-0.011468072,-1.3615593408480704,2.3934071515838715,23.027757167816162,0.03794288635253906,-4.415598298850724,8.286575317382812,-1.3132503981587391
1.0735979080200195,4029.3731231689453,1650000,164,24.16011953353882,100,14.103238582611084,1.254317157811479,0.00483652,0.0037417405,-1.377981408620231,1.5003666933555548,23.050359964370728,0.03490638732910156,-5.02002789004564,8.265283823013306,-1.3824701639273362
1.072918176651001,4053.6501519680023,1660000,165,24.2134268283844,100,14.172709226608276,1.1939938177981808,0.016709695,0.01632955,-1.3312527213381755,1.4541238201682787,23.095661163330078,0.04415702819824219,-5.015229086043746,8.241929531097412,-1.2323934402012209
1.0628881454467773,4077.8666927814484,1670000,166,24.15621066093445,100,14.08685564994812,1.2081746422232007,0.0035156982,0.0013996216,-1.2657646081600709,1.1074862473342233,23.05305767059326,0.03969144821166992,-4.221055723807001,8.284822940826416,-1.0620606975234679
1.0462241172790527,4101.855774402618,1680000,167,23.930261611938477,100,13.939748287200928,1.2277017085701536,-0.020982703,-0.022369092,-1.239779189574672,1.7065647945123987,22.84681725502014,0.03644847869873047,-3.635953455085719,8.233173608779907,-1.0855520030180756
1.0981366634368896,4126.070940494537,1690000,168,24.156837940216064,100,14.096947193145752,1.6660874461002517,0.01594085,0.0123242615,-1.4167032583403616,2.0877083609783615,23.017167568206787,0.04091835021972656,-12.65103918566548,8.234904527664185,-1.4215954894046074
1.0628032684326172,4150.166103601456,1700000,169,24.037001371383667,100,13.943193674087524,1.9443166139787307,0.011134253,0.008934018,-1.4261317352200173,2.294730321371764,22.93541979789734,0.03788280487060547,-15.181730590833117,8.302044153213501,-1.427600140935559
1.0818936824798584,4174.217064619064,1710000,170,23.992016077041626,100,13.980144739151001,1.192004094947926,-0.0034582214,-0.009004114,-1.2614262830056693,1.8691148773356836,22.8691463470459,0.04018449783325195,-5.293249192868475,8.212972402572632,-1.114620166645971
1.0393800735473633,4198.294815063477,1720000,171,24.013996839523315,100,14.016105651855469,1.328658892316488,0.0037657348,-0.0145514775,-1.2159245806005046,1.079037234924207,22.93280053138733,0.04118657112121582,-8.679090160947029,8.234356164932251,-0.9847455013044268
1.6588518619537354,4222.569569826126,1730000,172,24.21897006034851,100,13.649476051330566,1.185328332190218,0.0039847414,-0.078289844,-1.2457985948343078,1.5028059373441731,22.497536182403564,0.06162667274475098,-4.058571185040279,8.178024053573608,-0.903369603770273
1.0747389793395996,4246.155114889145,1740000,173,23.529428243637085,100,13.60900616645813,1.6629828506915394,0.006194876,-0.4531999,-1.3092461154702095,2.3036622522420243,22.414491653442383,0.03943181037902832,-11.504130555824771,8.137110233306885,-1.2560086484828055
1.0823407173156738,4270.2873775959015,1750000,174,24.066261291503906,100,13.99944281578064,2.0795769642807738,-0.014418982,-12.712227,-1.2615716399096706,1.5043202255015506,22.948446035385132,0.03460383415222168,-13.256991926415985,8.262929677963257,-1.1218240107499828
1.4626355171203613,4294.4566650390625,1760000,175,24.103272438049316,100,13.727926254272461,1.3706926936601282,-0.010246863,-257.45984,-1.28752444069354,1.5690883347635083,22.579333543777466,0.06009531021118164,-4.748755817471183,8.17339563369751,-1.0742786375521365
1.4063305854797363,4318.398138046265,1770000,176,23.87736964225769,100,13.586737632751465,1.3611922232606704,0.02049281,-165.01416,-1.1952200574995875,3.0689534714501927,22.429585218429565,0.04067373275756836,-3.874210329565328,8.17438817024231,-1.0618595902924286
1.0738716125488281,4341.968613862991,1780000,177,23.487061262130737,100,13.714325904846191,2.1587860377199357,-0.0053623533,-21.540405,1.6109386562863746,6.682266868355606,22.374499320983887,0.038066864013671875,-2.424278004892777,7.9888458251953125,3.006856510067397
1.1015779972076416,4366.015399456024,1790000,178,23.98390507698059,100,14.079265832901001,3.5653689366822796,-0.021002725,-1.9214059,-0.14335600544566293,6.594452091767784,22.8424289226532,0.03925371170043945,-7.3134724922981,8.083696603775024,-0.17398498828387918
1.0352799892425537,4389.9701561927795,1800000,179,23.897466897964478,100,14.001869201660156,3.495230356884663,0.014087375,-0.4876784,-0.5358505070444942,5.894773583308558,22.816590070724487,0.044828176498413086,-8.348346168199033,8.118827104568481,-0.701767608291808
1.0864384174346924,4414.009383678436,1810000,180,23.981088399887085,100,14.02968454360962,3.2987112819088833,-0.011231458,-0.29495966,-0.8088412858976913,5.217082780838895,22.84799551963806,0.0459744930267334,-8.123731789917253,8.12924337387085,-1.217042259394637
1.0486860275268555,4437.903016328812,1820000,181,23.827778100967407,100,13.97880744934082,3.5223685787906507,-0.016850283,-0.23411614,-0.46282139453246096,6.74163642217907,22.73624277114868,0.04217123985290527,-9.448279520263124,8.074656963348389,-0.6911962738590225
1.0909817218780518,4461.7400670051575,1830000,182,23.775817155838013,100,13.882624864578247,3.6482399110385635,-0.008811957,-0.055702087,-0.9808514562262909,5.881976921769785,22.647531032562256,0.03660392761230469,-9.606530268551317,8.061373710632324,-1.429824138740577
1.1112744808197021,4485.6865866184235,1840000,183,23.88610601425171,100,13.99815845489502,3.507669249270255,-0.008319873,-0.05642893,-0.5027742607400812,6.197737000327389,22.740149974822998,0.033937692642211914,-9.148502414743808,8.061003684997559,-0.6814502457933425
1.07185959815979,4509.57482790947,1850000,184,23.825427293777466,100,13.950604438781738,3.3502118425583003,-0.011796435,-0.03860421,-0.5779113261401404,6.959867686279206,22.715726613998413,0.03709769248962402,-8.183207994894776,8.076568841934204,-0.7453360908074578
1.0716099739074707,4533.506244897842,1860000,185,23.87578248977661,100,14.020117044448853,3.5688737453009365,-0.007530603,-0.01427709,-0.2857899146433723,6.502629027374659,22.765032291412354,0.038384437561035156,-7.296598957407136,8.063391923904419,-0.39300338311163413
1.0747020244598389,4557.425049066544,1870000,186,23.855159521102905,100,13.984043836593628,3.610225629186001,-0.016392957,-0.019035889,-0.020959427176827496,6.928224160559151,22.738168001174927,0.04151654243469238,-10.580210757945252,8.070215702056885,0.03675201054548178
1.0518908500671387,4581.388508081436,1880000,187,23.903634786605835,100,14.00961422920227,3.6502379252385944,-0.01803869,-0.017795686,-0.3536915892584402,6.473314187272529,22.81225275993347,0.0386052131652832,-8.623692250928,8.109769344329834,-0.4283896317944453
1.0641160011291504,4605.268116235733,1890000,188,23.816288471221924,100,13.912306547164917,3.386334063668303,-0.0036770997,-0.0052782777,-0.6478971630981636,5.603822201656303,22.705998182296753,0.045433759689331055,-8.407198693962766,8.101915121078491,-0.7829674669431068
1.0624456405639648,4629.776536464691,1900000,189,24.450209379196167,100,14.40939974784851,3.8298455319010944,-0.0008797607,-0.0021541077,-0.3667980854702008,6.663851415387041,23.34578800201416,0.041187286376953125,-9.36336306396359,8.238677263259888,-0.48279828951949083
1.0242063999176025,4653.732393026352,1910000,190,23.89677143096924,100,14.102852582931519,3.7940656294630566,-0.0073015015,-0.008436725,-0.32316919886128553,7.061125300312153,22.833603143692017,0.03824138641357422,-9.3629077087395,8.044304609298706,-0.3192296362350177
1.0685372352600098,4677.672561645508,1920000,191,23.8739116191864,100,14.021260261535645,3.6229361155347624,0.009311038,0.008388388,-0.3781307732572359,6.877762549290932,22.761798620224,0.04285240173339844,-8.060397958814411,8.057981729507446,-0.46161541178166343
1.0927155017852783,4701.503125905991,1930000,192,23.773197650909424,100,13.939570903778076,3.682897698289951,-0.0034889404,-0.0057330322,0.09115913486882933,7.126452290719821,22.64301824569702,0.036690473556518555,-7.574688494495465,8.029589176177979,0.21758877985773656
1.0855579376220703,4725.373996734619,1940000,193,23.813549995422363,100,13.92911696434021,3.672406985066029,-0.012275952,-0.014020141,-0.4803972044899522,6.647092446261726,22.68410849571228,0.04319882392883301,-9.797615608298688,8.069490194320679,-0.6181671127202731
1.078110694885254,4749.4364132881165,1950000,194,24.002216339111328,100,14.07768988609314,3.4564237428820346,0.0052865343,-0.0103383,-0.12861390204370082,7.621976461874148,22.884909868240356,0.038234710693359375,-7.418122249305704,8.120942115783691,-0.06367545738686846
1.064821481704712,4773.334019899368,1960000,195,23.836912393569946,100,13.962737083435059,3.5644078326588646,-0.010618005,-0.011577338,0.024414654715738688,6.732558731469457,22.736464977264404,0.03501701354980469,-7.627396519203647,8.068941116333008,0.13427166385495787
1.0764267444610596,4797.133191347122,1970000,196,23.7335045337677,100,13.870892763137817,3.762309400744465,-0.012793864,-0.01552717,0.0009493620226891786,6.599555343905579,22.609230041503906,0.04714226722717285,-10.605838147390507,8.056743860244751,0.10516573362780185
1.575922966003418,4821.051115036011,1980000,197,23.855215072631836,100,13.575448513031006,3.7723436255706115,-0.0049105166,-0.006022745,-0.16644099238046223,7.481762304410419,22.2395339012146,0.03897237777709961,-7.520831248966788,7.989147424697876,-0.03294693671254016
1.0577366352081299,4844.58132815361,1990000,198,23.44681692123413,100,13.666508913040161,3.447919702332212,-0.016264504,-0.016889835,-0.5597558013243311,6.236869994048816,22.34950041770935,0.037799835205078125,-7.647253241221289,8.006819725036621,-0.7183102788169957
1.050121545791626,4868.4131491184235,2000000,199,23.775566339492798,100,13.92317247390747,3.625272773001991,-0.014256915,-0.017546844,-0.26873627211412965,6.868386653904927,22.687361001968384,0.03746461868286133,-6.946155513220751,8.073519945144653,-0.11315848562518997
1.065025806427002,4892.503857374191,2010000,200,24.032681941986084,100,14.144532203674316,3.542481964215297,-0.011407056,-0.0146406,-0.40751217073745666,6.737549303013458,22.928330659866333,0.038633108139038086,-8.974525908911893,8.081236362457275,-0.3976750475343882
1.0824406147003174,4916.466813325882,2020000,201,23.900084733963013,100,13.993736267089844,3.3713518027289116,0.006957312,8.0895996e-05,-0.21381877855139483,6.986978092027857,22.772944450378418,0.04399728775024414,-7.095868665793878,8.090873956680298,-0.1201018511839059
1.1021702289581299,4940.50333738327,2030000,202,23.97296643257141,100,14.021993398666382,3.4730851477480558,0.0035600984,0.0015905396,-0.43847875718867263,6.016849244023557,22.83352494239807,0.036468505859375,-8.020413156096126,8.115144968032837,-0.43587914033779135
1.0585534572601318,4964.353690624237,2040000,203,23.79045033454895,100,13.952778577804565,3.7734197801733065,-0.0005417114,-0.0011777832,-0.378741603499905,6.943622572907547,22.69338297843933,0.03779792785644531,-10.006011977875401,8.055246353149414,-0.4373317877102054
1.0412349700927734,4988.378132581711,2050000,204,23.965837240219116,100,14.062031269073486,3.8994776341804265,0.008304071,0.007054236,-0.3114847925952657,8.791773213890615,22.88094425201416,0.04301333427429199,-10.77042316392579,8.124020099639893,-0.23640460456823165
1.0654149055480957,5012.395582675934,2060000,205,23.95768976211548,100,14.066982984542847,3.5865304860460907,-0.009932272,-0.012598004,-0.5326649831027017,6.072732374188708,22.857145071029663,0.034461259841918945,-8.662985731429254,8.092636823654175,-0.57106549303647
1.0709099769592285,5036.241115570068,2070000,206,23.785695552825928,100,13.89658808708191,3.4592642405747274,-0.00042871095,-0.001391565,-0.3285190457954127,6.481495001832739,22.67650294303894,0.03746628761291504,-6.898389764233901,8.092435121536255,-0.3000131044135426
1.0649960041046143,5060.149782896042,2080000,207,23.849711656570435,100,13.996852159500122,3.65146131962068,0.0040794006,0.0013615479,-0.05172301963314752,8.040356397995511,22.738659381866455,0.04530072212219238,-8.617477055497165,8.059401273727417,0.18539237370695424
1.5993924140930176,5084.215069770813,2090000,208,24.00480628013611,100,13.632036447525024,3.6071395296625246,-0.0029857242,-0.0026855124,0.23111628507431473,6.9901129280233585,22.336936235427856,0.06761980056762695,-7.126416348054719,8.02470588684082,0.5789485899191613
1.0816893577575684,5107.775856971741,2100000,209,23.48881506919861,100,13.678029537200928,3.2741845837356345,0.003589331,0.002491333,0.10209434826530288,7.399188745066983,22.359651803970337,0.04686760902404785,-6.214917430994294,8.012554168701172,0.3755257188729781
1.048570156097412,5131.708519458771,2110000,210,23.873372554779053,100,13.99755311012268,3.399284611750974,0.0012086242,-0.0024139679,0.4159743505027587,7.106676277657283,22.782592296600342,0.04132556915283203,-8.21148351271742,8.109402656555176,0.8343363476524333
1.059424638748169,5155.551781177521,2120000,211,23.77133321762085,100,13.914382457733154,3.3853142076399685,0.00069762574,-0.0023033265,-0.13108720020043393,7.346373007717609,22.66960644721985,0.041667938232421875,-6.627820175286651,8.068406820297241,0.07807649248433032
1.0726728439331055,5179.403332710266,2130000,212,23.790058135986328,100,13.875340461730957,3.697345167355621,0.007653174,0.007476367,0.18547387004516735,7.069835885273946,22.67540192604065,0.04097414016723633,-8.5354442531086,8.115485668182373,0.4920480078337994
1.0746793746948242,5203.339596986771,2140000,213,23.873289108276367,100,13.96446418762207,3.3400457876578136,-0.012479187,-0.014308466,-0.1211105621091917,6.665633681050046,22.763301610946655,0.03451275825500488,-7.54118766844027,8.113582372665405,0.04729908785574686
1.051675796508789,5227.284608364105,2150000,214,23.885157108306885,100,14.022122144699097,3.9468346275672195,-0.004137738,-0.0065666013,0.33255504917804407,7.6193553206195705,22.794897079467773,0.03796696662902832,-6.620299864280967,8.087526082992554,0.7638950253529607
1.0557990074157715,5251.131224870682,2160000,215,23.792732000350952,100,13.981111764907837,3.4710939447662086,-0.004071167,-0.008198205,-0.43412215473454446,6.957967711510145,22.697978496551514,0.03821706771850586,-8.238972841401436,8.030348777770996,-0.33039405502655844
1.0737581253051758,5274.919951915741,2170000,216,23.72615647315979,100,13.84776520729065,3.3202176369067002,0.01607608,0.012679487,0.109419872395059,6.914257819460611,22.61518430709839,0.03657031059265137,-7.6914897313561035,8.079759120941162,0.38413831118335523
1.0636959075927734,5298.8405640125275,2180000,217,23.8636577129364,100,13.979201793670654,3.708219971125326,-0.0022214295,-0.0022248535,-0.24656828385457835,7.7054523926402245,22.757636547088623,0.04153633117675781,-7.361805154030444,8.088906049728394,-0.1251510932413771
1.0899531841278076,5322.761152505875,2190000,218,23.858081579208374,100,13.98027777671814,3.819844041089399,-0.002045746,-0.006975354,-0.0434521162921932,7.042971858788806,22.731926918029785,0.03543376922607422,-9.801357581233285,8.067427396774292,0.23356013620285082
1.097609043121338,5347.25293803215,2200000,219,24.420496463775635,100,14.306309461593628,3.3504071248345593,-0.010840442,-0.0146924015,0.33107562515204797,8.208002461525492,23.280221939086914,0.042020320892333984,-7.303037295164502,8.256179332733154,0.7541173181159848
1.0599617958068848,5371.195232152939,2210000,220,23.879157066345215,100,14.002673625946045,3.4847575428404025,-0.018170422,-0.017690467,-1.2629189070662017e-05,7.2834656797138475,22.77910304069519,0.0395047664642334,-6.437481755451106,8.095120668411255,0.22935186534350088
1.6265652179718018,5395.1626789569855,2220000,221,23.90691065788269,100,13.62076187133789,3.2609201071190275,0.01852744,0.016548846,0.48496475790397875,7.454979226650167,22.241276741027832,0.03826475143432617,-9.371467260551565,7.951735258102417,1.0071014659830095
1.0601050853729248,5418.746340274811,2230000,222,23.49776554107666,100,13.67831015586853,3.8558570898195916,0.0101633975,0.005967824,0.15986785841157536,7.71731035019913,22.390639781951904,0.045963287353515625,-8.758343713966402,8.036719799041748,0.5617571689620587
1.0689454078674316,5442.809025526047,2240000,223,23.99920392036438,100,14.125809907913208,3.5140778628110736,-0.00035631104,-0.002489038,0.6697030823241208,6.959142184782403,22.888848543167114,0.04068160057067871,-6.6136273579840195,8.08527660369873,1.2357302570329585
1.0859053134918213,5466.645503282547,2250000,224,23.77677893638611,100,13.911410570144653,3.632110334551376,0.0039630006,0.0028185607,-0.022316916081603036,6.942948361593686,22.64932417869568,0.04082179069519043,-7.354587256421854,8.059864521026611,0.24176099415505103
1.061410903930664,5490.524183034897,2260000,225,23.818967580795288,100,13.943283319473267,3.2749111661764867,-0.011290283,-0.013194275,0.27526267291203266,7.293286233728299,22.716694355010986,0.0399169921875,-6.294895715897193,8.092129945755005,0.7164331114521879
1.056171178817749,5514.520288467407,2270000,226,23.938246250152588,100,14.064322471618652,3.2458673055890506,-0.00045179445,-0.0054739257,0.18269132081894832,7.836697288355719,22.842875719070435,0.0382840633392334,-5.543029400792049,8.093755006790161,0.5958824429540398
1.0758581161499023,5538.4186227321625,2280000,227,23.837060928344727,100,13.962974309921265,3.5494907697788767,0.004189969,0.0010107239,0.18536752866797784,7.240719187113571,22.727206707000732,0.03336191177368164,-6.71982653106342,8.077035665512085,0.5334455496485438
1.0458030700683594,5562.395682811737,2290000,228,23.913692712783813,100,14.033023834228516,3.2610407588274923,-0.0005296173,-0.0026303192,0.3332032239714549,8.460922619856166,22.825101852416992,0.04211616516113281,-6.052276965938369,8.106772661209106,0.7367481015078821
1.0571753978729248,5586.297780513763,2300000,229,23.846413373947144,100,13.969353199005127,3.415566454782871,-0.018568078,-0.01948109,0.36732775047777166,7.408716761664952,22.747936725616455,0.040694236755371094,-5.618592965906326,8.087567329406738,0.9049321735128344
1.0715618133544922,5610.2571058273315,2310000,230,23.902207851409912,100,14.039597988128662,3.5090387381175074,0.0009391045,0.0010077476,0.1980702063231365,7.851107966102065,22.79007077217102,0.03992009162902832,-6.553717207537894,8.069981575012207,0.6068026718832722
1.0798420906066895,5634.20748925209,2320000,231,23.892341136932373,100,13.992660999298096,3.251397252171349,-0.011863415,-0.013189514,-0.22595443343636254,6.818486442812091,22.76912546157837,0.04270315170288086,-7.032779110687851,8.09041953086853,0.011797523263176447
1.0714788436889648,5658.1101360321045,2330000,232,23.842114686965942,100,13.984127044677734,3.8247473199229067,-0.0002922241,-0.0023552247,0.6780013352959878,7.264799630891706,22.730873584747314,0.03900623321533203,-6.664828291454727,8.068920612335205,1.2713066587186317
1.0629932880401611,5682.026198625565,2340000,233,23.856801748275757,100,13.977634191513062,3.4909826416828724,0.009541311,0.0065633543,0.3115401108800498,7.612980040402568,22.757566452026367,0.03558540344238281,-5.453859671166643,8.098071336746216,0.8144909610123188
1.0553603172302246,5705.915092945099,2350000,234,23.833486795425415,100,14.001516342163086,3.505951556437676,-0.0021320556,-0.002570166,-0.11553091934634702,7.8155578631598415,22.7433078289032,0.0342106819152832,-5.862649910925657,8.062102317810059,0.1848366869059177
1.0782837867736816,5729.809508800507,2360000,235,23.840009450912476,100,13.935543537139893,3.357457225519564,-0.007544202,-0.008161719,0.3883711644611156,7.8493181190908565,22.720853328704834,0.04025745391845703,-6.267902677359375,8.100711345672607,0.8400821265084434
1.077483892440796,5753.65633392334,2370000,236,23.776073932647705,100,13.924451112747192,3.399130762270536,-0.0022776306,-0.0047108885,0.29927161668862023,8.173817315755514,22.66302466392517,0.034836769104003906,-5.355539168447817,8.064964294433594,0.8380106008783347
1.0567405223846436,5777.503523111343,2380000,237,23.78456735610962,100,13.938164710998535,3.4760908561788217,-0.010794312,-0.011927081,0.6178102010783709,7.7802853246834855,22.688212156295776,0.03893566131591797,-6.787671774109529,8.06583833694458,1.1974052688336025
1.077911615371704,5801.412052154541,2390000,238,23.83694839477539,100,13.948825359344482,3.482594235097754,0.0031283814,0.0022462646,0.20096103748113006,7.038617677397565,22.71382999420166,0.04438281059265137,-6.487802263827515,8.080175399780273,0.5917942464299343
1.4791536331176758,5825.127865791321,2400000,239,23.65390181541443,100,13.50833797454834,3.668928768601786,-0.015047229,-0.024300104,-0.1452575343760424,8.207006906251484,22.131210803985596,0.04264259338378906,-5.305868421988681,7.946094274520874,0.16380428307623518
1.063321828842163,5848.742783308029,2410000,240,23.505582571029663,100,13.738659858703613,3.5213148384634962,-0.0022268859,-0.005368393,-0.10224587023907836,7.189838421552448,22.401562452316284,0.03987884521484375,-5.712030645624341,7.9927449226379395,0.2913797453438773
1.0438432693481445,5872.59149312973,2420000,241,23.78929901123047,100,13.960283756256104,3.365793090810597,0.0036217528,0.0022670166,0.2957215131058499,8.620705618041946,22.704349517822266,0.04027366638183594,-4.7619646839907865,8.05512261390686,0.7785342052184621
1.0787997245788574,5896.545540332794,2430000,242,23.8888041973114,100,14.040189981460571,3.0854065074531247,-0.021549655,-0.022371735,0.5180078865252757,7.7371092049997054,22.759289979934692,0.0500028133392334,-7.184586864039035,8.023025512695312,1.0434545514893063
1.0859198570251465,5920.566467046738,2440000,243,23.953543186187744,100,14.048550844192505,3.346677811860249,-0.015388001,-0.018212458,-0.009873576705876151,7.869174577856084,22.833282947540283,0.03357434272766113,-6.72472960999877,8.102449655532837,0.34051119728908463
1.015988826751709,5944.3990569114685,2450000,244,23.764862298965454,100,13.899172067642212,3.3996688783527365,-0.00021769867,-0.0010368415,0.3997433650408992,7.789805939792803,22.705899715423584,0.04227089881896973,-6.0348465496028485,8.119410753250122,1.0005821685667362
1.303030252456665,5968.29634308815,2460000,245,23.836399793624878,100,13.75814437866211,3.556354222539317,-0.0014299011,-0.0029792327,0.2466713669096226,8.055708475912684,22.4546902179718,0.07757043838500977,-6.174980794754499,8.018171072006226,0.7865250807840239
1.0741007328033447,5991.739856719971,2470000,246,23.378453016281128,100,13.6338369846344,3.381169626117023,0.0066053467,0.0055117677,0.5161868828368711,7.063334405736389,22.266704559326172,0.03693199157714844,-4.819812531543689,7.9642956256866455,1.0856155496185276
1.0614476203918457,6015.612678050995,2480000,247,23.78087854385376,100,13.912767887115479,3.344307279978088,-0.016063605,-0.016473899,0.20609653169176448,7.4040879061144125,22.6766300201416,0.04146075248718262,-7.286762920321048,8.08369255065918,0.7395168794581882
1.0645060539245605,6039.578844547272,2490000,248,23.90399408340454,100,14.059231042861938,3.4060320594425,0.008659057,0.008474207,0.6069635130487694,8.327490295607891,22.801713466644287,0.0370945930480957,-5.251281462405069,8.051669359207153,1.2779066835402857
1.0792720317840576,6063.528246164322,2500000,249,23.888737201690674,100,13.99117636680603,3.4420920188558,-0.003026831,-0.0031880555,0.08913519139395372,6.733875377665418,22.76970100402832,0.03898191452026367,-6.691406502884836,8.090513229370117,0.5615696361962415
1.0708246231079102,6087.3778874874115,2510000,250,23.7851665019989,100,13.896497249603271,3.513306292640977,-0.0064436765,-0.0070263795,0.1342738539610021,7.286947516307099,22.663684606552124,0.049889326095581055,-5.6470863067401265,8.058641910552979,0.635132113664459
1.020059585571289,6111.339565753937,2520000,251,23.897913217544556,100,14.077593564987183,3.4033816776332095,-0.0070448364,-0.008291419,0.2619283040267263,6.877240956485048,22.840770959854126,0.03638100624084473,-6.077568930613053,8.073676586151123,0.8189002584467211
1.0369598865509033,6135.069305896759,2530000,252,23.66867685317993,100,13.894365787506104,3.4921648030814803,-0.011271862,-0.011751927,0.4499976768507751,7.367435350366078,22.589353799819946,0.0416109561920166,-6.560113638835769,8.015347242355347,1.0093929502336576
1.109872817993164,6158.946140050888,2540000,253,23.818920850753784,100,13.913720607757568,3.5314839573488337,0.024187174,0.023637135,0.24919218253197323,6.98862290116395,22.660693883895874,0.04756617546081543,-5.5547476866435375,8.05786919593811,0.7719691609824046
1.0357272624969482,6182.842495918274,2550000,254,23.833324670791626,100,13.979945421218872,3.436875115757847,0.011542227,0.009543438,0.27676365074668147,6.648900701150217,22.762742042541504,0.03414344787597656,-5.135293378100068,8.09355878829956,0.8371223615929204
1.0791430473327637,6206.832058191299,2560000,255,23.932838916778564,100,14.060213804244995,3.1002779351975436,-0.0039376463,-0.004276953,0.2923379909173439,7.813309617361557,22.814821481704712,0.038214921951293945,-5.272454047559784,8.067021131515503,0.8175075681873786
1.0607411861419678,6230.847691297531,2570000,256,23.954410076141357,100,14.077397108078003,3.4053394836982425,-0.00042885743,-0.0009822266,-0.0798855126108354,6.869781482022888,22.856188774108887,0.03676962852478027,-6.687860331701882,8.088557958602905,0.34247179239679026
1.048429250717163,6254.706703662872,2580000,257,23.790828227996826,100,13.952367067337036,3.356116535911737,0.003188324,0.002107245,0.4772894909943652,7.677184007605265,22.704769611358643,0.03695106506347656,-5.048563140177051,8.067180395126343,1.112750829421197
1.0774846076965332,6278.557030439377,2590000,258,23.786124229431152,100,13.907829761505127,3.6407745955868105,-0.0027221374,-0.004431137,0.07472303685087633,7.11020219425289,22.667502403259277,0.040428876876831055,-6.509075509079267,8.073399305343628,0.5667602579963316
1.0817532539367676,6302.394951343536,2600000,259,23.780566215515137,100,13.87665605545044,3.6406673736379593,0.0026922608,-0.00030318298,0.2274993848782578,7.880200978116173,22.66015338897705,0.03804445266723633,-6.920524206520965,8.095233678817749,0.7718102497583836
1.0481534004211426,6326.361082315445,2610000,260,23.902865409851074,100,14.041443347930908,3.3488498643787725,-0.0027217101,-0.0029611206,0.2802965100577221,6.893281928042185,22.814297437667847,0.03976726531982422,-5.30562074837555,8.063145399093628,0.8434720350055437
1.061835765838623,6350.324253082275,2620000,261,23.907203674316406,100,14.011017084121704,3.353367283071529,-0.007937903,-0.010197663,0.37295547783412586,7.036985828024739,22.808215141296387,0.03639626502990723,-5.5193036983997,8.112818241119385,0.9441858852352862
1.0893940925598145,6374.143853187561,2630000,262,23.75910186767578,100,13.907603025436401,3.584281229554577,-0.01648446,-0.020031849,0.6045934730425374,7.700687799086482,22.63283681869507,0.036047935485839844,-4.612327190127871,8.049899339675903,1.3053796486524651
1.0436294078826904,6398.040013790131,2640000,263,23.84021234512329,100,13.958083152770996,3.5122983692088923,-0.004292688,-0.009421607,0.3647274323643758,8.393723919036645,22.752328395843506,0.04353737831115723,-5.363097392601014,8.117377758026123,0.9797175108213644
1.1702890396118164,6422.500886440277,2650000,264,24.401899814605713,100,14.240880012512207,3.435327204302351,0.019636322,0.019077338,0.5897949713245945,6.609160502634718,23.188798427581787,0.04185032844543457,-7.717440804519637,8.24590516090393,1.284068781820349
1.0510361194610596,6446.271680355072,2660000,265,23.707807302474976,100,13.850503921508789,3.5469306880925826,-0.019316547,-0.02312752,0.3589107844074028,7.224385143888256,22.61973237991333,0.03635692596435547,-6.8190839231300115,8.083843231201172,0.9311735741762582
1.0533344745635986,6470.190399169922,2670000,266,23.856621503829956,100,13.970669507980347,3.4600824118162086,-0.0030581863,-0.0030472504,0.13230639268507563,7.743000982021925,22.767799854278564,0.034758806228637695,-7.188096395608961,8.108883380889893,0.6306309174952979
1.0617172718048096,6494.055380821228,2680000,267,23.806865215301514,100,13.959509372711182,3.5906596484208735,-0.003996234,-0.0055384827,0.7053080141201614,7.730146695441251,22.70334815979004,0.04119539260864258,-4.788753698592576,8.054858684539795,1.4092634667577115
1.3495466709136963,6517.979105234146,2690000,268,23.86217999458313,100,13.73862099647522,3.5857634228769273,0.0013650757,-0.0001458374,0.45891777102423914,8.018784544028879,22.44088888168335,0.06953668594360352,-5.404372404696661,8.02392578125,1.0736082438283707
1.533808708190918,6542.09047293663,2700000,269,24.05268621444702,100,13.739623785018921,3.3741747465937504,-0.019716233,-0.02108067,0.2596271170017148,8.385791965403502,22.459969520568848,0.05777287483215332,-6.558966551611356,8.041636943817139,0.8079887897668635
1.1287977695465088,6565.580421209335,2710000,270,23.402848482131958,100,13.597798347473145,3.054839650005739,-0.0005155121,-0.0038203888,0.6129536598462575,6.827967963316851,22.233243227005005,0.04001760482788086,-5.260833342999505,7.968767404556274,1.3425273641000128
1.0373988151550293,6589.348963975906,2720000,271,23.68631601333618,100,13.847808122634888,3.4143329704439287,-0.0036323608,-0.005211798,0.2400393013043507,7.4224316678174596,22.605799436569214,0.04240298271179199,-5.318894612784136,8.064377546310425,0.796449842462279
1.0401298999786377,6613.467895269394,2730000,272,24.06025505065918,100,14.151233196258545,3.5583167308426016,-0.005880301,-0.008541226,0.45076186511169136,7.803355187159681,22.973776817321777,0.04553413391113281,-4.930794114089418,8.138137102127075,1.089683597158979
1.0707361698150635,6637.530095338821,2740000,273,24.00582480430603,100,14.068547010421753,3.2494856242545227,-0.002522306,-0.008444379,0.21001144168968536,6.999968110418014,22.897664785385132,0.036746978759765625,-5.395185488664554,8.15250015258789,0.771613014122275
1.0693676471710205,6661.632977962494,2750000,274,24.04324698448181,100,14.079931259155273,3.150915133154062,0.0014940308,-0.00043748168,0.6495551274234173,7.419989717116967,22.929620265960693,0.04343390464782715,-5.831731653551885,8.143906831741333,1.374993553919069
1.0740509033203125,6685.614175319672,2760000,275,23.92567491531372,100,14.03873610496521,3.5281897494531984,-0.002521173,-0.0062367553,0.5939940713789178,7.174068852651878,22.812803030014038,0.03813982009887695,-7.494454171458132,8.085543394088745,1.2435427482884769
1.0635759830474854,6709.528704166412,2770000,276,23.85464119911194,100,14.026148319244385,3.2935196301371663,-0.014034546,-0.020258795,0.7265710793442186,7.314598049124702,22.75442123413086,0.03589463233947754,-5.177347729686669,8.040706157684326,1.4413120146508425
1.0545341968536377,6733.518761396408,2780000,277,23.93333339691162,100,14.07119369506836,3.570309706257991,-0.010617456,-0.013092321,0.45606895348939697,7.670152048111907,22.8352792263031,0.04288935661315918,-5.729169631962266,8.078750371932983,1.0609754610373454
1.0437464714050293,6757.400194644928,2790000,278,23.825886726379395,100,13.954787015914917,3.463118798901743,-0.008339441,-0.010872174,0.7068136557015942,7.43247993967933,22.73949909210205,0.04204893112182617,-5.324606596564407,8.088083982467651,1.407195741638044
1.061894416809082,6781.438271045685,2800000,279,23.980780839920044,100,14.093632459640503,3.528581826932537,-0.0020411864,-0.0021637084,0.5425981722381235,7.270570635383995,22.880621433258057,0.03752899169921875,-5.4475732052902455,8.10944414138794,1.1955422952206474
1.0432186126708984,6805.399021148682,2810000,280,23.90518307685852,100,14.07140326499939,3.3049216577538605,0.002113405,-6.5460204e-06,0.40594257837061626,7.494524310154733,22.81914448738098,0.042107582092285156,-5.6539901165923805,8.06959581375122,1.0449729396024001
1.0562400817871094,6829.278084754944,2820000,281,23.819143056869507,100,13.976833820343018,3.5471641143510744,0.01417443,0.012357922,0.628164724000214,7.635143865996819,22.721822261810303,0.04042196273803711,-6.554855117061454,8.061387777328491,1.2893029784555303
1.0255560874938965,6853.009804964066,2830000,282,23.67033076286316,100,13.847563982009888,3.474628614262755,-0.008453637,-0.008636755,0.5452654937816753,7.3849120655911005,22.595458507537842,0.04859471321105957,-5.573723794193249,8.057510137557983,1.2283277688652043
1.0706884860992432,6877.018238782883,2840000,283,23.952611684799194,100,14.091706037521362,3.336830668119963,-0.0013445191,-0.003356201,0.4401106537796809,7.121937575450881,22.84140706062317,0.03978371620178223,-5.875574307120042,8.066959619522095,1.0644319820579304
1.0428321361541748,6900.866664648056,2850000,284,23.781816482543945,100,13.955857992172241,3.357221360388468,-0.024407662,-0.026228497,0.45793099566022666,8.086515959050063,22.699671506881714,0.038610219955444336,-5.223676388705021,8.056495189666748,1.0630352998589319
1.0670783519744873,6924.822311639786,2860000,285,23.90050768852234,100,13.982710123062134,3.3129583763848083,-0.026876867,-0.027291669,0.1373983257805672,7.841095013547524,22.79494619369507,0.037873029708862305,-5.1338724199596735,8.122227668762207,0.6286110927097015
1.0710728168487549,6948.700035095215,2870000,286,23.82020616531372,100,13.933661699295044,3.0740256075532453,-5.319824e-05,-0.0013960083,0.40806669265930706,6.484385291615367,22.70791530609131,0.040436744689941406,-4.6690923847764,8.087897062301636,0.9500043400298978
1.0667521953582764,6972.588348150253,2880000,287,23.83180332183838,100,13.93798279762268,3.4110222460303996,0.02422168,0.024097143,0.091167684115555,7.2237510368738915,22.730982303619385,0.033470869064331055,-5.160797976694909,8.092248916625977,0.5858050112707673
1.063638687133789,6996.4443900585175,2890000,288,23.79044532775879,100,13.926954507827759,3.3288791363430237,-0.008976361,-0.012591369,0.892877291745852,8.486985840545072,22.68854546546936,0.037415266036987305,-5.002212790972981,8.077665090560913,1.7392101739226993
1.0534379482269287,7020.2693083286285,2900000,289,23.76530170440674,100,13.901389360427856,3.3866508864151483,-0.00048135986,-0.005654236,0.9668023719117766,8.02895335680932,22.669007062911987,0.04225468635559082,-5.309859284017047,8.079185485839844,1.8356929536483781
1.0500562191009521,7044.172495365143,2910000,290,23.839451789855957,100,14.000492811203003,3.38918184128007,0.0067198058,0.0054394775,0.7038134410065995,8.507056760830393,22.752639293670654,0.035989999771118164,-6.528221544441988,8.060054302215576,1.4421869737836936
1.052689552307129,7068.039916276932,2920000,291,23.804029941558838,100,13.950246334075928,3.262164861981732,-0.011545703,-0.012595825,0.4049169891457417,7.324383781996175,22.709774017333984,0.04094076156616211,-5.454153237155096,8.079940795898438,1.0363129784885714
1.0639731884002686,7091.919725656509,2930000,292,23.81722664833069,100,13.960193395614624,3.4999687218728046,-0.019732134,-0.020900195,0.5397025211678336,7.377365847924013,22.71495747566223,0.037514686584472656,-7.298022119546394,8.071992635726929,1.2222183563089606
1.052194595336914,7116.051016807556,2940000,293,24.06723976135254,100,14.13657808303833,3.4916448728393896,-0.016823914,-0.01827688,0.16247406995030203,7.634174863622044,22.972766876220703,0.04160165786743164,-5.1432507852531435,8.143855571746826,0.7275811107491075
1.5774180889129639,7140.225525856018,2950000,294,24.110673427581787,100,13.767637729644775,3.519725295940145,0.009398946,0.009235019,0.2991052525500789,7.366052978325862,22.468636512756348,0.06262636184692383,-4.937744948976582,8.024107217788696,0.9341498466120366
1.0971863269805908,7163.707498073578,2960000,295,23.4273464679718,100,13.63852071762085,3.3410023053779034,-0.006998926,-0.008076281,0.5214033432157079,7.126115126014285,22.289401292800903,0.040029287338256836,-5.236957229756948,7.97965145111084,1.2562936251178447
1.0346348285675049,7187.663222312927,2970000,296,23.893426418304443,100,14.068879127502441,3.1945877081211704,-0.004192554,-0.006740161,0.5105854460274845,7.594251189732694,22.817747592926025,0.040213584899902344,-4.487055098353527,8.054912567138672,1.1996646943415703
1.320939540863037,7211.784734725952,2980000,297,24.064995050430298,100,13.913899660110474,3.364115643839142,-0.0008693329,-0.003198053,0.6597295295012338,7.801207890011114,22.683894872665405,0.05823159217834473,-4.8248205310193955,8.083640336990356,1.447523331295367
1.4272644519805908,7235.701745510101,2990000,298,23.864094018936157,100,13.670682907104492,3.5534056890723664,-0.0062232423,-0.008373951,0.6271439603858467,8.351995283086563,22.397181034088135,0.03881216049194336,-4.716473879672886,8.051801204681396,1.3615391079399446
1.1036536693572998,7259.56462097168,3000000,299,23.743669033050537,100,13.846879482269287,3.4563599656803734,-0.00016467743,-0.0037582496,0.1790201596928837,7.077970346821872,22.59231996536255,0.047020912170410156,-4.68725814521659,8.065032720565796,0.7434429457012284
