train-PolicyExecTime,Itr,n_timesteps,ItrTime,Time-SampleProc,Time,LossAfter,train-EnvExecTime,train-NumTrajs,train-StdReturn,Time-Optimization,train-AverageReturn,LossBefore,train-MaxReturn,Time-Sampling,train-MinReturn,train-AverageDiscountedReturn
14.42211103439331,0,10000,25.896722555160522,0.1316390037536621,25.896734952926636,0.0032715276,8.44773268699646,100,3.927404006338653,2.1814465522766113,-2.531973751089185,-1.4189385e-05,7.919513161092259,23.582700490951538,-10.89473789364106,-1.9646685150167658
14.109247922897339,1,20000,25.061833381652832,0.15100598335266113,51.20217037200928,0.005229666,8.389020681381226,100,5.19667487912824,1.7226285934448242,-1.6621236840205293,-1.4251339e-05,11.187584152360998,23.18612790107727,-11.929973744507853,-1.3552026186836692
14.213073015213013,2,30000,25.18960952758789,0.17263031005859375,76.53409051895142,-0.0025636314,8.363194942474365,100,8.372842880971008,1.738976240158081,3.1240443566088825,-1.4265757e-05,25.072460868110248,23.27626609802246,-11.660139778861385,1.481005884965251
14.309555292129517,3,40000,25.188360691070557,0.19579362869262695,101.78284072875977,-0.0092094075,8.416224241256714,100,8.280987409482083,1.5516135692596436,12.350869492313537,-1.4267569e-05,27.73677881679747,23.43847393989563,-4.681780884713526,7.002161888360154
14.439189434051514,4,50000,25.201545476913452,0.19765281677246094,127.04314947128296,-0.00541671,8.665676832199097,100,5.422218315438579,1.1756110191345215,21.79515150247143,-1.4254843e-05,29.875567188086162,23.825100421905518,3.932041997326134,13.73453153408504
14.877566576004028,5,60000,25.97239089012146,0.12279033660888672,153.0856957435608,-0.0044287904,9.121079444885254,100,3.814026247750511,1.1226794719696045,25.428854366277776,-1.4204068e-05,31.338628812888153,24.725813150405884,6.702258554413624,17.45397711345313
14.606034994125366,6,70000,25.60508155822754,0.15486526489257812,178.7577610015869,-0.006225572,9.029439210891724,100,3.2152296175396438,1.0944998264312744,26.050007115258182,-1.4160268e-05,31.312548193578944,24.35501980781555,12.901605889203282,18.87074156237933
14.52898383140564,7,80000,25.531304836273193,0.12107253074645996,204.3555805683136,-0.0034186873,9.037342071533203,100,2.560590985702227,1.1139342784881592,26.6147684012944,-1.4127179e-05,30.74170769645542,24.294291019439697,11.986952403176282,19.450320216545073
14.597645998001099,8,90000,25.62313461303711,0.12786221504211426,230.05467867851257,-0.0045141033,9.094213008880615,100,1.9958198929974929,1.0845470428466797,27.345080166854128,-1.4085812e-05,31.8382312841827,24.409876823425293,21.951375214445846,20.26181572415689
14.528736352920532,9,100000,25.574042081832886,0.14306330680847168,255.69594883918762,-0.003151579,9.041597843170166,100,1.9717185672578053,1.1410105228424072,27.398992206810487,-1.4023213e-05,32.18177364890832,24.289186716079712,19.952014762266554,20.840552045330227
14.58611011505127,10,110000,25.726595401763916,0.12383842468261719,281.4985692501068,-0.0027235793,9.166651010513306,100,2.0170530184196322,1.1331367492675781,27.74889940120093,-1.3988049e-05,31.153919117533334,24.468841314315796,20.92021633357754,21.518651276212978
14.529179334640503,11,120000,25.614023685455322,0.11652684211730957,307.1834924221039,-0.003973571,9.104275703430176,100,1.8262109484369489,1.1230154037475586,27.81375850128913,-1.395363e-05,31.59780526849187,24.373718738555908,22.902690200694117,21.57218380325601
14.459097623825073,12,130000,25.501019716262817,0.12507414817810059,332.7534234523773,-0.003349213,9.105251550674438,100,1.719808646450078,1.089205026626587,27.689107872895683,-1.3898797e-05,31.14450306501896,24.284363985061646,21.748501601971977,21.737566080072654
14.483564138412476,13,140000,25.571296215057373,0.11266446113586426,358.3847768306732,-0.0016884501,9.107197284698486,100,2.0278798078520905,1.1410744190216064,27.90931477332236,-1.3840016e-05,31.777258639230315,24.31685757637024,21.755217907963704,22.08015136466573
14.709721565246582,14,150000,25.84068465232849,0.15157151222229004,384.2991359233856,-0.0030760663,9.129774332046509,100,1.8188293172051435,1.1161201000213623,27.832848360651024,-1.3794197e-05,32.22209101595373,24.571208953857422,21.664224351149137,21.96917689943812
14.689882040023804,15,160000,25.774426698684692,0.11647439002990723,410.14611077308655,-0.002588546,9.145007610321045,100,1.7697676594561478,1.1043834686279297,28.111918030238385,-1.3745595e-05,31.87181313996124,24.552788734436035,23.109852745160445,22.27699118704444
14.657296180725098,16,170000,25.852172374725342,0.12777972221374512,436.0694570541382,-0.0024967436,9.221493244171143,100,2.041954311589808,1.1091139316558838,28.128138233626213,-1.3708704e-05,33.01638485589643,24.614134788513184,22.840926585764713,22.274184098220253
14.58350658416748,17,180000,25.662189483642578,0.13103747367858887,461.7996189594269,-0.0017914318,9.15577745437622,100,1.5080093581095717,1.0704658031463623,28.508408660444967,-1.3643488e-05,33.658595609907124,24.459794282913208,25.083055730343986,22.665169077094184
14.709809064865112,18,190000,25.910286903381348,0.13386750221252441,487.7850983142853,-0.0023544922,9.185598850250244,100,1.8432126683585275,1.1447947025299072,28.40178357548557,-1.3600454e-05,32.609418838632806,24.630913496017456,22.5801226145604,22.480034370230282
14.705461025238037,19,200000,25.883987188339233,0.11155033111572266,513.739645242691,-0.0024381161,9.232584714889526,100,1.820945722785684,1.1138768196105957,28.60181129120778,-1.3557537e-05,32.3487678580405,24.657776594161987,24.372103776881318,22.76914625037118
14.637937068939209,20,210000,25.8257737159729,0.1522223949432373,539.6383321285248,-0.0033771486,9.228759288787842,100,1.551907654873792,1.0881235599517822,28.809412997680283,-1.3501415e-05,32.02585175629534,24.584654331207275,24.687839545429565,22.97829450295465
14.568973779678345,21,220000,25.635714769363403,0.11874103546142578,565.3383498191833,-0.0024718544,9.14279842376709,100,1.4897402101298434,1.078972339630127,28.705109218066372,-1.3447823e-05,31.315486669678755,24.43710231781006,24.74691618603276,22.773090651797965
14.911418199539185,22,230000,26.221987009048462,0.14196467399597168,591.6226584911346,-0.0020040395,9.30976152420044,100,1.4614072453936509,1.1216356754302979,28.796112863054187,-1.3385769e-05,32.27725086696152,24.957701921463013,25.09644179411954,22.966623578288406
14.640957355499268,23,240000,25.77506923675537,0.12892484664916992,617.4636507034302,-0.0026966138,9.176700115203857,100,1.5814092095269872,1.094141960144043,28.984538739721252,-1.331775e-05,32.5098126906727,24.550776720046997,24.096635976606137,23.156457395667303
14.63515305519104,24,250000,25.83168888092041,0.12056541442871094,643.360931634903,-0.0030336878,9.23333477973938,100,1.6171384222269714,1.1212308406829834,28.651820926764085,-1.3261307e-05,31.460200972538324,24.589131116867065,23.656259859159988,22.8047606292848
14.644062280654907,25,260000,25.885709524154663,0.14141249656677246,669.3129181861877,-0.0024496191,9.238867282867432,100,1.826412173234421,1.1419026851654053,28.874559741192876,-1.3205988e-05,32.35257869831372,24.601701021194458,23.316083953321396,22.97932207026874
14.642539501190186,26,270000,25.850767850875854,0.12349271774291992,695.2351360321045,-0.0036999192,9.234876871109009,100,1.9415828778742845,1.133594274520874,29.144843068985452,-1.31398465e-05,33.18424565581239,24.592990159988403,23.054338566472083,23.219829361481956
14.646281003952026,27,280000,25.797178983688354,0.12260174751281738,721.1017339229584,-0.0021812585,9.190180778503418,100,1.8020805281821877,1.1124956607818604,29.132384781752833,-1.30966455e-05,34.024493734060314,24.561188459396362,23.540676120481283,23.27867602578086
14.49862551689148,28,290000,25.70615530014038,0.11691808700561523,746.8713116645813,-0.001450471,9.24032211303711,100,1.5159088372670613,1.1353442668914795,29.401182205947276,-1.3038031e-05,32.92935274562368,24.45321559906006,25.929913817530398,23.465851784101755
14.697564601898193,29,300000,25.850407600402832,0.1568918228149414,772.7946228981018,-0.0028551978,9.179797887802124,100,2.010555166516638,1.0958666801452637,29.160699504882185,-1.29939335e-05,33.61860509373185,24.596848487854004,23.507816719067968,23.309495888235205
14.630756139755249,30,310000,25.81769061088562,0.11868405342102051,798.6754720211029,-0.00043048555,9.238637208938599,100,1.7573482057030634,1.1071012020111084,29.624988558100345,-1.2961382e-05,33.15465303743958,24.590871572494507,24.066671038654526,23.65532216758584
14.602777481079102,31,320000,25.752134561538696,0.13863086700439453,824.4972779750824,-0.0017545663,9.17349910736084,100,1.6378404714487012,1.1163763999938965,29.580809638319167,-1.2907428e-05,34.348443093317506,24.496243953704834,25.627721246913815,23.584813832849676
14.647502899169922,32,330000,25.794363021850586,0.11440324783325195,850.3598628044128,-0.00062671315,9.159478664398193,100,1.6679336783482368,1.1565816402435303,29.873995266773708,-1.2864001e-05,33.37793763876124,24.522625207901,25.560051914774398,23.758959145468058
14.502554178237915,33,340000,25.71834969520569,0.12793469429016113,876.1498808860779,-0.003939354,9.232648134231567,100,1.6936242505421402,1.124690055847168,29.903203470313326,-1.28208285e-05,34.10114557008842,24.465007066726685,25.784456608910034,23.79593721740669
14.656889200210571,34,350000,25.877623796463013,0.1508321762084961,902.0971865653992,-0.0036561028,9.20668911933899,100,1.6530891126180276,1.1438136100769043,30.338965723208958,-1.2788642e-05,33.98366231365442,24.581466913223267,26.64001529887912,24.1606608596214
14.67245626449585,35,360000,25.949175119400024,0.1545724868774414,928.1087391376495,-0.0031115364,9.260533094406128,100,1.7022772326372193,1.1428537368774414,30.69107430666832,-1.27350795e-05,34.896123909206025,24.65096879005432,26.93706913917891,24.436323763774475
14.55000925064087,36,370000,25.83179473876953,0.13915467262268066,954.0064191818237,-0.0031056392,9.220337867736816,100,1.8987484536759975,1.2098965644836426,30.54300833020987,-1.2697567e-05,36.222444437908635,24.481926202774048,24.50029761829941,24.127918163717986
14.813441038131714,37,380000,26.192941427230835,0.14768266677856445,980.2756400108337,-0.0027488975,9.381672620773315,100,1.6924912795554146,1.119924545288086,30.906142063454055,-1.2632331e-05,35.064689357161235,24.924485445022583,24.880834208374576,24.43819683225453
14.674752712249756,38,390000,25.91325569152832,0.14735937118530273,1006.253173828125,-0.0049470384,9.2633798122406,100,1.7871324873940366,1.1057865619659424,30.777422807268113,-1.2596843e-05,33.84306595688358,24.659388303756714,26.02317144874968,24.21208882600765
14.669674158096313,39,400000,25.919047355651855,0.14446043968200684,1032.2384374141693,-0.0030107172,9.221563816070557,100,1.655128538830639,1.1611168384552002,31.12557157589029,-1.2544469e-05,35.12753163025729,24.61267876625061,26.726525769261844,24.52713012653773
14.79423189163208,40,410000,26.04435443878174,0.11709403991699219,1058.3560724258423,-0.0030711812,9.273447513580322,100,1.9259818414821759,1.14540696144104,31.207543280074002,-1.24940825e-05,34.88242208584859,24.780434370040894,25.684003630499976,24.64943733845683
14.744263172149658,41,420000,25.936591386795044,0.13370680809020996,1084.3544294834137,-0.0031022374,9.258420467376709,100,1.8208950965725945,1.0812675952911377,31.361340380353692,-1.2459418e-05,35.27200037427109,24.7205548286438,25.616226852449483,24.681933479939484
14.522509336471558,42,430000,25.669456481933594,0.11895561218261719,1110.0941741466522,-0.0021992149,9.194348573684692,100,1.8936599329911312,1.1240012645721436,31.526682190482006,-1.2415696e-05,35.76901958104093,24.424956798553467,26.04372522640613,24.893253645389017
14.651196002960205,43,440000,25.851693391799927,0.11330962181091309,1136.0157499313354,-0.0021746955,9.276587009429932,100,1.5985198900168986,1.087960958480835,31.54676650707787,-1.2360412e-05,34.96941105272529,24.649094581604004,26.924774220443908,24.852643119600657
14.744388103485107,44,450000,26.00943899154663,0.12124276161193848,1162.0907912254333,6.930728e-05,9.28551721572876,100,1.8248764350290037,1.1456091403961182,31.51147131939755,-1.2316103e-05,35.96865327310314,24.74189567565918,27.241868968063997,24.806850639514757
14.629283905029297,45,460000,25.91121792793274,0.12960076332092285,1188.0708630084991,-0.0032143411,9.269546508789062,100,1.7372145965129089,1.136937141418457,31.70973423587917,-1.2252097e-05,35.16729749649557,24.643632173538208,26.211737389350336,24.89945391837068
14.534127235412598,46,470000,25.76447343826294,0.1212613582611084,1213.9020082950592,-0.0038776756,9.243508577346802,100,1.912563579538464,1.1331682205200195,31.694799373006035,-1.221742e-05,35.57552288471225,24.50857377052307,27.330871425510043,24.92926844601199
14.548545598983765,47,480000,25.76162624359131,0.13265752792358398,1239.7290997505188,-0.0041861217,9.23427963256836,100,1.7040050302633132,1.131110429763794,31.92657575696447,-1.2167996e-05,36.01635686284217,24.496810913085938,27.460796256854202,25.055093716762837
14.640018224716187,48,490000,25.847561597824097,0.13528656959533691,1265.64462351799,-0.0021596423,9.230753898620605,100,1.9281259487910865,1.118210792541504,31.96008978855501,-1.2119976e-05,35.74672151765765,24.592527151107788,26.468103000011492,25.03323607963315
14.949577808380127,49,500000,26.270768880844116,0.1282038688659668,1291.9900681972504,-0.0019359463,9.344550848007202,100,1.6095186618938933,1.119382381439209,32.36180759061094,-1.2084496e-05,35.905188255771314,25.022406101226807,27.57257776080781,25.25671794080923
14.709766626358032,50,510000,25.969782829284668,0.12470459938049316,1318.0257534980774,-0.0010421034,9.286588430404663,100,1.6765759970931218,1.1052050590515137,32.34431444719796,-1.20204995e-05,36.52972588973605,24.739007711410522,27.04589536907326,25.254779164501446
14.68839693069458,51,520000,25.964272260665894,0.13451457023620605,1344.0560474395752,-0.002299589,9.320845365524292,100,1.8054200357868806,1.1009297370910645,32.402093202215006,-1.1984086e-05,36.25632092614448,24.727698802947998,25.991381699461858,25.255299650123938
14.729646921157837,52,530000,26.04207181930542,0.1485130786895752,1370.1666395664215,0.0012540261,9.310680389404297,100,1.8453797188621157,1.135014295578003,32.53229455118124,-1.1928185e-05,36.6633387059043,24.757812023162842,27.90450571692839,25.381951017767154
14.503795146942139,53,540000,25.815682411193848,0.141646146774292,1396.045292854309,-0.0029558279,9.3073251247406,100,1.8877461991499598,1.1281933784484863,32.621701945938305,-1.1884229e-05,36.11832232947669,24.54513454437256,28.038089839930976,25.475589830778816
15.972837448120117,54,550000,28.18823003768921,0.13917136192321777,1424.3017625808716,-0.0009683413,9.962337017059326,100,1.6845625068074053,1.3299956321716309,32.99600238921656,-1.1860998e-05,36.86196023218667,26.717363119125366,28.16393726136896,25.74293698997315
16.210749864578247,55,560000,28.449918270111084,0.15483832359313965,1452.823377609253,-0.0005613741,9.98658537864685,100,1.9510817199019101,1.2913625240325928,32.50799166174579,-1.1804437e-05,37.10110612094,27.00283932685852,28.44432354724233,25.274060722214962
14.839391708374023,56,570000,26.236937522888184,0.11898970603942871,1479.134403705597,-0.0028879887,9.42299485206604,100,1.872732958975506,1.1285581588745117,33.01945625723632,-1.1764746e-05,36.86010477132074,24.98861050605774,27.298170092777283,25.723466845646968
14.692030191421509,57,580000,25.987263202667236,0.11908507347106934,1505.1865725517273,-0.0010119949,9.313447713851929,100,1.901037297482322,1.1384341716766357,33.14384272558393,-1.1728958e-05,36.617499475563825,24.72892117500305,28.244029740486617,25.82549802380692
14.685914039611816,58,590000,25.985504388809204,0.13622832298278809,1531.2381229400635,-0.0031929705,9.315156698226929,100,1.6916018165525786,1.126918077468872,32.94044055214219,-1.1696671e-05,37.14860297531324,24.72159218788147,29.473675948282978,25.672028902946664
14.579209327697754,59,600000,25.790255784988403,0.11428022384643555,1557.1010053157806,-0.00066356023,9.272615909576416,100,1.832682138081586,1.095834493637085,32.8075410687357,-1.16533465e-05,36.94631495927738,24.579325437545776,26.059725752247694,25.496194664310398
14.677649974822998,60,610000,25.91836667060852,0.12674927711486816,1583.085970878601,-0.0025306877,9.314188480377197,100,1.479593057969016,1.0889790058135986,33.246650521371215,-1.1596154e-05,36.41135924687633,24.701603412628174,28.90552720035819,25.914959915385317
14.800480127334595,61,620000,26.16677713394165,0.1262071132659912,1609.321658372879,-0.0040186667,9.388095617294312,100,1.596691036838841,1.1261789798736572,33.41823586089727,-1.1559054e-05,36.78175627592994,24.913557529449463,29.135511230656157,26.076864618060167
14.840728044509888,62,630000,26.14542508125305,0.12633132934570312,1635.5339188575745,-0.0031972576,9.360764980316162,100,1.3914678966798744,1.1064453125,33.23295722445342,-1.1509356e-05,36.398266709814926,24.91167950630188,28.80413698397947,25.83823002623348
14.859553813934326,63,640000,26.123446464538574,0.12070631980895996,1661.7231562137604,-0.0028383667,9.291943311691284,100,1.4452196061105358,1.12807035446167,33.421962145945784,-1.1459543e-05,36.44918375597446,24.87385106086731,28.790260048657824,26.048868373259314
14.683587312698364,64,650000,25.987993478775024,0.16161417961120605,1687.7771224975586,2.9977626e-05,9.297821998596191,100,1.470257219311987,1.1247730255126953,33.306945595135716,-1.1425032e-05,37.314214097019374,24.69974422454834,29.582089262234298,25.803371594673898
14.023743867874146,65,660000,25.004603385925293,0.11130881309509277,1712.849645614624,0.0044358433,9.095048427581787,100,1.5529804431379906,1.080291748046875,33.56109986084332,-1.13733095e-05,37.44956319413776,23.812270641326904,29.067308750287363,26.084401420961463
14.018705606460571,66,670000,24.944158792495728,0.11130094528198242,1737.8549418449402,0.005885421,9.039794445037842,100,1.8245916493946803,1.0837407112121582,33.18623549950997,-1.13337965e-05,36.79565350832876,23.748456716537476,27.161240333909596,25.802556830485877
13.90717887878418,67,680000,24.872359037399292,0.1561131477355957,1762.78910779953,-0.0020338544,9.035481452941895,100,1.9524069972151834,1.0812976360321045,33.3346256630452,-1.1286399e-05,37.29913548041586,23.634318828582764,28.41983592832528,25.86422293663043
14.257254123687744,68,690000,25.40973424911499,0.1191263198852539,1788.255419254303,-0.0023541006,9.245339155197144,100,1.8445090105321615,1.0698070526123047,33.152078567547136,-1.1253021e-05,37.309671914490416,24.220151901245117,25.828146243659155,25.711786921825343
14.029927730560303,69,700000,24.966795444488525,0.11878681182861328,1813.290679693222,-0.0018536203,9.052665710449219,100,1.6742148701161024,1.0771067142486572,33.13817773615456,-1.1229942e-05,37.902490968041455,23.769994497299194,29.192632200721153,25.713117135750878
14.083029508590698,70,710000,25.03170108795166,0.1173086166381836,1838.3789501190186,-0.0031732765,9.054335594177246,100,1.7901243094737622,1.0914380550384521,33.27876058428123,-1.1197445e-05,37.59018724772578,23.822306871414185,28.79253660893295,25.8535970777899
14.0937020778656,71,720000,25.013020277023315,0.1120450496673584,1863.4520750045776,-0.00019111643,9.024246215820312,100,1.8131085883813114,1.0917210578918457,33.22887061539904,-1.1171004e-05,37.240778224044696,23.808587551116943,28.16551616219765,25.824769670190577
14.051323890686035,72,730000,25.026593685150146,0.11941719055175781,1888.534340620041,-0.0010118955,9.086638450622559,100,1.6992189475147936,1.0827717781066895,33.23047722491261,-1.113176e-05,36.70762441654784,23.823705434799194,29.005602013491632,25.79583173051804
14.025115489959717,73,740000,24.95438814163208,0.11251592636108398,1913.548496723175,-0.002397581,9.04831337928772,100,1.799733192530784,1.068570613861084,33.345422034088486,-1.1103566e-05,36.86927864079542,23.772512674331665,28.006858284923442,25.915154989251963
14.064382553100586,74,750000,25.021477222442627,0.10986757278442383,1938.6354370117188,-0.00095499237,9.06821060180664,100,1.7520133100308837,1.067225694656372,33.26162617786798,-1.1072989e-05,36.50092692250799,23.84385085105896,28.39392387047993,25.804336697600164
14.068073272705078,75,760000,25.014676570892334,0.11658000946044922,1963.7126212120056,0.0060931323,9.028579950332642,100,1.663217095641037,1.0931015014648438,33.38490326333643,-1.1057398e-05,36.97434812471251,23.80412483215332,29.159048008357434,25.93866723201364
14.164202451705933,76,770000,25.146913290023804,0.11428499221801758,1988.915822982788,0.0018404627,9.103835105895996,100,1.6188858374269568,1.0630462169647217,33.8588262346327,-1.1017564e-05,36.7476887731308,23.968974113464355,28.596867171890292,26.388121251577378
14.002383708953857,77,780000,24.95532989501953,0.10966110229492188,2013.9329705238342,-0.0002545388,9.065960168838501,100,1.6423258941103591,1.0781500339508057,33.605980498516104,-1.101361e-05,36.85450949647183,23.76689577102661,28.721109019779146,26.122975257748834
14.085132598876953,78,790000,25.0609130859375,0.1241915225982666,2039.0571057796478,-0.0022438762,9.086779832839966,100,1.6839179148265293,1.076099157333374,33.77856894845244,-1.0991001e-05,37.14529020892665,23.860068559646606,29.064992780430675,26.213595913251527
14.023960828781128,79,800000,24.912216663360596,0.11934423446655273,2064.0261659622192,-0.002541737,9.004010915756226,100,1.4305731119699092,1.0718193054199219,34.12623488950912,-1.095226e-05,37.573139615298736,23.720439434051514,30.581487406952466,26.558683730234602
13.978116512298584,80,810000,24.947497367858887,0.11115479469299316,2089.0350999832153,-0.0017420305,9.103135824203491,100,1.860392951812389,1.0659635066986084,33.87824899006545,-1.0928021e-05,37.712247461819,23.769819021224976,29.478066957012903,26.287055649487478
14.033409118652344,81,820000,24.947482109069824,0.10907340049743652,2114.037937402725,-0.0018357104,9.030400514602661,100,1.5818425525270448,1.0836822986602783,33.677800162966044,-1.0886345e-05,37.13299907891393,23.75404381752014,29.390066716207684,26.139229817264564
13.93969178199768,82,830000,24.91099762916565,0.10674548149108887,2139.006689786911,-0.003548789,9.101429462432861,100,1.6874726653663765,1.0739853382110596,34.16987396161722,-1.0857302e-05,37.25934315306143,23.72953987121582,26.082337393836646,26.56856251598901
14.032798528671265,83,840000,24.934016227722168,0.11266636848449707,2164.0038583278656,-0.001509944,9.03139591217041,100,1.616028932632361,1.064394474029541,34.05602592498447,-1.0808355e-05,37.931952893520574,23.756049633026123,29.641687172070736,26.464309215686498
14.11988615989685,84,850000,25.10234308242798,0.11357617378234863,2189.1685626506805,-0.0011061953,9.075813055038452,100,1.5813552228486074,1.0979080200195312,34.07873558937013,-1.0756511e-05,36.97042098929039,23.89011859893799,30.41388043998518,26.48355815891568
14.065925598144531,85,860000,24.973490715026855,0.11542224884033203,2214.2028799057007,0.0016689858,9.020570516586304,100,1.5822366120102302,1.086411952972412,34.16791310245484,-1.07301075e-05,37.826649427374754,23.770585298538208,30.079668462733206,26.587662493486295
13.965720176696777,86,870000,24.961480379104614,0.12752962112426758,2239.222053527832,-0.00046897438,9.095782995223999,100,1.4385274171419262,1.0814952850341797,34.11913896231203,-1.0681129e-05,38.518774872306935,23.75174593925476,29.747554534298377,26.48036267962492
14.082504272460938,87,880000,24.93942666053772,0.11085319519042969,2264.222691297531,0.005015944,9.001840829849243,100,1.3193461915329423,1.063664436340332,34.28616255070634,-1.065528e-05,37.6844241052684,23.764339923858643,30.883415045703938,26.62688016095433
14.013954639434814,88,890000,24.982412815093994,0.11975526809692383,2289.270030975342,0.009214401,9.047357320785522,100,1.5401609700290662,1.1019043922424316,34.31525209467152,-1.0616496e-05,37.84964965282333,23.75981378555298,31.17137176475205,26.614074577750795
14.492597818374634,89,900000,25.62938380241394,0.11977100372314453,2314.961481809616,0.00011669291,9.252531051635742,100,1.84341968508232,1.046074628829956,33.68723458607138,-1.0581467e-05,37.94189096447543,24.46274709701538,28.15008923289401,26.022627304528747
13.9711172580719,90,910000,24.882401704788208,0.14875316619873047,2339.905445575714,-0.000600028,9.01402497291565,100,1.9342901356409539,1.0544536113739014,33.42781820629754,-1.0537931e-05,36.966593768270975,23.678431510925293,28.2152391060329,25.807759493878486
13.996390581130981,91,920000,24.90475368499756,0.14098644256591797,2364.8725683689117,-0.0028435036,8.997077941894531,100,1.9860002450849847,1.0768134593963623,33.47487851982157,-1.0515381e-05,37.29069199712254,23.686256170272827,25.535093702800996,25.852592687893974
14.053118705749512,92,930000,25.01048707962036,0.1141808032989502,2389.945989370346,-0.00083214336,9.04609990119934,100,1.71009717509627,1.0801606178283691,33.9890749340163,-1.0469248e-05,37.34410877535195,23.815423727035522,29.316069671629577,26.322963426770137
14.081489324569702,93,940000,25.008887767791748,0.11865663528442383,2415.0162422657013,-0.002238304,9.050183296203613,100,1.8255371297838838,1.0708460807800293,34.36459286416841,-1.0437727e-05,38.052462720971455,23.81870460510254,28.50469000980266,26.655892441015578
14.180470705032349,94,950000,25.139994859695435,0.11691164970397949,2440.2204036712646,-0.0017842662,9.053322315216064,100,1.659867910430606,1.0926487445831299,34.07946806767642,-1.0414951e-05,37.35822377885993,23.929745197296143,28.663822991924345,26.383967333799692
14.106975793838501,95,960000,25.018682718276978,0.13950562477111816,2465.301578760147,-0.0026956769,9.014256238937378,100,1.8754402069819673,1.070556640625,33.97980010480034,-1.0376079e-05,37.97525172816371,23.80796194076538,28.48719912938497,26.330182424503825
14.072568893432617,96,970000,25.022210121154785,0.10689783096313477,2490.3862011432648,0.0026728415,9.07171106338501,100,1.4028276201667962,1.0755248069763184,34.32045584408579,-1.0346434e-05,37.20084184897851,23.839012622833252,30.95227277588336,26.66316625999819
14.04886531829834,97,980000,24.88489007949829,0.11325645446777344,2515.334127187729,-0.0010970625,8.967058420181274,100,1.6926861733039182,1.0648119449615479,34.02666388245823,-1.0323763e-05,38.18234949527211,23.706077575683594,28.922122446054313,26.351469088470544
13.994604587554932,98,990000,24.919666051864624,0.11630964279174805,2540.3138422966003,-0.0013249986,9.021517515182495,100,1.7023622454800933,1.080216884613037,34.088052660665745,-1.0304015e-05,37.38340681256716,23.72242307662964,29.510991041028095,26.452827003708872
14.074910640716553,99,1000000,24.939084768295288,0.11245155334472656,2565.309782743454,-0.0030777205,9.000513315200806,100,1.9078429880039158,1.067765235900879,33.844534967997774,-1.02771855e-05,38.63319862226233,23.758186101913452,29.396073873986538,26.26952641720837
13.992054462432861,100,1010000,24.90580654144287,0.11396002769470215,2590.2786436080933,-0.0011714825,9.033013582229614,100,1.5885382693925478,1.070326566696167,34.136661459322774,-1.0252172e-05,38.234904584030865,23.720577239990234,30.744778102910537,26.5317768257181
14.075849533081055,101,1020000,24.979761123657227,0.10998845100402832,2615.3180425167084,-0.001753527,9.002060174942017,100,1.8453598441315227,1.08951735496521,33.99117226491842,-1.0233717e-05,38.35475967216569,23.77948498725891,30.06247019138689,26.35889821483822
14.009607076644897,102,1030000,24.868423461914062,0.11500024795532227,2640.248247861862,-0.0022314542,8.976283550262451,100,1.6617360673019814,1.0763976573944092,34.23962288039067,-1.0196623e-05,37.5322941788935,23.676414251327515,29.54985962264823,26.59493810608048
14.03878378868103,103,1040000,25.01265048980713,0.14612936973571777,2665.3200657367706,-0.0022005981,9.042043685913086,100,1.7374105653869507,1.0927479267120361,34.464505509190055,-1.0179649e-05,37.72556263880583,23.773127794265747,28.618049400151374,26.806461099851344
14.02558946609497,104,1050000,24.885265588760376,0.10919880867004395,2690.2620787620544,-0.0010720326,8.991177082061768,100,1.734260770526871,1.0689408779144287,34.21012736415382,-1.0145136e-05,37.48608243778479,23.706464290618896,28.833228369018766,26.602538453202136
14.03198766708374,105,1060000,24.971708059310913,0.1356494426727295,2715.2927594184875,0.0073445346,9.026553869247437,100,1.768090254662519,1.0859265327453613,33.94045109960862,-1.0135371e-05,37.89893031326871,23.7495276927948,28.354543105977484,26.347056679674168
13.950551509857178,106,1070000,24.85867166519165,0.11194610595703125,2740.212788105011,0.01103163,9.02750301361084,100,1.7168450663172603,1.083831548690796,33.89446455504509,-1.01244605e-05,37.18503827304743,23.661751985549927,27.36946268516125,26.237451756498412
14.033113479614258,107,1080000,24.94175410270691,0.12848305702209473,2765.2146396636963,0.02465337,9.024274826049805,100,1.8491506541965514,1.0684666633605957,33.99564019940383,-1.0092823e-05,37.00780402942532,23.744094610214233,28.602570030324483,26.3886927252647
14.082466840744019,108,1090000,24.992636680603027,0.11906290054321289,2790.2687072753906,0.009324888,9.020308494567871,100,1.5897220602396864,1.0778155326843262,34.25486407245298,-1.0078379e-05,38.36930865231915,23.795185565948486,30.68638969680081,26.640709080627285
13.98103380203247,109,1100000,24.931694507598877,0.11663269996643066,2815.258097410202,0.03841267,9.038785457611084,100,1.6370193675075997,1.0934944152832031,34.25586382214308,-1.00552725e-05,38.57595267102571,23.720826387405396,30.514304076007694,26.693431614454983
14.143600225448608,110,1110000,25.09866499900818,0.11287736892700195,2840.4165613651276,0.004111535,9.06573748588562,100,1.5550045200745422,1.08262300491333,33.87541520268041,-1.0041773e-05,37.14962704425546,23.902485609054565,29.36904174089373,26.357000681520898
13.959844827651978,111,1120000,24.85067343711853,0.11592864990234375,2865.3297080993652,0.011357595,9.015856504440308,100,1.4334422034765575,1.0626487731933594,34.23955166031116,-1.0011203e-05,37.57521050024157,23.671334505081177,29.628865560761625,26.614117022212696
14.072221279144287,112,1130000,25.072317361831665,0.12163996696472168,2890.4560770988464,0.007029654,9.077038288116455,100,1.3873677208238393,1.090972900390625,34.630274400742664,-9.999098e-06,37.61089143448185,23.85907530784607,30.11254827233903,26.979197009752074
13.920059204101562,113,1140000,24.85231614112854,0.11689615249633789,2915.3692190647125,-0.0022832435,9.052549839019775,100,1.4003929590400432,1.0719754695892334,34.20983932876048,-9.972902e-06,37.385027216972766,23.66272759437561,31.076783829152255,26.578658984609973
13.956390619277954,114,1150000,24.852064609527588,0.11862921714782715,2940.27943444252,-2.1213478e-05,9.025799751281738,100,1.5977943336044256,1.0573437213897705,34.40339041763986,-9.9289355e-06,38.09574507455166,23.675373554229736,30.91914560067534,26.75027420045656
14.129377126693726,115,1160000,25.07442331314087,0.12726306915283203,2965.4140560626984,0.0018803613,9.05164098739624,100,1.567318254560925,1.0797746181488037,34.74124249614976,-9.9235e-06,38.24894945090608,23.866562604904175,30.350704474915684,27.03260689210699
13.979182958602905,116,1170000,24.85897994041443,0.10980629920959473,2990.334163427353,-0.0019882966,9.007233142852783,100,1.5031736427541844,1.0763933658599854,34.35791793394249,-9.888301e-06,37.739349226389116,23.67208480834961,30.37621455908991,26.609323183660898
14.047897338867188,117,1180000,24.87908673286438,0.11352682113647461,3015.270789384842,0.00060216646,8.973508358001709,100,1.5903670353849741,1.0581319332122803,34.33273269771335,-9.857681e-06,39.16920678557311,23.706777811050415,30.640778782740814,26.61108919336797
13.948931455612183,118,1190000,24.95097041130066,0.19266438484191895,3040.28235912323,-0.0009144997,9.027760982513428,100,1.6582204621388812,1.0867831707000732,34.36337450837464,-9.837625e-06,38.85264948609704,23.67040181159973,29.2873749339196,26.65454476767336
13.898174285888672,119,1200000,24.99547028541565,0.214827299118042,3065.3354845046997,-0.0018986969,9.019306659698486,100,1.5678452112102552,1.1546940803527832,34.52183806980783,-9.813185e-06,38.10275067997475,23.624598503112793,31.24164890527595,26.819837343700225
13.715769290924072,120,1210000,25.09930968284607,0.1826462745666504,3090.497636795044,-0.002525224,8.957183122634888,100,1.6870602347108188,1.5589945316314697,34.376963267082715,-9.78854e-06,38.28462601702386,23.3561007976532,30.287110246891388,26.67039051526397
13.609148025512695,121,1220000,25.05562138557434,0.1090085506439209,3115.61799120903,-0.0016933746,8.924697160720825,100,1.53712203917962,1.7276651859283447,34.35107768728318,-9.760772e-06,37.89731207532916,23.218204021453857,31.288322563291135,26.666503281211188
13.651461839675903,122,1230000,24.788557529449463,0.10894775390625,3140.49396109581,0.0018892561,8.923215866088867,100,1.6661556908474204,1.430910587310791,34.30104994278004,-9.756375e-06,37.980469097572566,23.247812509536743,30.843695720233555,26.597249937404573
13.71871542930603,123,1240000,24.64377522468567,0.10768413543701172,3165.2171297073364,-0.0018426444,8.927924633026123,100,1.3898873572481631,1.2087969779968262,34.47044468743911,-9.747582e-06,37.00823622519622,23.325884580612183,30.49907751861866,26.735521467236648
13.953526020050049,124,1250000,24.895074129104614,0.10900545120239258,3190.1938552856445,0.0026806141,8.984221696853638,100,1.7920910533659173,1.1514990329742432,34.041009110327515,-9.741192e-06,38.63779462583219,23.63332200050354,30.01557413494818,26.34338483826515
14.078745126724243,125,1260000,24.951706647872925,0.11303973197937012,3215.2127227783203,-0.0006556865,9.009268999099731,100,1.4835935501434567,1.0677087306976318,34.40249455080595,-9.699189e-06,38.24919246585658,23.769737243652344,31.505635387752353,26.662828739556016
14.07156491279602,126,1270000,25.05652356147766,0.11582207679748535,3240.3360793590546,0.00054315216,9.098251819610596,100,1.4667567686491971,1.0832605361938477,34.78653774241214,-9.6938065e-06,38.34781955243084,23.85671877861023,31.04711457949706,27.04414731618902
14.012576818466187,127,1280000,24.892533779144287,0.11560344696044922,3265.290860891342,0.0023071186,9.01448655128479,100,1.4427713889356042,1.0527758598327637,34.413278750624215,-9.6662825e-06,37.373993542063815,23.723392486572266,30.50209497493321,26.673066140056502
13.947900772094727,128,1290000,24.93114447593689,0.11899542808532715,3290.2845849990845,0.0077975006,9.082150936126709,100,1.4999349763627408,1.0909972190856934,34.66170426365471,-9.620325e-06,37.692028072093805,23.720495462417603,31.201032939979623,26.868425874777135
14.079654455184937,129,1300000,24.980820178985596,0.11085963249206543,3315.331776857376,0.0017157962,9.046351671218872,100,1.5816714215459542,1.0482580661773682,34.74158380243027,-9.580384e-06,37.49150220894698,23.820977687835693,30.690534932463088,26.95275251595886
13.96163034439087,130,1310000,24.913644790649414,0.11588168144226074,3340.3117184638977,0.005192639,9.06426191329956,100,1.5456893534673617,1.083672046661377,34.56528426696954,-9.545536e-06,38.065190556696884,23.713346242904663,31.324950967254917,26.816303148236724
14.05880093574524,131,1320000,24.951780080795288,0.1152811050415039,3365.328072786331,0.0069386787,9.027061462402344,100,1.453481344184683,1.0503873825073242,34.7457473523078,-9.515268e-06,37.98699436279031,23.785362482070923,30.11761136283291,26.96397624530448
14.009361982345581,132,1330000,24.991958141326904,0.11255502700805664,3390.377878189087,-0.0016294547,9.105049848556519,100,1.2776256661408678,1.0705223083496094,34.73388071582153,-9.47168e-06,38.61015748834682,23.808266162872314,32.034270801008525,26.956425040444657
14.074648141860962,133,1340000,24.981282949447632,0.13458013534545898,3415.4194548130035,0.00021189038,9.03549075126648,100,1.277724683988693,1.0464296340942383,34.602920278224126,-9.421464e-06,38.02909832459327,23.79943013191223,31.54636939979616,26.85244687089758
13.992883205413818,134,1350000,24.935794830322266,0.13574957847595215,3440.414515733719,0.0019581423,9.063031911849976,100,1.242692770572983,1.0481526851654053,34.93732835627099,-9.404791e-06,38.065996475195455,23.75108242034912,31.954087630819824,27.187718986853046
14.054737091064453,135,1360000,24.97369623184204,0.11291813850402832,3465.4504318237305,0.0022228481,9.031446695327759,100,1.4320154901904965,1.0807819366455078,34.88829581960248,-9.35167e-06,38.158456448233224,23.779354333877563,30.457497833977726,27.13027271351601
14.099849462509155,136,1370000,25.030800819396973,0.10811305046081543,3490.5476417541504,0.0037216765,9.048829317092896,100,1.2305906073462425,1.0766987800598145,34.748344918043934,-9.320341e-06,37.717890965639945,23.845284700393677,31.88946294930754,26.94789666392884
14.146734952926636,137,1380000,25.138518810272217,0.11655497550964355,3515.7463846206665,0.00050371967,9.10665488243103,100,1.3588972560194224,1.0747058391571045,35.095866754514134,-9.289595e-06,38.15041803949901,23.946664094924927,31.568754564971094,27.27739258497286
14.185601711273193,138,1390000,25.10958981513977,0.11344575881958008,3540.9219620227814,0.00208867,9.08225417137146,100,1.282205164004619,1.0459480285644531,34.75480759145706,-9.285607e-06,37.53825459664592,23.949520587921143,30.933642367449036,26.9972693836873
14.071221828460693,139,1400000,24.96334743499756,0.11250853538513184,3565.9427406787872,-0.001676035,9.038051128387451,100,1.4101356751441894,1.0568323135375977,34.758465609160126,-9.256736e-06,37.846576088520585,23.793330430984497,30.377180783536005,27.019767049699944
14.22113561630249,140,1410000,25.412116050720215,0.11643695831298828,3591.42067360878,0.0018051364,9.29485273361206,100,1.3149615957846097,1.0718698501586914,34.93806089804368,-9.2266655e-06,37.344989714557,24.223100900650024,31.476628130712793,27.178709919897354
13.98803162574768,141,1420000,24.929054260253906,0.11136341094970703,3616.40763092041,-0.0018974212,9.048184156417847,100,1.5474546312754918,1.0871179103851318,34.791109520647915,-9.205381e-06,38.10470298558111,23.72992706298828,30.459354722157173,27.036618201101756
14.033504486083984,142,1430000,24.96207594871521,0.11163067817687988,3641.4249064922333,0.00056624337,9.035848140716553,100,1.48926329743579,1.0771119594573975,34.71837602680785,-9.196368e-06,38.083164192180696,23.772732496261597,30.91025683563151,26.964529011124753
13.977643251419067,143,1440000,24.917673587799072,0.11506819725036621,3666.403740644455,0.0016960743,9.058454275131226,100,1.3628487623478658,1.0724434852600098,34.65721536765355,-9.154699e-06,38.04840372081955,23.729511260986328,31.628191275605538,26.930396756203674
13.988785743713379,144,1450000,24.96814227104187,0.1208648681640625,3691.4341294765472,-0.0011974447,9.10688591003418,100,1.343634644857262,1.0548527240753174,35.055192670280924,-9.137422e-06,38.06680060881945,23.7918062210083,30.545856460410885,27.291542703241525
14.074500799179077,145,1460000,25.065938711166382,0.11311125755310059,3716.5689644813538,-0.0004328813,9.085524559020996,100,1.6638245092363926,1.0952472686767578,34.543455440454906,-9.09175e-06,38.129078110092166,23.856842279434204,29.184209622656603,26.82261326792724
14.091845512390137,146,1470000,25.065426111221313,0.12900066375732422,3741.69349193573,-0.0016376039,9.074827194213867,100,1.521954803610366,1.0693340301513672,34.68882677364841,-9.079489e-06,38.292911401675696,23.866344451904297,31.090314198314037,26.90997198058946
14.09406852722168,147,1480000,24.976222038269043,0.10736441612243652,3766.7320322990417,-0.0033438404,9.005587339401245,100,1.359078577764412,1.0743803977966309,34.91123454587139,-9.063227e-06,37.699196864203486,23.793861865997314,31.50675430182724,27.200248316115832
14.117984294891357,148,1490000,25.10750699043274,0.1365807056427002,3791.901190519333,-0.0016116205,9.053436279296875,100,1.4996181250960332,1.113837480545044,34.915190540226924,-9.018319e-06,39.042036999747,23.85647964477539,30.557487654284547,27.164689719101126
13.99918007850647,149,1500000,24.980084657669067,0.12207961082458496,3816.9523866176605,-0.0015393734,9.05973482131958,100,1.506108714344086,1.1007575988769531,34.965416471022586,-8.992287e-06,38.13587703818599,23.75523829460144,31.761349281536063,27.213452060200083
13.964319944381714,150,1510000,24.98908758163452,0.13481473922729492,3842.020681142807,-0.0015334092,8.994935512542725,100,1.4860221920047028,1.2052862644195557,34.95656614056175,-8.971416e-06,38.0500734895671,23.64740490913391,31.079179764894857,27.237761380253247
13.855908632278442,151,1520000,25.09848666191101,0.11428999900817871,3867.1983556747437,-0.000240206,8.991005420684814,100,1.4380219334605617,1.4440758228302002,35.12295496465595,-8.925748e-06,38.487001265349555,23.538997411727905,31.28321728272234,27.330101419720346
13.711235761642456,152,1530000,24.883800745010376,0.10741710662841797,3892.171003103256,-0.00047585525,8.945958375930786,100,1.3818342679229016,1.4331729412078857,34.81329899736684,-8.897261e-06,38.43874080523448,23.341952562332153,32.00774973314569,27.02010322705939
13.835224628448486,153,1540000,25.18584942817688,0.11384201049804688,3917.437830924988,-0.00011119015,8.94804334640503,100,1.3029082784791395,1.604360818862915,34.990419255516414,-8.861932e-06,37.67886973996925,23.46670389175415,31.57276713747034,27.253928326097306
13.704116106033325,154,1550000,25.176551342010498,0.1772758960723877,3942.704581975937,-0.0023307484,8.928251504898071,100,1.4470722247743033,1.6811625957489014,35.170437504676535,-8.848687e-06,38.00247616687555,23.315304279327393,31.151881625505357,27.49222941176799
13.768247842788696,155,1560000,25.076091289520264,0.18407344818115234,3967.8394091129303,-0.0013909223,8.982277393341064,100,1.4121566057323314,1.448228120803833,35.02339327926329,-8.824893e-06,38.055948173092844,23.442668914794922,30.274813787389146,27.309967826989915
13.855353116989136,156,1570000,24.976669549942017,0.15734577178955078,3992.8753402233124,-0.0012390598,8.985703229904175,100,1.4771008005404862,1.2737181186676025,34.98995885818453,-8.78607e-06,37.70103196469545,23.54353427886963,30.465192496816524,27.251628536548004
13.849031209945679,157,1580000,24.929046392440796,0.18157076835632324,4017.8669893741608,-0.0005917516,8.99402666091919,100,1.4001641798183762,1.192335605621338,34.93167543093134,-8.749472e-06,37.81329849170967,23.55347752571106,31.415190546955877,27.2207057248899
14.052623271942139,158,1590000,24.999563217163086,0.11403751373291016,4042.925060272217,-0.0013005938,9.06305193901062,100,1.3286269480375956,1.0785408020019531,34.838733325807446,-8.736947e-06,38.68890792066908,23.806324243545532,31.781602153651555,27.119465136903262
13.948927164077759,159,1600000,24.825013399124146,0.13130474090576172,4067.8134775161743,-0.0016637908,9.000066757202148,100,1.4018313347295186,1.0563545227050781,34.823913026561165,-8.701269e-06,37.46359860057476,23.63640284538269,30.57305632201271,27.133155601016178
14.098882675170898,160,1610000,25.044187784194946,0.12707114219665527,4092.917886734009,0.0011123968,9.067371845245361,100,1.3079926173137995,1.0628242492675781,34.985428796646254,-8.677888e-06,37.52634296314287,23.853575468063354,31.55172906664821,27.28646909227127
14.016876220703125,161,1620000,24.93734383583069,0.1253678798675537,4117.916615247726,0.0023169047,9.017961025238037,100,1.4492743423981145,1.081822156906128,34.73277447605738,-8.652286e-06,38.72748796448211,23.729320287704468,30.23847186945806,27.04182184566153
14.030049324035645,162,1630000,24.929063320159912,0.14429163932800293,4142.904052495956,-0.0007456754,9.011216878890991,100,1.2719222663408811,1.0490543842315674,34.67451535859174,-8.623284e-06,37.168027719642915,23.73514199256897,31.883900852516028,27.00495135878103
13.986078262329102,163,1640000,24.92124056816101,0.14716696739196777,4167.88522195816,0.00088482583,9.016003370285034,100,1.3912385845958792,1.080942153930664,34.71518795882843,-8.582259e-06,37.610672383907776,23.69239044189453,30.43117506767867,27.081687795247245
14.104844093322754,164,1650000,25.04124164581299,0.11712479591369629,4192.984465122223,-0.00070632325,9.052636861801147,100,1.6014726279391767,1.0722815990447998,34.65805366932193,-8.546744e-06,37.71220211412575,23.85123562812805,29.761531913049595,27.0201134352704
14.0367112159729,165,1660000,24.93153405189514,0.10806083679199219,4217.976190805435,-0.000106723935,9.033623456954956,100,1.551427187048879,1.0615971088409424,34.80116671786604,-8.500648e-06,38.34302445029464,23.761059999465942,30.838963451735186,27.139993291712287
14.04822039604187,166,1670000,24.953593254089355,0.12625360488891602,4242.994449853897,0.00582972,9.032505512237549,100,1.4276408037822819,1.0554895401000977,34.7689850751654,-8.4954845e-06,38.016576977807865,23.7712562084198,29.392409410630055,27.1152537835215
14.05926775932312,167,1680000,24.966633081436157,0.11291313171386719,4268.018210172653,-0.001709528,9.011502504348755,100,1.4315827720184005,1.0916571617126465,34.42606184898941,-8.475806e-06,38.02675045824438,23.76137685775757,30.931256778826555,26.757540249956474
14.049366474151611,168,1690000,24.98603081703186,0.10797953605651855,4293.064819574356,-0.0021775176,9.06106686592102,100,1.6639586389074152,1.070460557937622,34.63413684108808,-8.469104e-06,37.65140601320738,23.80705189704895,29.58302343171019,26.97548031066567
14.099608182907104,169,1700000,25.07452917098999,0.14351558685302734,4318.199458122253,-3.6411777e-05,9.047763586044312,100,1.440957679878532,1.0957698822021484,34.53764144663335,-8.454906e-06,36.94571919313853,23.834065198898315,31.176500534144274,26.88326069078879
14.04813551902771,170,1710000,24.93931770324707,0.1120443344116211,4343.199674129486,-0.0023281428,9.007255554199219,100,1.6472157240019876,1.0813891887664795,34.643558030773995,-8.418001e-06,37.72841771262685,23.745336532592773,29.778622856595643,26.990711410594937
14.088014602661133,171,1720000,24.97213888168335,0.13984322547912598,4368.232148885727,-0.0019066719,8.979172229766846,100,1.6628377888346462,1.076287031173706,34.58414962189365,-8.391821e-06,37.82282038784523,23.755266666412354,28.88444155667238,26.91554096502275
14.135443925857544,172,1730000,25.04672908782959,0.11204290390014648,4393.341249227524,0.0048679663,9.05371904373169,100,1.4382850597338193,1.048449993133545,34.838029703209315,-8.369457e-06,37.9450961763847,23.885526180267334,30.83375633163165,27.145653800170553
14.064578771591187,173,1740000,24.983487367630005,0.10943222045898438,4418.384684801102,0.025015445,9.027271747589111,100,1.447016657793141,1.0829670429229736,34.96847805608871,-8.369696e-06,38.34899883981728,23.7903995513916,30.30632288749222,27.230447039640854
14.02443242073059,174,1750000,24.964219570159912,0.11947131156921387,4443.415518760681,0.019014578,9.067907333374023,100,1.471326733270276,1.056588888168335,34.890957559866635,-8.344342e-06,38.4760878140602,23.787571668624878,31.53766311573718,27.14872099166932
14.166669368743896,175,1760000,25.106205224990845,0.1283426284790039,4468.580451250076,0.008618661,9.058983325958252,100,1.5114762590781508,1.0585603713989258,34.92824906878897,-8.345085e-06,38.117750591435126,23.918691873550415,30.53813757344722,27.174799708910008
14.072276830673218,176,1770000,25.024006605148315,0.1139216423034668,4493.664523839951,0.010046717,9.07508897781372,100,1.189483500116722,1.0658831596374512,34.86000494489671,-8.314642e-06,37.60595300241539,23.843477964401245,31.325872784506924,27.142509629858846
14.013332843780518,177,1780000,24.979934692382812,0.10984253883361816,4518.7019872665405,0.017150618,9.077135801315308,100,1.1852970373232414,1.0913276672363281,34.773671381612175,-8.300147e-06,37.02128682410292,23.778006553649902,31.8242711171657,27.04495898560853
13.987995862960815,178,1790000,24.9622585773468,0.15001773834228516,4543.723763227463,0.00022454048,9.082332372665405,100,1.1045156551309825,1.0514330863952637,34.93299491919483,-8.276016e-06,37.75791446632646,23.760199308395386,32.66847327258053,27.187964361858217
14.001737594604492,179,1800000,24.92419171333313,0.10782003402709961,4568.707880020142,0.007666518,9.025442838668823,100,1.1971831638241819,1.0898618698120117,35.01880924715073,-8.243792e-06,37.560788201007526,23.725732803344727,32.277752941435985,27.285303934974692
14.077783346176147,180,1810000,25.07242250442505,0.12359762191772461,4593.83766245842,0.005225735,9.100802183151245,100,1.3365113096230161,1.0855705738067627,35.13606255033363,-8.224401e-06,37.76936927545874,23.862502336502075,31.712989852980833,27.353804613497697
13.961304903030396,181,1820000,24.95739221572876,0.14157342910766602,4618.8521900177,0.0015254607,9.089160919189453,100,1.2923900753459852,1.0722360610961914,34.9509676705453,-8.211194e-06,38.085318172478296,23.742894172668457,30.20841892106449,27.176200398821848
14.179952621459961,182,1830000,25.182235717773438,0.11363816261291504,4644.094999790192,0.0027162347,9.122089385986328,100,1.3710961053097204,1.0742487907409668,35.02933455105102,-8.18951e-06,38.38815967689592,23.99320077896118,30.661753428977992,27.194747634260544
14.069173336029053,183,1840000,24.962352514266968,0.10843324661254883,4669.118020057678,0.002671504,9.0437912940979,100,1.409905407820581,1.0535831451416016,35.19670349328532,-8.161042e-06,37.79568011385898,23.79971742630005,30.63491723079616,27.332677889572132
14.062319278717041,184,1850000,25.056950092315674,0.13051342964172363,4694.2357614040375,0.0031357307,9.085839986801147,100,1.3748999325150155,1.091615915298462,35.24079723549051,-8.137748e-06,38.63635710326744,23.834156274795532,31.917713462414167,27.42599398570746
13.98225212097168,185,1860000,24.880364894866943,0.11655616760253906,4719.1839427948,-0.00012661259,8.999363422393799,100,1.3156877554122408,1.06504487991333,35.18684402049113,-8.068128e-06,37.82006409921287,23.698060035705566,32.20927614482728,27.34414094879246
14.012049913406372,186,1870000,25.022943258285522,0.1410222053527832,4744.27038359642,0.0067473208,9.107869625091553,100,1.3085394408879918,1.068251371383667,35.13371787344986,-8.052567e-06,37.94752542279076,23.81297755241394,32.028469820580135,27.329650574522148
14.091715097427368,187,1880000,25.016560316085815,0.11322975158691406,4769.344662904739,0.0032127053,9.05035662651062,100,1.4580787672926363,1.0637407302856445,35.18088825440764,-7.9956735e-06,38.55927598228257,23.83897590637207,30.53683067122896,27.319109670299184
14.09595274925232,188,1890000,25.08157515525818,0.11532902717590332,4794.486225605011,0.0043072277,9.101360082626343,100,1.4527523153181772,1.0810632705688477,34.89911509523071,-7.964276e-06,38.55117814161468,23.884554147720337,31.23224133837233,27.079257090252472
14.088553667068481,189,1900000,25.086838722229004,0.10909390449523926,4819.631667852402,0.0057585225,9.085680961608887,100,1.510435762119726,1.1037652492523193,35.112728950709496,-7.945547e-06,37.966199230592444,23.87326169013977,31.54656573283112,27.235263032948623
13.999794960021973,190,1910000,24.93375277519226,0.1150965690612793,4844.624269962311,0.0033706564,9.031162738800049,100,1.465212622143861,1.0864548683166504,35.203140577329805,-7.901913e-06,38.537135482528605,23.731409072875977,32.22605830027095,27.318031252131714
14.102155923843384,191,1920000,25.047719478607178,0.12865853309631348,4869.739137649536,0.003845767,9.049852848052979,100,1.3899228667431376,1.0777006149291992,35.466327336852494,-7.8706e-06,38.53943391865447,23.840662240982056,32.32488829790211,27.59823444147007
14.07728624343872,192,1930000,25.025548934936523,0.11477279663085938,4894.823037385941,-0.0012572671,9.04919958114624,100,1.4239541286584887,1.0951900482177734,35.568801162258076,-7.828846e-06,38.77539896358785,23.814954042434692,31.371596139069936,27.664904009299956
14.078736305236816,193,1940000,24.969813585281372,0.11284160614013672,4919.858053445816,0.004519761,8.998103141784668,100,1.4013488476766192,1.0969247817993164,35.43524387910095,-7.793457e-06,38.1146270543278,23.759294748306274,31.649315576280525,27.549771310811774
14.012140035629272,194,1950000,24.869892120361328,0.10913538932800293,4944.786850690842,0.004928181,9.016613721847534,100,1.3048430455648141,1.0444622039794922,35.11184170194369,-7.774133e-06,37.76225845779672,23.715593099594116,30.912825162489806,27.25952527790844
14.10629916191101,195,1960000,25.017338752746582,0.1108543872833252,4969.863750457764,0.0027498743,9.042555332183838,100,1.2667322386443556,1.0686001777648926,35.49571976105941,-7.754893e-06,37.82413064695839,23.83721899986267,32.289263515091534,27.638132578606374
14.069624185562134,196,1970000,24.98411273956299,0.11626029014587402,4994.910090923309,0.006854698,9.059374809265137,100,1.447834091977567,1.0509352684020996,35.163014420003364,-7.727701e-06,38.060312580452816,23.816163063049316,31.407262324073752,27.294319869064147
14.005581140518188,197,1980000,24.97054386138916,0.13931989669799805,5019.946476697922,0.00037559005,9.039485931396484,100,1.336617785934963,1.0951762199401855,35.21821868909349,-7.699693e-06,38.27908052475973,23.735255002975464,31.565339880245038,27.311993167011803
13.98856782913208,198,1990000,24.895498514175415,0.1379082202911377,5044.906025886536,0.0009373217,9.010584115982056,100,1.4120323212594272,1.0658447742462158,35.348443136180734,-7.693206e-06,38.111023769178644,23.69110083580017,30.543088735016887,27.48912611694709
13.951783895492554,199,2000000,24.92186450958252,0.1258707046508789,5069.885723590851,0.011780351,9.060349941253662,100,1.231706772096462,1.0883207321166992,35.20956908190811,-7.655855e-06,37.98057237769854,23.706751585006714,32.09684921274536,27.391851192793016
13.93394160270691,200,2010000,24.879433631896973,0.1150972843170166,5094.821608304977,0.023971116,9.05752420425415,100,1.3809020332012376,1.0772030353546143,35.54254589923143,-7.637923e-06,38.21364955929315,23.68636441230774,31.86627145541751,27.643627835502556
14.118545770645142,201,2020000,25.070871591567993,0.11238598823547363,5119.953984498978,0.00866274,9.047762155532837,100,1.330565159826373,1.0860528945922852,35.38085224027228,-7.582382e-06,38.83023518543898,23.871475219726562,32.121970583240206,27.51079105572969
13.92834186553955,202,2030000,24.86009120941162,0.11466050148010254,5144.878206729889,0.0074582538,9.038114309310913,100,1.4451404534615406,1.0747852325439453,35.478505887908995,-7.573366e-06,38.523062466359136,23.670082092285156,31.385376305392974,27.58299525421513
14.130064725875854,203,2040000,25.301713228225708,0.1448509693145752,5170.239103555679,0.003586442,9.062535762786865,100,1.4526439037935717,1.2701115608215332,35.258387312972985,-7.5440953e-06,38.51282603845985,23.886021614074707,31.676932873296604,27.365108177198543
14.23946237564087,204,2050000,25.39581298828125,0.11057686805725098,5195.698762655258,-0.0018449371,9.213001489639282,100,1.6349379753478186,1.135380744934082,35.04823048908647,-7.5090425e-06,38.90756780458831,24.14914059638977,30.581767271549804,27.16085466789309
13.954918384552002,205,2060000,24.833484172821045,0.1177823543548584,5220.596413612366,-0.0042052134,9.012555360794067,100,1.4487874916252241,1.0628750324249268,35.0693307681315,-7.47215e-06,38.80954283392175,23.652042627334595,31.27641126072369,27.20305983690441
14.08770751953125,206,2070000,24.977850437164307,0.11301398277282715,5245.634979486465,0.002572291,9.031307220458984,100,1.5004681205574621,1.0482110977172852,35.19801949935773,-7.4470977e-06,38.38760011550495,23.815937995910645,30.52401937876406,27.34074987204243
14.045618534088135,207,2080000,24.97012495994568,0.13424205780029297,5270.666474103928,0.0018147471,9.043003797531128,100,1.217719062735224,1.0531847476959229,35.281002982689365,-7.4209306e-06,38.410669474012565,23.78199005126953,31.78073300416635,27.38735310789082
13.972830295562744,208,2090000,24.85537600517273,0.1196451187133789,5295.58108663559,0.0029292484,9.004488706588745,100,1.501169493857305,1.070500373840332,35.21850924102448,-7.414758e-06,39.095781518038024,23.66448450088501,31.57742533766687,27.31203797198174
14.011977910995483,209,2100000,24.890839099884033,0.11039876937866211,5320.533448219299,0.0014428932,9.000642538070679,100,1.3574362517122758,1.076601505279541,35.096706611507685,-7.3817046e-06,38.000493490603475,23.70316219329834,31.569222947938822,27.211116714097866
14.094177484512329,210,2110000,24.981846809387207,0.13100552558898926,5345.573299884796,-0.003192456,9.02922010421753,100,1.2684873293783656,1.0394325256347656,35.38524930754474,-7.370789e-06,38.2618389997897,23.810816049575806,32.10279922071578,27.468446460358336
14.101335763931274,211,2120000,24.983684301376343,0.11358428001403809,5370.6156532764435,0.0032368614,8.998381614685059,100,1.5653063739531028,1.0740089416503906,35.18017153335341,-7.3536835e-06,38.27009413078244,23.795549392700195,29.832867716945596,27.27312996087664
14.223597049713135,212,2130000,25.212390184402466,0.11903667449951172,5395.89088344574,0.0013670161,9.108633995056152,100,1.235648363457301,1.0759098529815674,35.27290817425814,-7.3105034e-06,38.08181969542822,24.01667356491089,32.1125802686258,27.396363778873592
14.374821662902832,213,2140000,25.5689218044281,0.15511512756347656,5421.522452116013,-0.0014427486,9.220637798309326,100,1.2962814968616303,1.0834379196166992,35.31474293352501,-7.299461e-06,38.0186468940819,24.329739809036255,31.578403030557197,27.434546659127545
14.094617128372192,214,2150000,25.024300575256348,0.12964797019958496,5446.607841730118,-0.0032109607,9.016642570495605,100,1.3796760558525807,1.1013600826263428,35.297350253989556,-7.2756393e-06,37.91657389026437,23.7927029132843,32.37745606381292,27.41517168511798
13.984975099563599,215,2160000,24.940872192382812,0.12498211860656738,5471.610321044922,-0.0011667577,9.03663182258606,100,1.3191549593782828,1.1040942668914795,35.28988946759824,-7.2314074e-06,38.451670898194294,23.711031198501587,32.14581514504828,27.392468028642114
14.094640731811523,216,2170000,25.037933111190796,0.11273503303527832,5496.706819295883,0.0013952984,9.063570976257324,100,1.2792154234352007,1.0748701095581055,35.62065947226595,-7.179679e-06,38.713535751701265,23.849788665771484,31.107082666216087,27.67248513251094
14.028909683227539,217,2180000,25.005800485610962,0.11447548866271973,5521.7740387916565,0.0039112475,9.11115312576294,100,1.3880311211368823,1.0655007362365723,35.543236578531335,-7.1617274e-06,38.82936791474219,23.825044631958008,32.1545794464296,27.60076250021213
14.198294639587402,218,2190000,25.159719467163086,0.13568520545959473,5546.997537136078,0.0037363942,9.042899131774902,100,1.3909122661947964,1.0848102569580078,35.421761889751814,-7.1246354e-06,38.481320946149154,23.93860673904419,31.963233768852348,27.515983529564934
14.114919662475586,219,2200000,25.07298707962036,0.10880184173583984,5572.129661560059,0.00023527816,9.045915126800537,100,1.2622107075462834,1.1060986518859863,35.55992951495353,-7.107305e-06,38.32909544833913,23.85731840133667,31.220801989563707,27.639863437855784
14.063931941986084,220,2210000,24.945785760879517,0.11464691162109375,5597.13974905014,-0.0026064736,9.026176452636719,100,1.1862425904370233,1.0568547248840332,35.469037990386376,-7.0646033e-06,38.265743450592765,23.773618459701538,32.82586651394039,27.54677539425899
14.095062494277954,221,2220000,25.049214363098145,0.12020659446716309,5622.256529331207,0.0033751482,9.0896155834198,100,1.2356192783691469,1.0499777793884277,35.389226305614,-7.0580563e-06,38.410893882136996,23.8782856464386,32.19945847814133,27.523798497225776
13.954362392425537,222,2230000,24.957393646240234,0.1450796127319336,5647.272398710251,0.008094999,9.053885459899902,100,1.3846493085651428,1.1048297882080078,35.68921429098582,-7.004579e-06,39.17635452539676,23.70689868927002,32.40251279016828,27.749227629666326
14.001536130905151,223,2240000,24.896662950515747,0.10865640640258789,5672.236048936844,0.00072164676,9.03253984451294,100,1.2851254713183962,1.058304786682129,35.36434636699895,-6.960823e-06,37.96703896526956,23.729038953781128,31.727892272094728,27.413523622447784
13.920195817947388,224,2250000,24.961178064346313,0.13670086860656738,5697.257387638092,0.0012045528,9.109115839004517,100,1.4270473811685056,1.1011619567871094,35.12499744960316,-6.9119587e-06,38.56096864195909,23.722596645355225,31.646721726281665,27.249699144737516
14.03625750541687,225,2260000,24.93924570083618,0.11249423027038574,5722.259978055954,-0.001762121,9.01382327079773,100,1.4441099088954157,1.0675363540649414,35.48859286285346,-6.88246e-06,38.38421217660557,23.7585551738739,31.666393241204023,27.563914730994902
14.035280704498291,226,2270000,24.91840362548828,0.11581635475158691,5747.240362405777,-0.0023285726,8.986153841018677,100,1.2610538538604028,1.0866875648498535,35.334530082100386,-6.840192e-06,37.610483862995956,23.715194940567017,32.13867777119127,27.42576698663589
14.067949056625366,227,2280000,24.98004651069641,0.12415432929992676,5772.280947685242,0.009676597,9.026023387908936,100,1.3311099796093708,1.0672433376312256,35.512271675692496,-6.8078803e-06,38.95201360392441,23.78805947303772,32.642508869939725,27.59423871985136
14.219614028930664,228,2290000,25.29528045654297,0.12339615821838379,5797.6358008384705,0.00091534405,9.136347532272339,100,1.288647021057099,1.1149320602416992,35.44365981011978,-6.7623055e-06,38.2006353635046,24.056281089782715,32.2920668829639,27.557513426987708
14.096297025680542,229,2300000,25.022221326828003,0.11701655387878418,5822.721113920212,0.0024776692,9.049996376037598,100,1.2744802755882239,1.0684669017791748,35.53002202428092,-6.7533515e-06,37.901655378772446,23.835958242416382,32.4913038061298,27.666971533674726
14.148048162460327,230,2310000,25.09610629081726,0.10994863510131836,5847.8798391819,0.00120446,9.103983640670776,100,1.1435570316730401,1.0412330627441406,35.488217775605996,-6.7256137e-06,38.04811943362127,23.943926095962524,32.31854166503955,27.62935902540987
13.96203064918518,231,2320000,24.901910543441772,0.11538553237915039,5872.845513820648,0.0037539734,9.02001953125,100,1.2687710786257895,1.1165239810943604,35.663352090192056,-6.694936e-06,38.40274878081266,23.66930103302002,32.34351430231393,27.79216773643598
14.131385803222656,232,2330000,25.08341097831726,0.10942602157592773,5897.988972663879,0.0025736543,9.08256459236145,100,1.359248213761718,1.0704514980316162,35.61393552409605,-6.6998873e-06,39.01711580673358,23.902761697769165,32.550806765495906,27.73293628117314
13.9996817111969,233,2340000,24.932591676712036,0.14573931694030762,5922.9843673706055,0.0025548902,9.014943361282349,100,1.315149206359827,1.0892088413238525,35.22341291772914,-6.6866355e-06,38.26693855202777,23.696863651275635,31.978470456723525,27.402840928981572
14.000901460647583,234,2350000,24.94059944152832,0.11412763595581055,5947.987009525299,-0.0010652258,9.053000450134277,100,1.301930198847703,1.0789480209350586,35.352249773951684,-6.655572e-06,38.40567041941727,23.746810913085938,32.38918656404592,27.556904335344825
13.994137525558472,235,2360000,24.926893711090088,0.13886713981628418,5972.975834846497,-0.0016891916,9.026338577270508,100,1.1158357918419242,1.0703895092010498,35.20797800502126,-6.6393077e-06,37.67981670803863,23.716891527175903,32.47174436017256,27.42743541633979
14.01610279083252,236,2370000,24.933398008346558,0.11307954788208008,5997.968147277832,0.0010127882,9.05150055885315,100,1.224541519004878,1.0605363845825195,35.394879409509755,-6.6090997e-06,38.34982782971143,23.759203672409058,32.129502354093574,27.580469577909025
14.036553144454956,237,2380000,24.9327232837677,0.11186933517456055,6022.962128639221,-0.00054286316,9.03900933265686,100,1.2236705543068633,1.0560615062713623,35.34571022946561,-6.575416e-06,37.704746977727275,23.764219522476196,32.8588346515957,27.51175322435523
13.961883068084717,238,2390000,24.853408813476562,0.11361503601074219,6047.8726642131805,0.0026834924,9.022552490234375,100,1.2617916362239523,1.067333698272705,35.677132868933484,-6.541713e-06,38.03355704379351,23.67178511619568,32.5887592936847,27.84565490474766
14.081841468811035,239,2400000,25.00287652015686,0.11806702613830566,6072.934681415558,0.0017968654,9.014424324035645,100,1.1586937911388673,1.0929539203643799,35.516953891029644,-6.5189274e-06,38.12605313693339,23.791163682937622,33.0217591274702,27.656632346790115
14.05589246749878,240,2410000,24.955506324768066,0.11674261093139648,6097.949565410614,0.00077109324,9.027387380599976,100,1.2187054564502708,1.0725719928741455,35.568247891269124,-6.472332e-06,38.516950317070844,23.765370845794678,32.283111756495636,27.788010136848996
14.04027509689331,241,2420000,24.953415155410767,0.14389991760253906,6122.960288524628,0.0026496174,8.995455026626587,100,1.182669474732982,1.0836620330810547,35.467481309664,-6.4446685e-06,38.20263920125999,23.725202322006226,33.23796112623752,27.671468651763867
14.046894788742065,242,2430000,25.01244020462036,0.1200711727142334,6148.033815860748,0.0008129903,9.084725618362427,100,1.1400462324149714,1.065061092376709,35.502198817499504,-6.3836883e-06,37.922882539347796,23.82668137550354,32.29851870254574,27.695802550558128
14.020118474960327,243,2440000,24.89192295074463,0.10885119438171387,6172.9854102134705,0.0013135842,8.977612018585205,100,1.2153743033595201,1.1013500690460205,35.163220224799694,-6.348338e-06,37.508888584418735,23.681063890457153,31.95045694200012,27.374509404339587
14.003549575805664,244,2450000,24.937614679336548,0.11874532699584961,6197.984786748886,0.0046131406,9.047265768051147,100,1.2835536225755786,1.0594890117645264,35.223122324558254,-6.3210086e-06,38.13523244045802,23.75864338874817,32.06365237520601,27.454474036894254
14.04427433013916,245,2460000,24.91879677772522,0.1170964241027832,6222.9640102386475,0.009713014,8.998841762542725,100,1.219605820229511,1.0719094276428223,35.335268800477365,-6.29441e-06,38.79382466311361,23.729084014892578,31.829428683910727,27.518649179750334
13.968746900558472,246,2470000,24.856425285339355,0.12906360626220703,6247.876926898956,0.0036426447,8.989123582839966,100,1.356787697571983,1.0853314399719238,35.56673101734866,-6.264576e-06,38.65967778735861,23.64139413833618,32.390463779945215,27.686378911806905
13.936732769012451,247,2480000,24.860143899917603,0.14573907852172852,6272.799829006195,0.012941925,9.027443647384644,100,1.196695773758721,1.0597867965698242,35.56106945263805,-6.2397703e-06,38.15744582459928,23.653865814208984,32.61840429231416,27.68230550147353
14.091140031814575,248,2490000,25.045281887054443,0.12790393829345703,6297.90124797821,0.0017844529,9.055314540863037,100,1.2378617650181232,1.075261116027832,35.63773437015058,-6.186423e-06,39.04915944773702,23.841444492340088,32.76987874915313,27.747386984998396
13.947253227233887,249,2500000,24.864682912826538,0.10977482795715332,6322.825058221817,0.0028106826,9.026252269744873,100,1.2593337511303655,1.0733642578125,35.750381759330075,-6.1628916e-06,38.26386352458008,23.68094539642334,31.908157031667308,27.831740696183015
14.013747930526733,250,2510000,24.968023538589478,0.10791230201721191,6347.853430747986,0.012674313,9.064445734024048,100,1.348684485845058,1.087775707244873,35.57519463331436,-6.144797e-06,38.283430755922176,23.771660327911377,31.605961155599086,27.65536738031537
13.95352029800415,251,2520000,24.83089542388916,0.1139371395111084,6372.745009899139,0.007823386,8.997172832489014,100,1.2850170045698324,1.0727283954620361,35.54682902753917,-6.0983825e-06,39.17772796476678,23.643537521362305,32.95825531942631,27.638114424708974
14.090396165847778,252,2530000,25.100680351257324,0.11197400093078613,6397.906751394272,0.002784268,9.10597562789917,100,1.380685264977342,1.0794885158538818,35.47679431666318,-6.0794873e-06,38.732069181121126,23.908544540405273,32.1223184869514,27.602963927639415
13.986138105392456,253,2540000,24.827921867370605,0.12334489822387695,6422.797711133957,0.0033576223,8.960673809051514,100,1.215286203895125,1.0726263523101807,35.27325687918581,-6.0610246e-06,37.873855123901244,23.631250619888306,32.558079724810405,27.464183575621224
14.03668761253357,254,2550000,24.95609736442566,0.14454102516174316,6447.8162615299225,0.0002206027,9.008071184158325,100,1.3204985188808953,1.0763335227966309,35.27110227488581,-6.0474536e-06,37.969128395149546,23.734519958496094,30.985518899452824,27.430676339482737
13.976559400558472,255,2560000,24.90000081062317,0.11986351013183594,6472.773458242416,-0.0005747138,9.023491382598877,100,1.269817323938856,1.0849025249481201,35.5555951242335,-6.0272287e-06,38.19126446216049,23.694533348083496,33.197732498141455,27.721569254220206
14.013160705566406,256,2570000,24.919262170791626,0.11785292625427246,6497.76083111763,0.0045536477,9.044491291046143,100,1.2224267608282446,1.0629205703735352,35.21665120356863,-6.0001444e-06,38.478477544847365,23.737473487854004,32.60317933423663,27.40115824815949
14.109258651733398,257,2580000,24.965943574905396,0.10930395126342773,6522.788552284241,-0.0012350096,8.97702956199646,100,1.3491530814446475,1.0748355388641357,35.51979727950746,-6.0060547e-06,38.49847775167766,23.781178951263428,31.809466971160926,27.688747917783925
13.952714681625366,258,2590000,24.88232922554016,0.13063335418701172,6547.732757806778,0.0032907538,8.998021125793457,100,1.2755883155940746,1.108351469039917,35.33551789074406,-5.975306e-06,38.21616759660188,23.642460584640503,31.98808863024252,27.537881592681416
13.997392654418945,259,2600000,24.91533374786377,0.15330958366394043,6572.707144021988,-0.0011163682,9.009895086288452,100,1.2344693494897172,1.0650875568389893,35.43359079217083,-5.965525e-06,38.561522382154294,23.695911169052124,32.529048994420215,27.65194724575568
13.988625288009644,260,2610000,24.86285090446472,0.1112060546875,6597.632476806641,-0.0016485663,9.002722978591919,100,1.3256838286664583,1.068305492401123,35.13274327699695,-5.9335334e-06,38.582839536245494,23.68259024620056,32.21373479461112,27.31798808677987
14.005224466323853,261,2620000,24.894501209259033,0.1127922534942627,6622.585314035416,-0.00046484135,9.010993242263794,100,1.3670423021260603,1.0653457641601562,35.431946615729565,-5.91e-06,39.061574112588985,23.715635299682617,32.55804564807977,27.626976713696127
13.913979768753052,262,2630000,24.81195616722107,0.11704826354980469,6647.454859256744,-0.0013805527,8.99851107597351,100,1.3387490136131526,1.0898666381835938,35.33324205173974,-5.929817e-06,38.6247453341649,23.60441279411316,32.19107652237958,27.549743021907364
14.001960515975952,263,2640000,24.886991500854492,0.11239814758300781,6672.402632474899,-0.0022978375,9.009525537490845,100,1.3604977799868243,1.077606439590454,35.35136930229953,-5.8959495e-06,38.92474975571574,23.696245670318604,32.53578268827227,27.58578052979674
13.902780055999756,264,2650000,24.969475984573364,0.14062809944152832,6697.435800552368,0.0023570843,8.97895336151123,100,1.2883731477341047,1.2567319869995117,35.317178900947766,-5.880384e-06,37.7280279296437,23.570238828659058,31.816683667744776,27.57646754638053
13.609582424163818,265,2660000,24.883241176605225,0.19463562965393066,6722.376094579697,0.005873032,8.883415222167969,100,1.2226931820238485,1.503340721130371,35.23241528925184,-5.8406185e-06,39.05864645841854,23.184024333953857,32.139621845371614,27.443734150014325
13.641909122467041,266,2670000,25.05180811882019,0.1597733497619629,6747.492530584335,0.0006878003,8.920950889587402,100,1.1479075422121228,1.6503939628601074,35.45317788626646,-5.7996904e-06,37.72030481264557,23.240631103515625,32.623247193956686,27.61780478425007
13.68109130859375,267,2680000,24.941601037979126,0.11816978454589844,6772.490224838257,-0.0008500619,8.893985509872437,100,1.3862144027297085,1.5674326419830322,35.58130566364008,-5.748864e-06,38.24596612333497,23.25526714324951,31.635349281241986,27.753036509053707
13.783777713775635,268,2690000,24.795804500579834,0.11027193069458008,6797.36633014679,0.0018019646,8.935303211212158,100,1.2613204364597925,1.2828822135925293,35.51458262297038,-5.756255e-06,37.832400249423024,23.401331901550293,32.79582411027921,27.645038381118002
13.93923544883728,269,2700000,24.91461682319641,0.1179804801940918,6822.363609790802,0.0009320827,8.998744010925293,100,1.3805940880942569,1.1732473373413086,35.49143032877327,-5.7360826e-06,39.69622803388207,23.62253189086914,32.269466231998265,27.61252668985385
13.912860870361328,270,2710000,24.775203943252563,0.12304949760437012,6847.229332685471,-0.0014012546,8.978279113769531,100,1.2412009774257806,1.0657105445861816,35.53760967582204,-5.699558e-06,38.76764960725742,23.58431077003479,32.51986902553425,27.648277173481247
14.010238409042358,271,2720000,24.88949418067932,0.10923886299133301,6872.179395914078,7.1628776e-05,9.007665634155273,100,1.1790353980846813,1.0729122161865234,35.63788711155334,-5.66241e-06,38.838807517496775,23.70670485496521,33.01516461245445,27.737843130123114
14.041229963302612,272,2730000,24.87444543838501,0.11403727531433105,6897.112598896027,-0.0016187781,8.960626125335693,100,1.2812351832247677,1.0696015357971191,35.59715534943167,-5.6424938e-06,38.82243519822071,23.690047025680542,31.48715276553649,27.71559632165273
14.07601261138916,273,2740000,24.961791515350342,0.11307334899902344,6922.135190010071,-0.0019300217,9.033845901489258,100,1.275039860627818,1.047229528427124,35.48185684705617,-5.6181298e-06,38.138669129040444,23.800556182861328,32.06389942838633,27.564486494153993
14.022980213165283,274,2750000,24.91473960876465,0.11208391189575195,6947.112287044525,0.009083477,9.009674310684204,100,1.36474997616502,1.077939510345459,35.475396643898456,-5.6137983e-06,38.83708290471233,23.723912477493286,32.50822978767669,27.530226171685044
14.0094313621521,275,2760000,24.85173749923706,0.109710693359375,6972.027220487595,0.02510864,8.982749938964844,100,1.3568197428352275,1.0616626739501953,35.57608424197658,-5.5762416e-06,38.37522126976817,23.679693698883057,32.514281583057816,27.680119852587314
14.04957365989685,276,2770000,24.99306011199951,0.11586308479309082,6997.083920717239,0.010387667,9.059116125106812,100,1.1659430970797624,1.0733270645141602,35.751536685309105,-5.5601577e-06,38.03921986839947,23.80331778526306,33.15638236795308,27.769534717082077
14.046358346939087,277,2780000,24.937501907348633,0.1129465103149414,7022.080533027649,0.020393549,9.019335269927979,100,1.258426911966308,1.0719976425170898,35.75567534922002,-5.5576866e-06,38.38479671247577,23.751977682113647,32.648030143709,27.834488628898136
14.078334331512451,278,2790000,25.013044357299805,0.13970708847045898,7047.155769586563,0.032336142,9.02745532989502,100,1.106892681894345,1.074960708618164,35.621763784041754,-5.5405044e-06,38.14287521705097,23.79773736000061,33.09867809551864,27.767507668537814
14.025135517120361,279,2800000,24.937848806381226,0.11016392707824707,7072.154672622681,0.004450681,9.043925762176514,100,1.1137846110724743,1.0673847198486328,35.45346074432399,-5.5440796e-06,38.15790425125653,23.759658098220825,33.256627722351965,27.604768420129627
14.03148627281189,280,2810000,24.966055870056152,0.11133122444152832,7097.177924156189,0.0057213465,9.083257675170898,100,1.2267049311891094,1.055901050567627,35.33451228135761,-5.5465857e-06,37.58575497664464,23.79801845550537,32.432609029115724,27.472526873949597
14.029244899749756,281,2820000,24.978428840637207,0.14036917686462402,7122.221621274948,0.005340047,9.05673360824585,100,1.3199826440108842,1.053995132446289,35.42210492924311,-5.556378e-06,38.572671898679296,23.783329248428345,32.67244961863922,27.519537096858013
14.12458610534668,282,2830000,25.072140216827393,0.11668252944946289,7147.352706193924,0.018943388,9.085500240325928,100,1.1170881633502165,1.0626287460327148,35.61904713568933,-5.550126e-06,37.825928184144075,23.892149686813354,33.22202341086013,27.705932079773035
14.111476182937622,283,2840000,25.028631448745728,0.11540102958679199,7172.438699245453,0.0032102936,9.025974988937378,100,1.3043593821269233,1.0850908756256104,35.64530320264973,-5.563661e-06,38.76739049513601,23.827319622039795,32.651895800537346,27.697138073912548
14.118844747543335,284,2850000,25.0491201877594,0.1247553825378418,7197.554486989975,0.008451819,9.043495178222656,100,1.2394374980665634,1.0708823204040527,35.81221479942323,-5.508529e-06,38.547730212891565,23.852787256240845,32.0540894430861,27.86563414158426
14.096006155014038,285,2860000,24.988983869552612,0.12188029289245605,7222.60752248764,0.0014092034,8.993896484375,100,1.2416285059706438,1.088818073272705,35.58562532432583,-5.488642e-06,38.29839144960528,23.777551889419556,32.70286135599626,27.704628646379646
14.203262329101562,286,2870000,25.376582384109497,0.12231612205505371,7248.048241853714,0.0012165292,9.293832063674927,100,1.110393526901104,1.0631999969482422,36.04225536621683,-5.4800666e-06,38.25713969435296,24.190289974212646,33.17769838712259,28.161167750089277
14.136796236038208,287,2880000,25.208740949630737,0.1445305347442627,7273.322085857391,-0.00032204634,9.126283645629883,100,1.168775285484502,1.102734088897705,35.69782726553606,-5.4396924e-06,38.04796978363505,23.960870504379272,32.400593184283494,27.839049872865512
14.17042088508606,288,2890000,25.1539146900177,0.12435460090637207,7298.537633657455,0.013523085,9.036791801452637,100,1.3395529706640017,1.0908761024475098,35.581307620130396,-5.402075e-06,38.27142605781841,23.938028573989868,32.29242765983426,27.712282940346622
13.99368143081665,289,2900000,24.933350801467896,0.1142117977142334,7323.529513120651,0.011072009,9.014240741729736,100,1.2702341946313713,1.109868049621582,35.700703531083384,-5.3682256e-06,39.02828163143946,23.708558559417725,32.35169692739349,27.789342328849965
14.083385944366455,290,2910000,25.007487773895264,0.12128806114196777,7348.59783911705,0.009380577,9.028099298477173,100,1.2197250456854594,1.0857925415039062,35.57819901775364,-5.3182252e-06,38.47756162312962,23.79977798461914,32.346952652213766,27.653915152680415
14.078349113464355,291,2920000,25.001333951950073,0.11950993537902832,7373.658362865448,0.0063338913,9.035805225372314,100,1.1566628016839964,1.067152738571167,35.858466484697786,-5.2777955e-06,38.59653473515809,23.81393599510193,33.57605613613087,27.970734773013845
14.02436637878418,292,2930000,24.934481620788574,0.1097114086151123,7398.652933597565,0.027997946,9.036900043487549,100,1.1545046880168346,1.0673255920410156,35.8918953171132,-5.2294777e-06,39.81897039829534,23.756734371185303,33.42926390951875,27.905087422812148
14.031545877456665,293,2940000,24.916175842285156,0.12555980682373047,7423.629266262054,0.001470801,8.998516082763672,100,1.12317832008273,1.0726547241210938,35.51425644858597,-5.1849875e-06,38.39766362791025,23.717324018478394,32.89275345386475,27.639854039975013
13.961626052856445,294,2950000,24.87420630455017,0.11404752731323242,7448.566950559616,-0.0011611505,9.030614614486694,100,1.0440753875846802,1.078207015991211,35.77058246972436,-5.1939205e-06,38.276701562575845,23.681307554244995,33.231155202078995,27.837287552126405
14.053877592086792,295,2960000,24.945265293121338,0.10619091987609863,7473.571393728256,-0.0006412124,9.00484299659729,100,1.1591881137183355,1.095301628112793,35.46939163080095,-5.1759325e-06,37.99475287916414,23.743093252182007,33.13454608729495,27.575025670743642
13.982190132141113,296,2970000,24.912410259246826,0.13744378089904785,7498.547530174255,5.98794e-05,9.048837661743164,100,1.093374607400094,1.0593981742858887,35.59263263795514,-5.157764e-06,37.852231752856916,23.714895486831665,32.78398865372159,27.672509651344686
14.026988983154297,297,2980000,24.949339628219604,0.12122201919555664,7523.556510210037,-0.0013043188,9.055009365081787,100,1.2927686521038366,1.058361291885376,35.714689474210125,-5.1536517e-06,38.62140225060069,23.769121646881104,32.270458002468466,27.746699870852826
13.27478837966919,298,2990000,23.309871196746826,0.10764122009277344,7546.927757501602,-0.0015790598,8.321470975875854,100,1.1850358589508665,0.9528141021728516,35.69734910084592,-5.1275097e-06,38.85739132210177,22.248754262924194,33.31094519477477,27.765688337968246
12.765472888946533,299,3000000,22.53650951385498,0.1078028678894043,7569.527461051941,0.010561823,8.082317352294922,100,1.2532344390867969,0.9507400989532471,35.62441697482048,-5.1110605e-06,38.919074713250716,21.477373361587524,32.50044214269573,27.6527693508923
