LossBefore,train-PolicyExecTime,ItrTime,train-AverageReturn,LossAfter,Time-Sampling,Time-SampleProc,train-MaxReturn,train-MinReturn,n_timesteps,Time-Optimization,train-EnvExecTime,train-NumTrajs,train-StdReturn,Itr,Time,train-AverageDiscountedReturn
-1.42138e-05,13.603809833526611,25.66757845878601,-40.131187789365455,0.053191487,22.672442197799683,0.17956995964050293,46.46639372722815,-127.42558854702565,10000,2.8146426677703857,8.383756637573242,100,31.22900278947358,0,25.667585611343384,-25.28666833285295
-1.4198695e-05,13.47623324394226,24.88912081718445,-40.10562090263203,0.012688074,22.58934497833252,0.18968629837036133,24.899712867463865,-102.87591312794741,20000,2.1090087890625,8.415212154388428,100,29.2570731584235,1,50.72809720039368,-25.369970885738315
-1.4211771e-05,13.614379405975342,24.8587384223938,-42.84988089148402,-0.0130136125,22.7331862449646,0.20824861526489258,14.564398665088502,-106.14655305019662,30000,1.9159166812896729,8.412837266921997,100,26.03298111874065,2,75.66950464248657,-26.870522358189923
-1.4216781e-05,13.757996082305908,25.021540641784668,-31.514814492478653,-0.012188188,22.98619556427002,0.27016782760620117,43.98025204831256,-106.55718144875425,40000,1.7634601593017578,8.47595763206482,100,29.98259299169851,3,100.77614617347717,-20.289175995734926
-1.4225006e-05,13.977291822433472,24.87830638885498,-30.877971751369056,-0.0109450035,23.279345512390137,0.18314456939697266,34.98853648342433,-97.10878192036964,50000,1.4150290489196777,8.583002090454102,100,27.306621505942026,4,125.71413564682007,-19.98220206398839
-1.4254828e-05,14.129911661148071,24.895718336105347,-30.07391535755072,-0.013143254,23.489919900894165,0.19574427604675293,51.941700522162954,-105.23439472747874,60000,1.2083094120025635,8.637495279312134,100,31.11524833446069,5,150.67424082756042,-19.136040375556632
-1.4208006e-05,14.142601013183594,24.740745782852173,-29.57573422050443,-0.012937051,23.469575881958008,0.1503887176513672,57.98222070776983,-104.60006095842922,70000,1.1198303699493408,8.601764678955078,100,27.369604613660226,6,175.4762144088745,-18.538785719802025
-1.4163056e-05,14.130353689193726,24.765711069107056,-20.66212543029803,-0.01419858,23.472132682800293,0.13726234436035156,74.97909848396911,-95.14588430567163,80000,1.155076026916504,8.605525493621826,100,30.554917432999098,7,200.3088686466217,-14.403277301634551
-1.4195502e-05,14.17655348777771,24.76508903503418,-27.495707136644555,-0.0137879355,23.502246856689453,0.15675926208496094,48.403441647805195,-108.27438131006426,90000,1.104280710220337,8.589868307113647,100,29.484999900337005,8,225.14218163490295,-18.287652442883914
-1.4190888e-05,14.249755382537842,24.906713008880615,-18.23793047564954,-0.011410181,23.621546268463135,0.14005112648010254,73.95120904806114,-95.85981239321455,100000,1.1443231105804443,8.639628887176514,100,28.16630744988262,9,250.1134114265442,-12.436377783354372
-1.4129713e-05,14.240849256515503,24.847368001937866,-23.656697175620888,-0.013258198,23.605979681015015,0.12353372573852539,50.56662943981011,-106.93571576958533,110000,1.117053747177124,8.643834114074707,100,29.34045354929763,10,275.02897787094116,-15.223992757895614
-1.4145013e-05,14.465007305145264,25.18172264099121,-17.14782287936051,-0.013672413,23.95226812362671,0.13013815879821777,43.382788387080936,-90.97690661957122,120000,1.098628282546997,8.749792098999023,100,26.69014092879643,11,300.2775557041168,-10.729879188157057
-1.4120625e-05,14.250888586044312,24.93802762031555,-24.9297310625504,-0.013777287,23.647417068481445,0.15504980087280273,39.569074418362845,-107.0417499003508,130000,1.1348423957824707,8.662011861801147,100,27.73320231796304,12,325.272985458374,-15.822708900816616
-1.40940565e-05,14.189898252487183,24.854309797286987,-24.090417496483134,-0.012791386,23.583462238311768,0.15309500694274902,53.747095203355954,-92.66602703553536,140000,1.1169776916503906,8.663687705993652,100,27.424927626676713,13,350.1976246833801,-15.513192005357308
-1.4009999e-05,14.143872737884521,24.804492473602295,-15.86130774065576,-0.014260562,23.552011013031006,0.124725341796875,55.112596950885354,-83.39578637453273,150000,1.1270270347595215,8.691098928451538,100,24.89034193464185,14,375.0718894004822,-9.88676544425601
-1.399856e-05,14.145227670669556,24.895116329193115,-21.996983928438745,-0.014616763,23.62389063835144,0.149993896484375,39.10004916601012,-110.69918545112614,160000,1.1204793453216553,8.740623474121094,100,25.978853175011228,15,400.0395519733429,-13.581280436992058
-1.3961461e-05,14.235014915466309,24.953063249588013,-16.946646211318466,-0.014338599,23.688921213150024,0.13519787788391113,70.82167466008724,-84.30902062527397,170000,1.1282377243041992,8.728876113891602,100,25.330545764715232,16,425.05858731269836,-10.714719072762112
-1.3918539e-05,14.251092433929443,24.857690811157227,-16.357571039365347,-0.015959201,23.629145860671997,0.12805819511413574,51.55265892766523,-103.73086074263563,180000,1.0997021198272705,8.658741235733032,100,26.118840278089998,17,449.9804017543793,-9.748555428386485
-1.3944024e-05,14.2771577835083,24.938942432403564,-15.457018942946116,-0.014014676,23.733501434326172,0.11736893653869629,60.861628284237746,-104.34002451290114,190000,1.0873737335205078,8.695271968841553,100,25.140936311893714,18,474.9816679954529,-10.076716224822414
-1.3928499e-05,14.131346702575684,24.855468273162842,-14.801352306215628,-0.015460928,23.628547430038452,0.12392711639404297,51.2285347108531,-107.66325302058509,200000,1.102376937866211,8.771422386169434,100,26.129676569685213,19,499.901141166687,-8.92203749910601
-1.3918448e-05,14.18099331855774,24.85003924369812,-14.371398379968133,-0.014529234,23.60243320465088,0.13968873023986816,43.08499540874496,-118.8452860692125,210000,1.1067986488342285,8.695059537887573,100,24.092876544444923,20,524.8180255889893,-9.345306366417685
-1.3892561e-05,14.095051527023315,24.809836387634277,-16.550090690852816,-0.0142545905,23.568188190460205,0.1323685646057129,35.37035769575915,-93.9230154801483,220000,1.108513355255127,8.747371912002563,100,28.333343238719266,21,549.695066690445,-10.394242461958124
-1.3901511e-05,14.232439279556274,24.971116304397583,-16.679900404002648,-0.017201211,23.718698740005493,0.12209844589233398,54.80204982586331,-90.89244199656628,230000,1.1296579837799072,8.755643129348755,100,26.401364950343414,22,574.72563123703,-10.864846298321124
-1.3901492e-05,14.227500677108765,24.869023084640503,-14.155230108202991,-0.01722259,23.654993772506714,0.12611913681030273,54.85129242029328,-79.77269568944014,240000,1.0871362686157227,8.70134711265564,100,24.337835304999803,23,599.6623589992523,-9.275628900438926
-1.3898765e-05,14.18150281906128,24.93745446205139,-13.846776623244505,-0.014473232,23.673157215118408,0.12285995483398438,42.935963710613855,-84.67638418979924,250000,1.1407411098480225,8.753710269927979,100,26.47499958298627,24,624.661211013794,-8.92189018191087
-1.387806e-05,14.15098762512207,24.813947200775146,-11.822743096517007,-0.015986651,23.59808611869812,0.11744499206542969,65.07031479666404,-89.56624811470682,260000,1.0975518226623535,8.721351623535156,100,26.39610310651579,25,649.543577671051,-7.983466085238798
-1.3818534e-05,14.224961042404175,24.91023540496826,-16.619454739064967,-0.014949368,23.670473098754883,0.13632845878601074,49.62616422114948,-91.68883339758973,270000,1.1026954650878906,8.713519811630249,100,26.818594068152642,26,674.5189244747162,-10.941499134893233
-1.3787983e-05,14.107643127441406,24.776752710342407,-12.482626524257592,-0.015059841,23.533671855926514,0.12225127220153809,80.14333968335029,-74.63865329665481,280000,1.1202330589294434,8.696690797805786,100,27.405959616936407,27,699.3570020198822,-7.844172554028892
-1.3756252e-05,14.242918491363525,24.976865530014038,-10.941322223859377,-0.016187727,23.720987558364868,0.14851903915405273,51.594094050677924,-81.72009101043412,290000,1.1063330173492432,8.75830626487732,100,26.176337477613117,28,724.4018161296844,-7.436942677222852
-1.3728539e-05,14.34027886390686,25.072693824768066,-10.05401408160521,-0.012018261,23.789251565933228,0.1235504150390625,69.37356946843104,-93.96970274452373,300000,1.1591620445251465,8.722981452941895,100,26.91044918506108,29,749.5438408851624,-7.385411749094946
-1.3700962e-05,14.250535488128662,24.861442804336548,-7.738501630863962,-0.0143669285,23.646387100219727,0.1234130859375,47.658779512185475,-84.8212036511488,310000,1.0906493663787842,8.666376829147339,100,25.701360087953027,30,774.4792575836182,-5.221025194330326
-1.3675718e-05,14.126340866088867,24.786223888397217,-2.82540269911424,-0.015668297,23.548978567123413,0.12779688835144043,57.02386989140756,-60.80587999553663,320000,1.108769416809082,8.694183826446533,100,25.178602012520827,31,799.3270063400269,-2.582141915576569
-1.3643976e-05,14.121369123458862,24.821134328842163,-7.800420487780205,-0.016103646,23.598078727722168,0.12471985816955566,61.575515438762295,-131.66803770636542,330000,1.0976545810699463,8.74937391281128,100,29.394757239360754,32,824.2085506916046,-5.903590116548799
-1.3679169e-05,14.188153266906738,24.82852268218994,-10.857341418195054,-0.014548002,23.56297016143799,0.11760926246643066,77.4841101258607,-115.09085862094497,340000,1.1472563743591309,8.635396480560303,100,28.87920541344116,33,849.098461151123,-7.7537584803410855
-1.3626528e-05,14.296222686767578,25.010698556900024,-6.002741625468326,-0.014125203,23.775380611419678,0.13317179679870605,67.97019941059824,-102.56500026590808,350000,1.1014013290405273,8.754794836044312,100,29.27972164062585,34,874.174889087677,-4.0516128448033015
-1.35752825e-05,14.662390947341919,25.471997499465942,-1.5755940477178842,-0.01605617,24.232513427734375,0.13907194137573242,52.01419634082826,-71.73906858973578,360000,1.0996949672698975,8.829560995101929,100,23.745614980116347,35,899.7084481716156,-1.169067534699977
-1.3554926e-05,14.410625219345093,25.07873797416687,-8.25565745045329,-0.016010256,23.838930130004883,0.12605714797973633,40.69618751111149,-78.55310556365298,370000,1.1130189895629883,8.699146270751953,100,23.791893076044865,36,924.8508117198944,-6.469857449445833
-1.3540657e-05,14.297481536865234,24.948405027389526,-0.7399336239448862,-0.016231162,23.709769248962402,0.12568926811218262,62.83126102303332,-72.2775270847746,380000,1.1120412349700928,8.689871549606323,100,25.13705616244745,37,949.8652844429016,-2.1928758205596997
-1.3551301e-05,14.182591676712036,24.84928846359253,-5.40794151703842,-0.015457689,23.600836038589478,0.13638019561767578,63.200834436974546,-75.77319137327356,390000,1.1113207340240479,8.695035696029663,100,27.86608238640641,38,974.782613992691,-4.011471644895409
-1.3510745e-05,14.202320575714111,24.84368133544922,0.702075198045474,-0.010771301,23.58828353881836,0.13501429557800293,81.53468983842912,-81.83626171760076,400000,1.119781732559204,8.664533376693726,100,28.243529634444233,39,999.6878201961517,-1.1549072682961636
-1.3501441e-05,14.234513282775879,24.879827737808228,2.019782172572974,-0.01446566,23.552836179733276,0.11824560165405273,75.17352341431082,-57.89435723693209,410000,1.2081246376037598,8.600664138793945,100,30.836924100728428,40,1024.6375632286072,0.2962751491652435
-1.3486461e-05,14.234936475753784,24.847824573516846,2.282060549253089,-0.012523648,23.572628021240234,0.12871146202087402,94.00350164895458,-82.92703080649483,420000,1.1458463668823242,8.613908290863037,100,31.53577034340662,41,1049.5644934177399,-0.20743015389686595
-1.34776e-05,14.23045802116394,24.825116634368896,4.159387694733661,-0.012710691,23.587486743927002,0.1227874755859375,71.02528540316625,-93.21643944861725,430000,1.11417818069458,8.627849340438843,100,27.066229823058414,42,1074.4602630138397,0.928156458204909
-1.3477846e-05,14.200447797775269,24.772566556930542,7.756931898006374,-0.0149876885,23.573853015899658,0.12180399894714355,87.69168987882925,-59.831733758520905,440000,1.0758490562438965,8.623231887817383,100,30.46040928692027,43,1099.2974400520325,2.785849899679368
-1.3458051e-05,14.279200077056885,24.889129638671875,5.934000388213215,-0.014131416,23.638389348983765,0.11849117279052734,77.17623787413054,-71.45965994447609,450000,1.1316404342651367,8.629117012023926,100,29.138802677551052,44,1124.2470185756683,1.792387035101748
-1.3449005e-05,14.225237131118774,24.84054732322693,0.828492602629126,-0.014096581,23.573675870895386,0.12433075904846191,87.17111989493992,-92.6921838481345,460000,1.1418542861938477,8.62362551689148,100,32.30631584167609,45,1149.1539793014526,-1.3240895681425155
-1.3416185e-05,14.243701934814453,24.865500926971436,12.871010549033699,-0.016117277,23.622124433517456,0.13846802711486816,90.59793821208035,-105.05995692152737,470000,1.1041598320007324,8.651062250137329,100,32.31562271325355,46,1174.0868000984192,5.822987486815606
-1.3401407e-05,14.191209554672241,24.776227474212646,12.043925372213483,-0.0155189615,23.537542819976807,0.12910985946655273,78.21700967833698,-126.28657427153865,480000,1.1087946891784668,8.627312183380127,100,33.07039271161378,47,1198.9306313991547,5.5294805238086955
-1.3382381e-05,14.189954996109009,24.754821062088013,9.319558047669773,-0.013649884,23.539625644683838,0.12903285026550293,85.84139232500166,-69.55479126452929,490000,1.0854380130767822,8.619730234146118,100,29.81453202502767,48,1223.7557730674744,4.16416551203179
-1.3369348e-05,14.570944547653198,25.328684329986572,14.258086214712504,-0.0131903915,24.044309377670288,0.16482138633728027,89.29417891624512,-70.50430598162784,500000,1.1187787055969238,8.722182750701904,100,26.13072989482686,49,1249.1445922851562,6.746993988646879
-1.3387378e-05,14.177248239517212,24.781538486480713,13.970601844888392,-0.014689624,23.517719984054565,0.14451217651367188,104.67459147730086,-66.6254473797605,510000,1.118635654449463,8.608859539031982,100,31.828182447503952,50,1273.9948616027832,5.871067799053284
-1.3374921e-05,14.158889532089233,24.682373762130737,21.55983497055058,-0.015349005,23.452261209487915,0.12221431732177734,101.43211460507732,-56.98801924256212,520000,1.1070313453674316,8.575151920318604,100,33.10370210108366,51,1298.7400047779083,10.71933452117637
-1.3369212e-05,14.258883237838745,24.79134774208069,23.770722756589688,-0.014218004,23.534982681274414,0.13419651985168457,104.47578564752705,-37.41447884053128,530000,1.121396780014038,8.552836418151855,100,31.3759990668613,52,1323.598640203476,12.303998554856559
-1.3357061e-05,14.293001174926758,24.873929262161255,26.21487364128313,-0.013339532,23.614219903945923,0.14072704315185547,117.6976249558863,-48.67892679226483,540000,1.1182892322540283,8.593777894973755,100,33.10539607598703,53,1348.541455745697,13.740544788686087
-1.3323133e-05,14.26958417892456,24.89445400238037,18.819117853441163,-0.015262223,23.61109209060669,0.15404057502746582,128.7336478784058,-69.78311971739743,550000,1.128629446029663,8.616785049438477,100,35.894734679930316,54,1373.4963619709015,9.901569678444126
-1.3318357e-05,14.223390817642212,24.769785404205322,14.973535971079025,-0.01219785,23.52579164505005,0.15114402770996094,94.03868517257163,-92.7400592918978,560000,1.0920672416687012,8.581673860549927,100,33.86023803667451,55,1398.3322026729584,6.277841710565573
-1.327808e-05,14.20189094543457,24.719865083694458,28.745765669395198,-0.0142235635,23.494951963424683,0.1247096061706543,110.8360006980547,-59.66389611139008,570000,1.0995492935180664,8.564421892166138,100,32.105436618671455,56,1423.1162090301514,14.282873581685868
-1.3258274e-05,14.194353103637695,24.76690912246704,24.765472720270473,-0.013660535,23.492334604263306,0.16280674934387207,111.30488514228598,-47.97252214770518,580000,1.1109182834625244,8.566659212112427,100,29.834126925254726,57,1447.9461603164673,12.851148718578395
-1.323939e-05,14.206937789916992,24.830861568450928,29.624092780810688,-0.014590608,23.570679187774658,0.12309384346008301,139.0639296276422,-109.51660037965111,590000,1.1364350318908691,8.636663913726807,100,37.981118717884044,58,1472.8443894386292,15.367293406407281
-1.3206458e-05,14.186989784240723,24.85220980644226,35.4970078558689,-0.013064503,23.575130224227905,0.1261894702911377,100.8820549701627,-51.99607209569688,600000,1.1498260498046875,8.66159200668335,100,34.05131671467867,59,1497.7621083259583,17.974576172852654
-1.3164221e-05,14.444135904312134,25.0736403465271,34.382382860911015,-0.011097407,23.8077335357666,0.12282013893127441,130.48828300950748,-63.55903628387186,610000,1.142369031906128,8.635756492614746,100,33.962164219639334,60,1522.8977138996124,17.925862258558745
-1.3153672e-05,14.22520112991333,24.776028394699097,32.11866273833396,-0.01211612,23.556365251541138,0.12139749526977539,105.40507201607569,-89.45409011437584,620000,1.0974671840667725,8.606077909469604,100,34.08826945171814,61,1547.7464227676392,16.667446046811634
-1.3142452e-05,14.147441625595093,24.766996383666992,31.419301027455766,-0.012698106,23.479663133621216,0.1611309051513672,133.79483485774452,-62.41556569931409,630000,1.1254417896270752,8.607431888580322,100,36.715272040167605,62,1572.573924779892,16.119507166260135
-1.3104856e-05,14.31127381324768,24.88654923439026,40.0429185731401,-0.012114097,23.637157678604126,0.12871527671813965,132.4649005676443,-49.25842389407215,640000,1.120086669921875,8.591190576553345,100,31.51941951422088,63,1597.5240876674652,21.106846838953548
-1.3111366e-05,14.207673072814941,24.76712656021118,31.36690377518564,-0.011554891,23.535210371017456,0.12189388275146484,140.92312137160707,-64.99302840822651,650000,1.1093451976776123,8.603087902069092,100,42.54216336381798,64,1622.3624303340912,15.459336455765675
-1.3073532e-05,14.148293256759644,24.659062147140503,34.493439961669864,-0.012397298,23.39636254310608,0.12823939323425293,125.14720853614776,-59.5101553103129,660000,1.1335859298706055,8.519171953201294,100,38.201846112333584,65,1647.084123134613,17.451210600512958
-1.3060544e-05,14.20046591758728,24.790616273880005,41.78639119526945,-0.014631347,23.469820022583008,0.12786579132080078,158.94237087247768,-91.34794815653507,670000,1.1921777725219727,8.53987979888916,100,42.13829683849212,66,1671.9411008358002,21.579085965862294
-1.3036328e-05,14.27443790435791,24.80204463005066,47.569738863745044,-0.013712026,23.56493592262268,0.1244957447052002,135.31930296949255,-18.02230158751755,680000,1.111959457397461,8.556210994720459,100,32.71951224593571,67,1696.8127090930939,24.083330587227614
-1.300691e-05,14.226963520050049,24.719221591949463,42.33715332994783,-0.011634845,23.483920335769653,0.11923384666442871,127.27449760626098,-68.03765073485499,690000,1.1155164241790771,8.53965163230896,100,34.08000662174518,68,1721.5948994159698,21.554843535417728
-1.3005915e-05,14.140980958938599,24.623894691467285,40.3617934588279,-0.014151716,23.392516613006592,0.12680339813232422,140.49050862111886,-44.23553625757951,700000,1.1038928031921387,8.527726888656616,100,39.12765701867843,69,1746.2823593616486,21.48330840196453
-1.299188e-05,14.118359804153442,24.680701732635498,46.220299195867746,-0.0133910915,23.42645835876465,0.1456301212310791,144.53604666104576,-33.558518895564525,710000,1.107919692993164,8.584601402282715,100,34.827142140960056,70,1771.02654504776,23.607065179668158
-1.2996334e-05,14.251748323440552,24.773006916046143,50.0516186483469,-0.014214075,23.525079250335693,0.1403942108154297,140.42659154539572,-37.7290445225381,720000,1.1068305969238281,8.547853231430054,100,39.03855233979423,71,1795.859935283661,26.18240609929944
-1.2970894e-05,14.266801595687866,24.82599139213562,43.77719421417256,-0.015966335,23.580190181732178,0.11894369125366211,114.28642815572722,-26.24527660543853,730000,1.1261448860168457,8.584983110427856,100,29.432722354497166,72,1820.750601053238,22.840834056191515
-1.2970043e-05,14.285467147827148,24.825704097747803,45.65890351973443,-0.01453109,23.594205141067505,0.12481999397277832,147.13581395613954,-52.632943252185605,740000,1.1059067249298096,8.576020002365112,100,38.35383674981337,73,1845.6470425128937,23.980463970888078
-1.2943275e-05,14.218603134155273,24.734047174453735,51.8165394765575,-0.010026981,23.47593903541565,0.14880967140197754,152.3201754218669,-27.693350216756233,750000,1.108701229095459,8.533284425735474,100,38.60330426251401,74,1870.4452166557312,27.67464400118429
-1.2911954e-05,14.136695861816406,24.608866691589355,53.0305203479673,-0.012359549,23.365333557128906,0.13505864143371582,136.74165865715335,-62.21204437931518,760000,1.1078457832336426,8.506360054016113,100,39.53649150383059,75,1895.1143696308136,28.278363325853128
-1.2872966e-05,14.364171504974365,24.928601503372192,61.86812491266106,-0.010084394,23.66779661178589,0.12913155555725098,143.44408491416945,-37.4444548899322,770000,1.1309690475463867,8.578648090362549,100,33.61478330516063,76,1920.1066181659698,33.13273575179949
-1.2870508e-05,14.185963869094849,24.76447868347168,58.94991673238304,-0.013710985,23.51185941696167,0.12052488327026367,156.35994321933705,-19.375682034067076,780000,1.1313092708587646,8.59996509552002,100,35.12508898334209,77,1944.9379868507385,31.762939387329446
-1.2829076e-05,14.220865488052368,24.773743629455566,61.44038827617409,-0.010435747,23.548625707626343,0.12095403671264648,147.505761611982,-36.26762265303152,790000,1.1033985614776611,8.605310916900635,100,34.828147774993354,78,1969.779000043869,32.493026186649814
-1.2834609e-05,14.219899415969849,24.842223644256592,53.166571047842126,-0.011194949,23.571589469909668,0.15463709831237793,140.63782041967292,-44.458603293617784,800000,1.1152575016021729,8.612530708312988,100,40.034571618428856,79,1994.6912744045258,28.828115397741456
-1.2801495e-05,14.148280382156372,24.734740734100342,62.996934444563706,-0.015400237,23.453744888305664,0.14715003967285156,156.7036393479945,-27.76797983619094,810000,1.1330840587615967,8.577598094940186,100,36.545684714979906,80,2019.4849393367767,33.76650753598503
-1.2785678e-05,14.149091720581055,24.68758749961853,65.51015613681936,-0.010876421,23.461042404174805,0.13817286491394043,136.33870420605137,-54.2630336947857,820000,1.087665319442749,8.586471319198608,100,37.83754521755259,81,2044.2404119968414,35.08560830031277
-1.2777061e-05,14.262889623641968,24.790000915527344,69.10256186573312,-0.013015827,23.54177212715149,0.12589335441589355,190.27290735246655,-24.418546171317153,830000,1.1215934753417969,8.554888248443604,100,37.16822932501624,82,2069.089114189148,37.41785144710264
-1.2736915e-05,14.127397537231445,24.672001361846924,63.83997417635295,-0.013045265,23.442541360855103,0.135850191116333,142.36687285926564,-41.039150209806806,840000,1.0928854942321777,8.593045473098755,100,36.29780274306304,83,2093.8262445926666,34.37790174438691
-1.274366e-05,14.277654647827148,24.839651584625244,54.217744853823916,-0.013804422,23.583168506622314,0.13461542129516602,143.87058876872942,-25.86591980756787,850000,1.1211292743682861,8.571003913879395,100,34.53668498993184,84,2118.7302799224854,28.295692813480706
-1.2752828e-05,14.188693284988403,24.72684621810913,65.22524350447097,-0.014027891,23.460440397262573,0.13150978088378906,153.96906527350453,-13.63954983323607,860000,1.134049892425537,8.534037113189697,100,33.25267753156827,85,2143.515706062317,35.44769997985732
-1.2701166e-05,14.229951620101929,24.74305510520935,70.53700540845854,-0.013285746,23.50683331489563,0.12592482566833496,146.68489779982787,-25.320801841233706,870000,1.1088948249816895,8.554855346679688,100,35.42693812478547,86,2168.325247526169,37.582123773992464
-1.26856e-05,14.253071308135986,24.845129013061523,68.94832353100402,-0.012957078,23.568870067596436,0.12100625038146973,174.25312119220877,-6.182897448981638,880000,1.1544532775878906,8.587093353271484,100,37.32676520364685,87,2193.230782032013,37.27683313660433
-1.2675382e-05,14.214749336242676,24.73357343673706,70.72419050515718,-0.01167018,23.485393285751343,0.1329793930053711,146.84152570346032,-39.73842967098468,890000,1.114504337310791,8.544238805770874,100,37.50593449616644,88,2218.033440589905,38.00914303347626
-1.26243685e-05,14.235197305679321,24.79234552383423,70.82166613446553,-0.012903268,23.53991413116455,0.14894533157348633,153.95956846995742,-12.727130027628341,900000,1.1026158332824707,8.572650671005249,100,37.006079239407065,89,2242.88915348053,38.08880834171749
-1.25943e-05,14.209223747253418,24.63265085220337,63.76803198532223,-0.012825013,23.431615591049194,0.1284029483795166,160.81019770559408,-29.9361278781047,910000,1.071997880935669,8.503771781921387,100,40.150770141895535,90,2267.58553981781,33.70357999563261
-1.2567812e-05,14.197576999664307,24.839906692504883,76.53457211621462,-0.014167602,23.53420662879944,0.12198615074157715,139.32054078420936,-41.833261801207094,920000,1.1829133033752441,8.607372283935547,100,36.099700092851485,91,2292.4925248622894,41.69515193867035
-1.2558993e-05,14.184385538101196,24.980648279190063,76.34641581300176,-0.01364082,23.378859043121338,0.13834142684936523,163.27785558479604,-31.114161769415624,930000,1.4614722728729248,8.475935220718384,100,36.99858382061801,92,2317.5629472732544,41.38625392285202
-1.2542915e-05,13.937590837478638,24.75416326522827,82.76427842988026,-0.014267075,23.114034175872803,0.12711787223815918,164.31830053841105,-27.924774542999256,940000,1.511676549911499,8.467119455337524,100,32.62281442267111,93,2342.4050533771515,45.33660594989047
-1.2513193e-05,13.897518157958984,25.004497528076172,74.5780070366121,-0.013453762,23.120561838150024,0.2066051959991455,154.86048318258258,-22.63054885313231,950000,1.676401138305664,8.494734764099121,100,35.76688344670882,94,2367.4981338977814,40.21301886243651
-1.2508486e-05,13.88791275024414,24.858757734298706,82.61780533565694,-0.012613991,23.05060577392578,0.15297913551330566,168.40137112271583,-15.546621007254352,960000,1.6542351245880127,8.447477579116821,100,35.94577721850238,95,2392.4157180786133,44.70922812343224
-1.2470108e-05,13.982133626937866,24.73560881614685,83.06866204391113,-0.011430427,23.213722467422485,0.15940070152282715,157.19152009100836,8.164290372354248,970000,1.360727310180664,8.508533239364624,100,31.757056616016904,96,2417.2102892398834,45.182653659740055
-1.2449465e-05,14.139618635177612,24.773858308792114,74.60300717596915,-0.012936236,23.396636724472046,0.22043442726135254,171.97130725129153,-20.940150376920798,980000,1.1553819179534912,8.519135236740112,100,37.676701724653256,97,2442.0461087226868,39.63681360173202
-1.2414182e-05,14.195146799087524,24.70050621032715,86.51290016734534,-0.014389401,23.475895166397095,0.13179612159729004,173.8034265055335,9.450664918739758,990000,1.0920681953430176,8.552690744400024,100,34.69953322454678,98,2466.80721950531,46.90727475822996
-1.2408259e-05,14.077770471572876,24.590089321136475,85.20109581087368,-0.012894302,23.36666440963745,0.12055015563964844,143.74237204819642,9.629034849287082,1000000,1.1021649837493896,8.556178331375122,100,31.184852247032634,99,2491.4593744277954,46.858451447373845
-1.238041e-05,14.194246053695679,24.714551210403442,78.4327836432988,-0.012193127,23.45991086959839,0.1434922218322754,158.81655932458224,-6.848099126903103,1010000,1.110346794128418,8.539198875427246,100,35.5466601328361,100,2516.24019241333,42.4534234226476
-1.2356828e-05,14.112898349761963,24.61740517616272,87.01187664155616,-0.013442524,23.382378339767456,0.13424992561340332,204.07695233448973,-79.25997771315353,1020000,1.1000349521636963,8.550660610198975,100,42.374872096947804,101,2540.929566383362,47.91248038683768
-1.23362e-05,14.2363600730896,24.804951667785645,85.78056655485886,-0.012295433,23.575533390045166,0.12177562713623047,170.75874145488467,-20.5406719102011,1030000,1.1067485809326172,8.602904796600342,100,34.97147353690851,102,2565.7988929748535,45.85713497755592
-1.2348287e-05,14.32663369178772,24.918471336364746,89.21506677095425,-0.012792293,23.673524379730225,0.12349939346313477,164.33468694377763,-6.478005720880568,1040000,1.1206738948822021,8.617248773574829,100,32.614195637343656,103,2590.779445171356,49.295354483755574
-1.2289577e-05,14.181516647338867,24.715116024017334,93.67663222105293,-0.010995872,23.475649118423462,0.12615156173706055,183.71129760212978,-6.261926808058349,1050000,1.1125915050506592,8.570788860321045,100,37.923453194382,104,2615.5639646053314,51.28135409377673
-1.2271231e-05,14.160712480545044,24.687134265899658,87.11350635651816,-0.013560217,23.45278263092041,0.12011313438415527,160.28351819582062,14.21943562391388,1060000,1.1135284900665283,8.572662591934204,100,36.58108336068308,105,2640.3127682209015,47.21692492854949
-1.22944375e-05,14.247993230819702,24.746234893798828,95.23964167925438,-0.011776765,23.517503261566162,0.12769508361816406,172.64323193686025,4.709879318521944,1070000,1.10028076171875,8.53877592086792,100,33.995539304311045,106,2665.124116897583,52.55152397540057
-1.224701e-05,14.2277250289917,24.732460737228394,96.31160559565431,-0.013828272,23.462217807769775,0.15129995346069336,207.38249414770925,18.334028038838582,1080000,1.1181864738464355,8.513243436813354,100,35.42566498775914,107,2689.9223506450653,51.5032700518444
-1.2215965e-05,14.744788646697998,25.46294355392456,96.70464070946957,-0.010497632,24.231908082962036,0.12129616737365723,182.2448342252001,28.02462899258726,1090000,1.1090292930603027,8.728750467300415,100,34.44806906558416,108,2715.4540860652924,53.11106922693641
-1.2243608e-05,14.230390787124634,24.755959033966064,93.44242140352664,-0.011049783,23.48334527015686,0.12955212593078613,176.86834873931096,-6.845287913541096,1100000,1.1423170566558838,8.523763418197632,100,39.94333618545007,109,2740.2771661281586,51.72295802737865
-1.2224732e-05,14.240594625473022,24.742157459259033,98.10886096399372,-0.012079718,23.51604199409485,0.12142205238342285,193.56173883113192,-7.4555005949697915,1110000,1.1039552688598633,8.552117824554443,100,35.33468745981269,110,2765.08642077446,54.75380595423905
-1.2158041e-05,14.088149547576904,24.575374126434326,100.98291693698411,-0.011367785,23.320201635360718,0.12303018569946289,163.2861001283871,-3.1420632743393186,1120000,1.1312894821166992,8.509130239486694,100,32.16176055784392,111,2789.7205250263214,55.53956699549791
-1.2153981e-05,14.141999006271362,24.597418069839478,100.315800910838,-0.012236676,23.397658586502075,0.11919331550598145,188.38686193395296,17.778759307442133,1130000,1.0798258781433105,8.53827428817749,100,34.599527826489414,112,2814.3892538547516,55.84753739941832
-1.2104953e-05,14.175576448440552,24.685577392578125,101.54037130257431,-0.014979003,23.431522846221924,0.14621210098266602,182.8042088471365,-12.424509949548366,1140000,1.1070780754089355,8.526789665222168,100,35.64025022176104,113,2839.1419689655304,55.96448892462604
-1.2118227e-05,14.169264316558838,24.62637448310852,96.79495895085942,-0.013501369,23.408897876739502,0.1292586326599121,160.72666737026714,5.362737038170884,1150000,1.087536096572876,8.522837162017822,100,33.40576316884931,114,2863.8320376873016,53.63260755068195
-1.2087582e-05,14.331476926803589,24.88844633102417,102.64352698448509,-0.013376518,23.645439863204956,0.1314084529876709,168.36452587716903,23.58169362976654,1160000,1.110917329788208,8.591796636581421,100,34.18769946323023,115,2888.7821764945984,56.443701967406625
-1.2080041e-05,14.246808528900146,24.77433705329895,100.53650790703512,-0.007170028,23.54199242591858,0.12439680099487305,199.64220184410948,-0.03807638885728526,1170000,1.1072382926940918,8.566943407058716,100,36.741050271701496,116,2913.624188899994,54.89027450057422
-1.20626955e-05,14.180467128753662,24.772261142730713,101.51660134222521,-0.009558445,23.52269220352173,0.1464376449584961,171.5775154656069,25.42322212109193,1180000,1.102393627166748,8.610563516616821,100,29.79123918288585,117,2938.4657459259033,55.90021117000161
-1.2055231e-05,14.23108720779419,24.791321277618408,106.87666281066718,-0.008762398,23.525416135787964,0.12320542335510254,184.46055005014293,-13.776108963689481,1190000,1.1419787406921387,8.567272186279297,100,35.16830693249119,118,2963.33069562912,59.24129474153515
-1.2019653e-05,14.206520080566406,24.691279411315918,102.34361130204397,-0.010936642,23.469380617141724,0.12903714179992676,180.07560600209564,-17.789335851466596,1200000,1.0920584201812744,8.529786586761475,100,37.1116008209302,119,2988.0872588157654,56.68688663144291
-1.198999e-05,14.313966035842896,24.856444597244263,101.6593688684409,-0.011189502,23.63929772377014,0.12010073661804199,185.43657774537664,-10.43610872134138,1210000,1.0959968566894531,8.572954177856445,100,37.188446388728636,120,3013.00772356987,55.835430035402844
-1.19578535e-05,14.16911506652832,24.73724055290222,108.28784979681308,-0.0116306925,23.463974237442017,0.13599610328674316,188.92067657187445,-15.13689139325508,1220000,1.1365077495574951,8.567982912063599,100,40.448798543204084,121,3037.8107075691223,59.83242080539939
-1.1931673e-05,14.556767225265503,25.256060361862183,107.6239856242337,-0.012482214,24.03240132331848,0.12363815307617188,177.0108820470017,18.082415527021766,1230000,1.09928560256958,8.742720603942871,100,34.510463031283145,122,3063.1289908885956,58.766524690130844
-1.1924663e-05,14.252243757247925,24.77077841758728,104.73043656909596,-0.012071433,23.516829252243042,0.14289259910583496,187.77698042711634,13.758991853744273,1240000,1.110231637954712,8.540567636489868,100,37.406328422067055,123,3087.966936826706,58.05525788571286
-1.1921969e-05,14.177830219268799,24.743299961090088,107.72700027036069,-0.01288248,23.474570512771606,0.14501476287841797,183.16255736929986,-9.05364925864735,1250000,1.1230971813201904,8.569777727127075,100,39.83295605907167,124,3112.774584054947,58.8605988239987
-1.1894001e-05,14.117921352386475,24.657148122787476,105.52587993060108,-0.012382706,23.418338537216187,0.14444518089294434,180.14597622503624,14.698946965235088,1260000,1.093660593032837,8.575491189956665,100,35.954831177522266,125,3137.4983530044556,58.84234143224755
-1.1864787e-05,14.220239400863647,24.74327802658081,112.91723808691468,-0.012613524,23.510927438735962,0.1264352798461914,203.35264585560546,31.610504331279653,1270000,1.1052134037017822,8.568286180496216,100,36.78179189376571,126,3162.301834344864,62.35664630816385
-1.1847521e-05,14.335925817489624,24.93875813484192,115.947078101949,-0.012443895,23.674785614013672,0.13442564010620117,234.9269764793366,40.69615641148565,1280000,1.1288833618164062,8.60342288017273,100,34.86879877238977,127,3187.3040657043457,64.35188161209231
-1.181768e-05,15.120611429214478,26.09874439239502,111.1686709719725,-0.013384789,24.773037910461426,0.13911128044128418,194.4789281255394,1.6336249129538016,1290000,1.1857433319091797,8.884801387786865,100,40.96738861440009,128,3213.467038631439,61.13389036701612
-1.17850905e-05,16.618764877319336,28.591293573379517,109.5216797569353,-0.01241758,26.988683700561523,0.14720654487609863,191.99079203213913,11.012376452586327,1300000,1.4547007083892822,9.542025804519653,100,36.06260801761421,129,3242.1316344738007,60.84932562525439
-1.1766631e-05,15.590585947036743,26.858189821243286,111.63141457036468,-0.014404561,25.514508724212646,0.13393425941467285,217.96662983573864,13.373701268524187,1310000,1.2088887691497803,9.134470701217651,100,39.94983617079658,130,3269.0622639656067,62.03986286706621
-1.1758784e-05,14.883178472518921,25.769861459732056,115.80137225388007,-0.014306855,24.485246658325195,0.1392526626586914,248.82284679007662,21.486254256217414,1320000,1.144636869430542,8.813565015792847,100,37.52622951189866,131,3294.911049604416,63.86768521527947
-1.1734649e-05,14.910160541534424,25.690659999847412,120.00072905261487,-0.012231007,24.420654773712158,0.13771843910217285,199.48678896100944,46.43651731361879,1330000,1.131516695022583,8.763556241989136,100,33.353569013879714,132,3320.679212331772,67.26245108067687
-1.1687226e-05,14.834894895553589,25.669387102127075,122.15548134744824,-0.011773279,24.393859148025513,0.14014124870300293,190.65688449562927,32.21785615710922,1340000,1.1345577239990234,8.805619955062866,100,33.11053303654919,133,3346.4241139888763,67.44287797314747
-1.166477e-05,14.679699182510376,25.47001576423645,116.69696279746229,-0.012419128,24.181840896606445,0.14022445678710938,212.84524275889322,2.233810640464844,1350000,1.146841049194336,8.751399517059326,100,39.2021874708482,134,3371.9666669368744,64.99451448824396
-1.1615777e-05,14.757319211959839,25.553385019302368,121.47750280111224,-0.011535035,24.25870418548584,0.1302499771118164,194.13772392867148,-8.27544284303505,1360000,1.1632518768310547,8.757555961608887,100,35.31479069840153,135,3397.5958268642426,67.60296204994093
-1.1588317e-05,14.752887964248657,25.52933382987976,121.4101030823194,-0.010829852,24.250037670135498,0.14589190483093262,200.92201485531254,32.73447747896783,1370000,1.1325709819793701,8.747729778289795,100,35.899795827536224,136,3423.1965107917786,67.94668404919042
-1.1554676e-05,14.928916692733765,25.75734519958496,123.34595092802562,-0.011021763,24.505863904953003,0.1511240005493164,204.75041373070596,34.39810979559267,1380000,1.0995676517486572,8.80678129196167,100,35.981968208007096,137,3449.0238478183746,68.09488158776165
-1.1515894e-05,14.196305751800537,24.78990888595581,115.90296704997166,-0.0075972048,23.52155566215515,0.13032865524291992,196.49775475418582,41.60135458150435,1390000,1.1372106075286865,8.601918935775757,100,30.286612544339928,138,3473.8792777061462,63.7818172954136
-1.1499146e-05,14.155499696731567,24.685625553131104,120.32035537455633,-0.012883054,23.45836853981018,0.12118816375732422,184.64955496318325,25.188225145616695,1400000,1.1048433780670166,8.5678870677948,100,32.61189097425037,139,3498.632455587387,66.72875137151955
-1.1472257e-05,14.234212875366211,24.780657052993774,112.45226461014686,-0.011199675,23.55145239830017,0.12745881080627441,184.41307331966928,-7.536520774381513,1410000,1.1010711193084717,8.592000961303711,100,32.63312941877006,140,3523.476973295212,62.06437414480486
-1.1471062e-05,14.134174108505249,24.68737769126892,118.72489390310666,-0.014546499,23.449644565582275,0.12308931350708008,201.22513486903074,30.545970717275313,1420000,1.113868236541748,8.573416709899902,100,34.987167177702105,141,3548.2291367053986,65.63397561155303
-1.145105e-05,14.20685601234436,24.807076930999756,125.01679641672744,-0.012803457,23.534632444381714,0.13422083854675293,193.4963517620048,56.084325071145315,1430000,1.1372036933898926,8.591126441955566,100,34.56948180847886,142,3573.099056005478,69.71396208536278
-1.1431097e-05,14.33213758468628,24.82188653945923,123.15769490799202,-0.014298029,23.600594758987427,0.12481689453125,201.06306480827985,53.58550133983784,1440000,1.095841884613037,8.55674934387207,100,30.023171624355346,143,3597.991050720215,68.24564820818746
-1.1408144e-05,14.158040046691895,24.675002336502075,121.49485610405807,-0.011557342,23.451883792877197,0.11995196342468262,200.14234854427124,-1.1125208618452207,1450000,1.1024577617645264,8.570722579956055,100,37.92045105981117,144,3622.7270605564117,68.2644888678425
-1.1403504e-05,14.136941194534302,24.70943784713745,121.8547547960315,-0.012583078,23.432608604431152,0.14694595336914062,194.84310406385748,6.5502537367228735,1460000,1.1291422843933105,8.573259592056274,100,36.4233653481347,145,3647.496310710907,67.4041316775862
-1.1374164e-05,14.219802618026733,24.79424810409546,132.74185683485598,-0.013596928,23.511881113052368,0.14888763427734375,232.4072585025673,45.43714090529736,1470000,1.1326615810394287,8.559711456298828,100,34.79288419983043,146,3672.358750104904,73.89913906600887
-1.1347715e-05,14.170642137527466,24.730366468429565,125.9591822810767,-0.010145702,23.4680392742157,0.13469600677490234,201.6140792349669,36.979509568564104,1480000,1.1268961429595947,8.568335056304932,100,34.445525875060916,147,3697.154086828232,70.46274692340452
-1.131569e-05,14.201858043670654,24.77210760116577,132.8157533347623,-0.011685919,23.497809648513794,0.14755892753601074,201.68675532921418,60.08427737804061,1490000,1.1256825923919678,8.56910753250122,100,34.49141103991901,148,3721.990240573883,73.642802208001
-1.12984935e-05,14.18276596069336,24.732021808624268,128.79153275326328,-0.01114501,23.491896152496338,0.1262810230255127,211.23312883368942,22.61147730630175,1500000,1.1128261089324951,8.583747863769531,100,33.74993161724527,149,3746.7864093780518,71.67101290202974
-1.1293317e-05,14.187451839447021,24.857171773910522,128.84116016552582,-0.011460816,23.514920949935913,0.1336660385131836,201.98426307858912,44.484242326984294,1510000,1.2077744007110596,8.6005220413208,100,39.01789860918151,150,3771.707556962967,71.53005905348476
-1.1267166e-05,14.23243522644043,24.725249528884888,128.69267274036807,-0.012038991,23.501161336898804,0.12467789649963379,213.77838219455148,9.265229788884636,1520000,1.0985562801361084,8.54658579826355,100,36.6692784447412,151,3796.5067851543427,71.24133830892907
-1.1238028e-05,14.322205305099487,24.869910717010498,128.7305797043646,-0.010401209,23.617777585983276,0.12960529327392578,200.03574957000717,39.789803351540236,1530000,1.1216650009155273,8.565699815750122,100,34.74050252400202,152,3821.4369823932648,71.38256043618645
-1.1216027e-05,14.202720642089844,24.699186325073242,132.41516523306123,-0.0072688614,23.434255838394165,0.13535046577453613,209.75794852330307,37.3977672211988,1540000,1.128830909729004,8.503498315811157,100,33.966656479082005,153,3846.2056744098663,74.33740564817109
-1.11983845e-05,14.19318699836731,24.723450422286987,136.90788948390338,-0.013369366,23.445277214050293,0.13711190223693848,255.3514464762965,45.3937919701487,1550000,1.1404309272766113,8.530968189239502,100,39.24221781871822,154,3870.991993188858,76.44068186639957
-1.1162719e-05,14.185756921768188,24.711750507354736,134.13369107872347,-0.012467403,23.472330808639526,0.1319899559020996,213.2234501348008,44.627219905882086,1560000,1.105804681777954,8.559391021728516,100,32.90130438512512,155,3895.7678439617157,74.78583073063395
-1.1115767e-05,14.307036638259888,24.91559338569641,135.62568349015186,-0.012270188,23.638869762420654,0.15769743919372559,222.53661008119084,60.23525762242737,1570000,1.1183099746704102,8.607855081558228,100,33.86896344231271,156,3920.7511751651764,75.06336833214606
-1.1126083e-05,14.168255805969238,24.746514081954956,140.2873887205253,-0.012017344,23.467564821243286,0.15239596366882324,205.4571738026786,60.37023039249805,1580000,1.125765085220337,8.577029466629028,100,33.4345017483009,157,3945.5634319782257,78.51375435266569
-1.108699e-05,14.188187599182129,24.702415704727173,139.10265586151246,-0.013496494,23.456817865371704,0.12594985961914062,194.38522476764632,48.69720996753697,1590000,1.1187012195587158,8.53813648223877,100,31.906044083478093,158,3970.3383405208588,76.8399807829589
-1.105312e-05,14.24236273765564,24.745718002319336,143.34115938666352,-0.0122105535,23.517191410064697,0.12125134468078613,232.1154620479658,49.7742520879018,1600000,1.106675624847412,8.549676895141602,100,37.20590229862406,159,3995.1507058143616,79.66257253852613
-1.1049541e-05,14.204121351242065,24.74636149406433,140.96862104079653,-0.012267645,23.510619401931763,0.12973809242248535,220.9444391047808,57.38296888022096,1610000,1.1050045490264893,8.57366418838501,100,37.0235285841425,160,4019.959728717804,78.75863018552229
-1.1027976e-05,14.233672857284546,24.7734854221344,134.52401253515987,-0.013764245,23.520280361175537,0.1255810260772705,195.36042303855578,60.44321906560208,1620000,1.1267938613891602,8.558671474456787,100,33.149317872501165,161,4044.7923877239227,75.41280982093883
-1.0971404e-05,14.170517683029175,24.705889463424683,144.83656737350353,-0.011443067,23.48086977005005,0.12312197685241699,219.30093613660927,69.11454434065405,1630000,1.1011536121368408,8.567563533782959,100,34.736991715913405,162,4069.564803123474,80.72051543228326
-1.0946941e-05,14.30726957321167,24.90135884284973,144.7816404930131,-0.014473328,23.649974822998047,0.12596631050109863,229.63876593647092,51.344569418485456,1640000,1.1246955394744873,8.609762907028198,100,36.66520256222647,163,4094.5291113853455,81.17170863974573
-1.0949639e-05,14.19235110282898,24.742231607437134,144.11160192471414,-0.014643613,23.495898246765137,0.13534879684448242,250.9233934404933,72.21260501360264,1650000,1.1103131771087646,8.581347942352295,100,32.71737781942008,164,4119.337378501892,80.48575106493347
-1.0913375e-05,14.265513181686401,24.810632944107056,142.96174780465634,-0.012028458,23.595841884613037,0.12233304977416992,218.86312842275356,66.49453683126089,1660000,1.0917584896087646,8.604623556137085,100,31.037714197195456,165,4144.210047483444,80.12513657888039
-1.0886892e-05,14.292677879333496,24.847031354904175,139.77643811730732,-0.010474397,23.59976100921631,0.12211847305297852,216.88369804391314,26.70762341445,1670000,1.124488353729248,8.58309817314148,100,36.0319443274835,166,4169.11633515358,77.98225015524525
-1.0905763e-05,14.183185338973999,24.73777675628662,138.5937516480255,-0.009722617,23.49179744720459,0.12711811065673828,231.39450507329101,24.627223240961193,1680000,1.1177918910980225,8.575999736785889,100,37.513595601919064,167,4193.927054643631,77.758198081999
-1.0876847e-05,14.267372608184814,24.863415002822876,144.6827798395121,-0.01226877,23.60773515701294,0.12388753890991211,244.50344525455105,57.94633542247826,1690000,1.1311490535736084,8.606122493743896,100,36.0661777556291,168,4218.855000495911,80.64742084802519
-1.0850487e-05,14.342023372650146,24.967549562454224,152.51674834259774,-0.01324707,23.695574045181274,0.16069388389587402,249.67072800026065,67.56198509116014,1700000,1.1105575561523438,8.623918533325195,100,32.12692015934088,169,4243.882120609283,85.23692160550024
-1.0820935e-05,14.285567283630371,24.825817108154297,149.20955085154813,-0.012043508,23.598076343536377,0.12080216407775879,233.58484658138815,74.30709570626468,1710000,1.1061995029449463,8.572204828262329,100,33.762513392678464,170,4268.77813243866,84.02005557559761
-1.0792018e-05,14.44083285331726,25.085654973983765,145.95344979673177,-0.014606458,23.865211725234985,0.128035306930542,225.82139144883823,50.40515300028597,1720000,1.0916199684143066,8.694864511489868,100,35.13322178715725,171,4293.928119421005,82.13050627010634
-1.0788057e-05,14.345690250396729,24.8716037273407,144.55984135855348,-0.013122699,23.59977912902832,0.11936306953430176,220.58489353263016,64.27079327855317,1730000,1.1515862941741943,8.540050268173218,100,33.55957077524449,172,4318.860753536224,80.4660191588327
-1.0803966e-05,14.338286638259888,24.89686608314514,149.8546913899055,-0.014617808,23.665764331817627,0.12433433532714844,242.58544386024698,75.8014105012579,1740000,1.1060717105865479,8.591967105865479,100,38.02327145912636,173,4343.818765640259,84.14368752026672
-1.0758731e-05,14.314756155014038,24.88460898399353,152.9572805452492,-0.013015714,23.647025108337402,0.14720439910888672,216.8288699472819,86.50344556409087,1750000,1.0895671844482422,8.604431629180908,100,31.582946694968637,174,4368.76393032074,85.90786152452938
-1.0759717e-05,14.338892221450806,24.957316160202026,151.5727105871317,-0.011328093,23.701476573944092,0.14773845672607422,244.42837543271645,60.958855951345015,1760000,1.1074299812316895,8.636738777160645,100,35.09666266595267,175,4393.792393445969,84.78104129959418
-1.0742219e-05,14.188761472702026,24.782888650894165,152.54734630209197,-0.012943778,23.529786109924316,0.14269590377807617,220.63750808621856,72.06103105853651,1770000,1.1097984313964844,8.62068247795105,100,36.342087553410806,176,4418.634321451187,85.77574421137406
-1.0778655e-05,14.30631422996521,24.89693570137024,151.51494841248737,-0.014668749,23.650084972381592,0.13831853866577148,247.588558637518,65.93320645046998,1780000,1.107771396636963,8.612209796905518,100,35.44661767815387,177,4443.591408729553,85.33437738190354
-1.0708598e-05,14.236561298370361,24.772949695587158,155.63777437729766,-0.013153384,23.523674488067627,0.1294100284576416,240.98625993000567,50.60688571108616,1790000,1.1192240715026855,8.545448303222656,100,35.66004007010756,178,4468.429463863373,86.82989307304746
-1.0671816e-05,14.323535680770874,24.923690795898438,149.97806717683375,-0.012583222,23.66141414642334,0.13808846473693848,227.39906332545888,74.57047978662455,1800000,1.1234536170959473,8.613174438476562,100,32.84677441924505,179,4493.429693222046,83.87382791678263
-1.067316e-05,14.405381917953491,25.160447359085083,160.4689024195007,-0.009684701,23.885376930236816,0.1676647663116455,252.1470348465004,58.51939619354477,1810000,1.1063120365142822,8.742587804794312,100,41.88153423809091,180,4518.660289287567,89.85595917045383
-1.0647851e-05,14.292730569839478,24.887462615966797,160.3769454346241,-0.012865763,23.635105848312378,0.13707923889160156,233.38538513761767,50.937252815506874,1820000,1.1145367622375488,8.606110095977783,100,39.946120784394076,181,4543.612569093704,89.54119302401732
-1.06319185e-05,14.208273649215698,24.734864711761475,156.8299391706531,-0.011748728,23.524325847625732,0.12511944770812988,245.27591562682505,60.50233068113809,1830000,1.0846989154815674,8.58384084701538,100,34.940185819065185,182,4568.419106960297,87.60195752570807
-1.059769e-05,14.224116086959839,24.76022696495056,160.64930129599318,-0.011807266,23.5269513130188,0.12546205520629883,252.06503375409122,66.93659904998628,1840000,1.1071131229400635,8.582871675491333,100,39.332925923562655,183,4593.248652935028,90.15779164949255
-1.05660665e-05,14.174550294876099,24.716599941253662,163.5777823120556,-0.009834774,23.46198010444641,0.15233707427978516,277.56897408160404,99.71183586461542,1850000,1.1015477180480957,8.552122831344604,100,33.01393626083466,184,4618.028293371201,91.25818372783765
-1.0543275e-05,14.303141832351685,24.927514791488647,158.4532900377065,-0.012173931,23.64544939994812,0.1338813304901123,258.52807672152113,45.24006665168946,1860000,1.1474354267120361,8.611985683441162,100,37.87113905469185,185,4643.01821064949,88.36534777205009
-1.0517275e-05,14.199320793151855,24.797467708587646,157.98981315542954,-0.0091907075,23.5350558757782,0.13605666160583496,221.18213895511892,75.65517112186217,1870000,1.1255569458007812,8.602680444717407,100,31.182222016439766,186,4667.888598680496,88.70872732581392
-1.0495666e-05,14.143231868743896,24.70078945159912,162.8130415963144,-0.0144091975,23.47397780418396,0.1298205852508545,253.54379180960277,65.69867117145623,1880000,1.0963215827941895,8.606633186340332,100,35.446846274020444,187,4692.651880741119,91.13025100765596
-1.0474271e-05,14.324169635772705,24.960935831069946,162.11039666594854,-0.0140579175,23.667761087417603,0.1482830047607422,232.0951121604042,74.02178823768726,1890000,1.144148826599121,8.607508897781372,100,31.92213305048688,188,4717.681321382523,89.87662188587787
-1.0484759e-05,14.201514482498169,24.793487310409546,163.5125191590697,-0.013599619,23.56574296951294,0.12177348136901855,252.98980640558173,86.46337091400737,1900000,1.1051959991455078,8.629735469818115,100,36.724164391734014,189,4742.545280694962,91.80904248314796
-1.0442466e-05,14.263202667236328,25.26323628425598,165.24486857882638,-0.010287382,23.590633153915405,0.13865900039672852,243.57409948316086,94.30539613734149,1910000,1.532557725906372,8.59450626373291,100,32.81514414228249,190,4767.874699354172,92.22820713654302
-1.0462791e-05,17.409449577331543,29.47143292427063,161.6149176180289,-0.009548562,28.08690047264099,0.1361556053161621,237.06125615176634,61.03096184980122,1920000,1.247661828994751,9.78458046913147,100,31.59524824493785,191,4797.418452978134,90.13505956050378
-1.04176725e-05,15.523120164871216,26.994704008102417,161.1644330259132,-0.011512402,25.3988676071167,0.15702199935913086,229.79731370477418,46.72529359815868,1930000,1.4380323886871338,9.088334560394287,100,36.44558047076804,192,4824.489844322205,89.8346403653889
-1.0398878e-05,14.879916667938232,25.759315490722656,168.36830619967574,-0.0107468,24.451040983200073,0.15300583839416504,259.2914248759144,86.59437460154768,1940000,1.154188632965088,8.82454538345337,100,35.060144292347935,193,4850.320004701614,94.11183074785305
-1.037492e-05,14.51884913444519,25.393248558044434,164.26892673162513,-0.014111843,23.965248346328735,0.13490056991577148,225.51843303554028,71.70500894901313,1950000,1.292316198348999,8.701258420944214,100,31.687364663451245,194,4875.787755727768,92.04555968403099
-1.0357098e-05,14.80189824104309,26.089342832565308,162.76301726181174,-0.011850128,24.428847312927246,0.12584948539733887,247.76268062686032,77.5587757315342,1960000,1.5326886177062988,8.875632286071777,100,37.023630814721216,195,4902.010696411133,90.98717156841221
-1.0318346e-05,14.236965656280518,25.48421835899353,161.8612247926647,-0.01005773,23.632976293563843,0.13961529731750488,254.5872519053499,77.17774179159285,1970000,1.710728406906128,8.653426170349121,100,36.1257218448683,196,4927.609213590622,90.64653415572134
-1.028067e-05,14.325935363769531,25.66600751876831,163.05384288592978,-0.012446015,23.72757077217102,0.17851996421813965,242.93047909571953,55.83149993927529,1980000,1.7572448253631592,8.658571481704712,100,33.7094012336774,197,4953.375591993332,90.48322248359044
-1.02757485e-05,14.458605289459229,25.572471857070923,162.58461220133452,-0.011770858,23.890511512756348,0.2214820384979248,224.13152778897532,49.906639518686674,1990000,1.4590225219726562,8.68315863609314,100,34.14574874946307,198,4979.023023843765,91.00222771068925
-1.0244451e-05,14.63477110862732,25.49413299560547,168.1789600992172,-0.012069623,24.108973741531372,0.15965604782104492,233.44125473005434,93.72898866417468,2000000,1.223778247833252,8.73273754119873,100,30.506413889383143,199,5004.578742027283,93.89073925575921
-1.0223515e-05,14.613054752349854,25.43072247505188,167.18985131135602,-0.010144167,24.127942085266113,0.13032197952270508,244.6464634416531,88.1903581625354,2010000,1.1713130474090576,8.759999752044678,100,36.77224634939643,200,5030.080583333969,93.2535519862291
-1.0216151e-05,14.638114213943481,25.380944967269897,168.5523109615143,-0.009565541,24.122525930404663,0.1323261260986328,251.13142929559913,55.79242281984996,2020000,1.1247305870056152,8.721594095230103,100,36.202344917218184,201,5055.5391392707825,94.25496180901895
-1.0185576e-05,14.648953199386597,25.488170623779297,171.05962884227316,-0.0081385365,24.189852952957153,0.13456368446350098,243.36775286803993,85.07840822003601,2030000,1.1630470752716064,8.783869504928589,100,33.39261873919941,202,5081.100556612015,96.11156084349588
-1.0174322e-05,14.605181455612183,25.441744327545166,170.21947089478167,-0.010602847,24.149784088134766,0.13093090057373047,256.9313879169933,46.3878003647121,2040000,1.1602580547332764,8.79616904258728,100,37.434952225021306,203,5106.619420051575,95.7236050571781
-1.0134717e-05,14.798436164855957,25.776910066604614,173.9307101014991,-0.011682174,24.404606103897095,0.13367891311645508,249.241077836521,70.12061486418226,2050000,1.2378191947937012,8.841016054153442,100,33.33998284710002,204,5132.473571538925,97.28365667930137
-1.0111655e-05,14.720441818237305,25.57003378868103,172.63086026168764,-0.015001067,24.27184224128723,0.14709758758544922,251.107924694912,46.32622732942514,2060000,1.1489713191986084,8.788896083831787,100,36.25038271183295,205,5158.125982046127,96.6847355369735
-1.0084837e-05,14.751089811325073,25.62770700454712,174.0449859351933,-0.010801129,24.33323860168457,0.1361377239227295,243.60470885705556,66.46891015881224,2070000,1.157660961151123,8.829808712005615,100,34.05080841336241,206,5183.8276834487915,97.9538518472684
-1.0074276e-05,14.76302719116211,25.542466402053833,169.90759888131902,-0.013189143,24.278153896331787,0.13088536262512207,243.9444674076186,59.662875198179634,2080000,1.1324951648712158,8.756443500518799,100,36.14576987512666,207,5209.4426445961,94.7414154777479
-1.0074544e-05,14.656132459640503,25.450963020324707,166.61267032555935,-0.00893776,24.16036558151245,0.13393878936767578,244.66230532078464,71.44974880484692,2090000,1.1556220054626465,8.756577014923096,100,35.08409715171851,208,5234.959713459015,93.34344018730884
-1.00719435e-05,14.713477611541748,25.44529938697815,179.79712820605434,-0.0062300754,24.17232084274292,0.12518882751464844,242.17065356617775,105.75805297138275,2100000,1.1469895839691162,8.706382989883423,100,26.447916779941476,209,5260.477822303772,100.24988954120661
-1.0090928e-05,14.717350721359253,25.45354676246643,177.58144065013158,-0.009093959,24.17439365386963,0.16386032104492188,241.44974616845397,93.05525925558479,2110000,1.1145269870758057,8.705466270446777,100,32.439531436997804,210,5285.999135494232,100.22255167596226
-1.0047598e-05,14.770686388015747,25.578845500946045,172.55676946046333,-0.013442951,24.292032480239868,0.14120244979858398,248.09931220819925,94.24226124516944,2120000,1.1448979377746582,8.771103620529175,100,33.48625948085763,211,5311.64833521843,96.05065718755655
-1.0057329e-05,14.619537591934204,25.36679434776306,176.2220765042234,-0.013128376,24.08231830596924,0.1417980194091797,273.2470253168291,74.19700910619201,2130000,1.1419856548309326,8.714221477508545,100,32.94337697582186,212,5337.093706130981,98.27903219982655
-1.0048008e-05,14.710203886032104,25.53028154373169,173.73603694410457,-0.01261089,24.24041247367859,0.15118813514709473,256.58502704925166,88.67597510682037,2140000,1.137742042541504,8.776102066040039,100,35.28883671393307,213,5362.701290130615,97.88214912385968
-1.0050653e-05,14.690790891647339,25.48349380493164,176.2829275512522,-0.013466916,24.201842784881592,0.1275491714477539,264.36945756936876,100.2512932700023,2150000,1.1533868312835693,8.74669075012207,100,30.156726162639927,214,5388.252065420151,98.07074434869854
-1.00371935e-05,14.732730865478516,25.47646188735962,179.0522751053782,-0.011313215,24.183233499526978,0.12527775764465332,266.75955843178485,56.59624736887444,2160000,1.166527509689331,8.690788984298706,100,35.59538469018512,215,5413.793329000473,100.82404184407886
-9.995848e-06,14.735831022262573,25.51991295814514,176.04202206477785,-0.01411352,24.26747751235962,0.13333678245544434,274.38487409873846,96.45831064332808,2170000,1.1178326606750488,8.756843090057373,100,34.844243249255626,216,5439.383705854416,98.06882104542505
-1.001705e-05,14.639389514923096,25.45427966117859,174.41611335711707,-0.011561018,24.134485006332397,0.13353705406188965,262.15126757168645,100.73830536859252,2180000,1.1854281425476074,8.72646188735962,100,31.46590400163243,217,5464.905556201935,96.98189852779925
-1.0009924e-05,14.569178581237793,25.36349582672119,172.61231503426995,-0.012706372,24.080039739608765,0.1424407958984375,264.9174862869042,85.01747526422912,2190000,1.1400375366210938,8.758142471313477,100,34.286968122037365,218,5490.3438420295715,96.73807273600104
-9.958558e-06,14.56351113319397,25.296639919281006,174.80559941145643,-0.011794041,24.03322696685791,0.12642168998718262,240.656613795913,76.57909951618588,2200000,1.1362879276275635,8.72379994392395,100,32.009206985886365,219,5515.707511425018,97.33214926877918
-9.9325935e-06,14.687909364700317,25.505561590194702,175.73205994199904,-0.0096811885,24.196326971054077,0.12491726875305176,250.45935234517066,99.6183715701185,2210000,1.1835415363311768,8.7520112991333,100,33.07640205955194,220,5541.2835948467255,98.64618547084623
-9.920239e-06,14.644297361373901,25.367836713790894,172.6644239463367,-0.013057256,24.08421230316162,0.13515520095825195,236.4460900312378,81.62410876228044,2220000,1.1476433277130127,8.687755823135376,100,31.362008632594602,221,5566.7257215976715,96.55757114225901
-9.873822e-06,14.673054933547974,25.49316716194153,178.6417328983525,-0.015145532,24.141373872756958,0.1358814239501953,265.03917280536393,100.77994524691542,2230000,1.214993953704834,8.7197847366333,100,35.458701010852344,222,5592.297991991043,99.36625385346437
-9.876301e-06,14.624532222747803,25.50286364555359,179.61544745193262,-0.0148673,24.055317640304565,0.12610626220703125,265.5254484272022,95.73561709845774,2240000,1.320446491241455,8.66717791557312,100,31.299845999717473,223,5617.897610425949,100.08148813609121
-9.83375e-06,14.572978973388672,25.523518800735474,177.70725909948854,-0.011285589,24.034102201461792,0.15775108337402344,242.10864363018862,88.88308003654893,2250000,1.3309264183044434,8.715743064880371,100,31.936619324066882,224,5643.5197677612305,99.12851292202892
-9.871026e-06,14.526132106781006,25.69054675102234,176.21836047915104,-0.010905457,23.980417728424072,0.1612412929534912,254.14617202385455,87.23958409332265,2260000,1.547612190246582,8.705175161361694,100,36.12024154636032,225,5669.298437595367,98.90539024178385
-9.835843e-06,14.35637378692627,25.493082284927368,181.42344801938296,-0.012398096,23.8051540851593,0.12752366065979004,261.57893422138716,95.97219750844442,2270000,1.5583460330963135,8.689953804016113,100,32.64926227756336,226,5694.888459682465,101.70681346187658
-9.846796e-06,14.588793277740479,26.009992599487305,182.2324423778,-0.009681464,24.09900403022766,0.12987256050109863,253.9039136275067,107.42341710317585,2280000,1.780346155166626,8.753280878067017,100,32.96370155746727,227,5720.981578826904,102.0514333319385
-9.8140135e-06,14.215613842010498,25.526920557022095,178.06010632230084,-0.0065569533,23.59279775619507,0.15790319442749023,270.3291942864812,80.2070043278503,2290000,1.7750086784362793,8.646005868911743,100,36.405307299832614,228,5746.590261220932,99.5566787486847
-9.816144e-06,15.05653166770935,26.71354866027832,183.59030158678638,-0.009020632,24.772733688354492,0.16975975036621094,249.46035783927857,111.07462373825419,2300000,1.7698068618774414,8.940958976745605,100,32.27754424357959,229,5773.381240367889,102.34847993752187
-9.7876655e-06,14.94601845741272,26.616759777069092,173.26584044308981,-0.010059629,24.577763319015503,0.20636868476867676,270.0913458754865,90.05275489874948,2310000,1.8312513828277588,8.868942022323608,100,34.872444734834595,230,5800.072351694107,97.87996014671836
-9.761575e-06,15.75569486618042,27.795252799987793,179.6574610860987,-0.010112914,25.690943479537964,0.3210718631744385,261.62622818203863,75.95473282996647,2320000,1.7805638313293457,9.138283014297485,100,35.5004808736477,231,5827.96585893631,100.53128591551332
-9.752471e-06,16.55543327331543,28.40173625946045,180.6257188262845,-0.013155411,26.885066986083984,0.21615099906921387,270.692512803989,98.14190828065544,2330000,1.2989833354949951,9.477871417999268,100,34.94876060954713,232,5856.441300868988,101.42269250583975
-9.729663e-06,14.570948362350464,25.444706678390503,182.14500550918459,-0.013524412,24.009747743606567,0.19342470169067383,258.1318440601316,110.79016770165406,2340000,1.2406344413757324,8.696619510650635,100,29.72358523858795,233,5881.948797702789,102.24078693262697
-9.703853e-06,14.493414640426636,25.30463218688965,180.08241972129707,-0.009259798,23.9350643157959,0.20348429679870605,247.12948414932944,91.69361863528223,2350000,1.1650934219360352,8.701602458953857,100,31.143012428419727,234,5907.325398683548,100.37184836924337
-9.702009e-06,15.733803749084473,26.91390037536621,180.772373791643,-0.012809389,25.620877981185913,0.13766694068908691,244.69851503587486,98.15644831749567,2360000,1.1546885967254639,9.100671529769897,100,32.16952869922506,235,5934.30433678627,101.09970740830249
-9.6737795e-06,14.858669996261597,25.74322772026062,180.92756471323875,-0.012775211,24.458050966262817,0.13023614883422852,269.24365327725087,96.22458977441858,2370000,1.1542201042175293,8.82346248626709,100,37.54600154904976,236,5960.119225502014,100.88433124021303
-9.662755e-06,14.776525735855103,25.616578578948975,184.77011687437533,-0.013810623,24.3203604221344,0.14275860786437988,246.269482885519,122.21387204008217,2380000,1.1525089740753174,8.786555290222168,100,28.5716212833386,237,5985.813029050827,103.98152122184781
-9.635042e-06,14.865297317504883,25.722687244415283,184.70124309794443,-0.012390724,24.4244704246521,0.12821483612060547,239.7973707909109,108.88256756274117,2390000,1.169088363647461,8.800818681716919,100,27.082334552365023,238,6011.611395359039,103.58988628220439
-9.609124e-06,14.810600757598877,25.681332111358643,181.36669205011253,-0.014137162,24.382182121276855,0.1481940746307373,235.92292479418987,75.790139302261,2400000,1.1500225067138672,8.804313898086548,100,33.188266233193254,239,6037.370861053467,101.99781394474549
-9.607438e-06,14.737653732299805,25.477524280548096,185.45614448300398,-0.013361973,24.169320344924927,0.14768385887145996,269.30361377687035,106.55908040637392,2410000,1.1596977710723877,8.676439762115479,100,32.272682848978135,240,6062.917996406555,104.15695888724322
-9.622898e-06,14.761996269226074,25.611840963363647,179.4494451072299,-0.0122270975,24.28307318687439,0.1651744842529297,269.70413040379367,102.45767608761578,2420000,1.1628639698028564,8.761703252792358,100,28.334367412681615,241,6088.597661018372,100.08535686258728
-9.552977e-06,14.68980622291565,25.493524074554443,183.78077642827841,-0.013291676,24.201253175735474,0.15225696563720703,250.60340927183458,102.38666851437925,2430000,1.1392104625701904,8.754867315292358,100,30.618697067872485,242,6114.165471076965,102.14457311114245
-9.551027e-06,14.768891334533691,25.548709630966187,183.06958532178902,-0.010055661,24.260977745056152,0.13023972511291504,258.89896238060425,87.43295261413704,2440000,1.1568143367767334,8.739174127578735,100,35.90114500239088,243,6139.783793210983,102.9918201549176
-9.553368e-06,14.737128019332886,25.542805671691895,190.30724162286737,-0.01139493,24.267452478408813,0.1370549201965332,248.772499561988,92.51415633492677,2450000,1.1375579833984375,8.775556564331055,100,32.91693609491314,244,6165.396837472916,106.32170794382336
-9.566088e-06,14.804794549942017,25.650248289108276,189.17850985815548,-0.013190184,24.33245348930359,0.1325078010559082,264.17631956003993,100.20833793890213,2460000,1.184542179107666,8.774142026901245,100,34.41465319786793,245,6191.1115844249725,105.75671197299737
-9.558928e-06,14.741649150848389,25.55330491065979,186.7466165789216,-0.0137402415,24.24361228942871,0.1520369052886963,271.86059781513706,101.66853965649493,2470000,1.1564433574676514,8.746867179870605,100,31.758772085421214,246,6216.732798099518,104.89774174531553
-9.553516e-06,14.619688749313354,25.421058416366577,187.45444818807246,-0.009734993,24.126636505126953,0.1348109245300293,267.37841154116165,93.73536127974977,2480000,1.1586792469024658,8.748898267745972,100,32.4832839314921,247,6242.227784872055,105.35066813731004
-9.510098e-06,14.615968465805054,25.375213146209717,187.4041436225233,-0.010325397,24.10373568534851,0.1230316162109375,258.9363494232299,56.132039021741264,2490000,1.1475377082824707,8.734670877456665,100,37.13335420643013,248,6267.663431882858,104.93439880138455
-9.517008e-06,14.767955541610718,25.65767216682434,187.83000999628175,-0.013376024,24.34279465675354,0.14505386352539062,280.63427213993185,81.12723881686719,2500000,1.1688365936279297,8.806990385055542,100,34.56080893631291,249,6293.392603635788,104.92515220438756
-9.504124e-06,14.800254821777344,25.615620851516724,190.8452064679697,-0.012143315,24.266743183135986,0.14162802696228027,268.8998660621503,95.7975515154631,2510000,1.2061164379119873,8.72357988357544,100,29.929934000136132,250,6319.081973791122,106.56114576518665
-9.484363e-06,14.85546612739563,25.76384425163269,189.8594890288867,-0.012321502,24.427597999572754,0.12844491004943848,267.8972483351537,93.53103365839927,2520000,1.2070951461791992,8.815814733505249,100,32.81578099509369,251,6344.92497754097,105.85437228511294
-9.457912e-06,14.675978422164917,25.51432204246521,190.37962846767863,-0.008035507,24.232616424560547,0.1361863613128662,257.9092353398248,105.6963933225772,2530000,1.1447374820709229,8.79745602607727,100,32.12712987761496,252,6370.520515203476,106.18310790216412
-9.445019e-06,14.683263301849365,25.474339962005615,190.88005442357698,-0.0125388,24.190377473831177,0.13344979286193848,259.0284769612419,113.80361993087668,2540000,1.1497516632080078,8.755581140518188,100,30.38365412361057,253,6396.062028884888,107.40598801601561
-9.408196e-06,14.733200788497925,25.51302218437195,193.0185070348113,-0.011115206,24.25525951385498,0.12248635292053223,257.0682123697144,95.42681741212299,2550000,1.134126901626587,8.77417540550232,100,32.24963897579614,254,6421.65344119072,108.08950232936378
-9.4075585e-06,14.666680574417114,25.52633261680603,182.49471850526254,-0.013844293,24.232240915298462,0.12857937812805176,242.5326736535737,97.87537910411933,2560000,1.1645379066467285,8.814733743667603,100,30.524303667593518,255,6447.252278089523,101.73832738599626
-9.37378e-06,14.75728988647461,25.571590185165405,192.59105900417552,-0.0073332996,24.279287576675415,0.13382220268249512,276.66892195847987,113.12320785289859,2570000,1.1575403213500977,8.77387809753418,100,30.491090494911198,256,6472.903161525726,108.21039550232393
-9.35858e-06,14.807431697845459,25.576596975326538,191.4832038992553,-0.0080503095,24.279948472976685,0.12319803237915039,256.0481335631929,122.99849713401464,2580000,1.172661542892456,8.723466396331787,100,30.891871321042647,257,6498.551490306854,107.2686456412952
-9.342789e-06,14.794378280639648,25.60151219367981,189.60803145694882,-0.0117943585,24.27347159385681,0.14804649353027344,273.9897677370605,84.37393277365899,2590000,1.1793055534362793,8.735049962997437,100,35.0527458463537,258,6524.219081401825,106.12424373535228
-9.272072e-06,14.629221200942993,25.457445859909058,187.99777848101658,-0.014064302,24.163464307785034,0.1430497169494629,264.5794049024869,102.49950484175976,2600000,1.1501781940460205,8.78633737564087,100,31.24436211863746,259,6549.750689983368,105.26317705057102
-9.266714e-06,14.663151741027832,25.45925736427307,192.7433259601062,-0.01482243,24.17881488800049,0.12629032135009766,258.5626833440238,89.35253433583924,2610000,1.153306245803833,8.762211322784424,100,30.648392759482736,260,6575.2844223976135,107.3408643472642
-9.254512e-06,14.623779296875,25.403870105743408,186.6669001704244,-0.010421406,24.142823696136475,0.12349963188171387,261.5044320068376,88.07739846558552,2620000,1.1366217136383057,8.757752180099487,100,33.50425275062498,261,6600.758408069611,104.30681960529526
-9.260457e-06,14.670789003372192,25.534407138824463,190.7086074483046,-0.011142583,24.207009315490723,0.13819169998168945,275.036494746585,90.40054509306566,2630000,1.1885015964508057,8.777734756469727,100,38.04445629293862,262,6626.364281415939,106.67893102000116
-9.274933e-06,14.660048723220825,25.448176622390747,193.70968073471806,-0.0124572,24.13399910926819,0.12948846817016602,296.25828084962427,107.51865485388593,2640000,1.1840214729309082,8.72946310043335,100,35.75987188292736,263,6651.888908147812,108.19590150221809
-9.201536e-06,14.928351640701294,25.866880416870117,185.30983013781108,-0.0107573215,24.55181384086609,0.14760565757751465,266.93323185335424,93.36290411364396,2650000,1.1666958332061768,8.852158069610596,100,35.10156605863672,264,6677.829127788544,103.07173300666584
-9.238017e-06,14.669512271881104,25.452062368392944,185.6790990751953,-0.013574107,24.172113180160522,0.12836647033691406,262.37790245138916,103.24829759015813,2660000,1.1508729457855225,8.759002208709717,100,33.079933111843644,265,6703.356684207916,104.25689878261053
-9.18017e-06,14.662597894668579,25.393689155578613,193.16838986348034,-0.010957382,24.141719102859497,0.1375904083251953,271.78518556565547,80.28557388636524,2670000,1.1136043071746826,8.733336925506592,100,34.37497415577517,266,6728.828203201294,108.37822233176779
-9.1751335e-06,14.665760040283203,25.51537799835205,185.65741754315795,-0.0126477685,24.20751452445984,0.12819409370422363,262.7405601275181,96.28068375915954,2680000,1.1788175106048584,8.779729843139648,100,33.58713201812549,267,6754.413086891174,103.91835770593978
-9.193846e-06,14.692659139633179,25.486649751663208,195.517942304921,-0.012343574,24.210798978805542,0.12587547302246094,283.5885316372872,86.58233768597042,2690000,1.1492972373962402,8.765921592712402,100,30.065539124287664,268,6779.972867012024,109.5586507018387
-9.166432e-06,14.771466970443726,25.55819797515869,191.31244858086617,-0.011781214,24.270561933517456,0.1405932903289795,263.1833732344922,96.64464809786976,2700000,1.14625883102417,8.752904891967773,100,32.7929048038691,269,6805.606279850006,107.00497728893426
-9.136988e-06,14.637320041656494,25.373265504837036,199.00155281878034,-0.0147838965,24.099294900894165,0.12741541862487793,258.58626935777886,128.68563865284756,2710000,1.1458463668823242,8.706924438476562,100,30.257893624281834,270,6831.052453041077,110.77507612845015
-9.154744e-06,14.6627836227417,25.455695867538452,194.44232613488896,-0.012068931,24.163593530654907,0.14009761810302734,266.29674266132594,102.25455804743116,2720000,1.1512706279754639,8.738625288009644,100,29.674922996361136,271,6856.58110666275,108.28350681834168
-9.169984e-06,14.751958131790161,25.51815128326416,193.05283454146692,-0.0136539545,24.26143980026245,0.12636137008666992,266.20670807741857,78.60801988734697,2730000,1.1296155452728271,8.763290643692017,100,38.559225422336176,272,6882.17719078064,107.98929064338623
-9.114042e-06,14.646203517913818,25.39571237564087,189.18769220693778,-0.012154086,24.14759922027588,0.1345348358154297,271.59821921769793,97.19319313659581,2740000,1.1125633716583252,8.747783422470093,100,34.60036759723146,273,6907.635929584503,106.02539827466786
-9.095671e-06,14.78375244140625,25.592131853103638,195.87193890806245,-0.011516419,24.30215287208557,0.13754892349243164,274.875806294762,106.17391766992931,2750000,1.1517298221588135,8.763132810592651,100,33.9553746838165,274,6933.295576572418,110.37566329657308
-9.045631e-06,14.721758365631104,25.574607849121094,194.541134405316,-0.01136871,24.28233051300049,0.13085389137268066,277.54696027892265,119.05953377283512,2760000,1.1603798866271973,8.807217359542847,100,31.784789923077156,275,6958.944485425949,109.24567350471176
-9.062369e-06,14.693607807159424,25.49228310585022,190.89438135936376,-0.012298167,24.205668210983276,0.12793755531311035,288.1662167881614,116.21344029285827,2770000,1.1579344272613525,8.76844334602356,100,34.800995803521644,276,6984.501078128815,106.7638956420162
-9.042609e-06,14.690321445465088,25.471445560455322,194.81006545249838,-0.010597475,24.207012176513672,0.127122163772583,265.8918373106651,128.50728146064935,2780000,1.1365904808044434,8.762941598892212,100,28.48543179845491,277,7010.041666507721,108.99934193105554
-9.061593e-06,14.663379907608032,25.49956250190735,195.850826171957,-0.011947068,24.181959867477417,0.16362690925598145,284.0898052574206,117.54234073367662,2790000,1.1532914638519287,8.771108388900757,100,30.26184049565825,278,7035.610147476196,110.00686120701792
-9.075088e-06,14.776781558990479,25.614588499069214,197.19293416985124,-0.012870474,24.344987869262695,0.12352132797241211,275.5699558431076,108.11825759288186,2800000,1.1448779106140137,8.808374166488647,100,32.25396105033143,279,7061.296544313431,110.62682142753216
-9.010087e-06,14.756786346435547,25.665546894073486,198.33494564292786,-0.012216926,24.31759262084961,0.1668686866760254,269.73644875520375,84.69903984083585,2810000,1.1787400245666504,8.80187201499939,100,37.301117797975074,280,7087.032178640366,111.83247575837835
-8.992171e-06,14.834001779556274,26.04717707633972,192.9324499727123,-0.013759691,24.39215874671936,0.14811992645263672,297.1365652467556,108.97495884015586,2820000,1.5061862468719482,8.801116466522217,100,34.79405430862292,281,7113.149042844772,108.77789607420151
-8.995796e-06,14.320322751998901,25.616532564163208,201.2941777475405,-0.014065982,23.787984132766724,0.1312422752380371,272.8638613970685,121.10323244682712,2830000,1.6961019039154053,8.706570625305176,100,31.042380401714087,282,7138.862895727158,112.96645734696273
-8.957136e-06,14.47930908203125,25.780045747756958,191.7467603327582,-0.006902181,23.928481817245483,0.19438743591308594,258.9361998825429,98.06002220679652,2840000,1.6551649570465088,8.70512318611145,100,31.819105296221732,283,7164.751187324524,107.67347814896692
-8.962125e-06,14.647292375564575,25.58405590057373,195.12540737775697,-0.008564068,24.043774366378784,0.21633005142211914,259.66807520035854,101.91819609197468,2850000,1.3223021030426025,8.656313180923462,100,32.76400346230309,284,7190.402081727982,109.33023943891631
-8.971555e-06,14.497867345809937,25.391193866729736,201.3638612095014,-0.007605024,23.9946346282959,0.17885899543762207,273.6562246123753,133.97230381653952,2860000,1.215721845626831,8.744234561920166,100,31.632361821915637,285,7215.865873098373,112.53434463418334
-8.93368e-06,14.588702917098999,25.395536184310913,199.9627965317381,-0.009066504,24.08106017112732,0.15781879425048828,275.8646759793885,112.92309489625609,2870000,1.1553280353546143,8.73718547821045,100,31.407572839356806,286,7241.3266887664795,112.08287418529613
-8.918237e-06,14.518466711044312,25.32802987098694,198.99683433890476,-0.009231258,24.006221771240234,0.15475225448608398,279.75029903519953,101.3035733795769,2880000,1.1660943031311035,8.727672576904297,100,36.26029672646283,287,7266.734596967697,111.11538336531795
-8.9286805e-06,14.661459922790527,25.428521871566772,196.80402150677529,-0.009884377,24.145018339157104,0.12782740592956543,284.4434918598818,125.02573169798956,2890000,1.1548988819122314,8.728223323822021,100,31.450356722484702,288,7292.237671375275,110.95363962684513
-8.891416e-06,14.631986379623413,25.430158376693726,198.68489546219723,-0.010533189,24.131009340286255,0.13364124298095703,272.0929368479901,119.15937489966655,2900000,1.1647467613220215,8.74318528175354,100,32.85433240363086,289,7317.7369112968445,111.22980910020408
-8.871228e-06,14.651213884353638,25.416810035705566,195.3399752825731,-0.011882432,24.15556311607361,0.12706398963928223,275.7387497315884,81.0832728539752,2910000,1.1334381103515625,8.749676942825317,100,37.43868403044992,290,7343.228951454163,109.75820760304819
-8.843166e-06,14.693172693252563,25.514549493789673,196.18979383362515,-0.008483985,24.230387926101685,0.13105249404907227,269.9434801951939,107.9404431367139,2920000,1.1523799896240234,8.796586036682129,100,34.72917258993015,291,7368.814585447311,110.32673025919556
-8.823344e-06,14.656434535980225,25.45961570739746,199.6245716344316,-0.013505047,24.175485610961914,0.13446283340454102,296.2904195730912,137.31229615810193,2930000,1.1486520767211914,8.759162902832031,100,31.297995729893728,292,7394.347690105438,111.83550886218381
-8.788363e-06,14.678747177124023,25.49308705329895,202.4030809680523,-0.011418826,24.187602519989014,0.13628292083740234,269.02299855779586,103.74149259484426,2940000,1.168445110321045,8.758556842803955,100,33.80202439500586,293,7419.919346570969,113.26881494275241
-8.776744e-06,14.781851530075073,25.57832384109497,206.72437939645843,-0.011931685,24.290024280548096,0.12389421463012695,257.141445508241,109.93424683639333,2950000,1.163619041442871,8.757077932357788,100,28.807672600524008,294,7445.586800575256,115.3840556202043
-8.765971e-06,14.692727327346802,25.481256008148193,200.1465205612849,-0.008459798,24.19835376739502,0.12839865684509277,268.6628978928452,77.8696259068763,2960000,1.1536171436309814,8.747117042541504,100,32.90938291255151,295,7471.144264698029,111.43123513722595
-8.758406e-06,14.647465229034424,25.17566418647766,203.71391147868133,-0.008268241,24.028796911239624,0.11357569694519043,264.8671042553196,74.18630139477447,2970000,1.0325736999511719,8.630592823028564,100,31.268502058405726,296,7496.389090299606,114.00389542012465
-8.725385e-06,13.200627326965332,22.82817530632019,199.11939656974587,-0.014687422,21.695146799087524,0.11788249015808105,273.58719106364276,67.76972511431447,2980000,1.0144567489624023,7.81581974029541,100,33.72265399102381,297,7519.277019023895,111.88080840417719
-8.745012e-06,13.294514894485474,22.831296920776367,203.13146161565743,-0.013651497,21.811309576034546,0.11491870880126953,269.4641774608156,128.57640720369287,2990000,0.9043922424316406,7.830254077911377,100,31.575767788809642,298,7542.164805173874,114.23209125290018
-8.735602e-06,12.25572419166565,21.043429613113403,196.61785782794243,-0.012297143,20.01898455619812,0.11190462112426758,281.3008699579736,88.67825365540283,3000000,0.911912202835083,7.145522117614746,100,36.81498146502396,299,7563.263531923294,110.53643757725337
