train-AverageDiscountedReturn,Time-SampleProc,LossBefore,Time-Optimization,Time-Sampling,train-StdReturn,Time,ItrTime,LossAfter,Itr,n_timesteps,train-MaxReturn,train-MinReturn,train-NumTrajs,train-PolicyExecTime,train-EnvExecTime,train-AverageReturn
-1.7277171138936367,0.17343974113464355,-6.1035155e-09,2.1122992038726807,22.79678201675415,3.913136293222584,25.083409786224365,25.083401679992676,0.031655446,0,10000,6.4379718426846315,-9.70428435297028,100,13.989500284194946,8.135398149490356,-2.1293808954524085
-2.07559961267061,0.16525626182556152,1.2207031e-08,1.568964958190918,22.726332426071167,5.104358478499204,49.63136100769043,24.461954355239868,0.0008836914,1,20000,10.56070713929457,-18.65021790074374,100,13.785425901412964,8.251123189926147,-2.9363431358941137
-1.094142451974523,0.18101835250854492,-0.0047551505,1.3630073070526123,22.757909297943115,5.384697068855425,73.99937438964844,24.303340196609497,-0.0042346315,2,30000,12.601346180888822,-17.82271231859856,100,13.821149110794067,8.252317190170288,-1.8227673990995774
0.47610217450182774,0.14650344848632812,-1.2207031e-08,1.6436767578125,22.64287781715393,6.376285322536209,98.49264216423035,24.434677124023438,-0.0037921218,3,40000,21.633571247436734,-16.183738373708316,100,13.792358875274658,8.166061639785767,1.4309036946642335
3.834990803643795,0.11055970191955566,-1.4877319e-08,1.5726044178009033,22.55208444595337,7.8534093726888825,122.78911471366882,24.23627805709839,-0.005611849,4,50000,28.256184648227624,-8.34705363045944,100,13.716050386428833,8.155308485031128,6.48835498100784
8.175743006716418,0.14226245880126953,-1.0681152e-08,1.3307058811187744,22.678735494613647,9.07679246083646,147.0421850681305,24.154025554656982,-0.0079998635,5,60000,28.93461360445452,-10.827064885258928,100,13.731428623199463,8.268094062805176,12.95835041557248
12.091282560475285,0.12021088600158691,-7.629395e-09,1.0723295211791992,23.023261308670044,7.115490586268063,171.34784722328186,24.21672773361206,-0.0042829025,6,70000,29.202145324148344,-1.666406940876022,100,13.932642936706543,8.398047685623169,18.456235379591032
13.388658584571704,0.11645722389221191,3.0517577e-09,1.0782139301300049,23.270411491394043,7.157088553779667,195.9041817188263,24.467087268829346,-0.0068130842,7,80000,30.420604072055443,-0.9074884527866844,100,14.03525686264038,8.543545007705688,20.54022684782137
16.764312789868676,0.1078805923461914,1.1634826e-08,1.0821726322174072,23.4421067237854,4.7743016480225515,220.5951247215271,24.632803916931152,-0.0062682843,8,90000,30.654268577173102,3.87039131489441,100,14.033720016479492,8.71445631980896,23.803315296659235
18.26997470962275,0.10947299003601074,-0.0019070556,1.0755233764648438,23.498833656311035,3.3404987412064786,245.34225630760193,24.684666633605957,-0.005981497,9,100000,31.576247955751825,14.194797488848076,100,14.06346607208252,8.744947671890259,25.349830046056436
19.100579106640115,0.12564301490783691,6.1035155e-09,1.0455577373504639,23.529549837112427,3.7939676213659888,270.10715651512146,24.70148777961731,-0.0041207,10,110000,32.2738805264901,10.565248289208398,100,14.033668994903564,8.801196575164795,25.819860545664728
20.48953436211425,0.10747766494750977,-6.6757204e-09,1.0732438564300537,23.693804025650024,1.8990278586409917,295.0406241416931,24.87511157989502,-0.0031557942,11,120000,31.515493369269226,19.242034458842006,100,14.081730127334595,8.913453102111816,27.294872264699396
20.323665686283906,0.12938499450683594,7.247925e-09,1.0711493492126465,23.731321334838867,2.785145293912323,320.03240633010864,24.93252182006836,-0.0027543833,12,130000,32.447612744055476,14.876041837901782,100,14.180142402648926,8.857327938079834,26.838990768500157
20.526124215972178,0.13035821914672852,6.4849854e-09,1.059913158416748,23.602283477783203,3.6722777790221515,344.88803696632385,24.79326343536377,-0.0044646254,13,140000,32.352319297364815,5.00318399546756,100,13.991279125213623,8.912837505340576,26.86812129303957
21.61415902135656,0.11038446426391602,1.5258789e-09,1.0690629482269287,23.82784938812256,1.6958114499203842,369.95973229408264,25.008007764816284,-0.0014632118,14,150000,31.990572113303852,22.903399673350172,100,14.110942840576172,9.014217853546143,28.024516211844166
21.458040924706243,0.10688614845275879,-5.340576e-09,1.0566377639770508,23.665578365325928,3.4355995770158354,394.85479068756104,24.829703092575073,-0.0031186072,15,160000,31.50812874515938,-1.2580863319496416,100,14.055023908615112,8.924040794372559,27.68173556443106
21.817618174413578,0.1148371696472168,3.0517577e-09,1.061255693435669,23.821754217147827,1.3659195553521273,419.9116554260254,24.998411893844604,-0.0054401443,16,170000,30.60862101361977,23.49647317075899,100,14.056734800338745,9.07756781578064,28.000000983099966
22.157082783742112,0.11058211326599121,0.00069570926,1.093855381011963,23.881530284881592,1.5155601856711178,445.066445350647,25.086701154708862,-0.004603244,17,180000,31.126659364235277,23.578522819617607,100,14.125310897827148,9.047948122024536,28.241046755891784
22.430780549493708,0.1127619743347168,2.670288e-09,1.0564475059509277,23.987763166427612,1.5446955958934057,470.2914583683014,25.157738208770752,-0.0049473676,18,190000,32.22113168516195,23.05958062243693,100,14.227691411972046,9.06622862815857,28.40187299602191
22.6490075355861,0.11259150505065918,9.155274e-09,1.0802831649780273,23.832196950912476,1.4355312073334578,495.3852128982544,25.025752782821655,-0.0047107018,19,200000,31.959481914203558,23.42374691825405,100,14.10069727897644,9.037039756774902,28.6081162955637
23.274110090577015,0.12134385108947754,-0.001639328,1.057713270187378,23.834280967712402,1.2617541278169988,520.4583561420441,25.0139057636261,-0.004266913,20,210000,32.01731539229652,25.892722978079714,100,14.04728102684021,9.096933841705322,29.106924087889844
22.991590228002323,0.15532898902893066,-4.577637e-09,1.0746614933013916,23.94960856437683,1.109658004659498,545.7022633552551,25.18033719062805,-0.00038251342,21,220000,30.817121460330227,25.65210551198988,100,14.147342443466187,9.107540369033813,28.878060892511584
23.321539071955403,0.10809540748596191,-3.0517577e-09,1.1164426803588867,23.918828010559082,1.407680252725915,570.9132058620453,25.14405083656311,-0.0044750124,22,230000,32.55636141072986,25.499286217486368,100,14.134116172790527,9.080628156661987,29.170359670876618
23.28784021216268,0.10765814781188965,-2.1362304e-08,1.0438783168792725,23.86435031890869,1.2759894250314747,595.9905955791473,25.01658344268799,-0.0022266419,23,240000,32.621202836577574,26.07615213602347,100,14.074918985366821,9.092374801635742,29.17903549689036
23.49150901319097,0.11390447616577148,-0.0025889678,1.0653059482574463,23.978161811828613,1.4020498451727805,621.2167451381683,25.158356189727783,0.0046589156,24,250000,32.5725865378891,26.551308174746353,100,14.183853387832642,9.099215745925903,29.47929834550631
23.54053122955444,0.11024618148803711,9.155274e-09,1.0944278240203857,23.809625387191772,1.2686633193238814,646.2906284332275,25.015090465545654,0.0012366562,25,260000,32.41003299432546,26.71084713358437,100,14.07420563697815,9.035073280334473,29.30717137855106
23.274825347925333,0.14234304428100586,-3.6621095e-08,1.082076072692871,23.870391130447388,1.2748977800112413,671.4434156417847,25.09550714492798,-0.00046185913,26,270000,32.265997371775846,26.416961106564845,100,14.055809497833252,9.117270946502686,29.12442341704545
23.81741918135051,0.11440587043762207,1.5258789e-09,1.0796005725860596,24.01214575767517,1.0047280988651177,696.7063570022583,25.206769227981567,-0.0035893235,27,280000,31.766544999071193,26.29630527775792,100,14.212636947631836,9.100419521331787,29.53405647983179
23.48248629630474,0.10783886909484863,1.5258789e-09,1.088179588317871,23.91482424736023,1.2138996661732944,721.8825414180756,25.111496925354004,-0.0035043396,28,290000,32.291295981264646,26.407423707562483,100,14.089050054550171,9.12703537940979,29.298126515422382
23.436088092048603,0.11791348457336426,-3.8146972e-10,1.0764474868774414,23.925675630569458,1.1368733084112155,747.0696229934692,25.120800495147705,-0.0017745572,29,300000,33.02851759374527,26.839639602046354,100,14.139109134674072,9.093877077102661,29.283100514469616
23.7166516824755,0.1090383529663086,9.155274e-09,1.082768440246582,23.799959659576416,1.1423887040261564,772.1235151290894,24.992631673812866,-0.002393683,30,310000,32.51895544766904,27.024108333016393,100,14.056696891784668,9.051536560058594,29.574054877284475
23.96330457892096,0.13726806640625,-2.670288e-09,1.0790112018585205,23.82819437980652,1.1662361771280563,797.2373378276825,25.045047760009766,-0.0016770052,31,320000,33.08405717513137,27.227392590251284,100,14.030443906784058,9.106324911117554,29.756967413226654
23.777571284091064,0.10919499397277832,-1.2207031e-08,1.0543386936187744,23.80079460144043,1.1130193491005445,822.2627644538879,24.965070486068726,0.00055499875,32,330000,31.783495684485956,27.258119577639338,100,14.048818349838257,9.061752796173096,29.663421670450692
23.811411513587114,0.1109457015991211,-2.2888185e-09,1.057450532913208,23.88923454284668,1.2677408716707617,847.3864073753357,25.058372020721436,-5.0980376e-05,33,340000,32.58244954426192,26.84856171246741,100,14.074343919754028,9.11917495727539,29.61219026677277
24.030971300150036,0.14466047286987305,6.1035155e-09,1.0612154006958008,24.003153324127197,1.2175943864776049,872.6596112251282,25.209763765335083,-0.0022192642,34,350000,32.41944047258391,26.68355669302616,100,14.191447973251343,9.117964506149292,29.902027229900142
24.015201150994052,0.1104891300201416,-4.577637e-09,1.0750377178192139,23.8892879486084,1.1548343991640158,897.8002307415009,25.07540726661682,0.0019189576,35,360000,32.83404367649949,26.88596592762497,100,14.084404706954956,9.112321615219116,29.88334682344808
23.916271607861393,0.11083316802978516,-3.8146972e-10,1.0768358707427979,23.915624856948853,1.270429476516501,922.9652419090271,25.10398840904236,-0.0027373082,36,370000,32.30233066655986,27.504184704427246,100,14.150100469589233,9.073925256729126,29.85622174513877
23.934082312110363,0.12877869606018066,3.0517577e-09,1.0756914615631104,23.782036304473877,1.1730315328623404,948.0127465724945,24.98718285560608,-0.00018178101,37,380000,32.802558940832974,26.792200259583783,100,14.03900408744812,9.051648139953613,29.93212590523629
24.22286720887759,0.10553479194641113,-5.340576e-09,1.0726253986358643,23.918211936950684,1.0913077018151829,973.1734478473663,25.097012758255005,0.006644243,38,390000,33.38181867285103,27.933694336173744,100,14.114351272583008,9.110259056091309,30.226750767355888
23.901696718637023,0.10859060287475586,-1.8310548e-08,1.0642809867858887,23.872581720352173,1.078826703544213,998.2837390899658,25.046101570129395,-0.0033844635,39,400000,32.28179853267339,27.3822490130105,100,14.08912706375122,9.079421043395996,30.0621878101108
24.218365054587377,0.10781741142272949,-5.340576e-09,1.1132440567016602,23.84147000312805,1.196855695020593,1023.4073565006256,25.06321692466736,-0.0030058038,40,410000,32.90883665976402,26.532039227014515,100,14.065656661987305,9.079928159713745,30.342828893945303
24.057646955967247,0.11635994911193848,8.010864e-09,1.0791268348693848,23.781927824020386,1.1317803680878225,1048.447508573532,24.97807788848877,-0.0024643943,41,420000,32.8723763310382,27.772170349616886,100,14.05855107307434,9.02883768081665,30.236470868660266
24.26686327167168,0.11721682548522949,-6.866455e-09,1.0637943744659424,23.918115377426147,1.180463991985515,1073.6049947738647,25.09992790222168,0.0017109405,42,430000,33.15813502934621,27.253040833465263,100,14.113410234451294,9.107632160186768,30.398949178314584
24.218980939545148,0.10541582107543945,-7.629395e-09,1.0723817348480225,23.788755178451538,1.0724418500279662,1098.6396372318268,24.967156410217285,3.5690307e-05,43,440000,32.92264600898505,28.56060589711128,100,14.015238523483276,9.063782691955566,30.40661749237254
24.43941714914753,0.13932347297668457,-3.0517577e-09,1.0524392127990723,23.923881769180298,1.2134425340892792,1123.815559387207,25.116246223449707,-0.0021583466,44,450000,33.71804150351412,27.358167458676647,100,14.114266872406006,9.114569664001465,30.625158864199967
24.65109373704024,0.13027548789978027,-6.1035155e-09,1.0769407749176025,23.874003887176514,1.1355485369252996,1148.9542186260223,25.082215785980225,2.8997803e-05,45,460000,33.66887105093615,27.997719625333307,100,14.117856979370117,9.06600046157837,30.762779273841314
24.438050539714865,0.11331009864807129,-6.1035155e-09,1.05135178565979,24.513973712921143,1.1935975259244422,1174.6904604434967,25.679446935653687,-0.00024188843,46,470000,33.46973698302637,27.564306647332625,100,14.474066972732544,9.328602075576782,30.5792443748162
24.47715492583102,0.1092531681060791,-3.8146974e-09,1.0818233489990234,23.778273820877075,1.0280458572255324,1199.7269084453583,24.970336198806763,-0.00040200652,47,480000,32.88715774026913,28.32880878354887,100,14.02273154258728,9.068083763122559,30.674366869307256
24.608297977598667,0.12480545043945312,3.0517577e-09,1.0476598739624023,24.080150604248047,1.1440253935646594,1225.0416052341461,25.253347158432007,-0.0022952622,48,490000,33.47378681045495,27.980865449722604,100,14.239663124084473,9.140753269195557,30.802559738561555
24.485953707563876,0.10976982116699219,-3.0517577e-09,1.1050431728363037,24.009450674057007,1.0927563739071682,1250.326914548874,25.224894523620605,0.004159955,49,500000,33.33203783933477,28.062332549083195,100,14.161475896835327,9.141906261444092,30.76857843921539
24.552398512183114,0.10660672187805176,-3.0517577e-09,1.083770751953125,23.914713859558105,1.1440007233411194,1275.49334025383,25.105851888656616,-0.0017687866,50,510000,33.74795972587203,28.118268254107193,100,14.091630697250366,9.128760814666748,30.823977037157544
24.89935317251798,0.11921334266662598,1.9073486e-10,1.070129632949829,23.951732635498047,0.9930201643535868,1300.6978013515472,25.14181423187256,-0.0001622406,51,520000,33.73972634360252,28.42407307421549,100,14.105172395706177,9.148273468017578,31.10458838317281
24.62046383530638,0.1164693832397461,6.1035155e-09,1.1133465766906738,23.825724840164185,1.110887910216665,1325.8151876926422,25.056329011917114,-0.0008272705,52,530000,33.19633006932275,28.408509554542427,100,14.053242683410645,9.076925277709961,30.85068660096499
24.73435084821188,0.10557985305786133,1.1444092e-09,1.077568769454956,23.948355674743652,1.1971941501594423,1351.0078423023224,25.132184743881226,-0.0006996544,53,540000,34.01817825734515,28.21667893779634,100,14.114177703857422,9.14007043838501,31.007751697217973
24.937751705713403,0.1125786304473877,2.2888185e-09,1.0661556720733643,23.904377460479736,1.2030886124143554,1376.1518094539642,25.083750009536743,-0.0034037149,54,550000,33.700078516407316,28.125944750938494,100,14.069599390029907,9.141345739364624,31.217475157565364
24.723525431955224,0.1358804702758789,9.155274e-09,1.066586971282959,23.934556007385254,1.1218064344946668,1401.3552248477936,25.137741565704346,0.0007449585,55,560000,33.389867213309635,28.47785496916374,100,14.12441086769104,9.123450756072998,31.07167735352864
24.757979617167024,0.11148405075073242,6.6757204e-09,1.050755500793457,23.845991373062134,1.1320713335551607,1426.4227437973022,25.008833169937134,-0.0019741838,56,570000,34.30748528279275,28.267485967253748,100,14.077739715576172,9.074961423873901,31.1495309687971
25.135664740663724,0.10829591751098633,1.525879e-08,1.078070878982544,23.910134315490723,1.034188213817125,1451.5781786441803,25.097244262695312,-0.00042383422,57,580000,34.828673317765855,29.295941822605812,100,14.094942092895508,9.127118825912476,31.525657746131245
25.01771134754395,0.11458921432495117,0.0031031691,1.085400104522705,23.948953866958618,1.0566882648685116,1476.7842078208923,25.149657011032104,-0.0015723603,58,590000,34.146876995261735,28.375090009084012,100,14.111791849136353,9.142130613327026,31.363536377285378
25.010361582876932,0.11700797080993652,-4.196167e-09,1.0693788528442383,23.898276805877686,1.170694855327477,1501.927661895752,25.085318565368652,0.002340485,59,600000,34.439923958426625,28.984537861963545,100,14.10272765159607,9.10610818862915,31.442964181945896
25.1956012367872,0.11013126373291016,-3.4332275e-09,1.05161714553833,23.945172548294067,1.139217072686035,1527.096034526825,25.10784363746643,0.0172951,60,610000,34.4001158602362,29.361326923466354,100,14.113297939300537,9.143158912658691,31.69451828650208
25.028070978655034,0.1107783317565918,9.918213e-09,1.0633747577667236,24.02980637550354,1.115067461175886,1552.3617451190948,25.204737424850464,0.01775627,61,620000,34.20231841270853,28.20026615880778,100,14.139897584915161,9.18831992149353,31.592154653990953
25.082813966586308,0.12451887130737305,4.577637e-09,1.1091511249542236,23.900641679763794,1.1545684313030433,1577.5633718967438,25.134917497634888,0.009940497,62,630000,34.4582414861581,28.644688072754438,100,14.091729879379272,9.126291990280151,31.757125489238422
25.28077268882188,0.11640167236328125,3.0517577e-09,1.0665068626403809,23.781930446624756,1.2324980703282113,1602.5890316963196,24.96558403968811,-0.00062495115,63,640000,34.96264817236364,26.604664613425747,100,14.020771265029907,9.057628393173218,32.05962948260838
24.952735994864444,0.11096549034118652,1.9073487e-09,1.051107406616211,23.853856801986694,1.2384351581728061,1627.6691863536835,25.01659846305847,-0.0040136664,64,650000,35.369783009779276,28.92730744096813,100,14.096998453140259,9.044421434402466,31.83384054392098
25.065286243097265,0.12724590301513672,0.0015077057,1.1116595268249512,23.886200666427612,1.287401934924757,1652.8551502227783,25.12575936317444,-0.0016173522,65,660000,34.89090781929347,28.39798585601596,100,14.09590196609497,9.095048189163208,31.93975510414545
25.153176516505486,0.10666561126708984,-9.155274e-09,1.0723352432250977,23.80410122871399,1.2246408757866225,1677.8989210128784,24.983896493911743,0.010209296,66,670000,34.874392938058236,29.03666176205548,100,14.09316897392273,9.0186448097229,32.02010043365468
25.3705738963758,0.11348819732666016,-6.1035155e-09,1.035926103591919,23.930949687957764,1.078662653254999,1703.0371589660645,25.081317901611328,-0.002065567,67,680000,35.060176727794314,29.3763142587994,100,14.13027286529541,9.103207349777222,32.16871865551945
25.410480246028836,0.13121795654296875,-2.670288e-09,1.0571391582489014,23.834250926971436,1.30672306986018,1728.1189880371094,25.023217916488647,-0.002628945,68,690000,35.42620253513754,28.478901414489854,100,14.093185424804688,9.04298734664917,32.269080211299176
25.50207481686816,0.11628890037536621,-0.0028039888,1.0550556182861328,23.985233783721924,1.196922133373883,1753.3443093299866,25.157256364822388,0.00026191407,69,700000,35.498749345590646,29.13009552225737,100,14.194586515426636,9.090983629226685,32.34492275994518
25.529206417897615,0.11478996276855469,1.2207031e-08,1.068812608718872,23.83731174468994,1.1227445680019459,1778.4285974502563,25.021667957305908,-0.0019543548,70,710000,34.94095459800255,29.645412443096866,100,14.10013461112976,9.033898830413818,32.39826989597883
25.351981445120764,0.1407184600830078,6.1035155e-09,1.0355689525604248,23.85925579071045,1.1920973946238893,1803.5299038887024,25.036209106445312,-0.002993503,71,720000,35.052234173327385,29.04784090036342,100,14.08072566986084,9.085455894470215,32.229534468913236
25.403427995789958,0.10766243934631348,-9.155274e-09,1.069331407546997,23.805551052093506,1.243789088473231,1828.5687730312347,24.983195781707764,-0.0006942169,72,730000,34.65547310161348,28.48369499292302,100,14.006887197494507,9.10015320777893,32.40382801616893
25.759367820928905,0.10511374473571777,1.5258789e-09,1.0688748359680176,23.88772702217102,1.258486111850049,1853.6953175067902,25.062448024749756,-0.0045716222,73,740000,35.23190064826392,30.213019315275595,100,14.135136604309082,9.05687165260315,32.66881855821893
25.81551527981338,0.10417771339416504,-3.0517577e-09,1.0620081424713135,23.989192962646484,1.1454548277286816,1878.9109506607056,25.156074285507202,-0.0013750962,74,750000,35.54179247903978,28.83207641688363,100,14.182490110397339,9.112285614013672,32.79113877892201
25.777849256255603,0.11411380767822266,-6.5803527e-09,1.0622169971466064,23.925504207611084,1.2397807869292785,1904.0754821300507,25.102599143981934,0.004475457,75,760000,35.3914050172247,30.192665605239863,100,14.16739010810852,9.069732904434204,32.80878496196438
25.88031557962694,0.1311793327331543,0.0026006957,1.060610055923462,23.968517303466797,1.0639257252024723,1929.298276424408,25.160998344421387,-0.0011420654,76,770000,35.596622850129876,30.492258568008918,100,14.268447875976562,9.007078409194946,33.033246133185884
25.991402319171943,0.11136078834533691,-0.003478862,1.0857138633728027,24.00824284553528,1.2442811395385738,1954.5620076656342,25.205886602401733,-0.0034449173,77,780000,36.06557160797966,29.93613901783556,100,14.235826969146729,9.077216863632202,33.10184864223158
26.048309150441142,0.12442588806152344,-1.8310548e-08,1.070929765701294,23.76100754737854,1.329974564801259,1979.5852043628693,24.957061767578125,-0.002460852,78,790000,36.37690024058751,30.166119492758703,100,14.016357421875,9.047142505645752,33.31692975302722
25.92848248318228,0.11622834205627441,0.0030590103,1.0795810222625732,23.84734344482422,1.3377122367739525,2004.6934704780579,25.043926000595093,-0.0010223449,79,800000,36.16468680347779,30.196289236810816,100,14.139479160308838,9.01417064666748,33.24009127681589
25.99222342246989,0.14779353141784668,-9.155274e-09,1.0879075527191162,23.918020486831665,1.2477705011305054,2029.909142255783,25.154338359832764,0.0036172455,80,810000,35.734159745167595,30.21260877763141,100,14.103394508361816,9.108864545822144,33.340137354286476
25.785497443446523,0.10810136795043945,8.392334e-09,1.0875182151794434,23.796274185180664,1.3158283921535543,2054.958998441696,24.992459774017334,0.0013878555,81,820000,36.35187992767891,29.645215575195483,100,14.098276853561401,9.002532720565796,33.25753791620728
26.176446364042718,0.13342022895812988,1.0681152e-08,1.0434215068817139,23.8025963306427,1.2434272036970309,2080.0008029937744,24.980177402496338,0.006619867,82,830000,36.908394815954274,30.14354830485846,100,14.088005065917969,9.016416311264038,33.63814750311981
26.32288545247639,0.11561799049377441,7.629395e-09,1.0502638816833496,23.679844617843628,1.210758011201736,2104.9055500030518,24.84640145301819,-0.002994619,83,840000,36.45504899496989,30.649322633825953,100,14.010157823562622,8.976660966873169,33.65212626552652
26.101589594708503,0.11744070053100586,-1.5258789e-09,1.0652620792388916,23.84900450706482,1.3353754561860371,2129.996248960495,25.032428979873657,-0.0025043434,84,850000,37.26157761317119,30.369654142062856,100,14.108187913894653,9.045049905776978,33.48619387037868
25.963609920256136,0.11306905746459961,5.340576e-09,1.0736632347106934,23.824771404266357,1.12803579803865,2155.0659897327423,25.012142181396484,-0.00025501556,85,860000,36.68773737831251,30.486677667469163,100,14.065231800079346,9.052605152130127,33.36649160414114
25.956789584392077,0.1145782470703125,-6.1035155e-09,1.0592670440673828,23.85431933403015,1.2434026999641308,2180.150641679764,25.028804540634155,-0.003960315,86,870000,36.548588120860714,30.412636843053612,100,14.145228862762451,9.022237777709961,33.40373807653628
26.18581341069687,0.11037468910217285,3.0517577e-09,1.0863525867462158,23.920771598815918,1.3365066498804286,2205.3313179016113,25.118139028549194,0.00018042908,87,880000,36.56190742594191,30.26479560626465,100,14.143253087997437,9.079444646835327,33.633094538369875
26.161426028106835,0.1422717571258545,6.1035155e-09,1.0742824077606201,23.980156183242798,1.3017100434160933,2230.58846950531,25.197432279586792,-0.002448207,88,890000,36.48566366379034,30.291214646139615,100,14.20766282081604,9.07593059539795,33.63852795613211
26.380409878413587,0.1320338249206543,-6.1035155e-09,1.0497620105743408,23.816096544265747,1.4676135975728797,2255.650417327881,24.998665809631348,0.0019543702,89,900000,37.14498078444831,30.057937112058777,100,14.110562801361084,9.015413522720337,33.95393346408865
26.509639097644563,0.1100306510925293,7.629395e-09,1.0859565734863281,23.834769010543823,1.505678874215385,2280.7409760951996,25.03146743774414,0.018199157,90,910000,36.98217314157774,31.059125854069155,100,14.082763195037842,9.054460048675537,34.09420035762716
26.088861442677402,0.10809993743896484,0.0054059313,1.071059226989746,23.825350999832153,1.2830714924783075,2305.807436466217,25.00513243675232,-0.00086177065,91,920000,36.56998898091516,30.03548345767239,100,14.097587823867798,9.016808986663818,33.775249695391395
26.31713615828112,0.11039233207702637,3.0517577e-09,1.0537705421447754,23.824931144714355,1.4288630106160838,2330.857197523117,24.989965677261353,-0.0031171264,92,930000,37.92649313771933,30.598462789118138,100,14.07227635383606,9.06598687171936,33.996436380464495
26.291865340977242,0.13749027252197266,3.4332275e-09,1.0583319664001465,23.83884286880493,1.39360118747041,2355.958669900894,25.035290718078613,-0.00080730894,93,940000,36.97219719524917,30.388859226300337,100,14.063950777053833,9.075790882110596,33.98670584548091
26.648870610408654,0.12778353691101074,-1.2207031e-08,1.049971342086792,23.908907890319824,1.3832486422785335,2381.1049926280975,25.08744716644287,-0.0002580841,94,950000,37.5049904687199,30.86887894918805,100,14.101244926452637,9.092190027236938,34.36207876240801
26.436882081750625,0.10929346084594727,-1.5354157e-08,1.073734998703003,23.714077711105347,1.6006141430105156,2406.0653483867645,24.897843837738037,-0.0018189829,95,960000,37.39343963603064,29.1899009200346,100,14.022975444793701,9.001556158065796,34.16512849534868
26.22879826822737,0.10834813117980957,7.629395e-09,1.0597853660583496,23.997227907180786,1.376156221577955,2431.289203643799,25.16597318649292,-0.001096344,96,970000,37.53733771444087,31.21879491017295,100,14.195531129837036,9.103760480880737,33.9320226853051
26.54536053983677,0.10453224182128906,1.373291e-08,1.0696923732757568,23.79835844039917,1.4877241092184736,2456.324602842331,24.973259687423706,-0.00014788819,97,980000,38.207569347745626,30.818616783129915,100,14.092482805252075,9.013498067855835,34.28209657836646
26.632540898517505,0.1058340072631836,-1.0681152e-08,1.0564970970153809,23.802311420440674,1.500482080281194,2481.3525519371033,24.96536684036255,-0.0019488869,98,990000,37.27656709847228,30.88549475965804,100,14.03095555305481,9.068450927734375,34.346675114493166
26.500195665415607,0.13580894470214844,-1.2207031e-08,1.063718557357788,23.90762495994568,1.719633050215836,2506.5213890075684,25.10784387588501,0.0014532547,99,1000000,38.33173458521121,29.658829822649555,100,14.122496128082275,9.08910846710205,34.21800573211564
26.2786639345991,0.10692310333251953,3.0517577e-09,1.063779592514038,23.743677854537964,1.3036677551057791,2531.495664358139,24.915029525756836,-0.0019420944,100,1010000,36.695684548112396,30.331173701327945,100,14.02772855758667,9.014765977859497,33.99416226120437
26.299078961010064,0.11678791046142578,-1.7547608e-08,1.0538201332092285,23.881338596343994,1.3676494149626028,2556.60972571373,25.052709102630615,0.00016232452,101,1020000,37.00338541320925,30.66307131520936,100,14.094902992248535,9.079064846038818,34.014118369582015
26.486645318772222,0.11008596420288086,0.0027738174,1.073862075805664,23.84616184234619,1.3720312881375103,2581.699820280075,25.031174421310425,0.0007552521,102,1030000,36.77499872212538,31.44637589599049,100,14.080488443374634,9.062956809997559,34.208122859431086
26.37915302131551,0.10924267768859863,5.340576e-09,1.0926761627197266,23.786280632019043,1.4757292807572155,2606.7486534118652,24.98881196975708,0.0023963798,103,1040000,37.4073705117739,30.180256453571758,100,14.022119998931885,9.058162212371826,34.06626131202099
26.50327050211372,0.12004685401916504,-9.536744e-10,1.0532407760620117,23.88596796989441,1.477543235178583,2631.8702857494354,25.060123920440674,0.005496809,104,1050000,38.02013762926267,30.523566789418133,100,14.120504379272461,9.07965636253357,34.215239695165664
26.486891191042087,0.11482596397399902,-3.0517577e-09,1.0791006088256836,23.847930431365967,1.307508317452853,2656.9752082824707,25.04249095916748,-0.0020547118,105,1060000,37.31253331126284,30.798343334012703,100,14.083057403564453,9.069700717926025,34.1580442638302
26.440094463155692,0.09391307830810547,9.155274e-09,1.0591673851013184,23.916629552841187,1.3976421447529,2682.1082684993744,25.07050609588623,0.018471552,106,1070000,38.48464601624907,30.16459159713893,100,14.112628936767578,9.09489393234253,34.128966030138464
26.669088533046416,0.11372160911560059,-4.577637e-09,1.0831217765808105,23.803661346435547,1.4566243592609338,2707.1757366657257,25.00125479698181,0.0003607704,107,1080000,38.03573449682603,30.268129545651643,100,14.072356462478638,9.04157280921936,34.42746702983063
26.1597779163577,0.13204741477966309,-4.577637e-09,1.1041948795318604,23.754932165145874,1.513293837164502,2732.2315232753754,24.991963386535645,-0.0016923294,108,1090000,37.882312837296595,30.577843196848175,100,13.986877679824829,9.071189641952515,33.88463468135363
26.329992369650082,0.11206984519958496,9.155274e-09,1.0863091945648193,23.80064105987549,1.3813457919058196,2757.2946829795837,24.99965476989746,-0.0022222411,109,1100000,37.3863796586203,30.911468841711667,100,14.069748401641846,9.03775691986084,34.096814552159934
26.758803823673503,0.14562726020812988,2.0980835e-09,1.0604944229125977,23.74566626548767,1.4164773825208172,2782.3118817806244,24.952434301376343,-0.0005530494,110,1110000,37.214247226706505,31.062394182463912,100,14.06523871421814,8.99009084701538,34.493009468394675
26.47009675081689,0.11690545082092285,-1.4638901e-08,1.0813426971435547,23.87533450126648,1.3514835248759574,2807.4451892375946,25.074299097061157,-0.00051587354,111,1120000,37.88908385443162,30.86152935903534,100,14.046266555786133,9.128657341003418,34.183503810936934
26.83202402230736,0.11554503440856934,-6.1035155e-09,1.0817906856536865,23.872884273529053,1.335332969123488,2832.5815353393555,25.0708270072937,-0.0010451202,112,1130000,37.48576562600246,31.379750295763248,100,14.110935688018799,9.06801462173462,34.543823998648215
26.59890249012544,0.10616540908813477,-1.2207031e-08,1.081787347793579,23.91837191581726,1.4688087048387073,2857.7475612163544,25.107081174850464,-0.0025867478,113,1140000,37.711971468190626,30.28406937549339,100,14.143941879272461,9.084810733795166,34.34425337259145
26.902965432179986,0.11907958984375,-0.0013109436,1.0500538349151611,23.796635150909424,1.3104208341014365,2882.775324344635,24.966520309448242,-0.0011888061,114,1150000,37.72609217468423,31.44319544486222,100,14.041580438613892,9.06155800819397,34.645228639114784
26.946834867399666,0.13683223724365234,-4.577637e-09,1.081610918045044,23.81698489189148,1.5314271697013746,2907.872095108032,25.036285877227783,-0.0009213028,115,1160000,37.642256570096414,31.064020847362876,100,14.061614513397217,9.057835817337036,34.69561818583787
26.68960424928192,0.11085748672485352,-3.0517577e-09,1.0372817516326904,23.861207723617554,1.5021792006131371,2932.942234992981,25.009998321533203,0.0026724197,116,1170000,37.47950077691195,30.967196862594935,100,14.111770153045654,9.06574273109436,34.449450563948716
26.654210664596672,0.10727524757385254,-1.411438e-08,1.0506751537322998,23.86685013771057,1.4313783917621206,2958.029406309128,25.02548336982727,-0.0004157589,117,1180000,38.0318496052206,29.939043042719067,100,14.058942556381226,9.117253541946411,34.39543056758037
26.772221893694777,0.11323237419128418,-7.247925e-09,1.0661494731903076,24.295798301696777,1.3500082672937175,2983.5684430599213,25.47578454017639,-0.00079739455,118,1190000,38.59174394039326,31.47999856351403,100,14.31616997718811,9.275999546051025,34.535936651517055
26.51185706410792,0.11568498611450195,1.373291e-08,1.0382215976715088,23.831522464752197,1.6043695453158753,3008.6216716766357,24.98616123199463,-0.00018693694,119,1200000,37.96184854830067,30.894776069669593,100,14.125117301940918,9.014838695526123,34.30646779252966
26.797689622376087,0.13560199737548828,8.010864e-09,1.1556949615478516,23.888538599014282,1.5711570140281497,3033.8639879226685,25.180662631988525,-9.519205e-05,120,1210000,37.754690995155,31.14660292895561,100,14.077614307403564,9.111929416656494,34.605515469833335
26.696409736169308,0.10892963409423828,-1.373291e-08,1.3173487186431885,23.828816413879395,1.6022030282855177,3059.1967720985413,25.25714135169983,0.000100429155,121,1220000,37.94410781361591,30.90238099174671,100,14.08780288696289,9.04521632194519,34.50465666506129
26.61245858748886,0.12221693992614746,-4.577637e-09,1.6466631889343262,23.56720781326294,1.41620917915166,3084.6394562721252,25.336875915527344,-0.0016947525,122,1230000,37.73406450356663,30.838490897056417,100,13.87981915473938,8.996292352676392,34.40399004475498
26.92977913981432,0.13560700416564941,1.373291e-08,1.6742010116577148,23.31466007232666,1.5256376516844823,3109.8744394779205,25.126298904418945,-0.0001823576,123,1240000,37.879307723422976,31.655926030395147,100,13.685563087463379,8.946837425231934,34.71188196292266
27.005396360505102,0.11434245109558105,3.0517577e-09,1.7067480087280273,23.304431200027466,1.620128813181839,3135.067113161087,25.126151084899902,-0.0014784107,124,1250000,37.85623378003938,31.319370565200124,100,13.711903095245361,8.908302068710327,34.81612874485002
27.0559537327646,0.16086220741271973,9.155274e-09,1.4920096397399902,23.51488947868347,1.5640155162889584,3160.316256046295,25.170210599899292,-0.0003557373,125,1260000,38.190197590609515,31.0889275305045,100,13.851161003112793,8.960949182510376,34.89764039840125
26.829981068223024,0.14434003829956055,-1.2207031e-08,1.3837363719940186,23.58018398284912,1.4689696829511854,3185.4965736865997,25.109652996063232,-0.0012759033,126,1270000,37.45112887723504,31.408333203959696,100,13.861280679702759,9.024151086807251,34.66191993617324
26.746904110849105,0.19177508354187012,-1.0967255e-09,1.3179428577423096,23.570364713668823,1.388347423484794,3210.640776872635,25.081826210021973,-0.00026796694,127,1280000,37.36408738318189,31.54649356615335,100,13.864420175552368,9.014528036117554,34.59203293882313
26.898688865117457,0.1918811798095703,-8.392334e-09,1.133030891418457,23.835390329360962,1.2974293935449404,3235.8581833839417,25.161758422851562,0.00012998734,128,1290000,38.15046598850722,31.578678538463723,100,14.10163927078247,9.03577184677124,34.6916169101954
26.70532329082166,0.1426992416381836,-1.4877319e-08,1.0688631534576416,23.847951889038086,1.532755442176325,3260.979953289032,25.06024742126465,0.009408289,129,1300000,37.824046996961734,30.175416396155565,100,14.148666858673096,9.002550601959229,34.54366276968745
27.015409103733823,0.10709881782531738,3.0517577e-09,1.047415018081665,23.856602907180786,1.5336967510170534,3286.0542011260986,25.011857509613037,0.0068905945,130,1310000,38.115688567004845,30.78485584987097,100,14.082958221435547,9.072520971298218,34.886170990812325
26.901164182621642,0.1394634246826172,3.0517577e-09,1.0669753551483154,23.8575382232666,1.407757090951632,3311.1794698238373,25.064778566360474,0.007819243,131,1320000,38.16009157685092,31.16928061924679,100,14.117729902267456,9.037403345108032,34.773205085135864
26.40652854650251,0.11709094047546387,2.1362304e-08,1.0897610187530518,23.93915343284607,1.3304230957028267,3336.3924725055695,25.14669394493103,0.0016644043,132,1330000,37.93343006933375,31.574048871678826,100,14.133517742156982,9.09929871559143,34.22980269957071
26.615956475153844,0.15049481391906738,1.5258789e-09,1.0707108974456787,23.97071361541748,1.5198675167474742,3361.6456747055054,25.192618131637573,0.0027841316,133,1340000,37.89643452372424,31.135589565741856,100,14.145388841629028,9.128374576568604,34.46911042036516
26.903130713417223,0.1089165210723877,0.0023975128,1.0890634059906006,23.852856636047363,1.5288640118140755,3386.7555651664734,25.051553964614868,0.0024789704,134,1350000,38.43187167649907,30.91849267867527,100,14.109548330307007,9.047718048095703,34.74936382972767
26.962226062847403,0.13986706733703613,9.155274e-09,1.0597326755523682,23.792444705963135,1.3733002248563795,3411.8101501464844,24.992636680603027,-0.00015508117,135,1360000,38.11606792955723,31.230732377013272,100,14.086772918701172,9.01826000213623,34.79451519060129
26.799785606088218,0.12102937698364258,-3.0517577e-09,1.0556423664093018,23.86136531829834,1.492077203858012,3436.9066100120544,25.03891348838806,0.00043230286,136,1370000,37.731375131669246,31.75269674214847,100,14.046958923339844,9.104513168334961,34.62570950289722
26.80122348557929,0.11248183250427246,1.2207031e-08,1.0768182277679443,23.928848028182983,1.3528213800573485,3462.0816009044647,25.118725299835205,-0.0006964783,137,1380000,37.84667065026834,31.26264438063063,100,14.147848844528198,9.086718082427979,34.60788917735134
26.75635543593965,0.11341643333435059,-7.629395e-09,1.059089183807373,23.87228226661682,1.534775414544505,3487.190747499466,25.04552149772644,0.0012185562,138,1390000,38.38666623766522,31.21523297988898,100,14.073348760604858,9.103488206863403,34.567752740094285
27.08944419772889,0.1169900894165039,-1.8310548e-08,1.108492136001587,23.818626403808594,1.5072088409302475,3512.2960493564606,25.044812440872192,0.00090597913,139,1400000,38.57842183069549,31.016108762670424,100,14.052943229675293,9.070322036743164,34.91185795213037
26.936149418400895,0.1128392219543457,-6.4849854e-09,1.0735864639282227,23.89292025566101,1.5616532858255383,3537.4404644966125,25.080094575881958,0.0017899971,140,1410000,37.909987399548946,30.539442747544797,100,14.117319583892822,9.083473443984985,34.73306804362237
26.928689780569815,0.10960245132446289,3.0517577e-09,1.0978832244873047,23.88635540008545,1.353421713203671,3562.598778963089,25.09453797340393,0.0004812973,141,1420000,37.71587736158668,31.388767126768286,100,14.141942977905273,9.047180652618408,34.702107756730044
27.059569616901218,0.13940095901489258,-1.8310548e-08,1.0304079055786133,23.950347185134888,1.492641696244349,3587.7787523269653,25.120874166488647,0.00016610108,142,1430000,37.9943716415403,30.478044405434453,100,14.216776132583618,9.039963722229004,34.839510038671335
26.791703429269855,0.10980629920959473,5.340576e-09,1.0568454265594482,23.825592517852783,1.382193266147975,3612.8324332237244,24.992937803268433,-0.0007681694,143,1440000,37.531130496991665,30.97332680645118,100,14.08549952507019,9.054227828979492,34.54952437452495
26.926896085590716,0.1164546012878418,1.6784668e-08,1.07021164894104,24.06422448158264,1.5898394373514915,3638.148017644882,25.252014636993408,-0.0016062523,144,1450000,38.47636715525137,30.631515836453232,100,14.253512859344482,9.121931552886963,34.7374802080574
26.845653514709525,0.11652755737304688,-6.6757204e-09,1.1045663356781006,23.806735038757324,1.3801133513295911,3663.2393865585327,25.028712511062622,0.0019423176,145,1460000,37.38458348729771,31.07947987271224,100,14.094847679138184,9.01688265800476,34.665656285429876
27.25441470154858,0.11268305778503418,-9.155274e-09,1.086167573928833,23.85828709602356,1.3281250267467657,3688.3606877326965,25.05796217918396,0.0019498962,146,1470000,37.77849849200106,31.63292884845895,100,14.04713225364685,9.102628469467163,35.11529419803028
26.95071828213263,0.13314318656921387,9.918213e-09,1.0571229457855225,23.846166610717773,1.445564910139105,3713.459648370743,25.03700876235962,0.0013459164,147,1480000,39.29917456163068,30.935139178978698,100,14.070441961288452,9.082864999771118,34.78721359107379
26.822206047820778,0.12361454963684082,-4.577637e-09,1.1000323295593262,23.934341430664062,1.4373417668145885,3738.6809511184692,25.15869641304016,-0.00083237153,148,1490000,37.8068313032471,31.812767682569497,100,14.156047582626343,9.08122706413269,34.66812240612932
26.604579173583616,0.1172020435333252,-1.5258789e-09,1.1078128814697266,23.757661819458008,1.3839594655684275,3763.724259853363,24.983388900756836,-0.0006401886,149,1500000,37.80320831029354,30.99401134195901,100,13.990541458129883,9.066985607147217,34.46420202529736
27.03229925079833,0.1104590892791748,3.0517577e-09,1.0668349266052246,23.745094776153564,1.531307631915296,3788.7068009376526,24.923147439956665,-0.0031337892,150,1510000,38.34084415101976,31.767850670033127,100,14.012775421142578,9.026702165603638,34.88940396353095
27.02276917817389,0.11744427680969238,-9.155274e-09,1.0523412227630615,23.908668041229248,1.5097592441072232,3813.8466444015503,25.079126596450806,0.0020222077,151,1520000,38.2513556883052,30.36658775160497,100,14.109471082687378,9.1044020652771,34.898846830481844
26.85964617501457,0.1190803050994873,6.1035155e-09,1.0527925491333008,23.9799747467041,1.391731520807271,3839.059886455536,25.15260887145996,0.0019183733,152,1530000,37.4246091948886,30.992332418322395,100,14.18587589263916,9.091349124908447,34.72397226008346
27.155482667680904,0.11404752731323242,-1.5258789e-09,1.1190698146820068,23.79805636405945,1.4328195916990494,3864.1506836414337,25.03195357322693,0.010178443,153,1540000,37.888140181940834,31.57132805103818,100,14.109336853027344,9.003768682479858,35.01743422405393
26.804313754931865,0.11408472061157227,3.4332275e-09,1.098140001296997,23.875828742980957,1.4027588392800134,3889.3040885925293,25.088730335235596,0.009102604,154,1550000,39.207686674866274,31.7262783618484,100,14.12560749053955,9.058532476425171,34.70609185594106
27.102555908312162,0.11394071578979492,-2.2506715e-08,1.0545096397399902,23.871835231781006,1.623363856595908,3914.411876678467,25.041070699691772,0.0080049345,155,1560000,38.39132485346103,31.099271884285283,100,14.059969186782837,9.115723609924316,34.98851901691691
26.77087347587453,0.11690592765808105,-1.525879e-08,1.0595901012420654,23.76488494873047,1.5039544527335795,3939.4140298366547,24.94215440750122,0.011361092,156,1570000,37.85104738334809,31.550048314844442,100,14.000607013702393,9.07146692276001,34.62920206675265
26.684479131799616,0.11566281318664551,-1.0681152e-08,1.0875353813171387,23.893728733062744,1.5382334247479486,3964.5729682445526,25.09759831428528,0.0007794876,157,1580000,38.79534545134935,31.38452299129187,100,14.101073980331421,9.089551210403442,34.540077659114644
26.790926748693778,0.11641192436218262,6.6757204e-09,1.0915613174438477,23.887561082839966,1.4636090928712207,3989.727013349533,25.096741437911987,0.0033394927,158,1590000,37.871056625144945,31.50790284749077,100,14.134320497512817,9.06218695640564,34.64358640480195
26.90244801356243,0.12414813041687012,3.2424927e-09,1.0591299533843994,23.76080870628357,1.3421452801164493,4014.7286896705627,24.945032119750977,0.002555124,159,1600000,37.75345886613617,31.80671514874828,100,14.0297691822052,9.025556087493896,34.78740508184298
27.143785337922054,0.11003541946411133,4.577637e-09,1.0633490085601807,23.792223930358887,1.4643265222571868,4039.757963657379,24.96668314933777,0.016493017,160,1610000,38.71406307315924,30.57786259736369,100,14.071703433990479,9.021247148513794,35.045763976011926
26.84132940246051,0.13160443305969238,7.629395e-09,1.0735256671905518,23.952394008636475,1.4476202376013538,4064.97727060318,25.158339500427246,0.00047398833,161,1620000,38.45800851139601,31.14497988568582,100,14.169414758682251,9.090639591217041,34.64301471062936
26.843927631036152,0.12126708030700684,1.6212464e-08,1.0635242462158203,23.887072563171387,1.351595564860184,4090.106285095215,25.07252025604248,0.0014995214,162,1630000,38.051583811538734,31.311077403082134,100,14.083853960037231,9.1043119430542,34.67456821659098
27.074066048527865,0.1097259521484375,-4.577637e-09,1.062913417816162,23.95458436012268,1.4244038603030975,4115.292850494385,25.12811255455017,0.00018709106,163,1640000,37.70308148743688,31.189988250741866,100,14.195690393447876,9.070576429367065,34.879142099871274
27.05909841740197,0.12165951728820801,3.0517577e-09,1.0584189891815186,23.949005603790283,1.462675033066255,4140.487139701843,25.12989068031311,0.0045285765,164,1650000,38.12918984434858,31.78322710218896,100,14.183748722076416,9.06209659576416,34.89512745796683
26.734497240668265,0.13986611366271973,-7.6293943e-10,1.0597047805786133,23.943504333496094,1.351879555868936,4165.69429731369,25.143702030181885,-0.0017257035,165,1660000,37.87833319852657,31.55118920070783,100,14.189360857009888,9.04999828338623,34.545145102470954
26.801427918212745,0.11984133720397949,3.0517577e-09,1.0567059516906738,23.903914213180542,1.5084271729931293,4190.837824583054,25.081079721450806,0.0009825913,166,1670000,38.191455258230825,31.452105013118352,100,14.099618196487427,9.119357109069824,34.60383227345339
26.810453048225146,0.11036252975463867,9.536743e-09,1.075207233428955,23.892748594284058,1.5086528160830635,4215.980149269104,25.079026699066162,-0.0003659466,167,1680000,37.693746798840785,30.59484198566032,100,14.12542462348938,9.07529067993164,34.606114195970356
26.720741547547476,0.10904574394226074,-1.525879e-08,1.07566499710083,24.031028032302856,1.4155736407814508,4241.259294509888,25.216479063034058,0.0010583099,168,1690000,37.40064271988123,31.26069570394881,100,14.22452998161316,9.106930494308472,34.514584197094074
26.976593980963834,0.10966777801513672,8.392334e-09,1.0312726497650146,23.92057967185974,1.4502880617352432,4266.380930423737,25.062232494354248,0.00034668064,169,1700000,37.97199473317221,31.58979862247358,100,14.127879858016968,9.08622407913208,34.815683458128575
26.941034078305734,0.11225032806396484,-9.155274e-09,1.065932035446167,23.830368518829346,1.2386897507655528,4291.448518514633,25.009236335754395,-7.642212e-05,170,1710000,38.53624760268838,31.908351676647168,100,14.095948219299316,9.040816068649292,34.773977482682824
26.98206846905756,0.1179037094116211,9.155274e-09,1.0972864627838135,23.861791610717773,1.377204008789143,4316.588051557541,25.07797074317932,0.008217578,171,1720000,38.175387205871196,31.19857825647608,100,14.113362073898315,9.05236029624939,34.789739913499616
26.863571923591966,0.11754965782165527,3.0517577e-09,1.0583312511444092,23.818217992782593,1.5474731086758906,4341.648200750351,24.994807243347168,0.00018625335,172,1730000,38.437164556023795,30.798967720328655,100,14.076715230941772,9.04659366607666,34.7071001421551
27.380358492594105,0.10733962059020996,-3.0517577e-09,1.0973880290985107,23.971049547195435,1.5188786681854474,4366.887674808502,25.176623582839966,0.006589432,173,1740000,37.80467276685748,31.76711079908475,100,14.18953275680542,9.096614837646484,35.195461005338544
26.848430705016476,0.11684489250183105,3.1471252e-09,1.0728158950805664,23.90183424949646,1.4163782961389941,4392.039056777954,25.092334747314453,0.0012745458,174,1750000,37.76249429829505,31.537793200695567,100,14.179593801498413,9.03347897529602,34.67879857302545
26.830620699176738,0.11426639556884766,1.5258789e-09,1.0602521896362305,23.930907011032104,1.4920770260587835,4417.204255580902,25.106290102005005,0.007523544,175,1760000,37.892423489169815,31.19710595965479,100,14.186495304107666,9.052634000778198,34.67045671195959
26.681984294905398,0.10590887069702148,-9.155274e-09,1.0590195655822754,23.957483053207397,1.3936398018545662,4442.387867689133,25.123099327087402,0.00089752657,176,1770000,37.56895588765176,31.854408223511044,100,14.193005800247192,9.058934926986694,34.54339402622868
26.778692494073972,0.11768460273742676,2.1362304e-08,1.0987296104431152,23.79490613937378,1.4877258004428902,4467.460073709488,25.012014627456665,-0.00047400512,177,1780000,38.73405357788534,30.250555043475384,100,14.065488338470459,9.03629994392395,34.67314183162072
26.922016162354236,0.11852145195007324,-3.2424927e-09,1.0574712753295898,23.91318988800049,1.5953802547255431,4492.608160734177,25.08983016014099,-0.00229213,178,1790000,37.55039220522397,31.328607834363396,100,14.102850198745728,9.11490797996521,34.81244048743179
26.94880362827488,0.10897254943847656,-1.2207031e-08,1.0632338523864746,23.834700107574463,1.3412875721211504,4517.680403470993,25.007558584213257,-0.0018812821,179,1800000,37.77476123365018,32.00238309124992,100,14.142778873443604,8.999072313308716,34.83968699765592
26.789514142592356,0.10770440101623535,1.5258789e-09,1.0716214179992676,23.8930721282959,1.5376764973306636,4542.811918973923,25.073158502578735,0.000998361,180,1810000,38.49445374805276,31.58138784116821,100,14.152640104293823,9.047871112823486,34.71045836141687
26.876441052157634,0.11870241165161133,-6.1035155e-09,1.0497848987579346,23.89532971382141,1.518285423275184,4567.935222148895,25.064504384994507,-0.0017229095,181,1820000,37.788461786140985,31.015327857588755,100,14.12181305885315,9.079844951629639,34.79847422854345
26.868687307950804,0.11517572402954102,-1.2969971e-08,1.0688567161560059,23.858255624771118,1.2242858596267174,4593.043658733368,25.043025970458984,-0.00016318665,182,1830000,37.88727993432388,31.501537903024104,100,14.119819641113281,9.043347835540771,34.763436988767914
26.956043688537385,0.11928844451904297,-3.0517577e-09,1.099884033203125,23.817205905914307,1.3870634989608261,4618.148796081543,25.037397146224976,0.0008025864,183,1840000,37.56481627802005,31.52820370503323,100,14.098917484283447,9.020870447158813,34.87439812598907
27.01490471602187,0.1371767520904541,7.6293943e-10,1.0765092372894287,23.913851261138916,1.544244799269607,4643.338731050491,25.128307580947876,0.0004903259,184,1850000,38.56997091626351,30.90288884852461,100,14.089692831039429,9.128925561904907,34.915488344794994
26.86649564486908,0.1255326271057129,1.449585e-08,1.0693371295928955,23.773040056228638,1.4726542641736733,4668.3657310009,24.96872353553772,0.0040857084,185,1860000,37.62352998428554,30.967299193330504,100,14.052507162094116,9.017276048660278,34.79078477837648
27.1498672669106,0.10904097557067871,5.340576e-09,1.0736422538757324,23.875657558441162,1.4813403931956175,4693.484174013138,25.058958053588867,0.0019307755,186,1870000,38.5570214995015,32.367113373491975,100,14.102993726730347,9.068713188171387,35.03308174665673
27.080360062602043,0.13489341735839844,3.0517577e-09,1.064927101135254,23.764566659927368,1.298756286156253,4718.5066866874695,24.965011596679688,0.004845549,187,1880000,38.21174843014789,32.26185783145703,100,14.013488292694092,9.052690744400024,34.934611883846515
26.873802168197436,0.12109947204589844,-1.0681152e-08,1.057136058807373,23.97076678276062,1.3627581595714537,4743.716139554977,25.149782180786133,0.013402536,188,1890000,37.90689747398481,31.432133017778213,100,14.13995885848999,9.107917308807373,34.7464525441457
26.796333067741543,0.13642120361328125,1.449585e-08,1.0995793342590332,23.840428590774536,1.2664871805991473,4768.852380990982,25.07716202735901,-0.00060989993,189,1900000,37.221434082735186,31.2165352847607,100,14.092501401901245,9.049742221832275,34.708647314313126
26.67916373516534,0.10889601707458496,-5.340576e-09,1.179797649383545,24.194161415100098,1.5327670062558123,4794.400755405426,25.483553647994995,-0.00067372434,190,1910000,37.95801938155493,31.328847159661947,100,14.289763689041138,9.197876214981079,34.58981163697523
27.239077431164937,0.10994791984558105,6.1035155e-09,1.044252872467041,24.05506706237793,1.3920588973513441,4819.677644491196,25.209983348846436,0.0016886474,191,1920000,38.81949550850985,32.01360871254672,100,14.227747201919556,9.129674673080444,35.12173008076649
26.96503104731242,0.11499929428100586,0.006688748,1.0351355075836182,23.972452402114868,1.405013250829622,4844.863325834274,25.123305320739746,0.0098492475,192,1930000,38.380007731544346,32.225306313090805,100,14.211159229278564,9.061387062072754,34.90342594019604
27.127232770217052,0.1417675018310547,9.155274e-09,1.0510282516479492,23.77281379699707,1.3460974243122303,4869.894395828247,24.966406106948853,0.0022758453,193,1940000,37.944426445756164,31.7019896459432,100,14.06204342842102,9.016046047210693,35.01577670079347
26.99378616330364,0.11903071403503418,1.7738342e-08,1.064918041229248,23.809781312942505,1.3844525726957164,4894.945446968079,24.99437427520752,0.0017383418,194,1950000,38.410060193021124,31.435227942744305,100,14.082473754882812,9.025763750076294,34.84719110180172
27.228157261851027,0.11717963218688965,-6.1035155e-09,1.0909755229949951,23.71912431716919,1.4504882406679431,4919.937849521637,24.927940845489502,0.003793341,195,1960000,38.883736366511634,31.93034690533012,100,14.036941051483154,8.9894380569458,35.13816319439803
26.806675770388622,0.11366772651672363,-1.8119811e-08,1.0962903499603271,23.769025325775146,1.4424016633850973,4944.976619005203,24.980052709579468,0.0006784054,196,1970000,37.7836413847606,31.279979998462036,100,14.02427363395691,9.050323247909546,34.744160731003014
27.22427798982279,0.1622781753540039,-3.0517577e-09,1.0796124935150146,23.730517148971558,1.3900040684458381,4970.005571842194,24.973674058914185,-0.00064376986,197,1980000,38.66000528036335,31.772228048810828,100,14.01715612411499,9.016207933425903,35.14846836040735
27.17858358657341,0.1916184425354004,-8.392334e-09,1.1550815105438232,23.642273664474487,1.2293152883261647,4995.055155754089,24.990126848220825,-0.0016434318,198,1990000,37.76357201036175,32.49217703041048,100,13.920921802520752,9.024504899978638,35.16765162923709
27.2480919354319,0.18940448760986328,-6.1035155e-09,1.3477981090545654,23.48973536491394,1.4866593436076128,5020.144246101379,25.029181241989136,0.008788687,199,2000000,39.29344912261495,32.07905571372242,100,13.82835578918457,8.970460653305054,35.27484244842412
26.98271752080641,0.2137742042541504,6.1035155e-09,1.5277247428894043,23.409626722335815,1.3102407632307127,5045.360215425491,25.152883768081665,0.005917377,200,2010000,38.06552775193155,32.04098391238392,100,13.750954866409302,8.971046686172485,35.02931769381547
27.195002458495573,0.21870779991149902,-5.340576e-09,1.4783344268798828,23.489622831344604,1.3943517698287498,5070.6117470264435,25.187477111816406,0.0034013656,201,2020000,39.206856710259544,30.91857506972018,100,13.845369338989258,8.95612359046936,35.197525221071885
27.09209513164238,0.1793677806854248,-3.0517577e-09,1.6429107189178467,23.25853180885315,1.4537474829930666,5095.75708937645,25.082193613052368,-0.00023501054,202,2030000,38.31350436196495,32.126441874855374,100,13.672245740890503,8.90476107597351,35.090081117184056
27.007073467976085,0.11697173118591309,3.0517577e-09,1.5692811012268066,23.267392873764038,1.451385517311972,5120.773277521133,24.9543240070343,0.0022878419,203,2040000,37.676125181915864,32.32346709235621,100,13.62745451927185,8.933064222335815,35.008201078435604
27.382361594672098,0.1120305061340332,-6.4849854e-09,1.437265396118164,23.48463749885559,1.3464083663017579,5145.894872665405,25.036031246185303,0.0017887909,204,2050000,38.18936622240667,32.488046050154736,100,13.811043977737427,8.991317749023438,35.39190531684162
27.172386231619974,0.10390257835388184,1.4305115e-09,1.2631449699401855,23.434163093566895,1.4522205178343892,5170.7935626506805,24.803311824798584,-4.5701026e-06,205,2060000,39.122385066319616,31.6952514647943,100,13.80168080329895,8.943591117858887,35.2292687316725
27.11582056026573,0.134260892868042,7.6293943e-10,1.2047417163848877,23.566325426101685,1.5154319692499307,5195.78412771225,24.906964778900146,0.0023132516,206,2070000,39.067347196955694,32.002258854742536,100,13.881391763687134,9.001389503479004,35.181290243420314
27.17940834189663,0.11377358436584473,-8.392334e-09,1.2895145416259766,23.776038885116577,1.355464589665187,5221.051077365875,25.180311679840088,-0.0007217422,207,2080000,37.796557270215665,32.034142501069745,100,14.052226066589355,9.02909803390503,35.20840139769119
27.00774242214987,0.14090394973754883,-1.2207031e-08,1.1441049575805664,23.57233738899231,1.4122035951356273,5246.012760400772,24.858224153518677,0.0026082091,208,2090000,38.376404815962935,31.224597838516093,100,13.936877727508545,8.947157382965088,35.071791739793156
27.121837289883405,0.11267805099487305,1.8310548e-08,1.0487699508666992,23.718801975250244,1.360610469992943,5271.004835367203,24.881659746170044,0.00427702,209,2100000,38.29719214982397,31.836682811541436,100,14.045972108840942,8.980641841888428,35.25971144219719
27.150240258680086,0.108428955078125,-3.0517577e-09,1.0652313232421875,23.919187784194946,1.5007372046831038,5296.166615247726,25.093530416488647,0.006144766,210,2110000,38.32449051894639,31.394035115806446,100,14.152989149093628,9.060344696044922,35.26615673278254
27.25187486413749,0.12027359008789062,2.4414062e-08,1.04923677444458,23.894317388534546,1.2852459180654954,5321.290559530258,25.064544916152954,0.0013839111,211,2120000,38.51807547730306,32.813756780445075,100,14.137104749679565,9.060884475708008,35.41906009553974
27.125477763797573,0.1182711124420166,1.525879e-08,1.052833080291748,23.982858419418335,1.4407383804717653,5346.50545835495,25.154722929000854,0.0029403626,212,2130000,38.82078997474567,31.93577713288662,100,14.216450691223145,9.078248977661133,35.247250155763275
27.25865460686374,0.11742544174194336,1.525879e-08,1.0998568534851074,23.90369963645935,1.4445445541559936,5371.686813354492,25.121716022491455,-0.0009315262,213,2140000,39.11694175446785,32.10603733369345,100,14.18816590309143,9.018303155899048,35.40797125932473
26.67649990427767,0.1049201488494873,1.525879e-08,1.0364940166473389,23.77039933204651,1.3832761991182052,5396.66403055191,24.912671089172363,0.00030162963,214,2150000,38.889130866941954,32.28581156469577,100,14.069056510925293,9.009306907653809,34.80926354737805
27.13279202300324,0.11754250526428223,-1.525879e-08,1.0336060523986816,23.85172390937805,1.187355027942347,5421.731835603714,25.003546237945557,0.00092210236,215,2160000,37.74579082630103,32.91280580946664,100,14.14353060722351,9.010072946548462,35.250288576325204
27.227142966655478,0.11388134956359863,-6.1035155e-09,1.078183889389038,23.847646951675415,1.388954905886235,5446.833578824997,25.040448904037476,0.0055401716,216,2170000,39.00527076584457,32.704160708469374,100,14.14214277267456,9.011839151382446,35.36541946668134
27.196069090403093,0.14913392066955566,-9.918213e-09,1.0691218376159668,23.85606288909912,1.4405404868862823,5471.974708557129,25.074944734573364,0.00087721366,217,2180000,38.811535543749,31.032103692492964,100,14.092258930206299,9.053301572799683,35.32389519926855
27.23791083057657,0.11118865013122559,-6.1035155e-09,1.0601930618286133,23.846288442611694,1.4858603936192043,5497.0519852638245,25.018451690673828,0.0014805298,218,2190000,38.17052819447368,31.861696490686764,100,14.096595764160156,9.048055171966553,35.40475910351195
27.114751856790054,0.12154006958007812,-6.1035155e-09,1.0896646976470947,23.84722661972046,1.2564303466317788,5522.171848297119,25.059134244918823,0.00012724915,219,2200000,38.41594928325247,32.1128111171782,100,14.14508318901062,9.010624408721924,35.320244638490834
27.139962485726965,0.11789274215698242,-9.155274e-09,1.0561487674713135,23.944624662399292,1.27173291588979,5547.353807210922,25.119495153427124,-0.0011785614,220,2210000,38.27563298052167,31.49795509846789,100,14.145483255386353,9.097875833511353,35.309055334973976
27.065560953551362,0.11017918586730957,1.9836426e-08,1.092942714691162,23.814537525177002,1.4226625956743584,5572.4367554187775,25.01841640472412,0.00050580903,221,2220000,38.70267163214995,31.619915281717024,100,14.049400091171265,9.06078815460205,35.27190844743977
27.161718292295724,0.11331868171691895,-6.1035155e-09,1.0212171077728271,23.772675275802612,1.6757890941653226,5597.4038162231445,24.907872915267944,0.0074275206,222,2230000,39.219121457045894,31.388083712146326,100,14.060543298721313,8.99703860282898,35.33345183980842
27.207878489955334,0.10935449600219727,4.577637e-09,1.072260856628418,23.872283220291138,1.3116448380526449,5622.518247842789,25.05455708503723,0.0042007226,223,2240000,38.55508587489677,32.61955077422429,100,14.122306823730469,9.056177377700806,35.374377064489224
26.876699377242353,0.12994027137756348,1.2207031e-08,1.0644114017486572,23.85556721687317,1.3495915132480885,5647.627019882202,25.05065369606018,0.021232171,224,2250000,38.07159621196111,31.665759425887067,100,14.091090202331543,9.065975189208984,35.04107226983484
27.032265668709815,0.1146543025970459,-2.9754638e-08,1.0842461585998535,23.778580904006958,1.4594922937318953,5672.66543507576,24.978143453598022,0.04808209,225,2260000,39.03811349462368,31.772684468802566,100,14.096089363098145,8.987110614776611,35.284536096828745
27.143994989547878,0.11099433898925781,2.4414062e-08,1.0493617057800293,23.984054565429688,1.3482534724448845,5697.872081518173,25.145167350769043,0.043472737,226,2270000,38.314045113526596,32.41281936700317,100,14.268635034561157,9.017235040664673,35.306554220715554
26.88292619173624,0.11251974105834961,-3.0517577e-09,1.0483067035675049,23.77258062362671,1.1929222147171552,5722.870440244675,24.934081554412842,0.026977602,227,2280000,37.468199204210265,31.800494870269798,100,14.083044290542603,8.985702276229858,35.01807907989833
27.134673052346464,0.1125795841217041,4.577637e-09,1.076056957244873,23.758360862731934,1.2087478621299685,5747.8763864040375,24.94771695137024,0.01463027,228,2290000,37.90326622221399,32.58339952839343,100,14.06174898147583,9.002874851226807,35.19927402071341
26.927553730522227,0.12057161331176758,4.577637e-09,1.0455207824707031,23.834460973739624,1.4538531793934784,5772.935516357422,25.001171588897705,0.02895535,229,2300000,38.0829744702374,31.348592664221172,100,14.142033576965332,9.004312753677368,34.93676727799893
27.17508546339057,0.12073993682861328,1.2207031e-08,1.0587294101715088,23.855045080184937,1.4494222350620982,5798.031176328659,25.035261154174805,-0.0006390991,230,2310000,38.528240892059166,32.491371844425146,100,14.12120532989502,9.03945279121399,35.065431311814024
26.845474558654423,0.10793375968933105,-3.8146974e-09,1.0788228511810303,23.852678775787354,1.4307210972338806,5823.133352518082,25.040170669555664,0.00430464,231,2320000,38.36492308401047,31.543427932415394,100,14.169664144515991,8.991853952407837,34.70767184848789
26.890841669614748,0.11171078681945801,1.373291e-08,1.0539324283599854,23.700399160385132,1.2927488387292425,5848.0627183914185,24.86676549911499,0.0022392028,232,2330000,38.32713972415685,32.116824071292335,100,14.001999139785767,9.000037908554077,34.78052649648444
26.95658663996212,0.10999631881713867,-9.727478e-09,1.0723156929016113,23.770008325576782,1.270904397577339,5873.073623418808,24.953036546707153,0.00276554,233,2340000,37.67626679917633,32.20392397512044,100,14.058105945587158,9.006617546081543,34.987027131471464
26.93175519497291,0.1042170524597168,9.155274e-09,1.0931811332702637,23.834980726242065,1.395891439120617,5898.169034004211,25.03298830986023,0.0016986236,234,2350000,37.69347560709745,31.72381541149112,100,14.079989671707153,9.055372953414917,34.96171242828386
27.13222831108263,0.10965609550476074,2.746582e-08,1.0687830448150635,23.753209114074707,1.2624538011557367,5923.162202835083,24.932473182678223,0.0010027405,235,2360000,38.23182338813123,32.310225114811786,100,14.04528284072876,9.015546083450317,35.12728615872007
27.036830864574085,0.12361884117126465,-6.1035155e-09,1.0665340423583984,23.93025517463684,1.2428470956674005,5948.3444447517395,25.121063947677612,0.0041092774,236,2370000,37.78836351851671,31.186854019672424,100,14.160016298294067,9.074592590332031,35.02881230404612
27.248994931225138,0.13721656799316406,-3.8146972e-10,1.1031959056854248,23.59870672225952,1.391355395956904,5973.248757123947,24.839911937713623,-0.0017925743,237,2380000,39.06259894086999,32.16474947515433,100,13.929540395736694,8.975000143051147,35.21987354131442
26.861984658377736,0.10683107376098633,-6.1035155e-09,1.0751631259918213,23.799280166625977,1.3047337354206852,5998.293421506882,24.98188328742981,-0.0009962006,238,2390000,37.54503234862611,31.6023803629988,100,14.09109878540039,9.01758074760437,34.827241404199896
27.167699542881078,0.14113974571228027,-1.373291e-08,1.0667016506195068,23.859364986419678,1.3964817052547374,6023.429539442062,25.06787943840027,0.0026424332,239,2400000,38.315651728794016,32.026277690267875,100,14.136943101882935,9.033236265182495,35.132653585500286
26.968940227754448,0.1129908561706543,1.5258789e-09,1.0996153354644775,23.90345335006714,1.422195568787833,6048.60969543457,25.11676597595215,0.0055399947,240,2410000,38.501111047302345,31.917353056743476,100,14.137126684188843,9.074409484863281,34.86306733434998
26.990648737433407,0.12636303901672363,-1.2969971e-08,1.0668365955352783,23.82231116294861,1.3670553755695438,6073.684712409973,25.01629662513733,0.0033098778,241,2420000,38.11656719251629,31.39455688122164,100,14.080246448516846,9.050918102264404,34.94920664569787
27.094569784942696,0.13054800033569336,9.346008e-09,1.0769612789154053,23.74103355407715,1.3930242554338603,6098.6962513923645,24.949275732040405,-0.0013291986,242,2430000,38.330163184733465,31.987160038812508,100,14.017541408538818,9.016176462173462,35.04123740198121
27.295513743397784,0.1108102798461914,1.373291e-08,1.0717272758483887,23.777663469314575,1.4176975750301009,6123.713958501816,24.960893154144287,-0.0027154312,243,2440000,38.01720612701256,31.49762560844031,100,14.082478761672974,9.007603883743286,35.256310365679084
27.33780541739606,0.108184814453125,-3.0517577e-09,1.0765738487243652,23.844179153442383,1.319930601282112,6148.810888051987,25.02973246574402,0.0060473788,244,2450000,38.79421325344638,31.09226091062101,100,14.144478797912598,9.005274057388306,35.306582822251755
27.38824942389858,0.1340932846069336,1.5258789e-09,1.1256415843963623,23.74475646018982,1.3302934477127142,6173.873137950897,25.005207777023315,0.01960908,245,2460000,38.354136680057685,31.844476886570245,100,13.991092443466187,9.060285329818726,35.39261630013712
27.237193228735826,0.12202787399291992,3.0517577e-09,1.0458078384399414,23.765552282333374,1.6213998510443384,6198.868373155594,24.934159755706787,-0.0009206085,246,2470000,38.94138106763264,32.122498836418764,100,14.024334192276001,9.044259548187256,35.31250481306691
27.325328988941397,0.1389453411102295,1.1444092e-08,1.0991876125335693,23.72917151451111,1.1691646823400097,6223.896345376968,24.967960119247437,0.0013928852,247,2480000,38.49822694441435,32.860437773529085,100,14.055571556091309,8.978461027145386,35.35215733935568
26.996196665116685,0.10507965087890625,2.670288e-09,1.0573382377624512,23.912724494934082,1.3572960051142056,6249.027619838715,25.075716733932495,0.0107757915,248,2490000,37.927693191596376,31.63690663658088,100,14.125981569290161,9.086299896240234,35.03358319481571
27.45852796106497,0.1200249195098877,-1.9836426e-08,1.0778844356536865,23.82489562034607,1.3661751965894384,6274.113344192505,25.023560523986816,0.0005320541,249,2500000,38.58232572099689,32.74225982807258,100,14.142581939697266,8.990790843963623,35.498766715677895
27.335531486196547,0.11716365814208984,1.449585e-08,1.0984187126159668,23.847641944885254,1.3968908915997722,6299.235828399658,25.063831329345703,0.0044281892,250,2510000,38.50346541324713,31.84950608638585,100,14.065221548080444,9.0658438205719,35.3898970804554
27.101327053980818,0.10738539695739746,-4.577637e-09,1.069082498550415,24.017404794692993,1.2361777948682193,6324.489939928055,25.1945583820343,0.019918712,251,2520000,37.86433971512281,32.50331985791402,100,14.273953676223755,9.056116819381714,35.17261517900085
26.91333389539411,0.10988664627075195,-1.2207031e-08,1.0803580284118652,23.945408582687378,1.328566018309647,6349.688736438751,25.13635754585266,0.010941407,252,2530000,38.34479948410761,31.685452632087973,100,14.19805383682251,9.050946235656738,34.953552718739
27.060376975561407,0.12655973434448242,-6.1035155e-09,1.0334439277648926,23.897480964660645,1.3901266962145695,6374.814697742462,25.058186292648315,-0.000692836,253,2540000,38.27346252600647,31.738731136634282,100,14.152801513671875,9.053615808486938,35.052001655239195
27.1517560820232,0.10977315902709961,6.1035155e-09,1.0815975666046143,23.935210704803467,1.3517637293676612,6400.007869958878,25.127344608306885,0.001794873,254,2550000,37.85993675295867,31.649276116178523,100,14.179064750671387,9.063515424728394,35.10057217621997
27.292843276372135,0.10553431510925293,6.4849854e-09,1.0494256019592285,23.741358280181885,1.3558857286436785,6424.964266061783,24.897046327590942,0.0036856446,255,2560000,38.51123729909155,31.98230222015336,100,14.032978057861328,9.013956308364868,35.341403459617084
27.182799249417634,0.11509037017822266,1.0681152e-08,1.0834076404571533,23.808648109436035,1.2891663771715032,6450.031989574432,25.007896661758423,0.0031426277,256,2570000,38.26266457842958,31.657611857021337,100,14.049506664276123,9.049354553222656,35.199102685166665
27.299290175406565,0.11365747451782227,-1.2207031e-08,1.059802770614624,23.804142475128174,1.305930492017696,6475.073496341705,24.978423357009888,0.003568347,257,2580000,38.07447564298643,32.09584558643961,100,14.093279838562012,9.017247676849365,35.32943897656444
27.222541907543864,0.1062932014465332,-2.89917e-08,1.0697963237762451,23.683777809143066,1.4617994049476895,6499.992365837097,24.86052131652832,-0.0015732376,258,2590000,38.76053754447477,32.13772443429287,100,14.042096614837646,8.951268196105957,35.29315638794082
27.373362062303787,0.12005996704101562,1.0681152e-08,1.0539965629577637,23.910775423049927,1.3150012390705461,6525.138897657394,25.0855929851532,0.0005337608,259,2600000,38.47370324632247,32.2802149235611,100,14.18156385421753,9.033352851867676,35.44286188432858
27.314366485032593,0.11942553520202637,-1.2207031e-08,1.0547263622283936,24.003263235092163,1.4928461273475977,6550.381382465363,25.17840313911438,0.0033013,260,2610000,38.9614993424138,32.0793337513142,100,14.216155052185059,9.08487582206726,35.36694503938392
27.39445151261985,0.10949325561523438,6.4849854e-09,1.058988094329834,23.776925325393677,1.1484915023512028,6575.387181043625,24.9461030960083,0.026855396,261,2620000,38.06849888237081,32.51774829408193,100,14.052472829818726,9.022783517837524,35.468250846186606
27.25306507101122,0.1304945945739746,4.196167e-09,1.0734009742736816,24.45982527732849,1.330917876856061,6601.1076073646545,25.66453242301941,0.0021551654,262,2630000,38.750412987465346,31.57550422264045,100,14.465429544448853,9.279492616653442,35.30828886515452
27.13855674953389,0.10710024833679199,-1.2207031e-08,1.1448967456817627,23.807472467422485,1.4480185106195285,6626.224796533585,25.060421466827393,0.017912962,263,2640000,38.75470993463235,31.969113128478416,100,14.122182130813599,8.99490761756897,35.13713640618196
27.20127864173686,0.1092214584350586,-4.577637e-09,1.0703976154327393,23.83670687675476,1.4095290377031982,6651.303510904312,25.0169939994812,0.01040228,264,2650000,38.216311009896934,32.12380798033185,100,14.114408731460571,9.024017333984375,35.17953629002957
27.122204190023062,0.1135873794555664,-1.2207031e-08,1.0721616744995117,23.92874526977539,1.3996404318002522,6676.4760847091675,25.11539316177368,0.011783215,265,2660000,38.26671395326466,32.26367091947533,100,14.20433759689331,9.021326541900635,35.061681431263885
27.135109234491082,0.13473224639892578,-9.155274e-09,1.0791137218475342,23.8169424533844,1.4669331801467875,6701.569499015808,25.031424283981323,0.0038073976,266,2670000,38.76184676662734,32.22671339035201,100,14.081382036209106,9.034788846969604,35.0354528152494
27.22886630270291,0.1169896125793457,-9.918213e-09,1.0679044723510742,23.81654143333435,1.4061928815915952,6726.630536079407,25.00241255760193,0.011277672,267,2680000,37.66829455970969,32.209457057913575,100,14.028895854949951,9.087666034698486,35.12398739215198
26.95549446668746,0.11414337158203125,1.0681152e-08,1.0587718486785889,23.87983465194702,1.2681204086483284,6751.747559547424,25.053735494613647,0.0010033837,268,2690000,38.25386974910577,31.614986951605033,100,14.13503360748291,9.040056943893433,34.82108446457097
26.85726837188515,0.10959672927856445,-3.0517577e-09,1.0763163566589355,23.88973903656006,1.2737305815370925,6776.886621713638,25.076380729675293,0.003344876,269,2700000,38.190467201100674,32.14847609320773,100,14.18111252784729,9.019845008850098,34.85727257036078
27.23901662067621,0.11667180061340332,-1.335144e-09,1.0521295070648193,23.82621932029724,1.168261651751685,6801.9392347335815,24.995668649673462,0.024198182,270,2710000,38.04621527968964,32.62300466441689,100,14.146117448806763,8.98422622680664,35.33782289681948
27.488207128292032,0.11351704597473145,9.155274e-09,1.0776007175445557,23.829519510269165,1.3615070493765498,6827.020464420319,25.02125835418701,0.05031974,271,2720000,39.09456984800413,32.75282970061625,100,14.102499723434448,9.02497673034668,35.64670459998761
27.396263633492218,0.12761592864990234,-3.0517577e-09,1.0701844692230225,23.825340270996094,1.2677780200898254,6852.100102424622,25.023789405822754,0.004357185,272,2730000,38.20137009664363,33.05823885657605,100,14.150305032730103,8.98431658744812,35.66114908922969
27.4962299058325,0.11326122283935547,-3.0517577e-09,1.0542051792144775,23.748370885849,1.2703828278562184,6877.078908205032,24.91653609275818,0.027760198,273,2740000,38.6143977048856,33.179956055618916,100,14.033879518508911,9.020528554916382,35.78418373932285
27.27532585366312,0.14922332763671875,1.5258789e-09,1.084357738494873,23.8664231300354,1.2912241266597897,6902.237220048904,25.100738525390625,0.008751226,274,2750000,38.483890374534006,32.57481443384773,100,14.157767057418823,9.015543460845947,35.54187836990771
27.226294425793117,0.11721229553222656,-7.629395e-09,1.0602624416351318,23.743260145187378,1.4466894621259516,6927.218907833099,24.921489000320435,0.018720513,275,2760000,39.40498449235335,32.35144807576439,100,14.029498100280762,9.015025615692139,35.43833534010549
27.297498584001097,0.1170957088470459,9.918213e-09,1.0575082302093506,23.814323902130127,1.3674981614748072,6952.269938707352,24.989505529403687,0.009864754,276,2770000,38.933489478391024,32.782223390059144,100,14.07120418548584,9.0430588722229,35.50900882969124
27.12584300444732,0.12235569953918457,3.0517577e-09,1.0743608474731445,23.697771072387695,1.337044291314629,6977.225748538971,24.895406246185303,0.008172116,277,2780000,38.35943075423859,32.627502157205186,100,13.992356061935425,9.019575834274292,35.37492527711207
27.217197423853076,0.13817286491394043,-9.155274e-09,1.0496697425842285,23.89237904548645,1.2162800494948927,7002.36559510231,25.080965995788574,0.0029969148,278,2790000,39.06070843487042,32.46014713809846,100,14.176586389541626,9.028169870376587,35.4823487463205
27.381241264308347,0.1114656925201416,4.577637e-09,1.0902094841003418,23.845617294311523,1.363716649935064,7027.4730043411255,25.04799199104309,-0.0006260376,279,2800000,38.83523948953699,32.93151910398199,100,14.12765097618103,9.026300430297852,35.66559091458905
27.208024806409085,0.11161375045776367,2.4414062e-08,1.1329922676086426,23.804396867752075,1.5160935868867085,7052.585936307907,25.04974675178528,0.002623883,280,2810000,38.37049332245269,32.28751157836422,100,14.102855205535889,9.011009693145752,35.523233933781185
27.17876108436186,0.11002111434936523,-1.2207031e-08,1.0654566287994385,23.90022110939026,1.3080453330532449,7077.7326674461365,25.0764639377594,0.0008091614,281,2820000,38.25670577430267,32.3904532621861,100,14.14806604385376,9.05446171760559,35.43980157302142
27.355232363273043,0.11592459678649902,1.2207031e-08,1.0888164043426514,23.891226530075073,1.3733101263002336,7102.890757083893,25.09655523300171,-0.002327298,282,2830000,39.07226739680353,32.955281084592286,100,14.108707666397095,9.077697515487671,35.574748462286465
27.253019707163435,0.12941312789916992,3.0517577e-09,1.0631623268127441,23.81495189666748,1.5297197168930852,7127.959314107895,25.008198499679565,-0.0006445038,283,2840000,39.39312173996748,31.899605583960124,100,14.078046083450317,9.035348892211914,35.48900838454099
27.424847997265175,0.11337590217590332,-3.0517577e-09,1.0350914001464844,23.92107343673706,1.4311872301174395,7153.089286565781,25.070140600204468,0.024129467,284,2850000,38.614378772339954,32.62464410762805,100,14.163169860839844,9.065857887268066,35.58224814970924
27.339687676055174,0.1181039810180664,-3.0517577e-09,1.0804316997528076,23.71650266647339,1.4643980073813012,7178.063293457031,24.91571569442749,0.022183089,285,2860000,38.95156905544374,31.852512375160696,100,13.955999612808228,9.050193071365356,35.49750454721557
27.465771715887573,0.10971736907958984,0.024971262,1.0617494583129883,23.860228061676025,1.4323417963253784,7203.153797149658,25.032546281814575,0.022069095,286,2870000,39.42274010101444,32.412054428496106,100,14.149467706680298,9.02286982536316,35.65655005854941
27.277787106487185,0.14473390579223633,-2.4414062e-08,1.1526267528533936,23.864702939987183,1.4338562937501727,7228.375595569611,25.16303539276123,0.022527667,287,2880000,38.688186308282496,31.9998869938825,100,14.161724090576172,8.99808120727539,35.448546804036766
27.393097887064656,0.11651968955993652,-6.1035155e-09,1.0631401538848877,23.900547981262207,1.3272450839241532,7253.526082038879,25.080958604812622,0.0040266663,288,2890000,40.294133444359204,32.65878908086046,100,14.14914846420288,9.055949687957764,35.51159860582088
27.459700916422545,0.10852313041687012,9.918213e-09,1.0965855121612549,23.90175747871399,1.31801300100392,7278.696549415588,25.107567310333252,0.012890877,289,2900000,38.74456715614538,31.609776527245142,100,14.15851640701294,9.050682544708252,35.54634745400123
27.23408838488605,0.10692214965820312,1.9073487e-09,1.0787675380706787,23.929949283599854,1.3441040880369297,7303.875292301178,25.116346836090088,0.017629616,290,2910000,39.055924805811394,32.44215369206261,100,14.167924165725708,9.065132141113281,35.45921296166951
27.257879644131673,0.1074070930480957,8.392334e-09,1.0650882720947266,23.975236654281616,1.4963863519722305,7329.084020614624,25.148354530334473,0.011328061,291,2920000,38.23256317491607,32.09690612265254,100,14.175014734268188,9.10123872756958,35.452396210450104
27.073726623111995,0.12054991722106934,4.577637e-09,1.0447099208831787,23.703531742095947,1.4697030869480328,7354.008746623993,24.869569540023804,0.0068384996,292,2930000,38.8088218475269,32.10060419068266,100,13.978257894515991,9.034865140914917,35.29061683680301
27.574091661832416,0.14952850341796875,-3.0517577e-09,1.2877144813537598,23.86433482170105,1.5192556632506424,7379.375970840454,25.302247285842896,0.0050816834,293,2940000,39.91164450953782,31.897812824128394,100,14.138588190078735,9.028650045394897,35.81109271897618
27.190463853101004,0.11150193214416504,-8.010864e-09,1.0852482318878174,24.933605194091797,1.4033548877711917,7405.575350284576,26.131561040878296,0.00034084264,294,2950000,39.142324901552165,32.20818100926934,100,14.8389413356781,9.359564304351807,35.39217958196762
27.226768467556354,0.11164712905883789,4.577637e-09,1.1162233352661133,24.63687252998352,1.2954245100998076,7431.505572795868,25.86536431312561,-0.0009549011,295,2960000,38.29207596594047,32.80220258967801,100,14.680013418197632,9.23341155052185,35.41552681465194
27.325208357080943,0.1195676326751709,8.392334e-09,1.0799555778503418,24.812646865844727,1.5131947558181602,7457.584240913391,26.01357078552246,-0.0019174576,296,2970000,39.38497248627933,32.15118751453456,100,14.799159526824951,9.29773736000061,35.48270240265179
27.339439145857114,0.10729598999023438,-1.525879e-08,1.1350507736206055,24.705427169799805,1.3560380077212164,7483.594254016876,25.948670148849487,-0.0011019593,297,2980000,38.305182774362876,32.24146401120097,100,14.744996309280396,9.23186206817627,35.462604063402665
27.424696300274277,0.11611795425415039,-1.373291e-08,0.9599282741546631,22.786881685256958,1.224593271079374,7507.523355722427,23.86368441581726,0.0055253105,298,2990000,38.420363772361355,32.82185293363485,100,13.661068677902222,8.453811645507812,35.55268827417633
27.159433513058307,0.10822725296020508,-2.1362304e-08,0.9672122001647949,21.895874738693237,1.3416316692788788,7530.548858880997,22.971949577331543,0.007137625,299,3000000,39.12770147817964,32.24792880446462,100,13.051450490951538,8.1993567943573,35.32734645986315
