LossAfter,ItrTime,n_timesteps,train-MaxReturn,Itr,Time-Sampling,Time,LossBefore,train-EnvExecTime,Time-Optimization,train-AverageDiscountedReturn,train-NumTrajs,train-PolicyExecTime,train-MinReturn,train-StdReturn,Time-SampleProc,train-AverageReturn
-0.51898235,6.098190784454346,10000,47.237587759510426,0,4.785207748413086,6.098194360733032,0.015627638,1.7565195560455322,1.25093412399292,-20.180894081821208,100,2.8655216693878174,-120.16136593162196,35.23046432698963,0.06174302101135254,-31.290260130391562
-0.23461416,6.88699197769165,20000,50.26636125817188,1,5.7216644287109375,13.041972398757935,-0.0016315674,2.130337715148926,1.129450798034668,-16.66711722930122,100,3.3971803188323975,-128.97300784927424,34.480887180383164,0.03514599800109863,-26.438215490773363
-0.17522751,15.23573899269104,30000,60.23162635467313,2,13.218264102935791,28.31153178215027,0.002131604,4.873462677001953,1.8942599296569824,-20.876249690025062,100,7.911292791366577,-197.97991852764937,40.264833175995555,0.12265849113464355,-32.800987043636844
-0.15334262,25.03714632987976,40000,67.59116010150237,3,23.165366411209106,53.45717096328735,0.00718479,8.425935506820679,1.726508378982544,-17.226878082956436,100,14.014711141586304,-132.06155318013305,38.88603341692363,0.14417648315429688,-25.633312097351777
-0.2240877,24.67606782913208,50000,122.07087491926646,4,23.177308082580566,78.2702112197876,-0.015886713,8.35562515258789,1.3812248706817627,11.986879693106328,100,14.094594240188599,-62.589924240506676,45.41267138275614,0.11552214622497559,26.01854507836344
0.0049959472,24.664717435836792,60000,107.5729605147484,5,23.42424249649048,103.01363897323608,0.03668518,8.383360624313354,1.1129884719848633,39.46187491295237,100,14.304412126541138,-50.861553302538546,28.0737953791631,0.12665271759033203,71.88033687522584
-0.041799244,24.851951599121094,70000,120.55973461391905,6,23.560343980789185,127.9262022972107,0.035344884,8.361647129058838,1.1378223896026611,44.8294335461687,100,14.457152605056763,-5.601746610280768,17.666149057420977,0.15175795555114746,80.04758209430165
-0.018687304,24.890738010406494,80000,109.77952697839336,7,23.615355491638184,152.8783106803894,0.0078505855,8.343009948730469,1.1458261013031006,44.04448379057379,100,14.534378051757812,-46.003066817456855,21.84380804186066,0.12879037857055664,78.76032199673548
-0.06477058,24.917126655578613,90000,111.53607768470589,8,23.651432275772095,177.86284494400024,-0.005259204,8.31157922744751,1.1205308437347412,40.9430339875506,100,14.602138757705688,-43.59841882411322,24.694113595141193,0.14441490173339844,74.69506647571883
-0.08228862,24.73210096359253,100000,101.26836105134208,9,23.45853304862976,202.65867280960083,-0.008064538,8.337711572647095,1.1253061294555664,39.218760161681885,100,14.383389949798584,-92.81516734201176,33.722796848694706,0.1475069522857666,71.51829517049809
-0.009046094,24.783416748046875,110000,109.49190473486854,10,23.561198949813843,227.50536108016968,0.025342846,8.37914776802063,1.1049373149871826,45.54257587621656,100,14.435481548309326,-49.0524760355579,22.479971890310228,0.11652684211730957,80.97295645568127
-0.052266333,24.934805870056152,120000,112.59756860946281,11,23.700383186340332,252.50613379478455,-0.014252399,8.357592105865479,1.1158480644226074,38.76864250521879,100,14.600603103637695,-19.767132276145254,27.221170416377962,0.11785149574279785,71.9127910412025
-0.08290958,24.795617818832397,130000,113.44736749758745,12,23.54501748085022,277.3689067363739,0.00029002686,8.311222314834595,1.1255464553833008,42.52346095813112,100,14.490452289581299,-14.468222788465287,24.41760931706005,0.1242835521697998,77.57166339190708
-0.005102539,24.912607192993164,140000,108.52240508708569,13,23.6703941822052,302.34127140045166,0.00919707,8.363725185394287,1.123410940170288,46.6197979257679,100,14.564552307128906,0.5170893384291064,16.877575843411716,0.1181187629699707,82.07122081936701
-0.048083667,24.89971351623535,150000,110.04172805273713,14,23.631538152694702,327.31229162216187,-0.03124707,8.325620412826538,1.1370351314544678,42.92589100808918,100,14.555204629898071,-47.78311070479729,26.924477019875717,0.13036847114562988,76.35125241744525
-0.057978857,24.90600562095642,160000,108.64441219883666,15,23.588408708572388,352.2853698730469,0.0066918214,8.324086427688599,1.1831142902374268,45.36926268543205,100,14.522352457046509,-24.883852019255837,21.04401930628672,0.13373732566833496,80.95031960570368
-0.06472551,24.99140214920044,170000,121.40498729538163,16,23.7653489112854,377.3571639060974,-0.019778077,8.418025493621826,1.1050481796264648,47.145028633800194,100,14.594566345214844,-10.753792495341784,23.745404761707174,0.12012910842895508,84.41256285412953
-0.053337988,24.955352544784546,180000,113.16642308377104,17,23.708934545516968,402.3795804977417,-0.032898046,8.552408456802368,1.0982136726379395,30.710200514344933,100,14.39577865600586,-32.02045918847993,26.468435584256728,0.1474006175994873,56.774175927328294
-0.118651025,24.981884479522705,190000,89.66838209016592,18,23.728052139282227,427.4252941608429,-0.045605958,8.482921123504639,1.1336760520935059,18.279797042461677,100,14.496068477630615,-19.56795574756969,22.961270599660477,0.11955738067626953,35.28929396217183
-0.123100534,24.78116512298584,200000,103.5237872458613,19,23.55896282196045,452.2738208770752,-0.02483562,8.419453144073486,1.1036267280578613,37.67512307636773,100,14.390607357025146,-22.978588162074836,22.014216444435277,0.11785507202148438,68.84831863961794
-0.07043029,25.164966821670532,210000,112.38343811399656,20,23.920896291732788,477.50079369544983,-0.017580926,8.4380464553833,1.1195907592773438,45.88308984434749,100,14.72942066192627,-49.92597299547046,23.108528002316756,0.12371683120727539,81.76032722650872
-0.04597361,25.18424391746521,220000,108.09375794052362,21,23.923303365707397,502.7478361129761,-0.0010606934,8.476247549057007,1.1454942226409912,43.82011915263545,100,14.687337636947632,-48.195116240335764,28.561980251525444,0.11478829383850098,77.5337525017339
0.0012534179,25.322524785995483,230000,113.74210280371511,22,24.088249444961548,528.128103017807,0.016668506,8.517439603805542,1.1140425205230713,42.671475582987625,100,14.789706468582153,-42.63887016154075,29.750528068081948,0.11951804161071777,76.30968234434332
-0.0210485,25.32800006866455,240000,110.98549442900001,23,24.097314596176147,553.5190258026123,0.006101221,8.466570854187012,1.1040937900543213,46.29138813855424,100,14.857072353363037,-13.821753689437973,18.895892681002433,0.12579107284545898,81.15286356145911
-0.0713147,24.454684019088745,250000,110.07500104724049,24,23.224810123443604,578.034773349762,-0.005336157,8.266512155532837,1.0905482769012451,45.34804992272282,100,14.22680115699768,-19.227560948678978,22.34513917126778,0.1386725902557373,80.71343976559056
-0.007466455,24.198477745056152,260000,108.23853794879287,25,22.979872465133667,602.2936897277832,0.04162063,8.188916444778442,1.1017236709594727,48.54392281603399,100,14.062272787094116,12.499253092820268,15.617483720134436,0.11615252494812012,85.38550421054731
-0.036964674,24.868534564971924,270000,111.86130225846671,26,23.495877027511597,627.2225646972656,-0.0038946776,8.391915798187256,1.2470450401306152,45.818451373548434,100,14.36360216140747,-13.289298854267324,17.864345072985788,0.12459540367126465,81.43450797116229
-0.02600222,27.139561414718628,280000,109.20427054210792,27,25.80161762237549,654.4332270622253,-0.014704883,8.996526002883911,1.1848559379577637,47.26149768309457,100,15.995573043823242,-26.121006913775584,19.30355226292554,0.152177095413208,83.42404824569827
-0.056133326,24.417304515838623,290000,103.04383118824406,28,23.247167348861694,678.9271583557129,-0.0112496335,8.26011037826538,1.0510826110839844,48.153870922576246,100,14.245067834854126,36.080415513207,12.561982762392436,0.11832380294799805,84.56930158112782
-0.022884862,24.301011085510254,300000,120.49827953016931,29,23.06065845489502,703.2897129058838,0.016122265,8.199988842010498,1.0967745780944824,46.92475759897413,100,14.134609699249268,-0.8081309385319939,16.739437136894026,0.14296364784240723,82.84550547660754
-0.018050501,28.010631799697876,310000,105.21882076945127,30,26.39286231994629,731.3583240509033,0.0058456054,9.165138959884644,1.4815280437469482,47.30059213057505,100,16.384263038635254,0.9985464460526166,17.40395677894712,0.13507652282714844,83.1858275423222
-0.00017758789,33.40213584899902,320000,113.1262493641753,31,31.4869441986084,764.8366799354553,0.029566552,10.460437774658203,1.7555832862854004,47.77162617062816,100,20.017683029174805,-10.98943279374082,19.570422365720184,0.15834832191467285,82.56582899064642
-0.049922753,39.865561723709106,330000,108.67055317216762,32,38.07267141342163,804.7906012535095,-0.009385095,12.283660411834717,1.6440315246582031,49.131171209127196,100,24.59059476852417,-4.851250335867183,16.53307154147121,0.14644861221313477,85.95547158759395
-0.0656169,33.434486389160156,340000,112.81450577746472,33,31.831658601760864,838.2978672981262,-0.014440893,10.536606550216675,1.478316068649292,48.006775497443066,100,20.289142370224,17.29915035063669,14.071368942322083,0.12375092506408691,83.83715207472477
-0.009960254,32.16598129272461,350000,116.13274943792476,34,30.48948907852173,870.5478653907776,0.004226709,10.259263753890991,1.534850835800171,48.40798333190535,100,19.269623517990112,20.796694119054624,13.113498303660206,0.14009475708007812,84.9346116161001
-0.05233645,33.67926025390625,360000,105.39956891163905,35,31.833616495132446,904.2981190681458,-0.023949586,10.658143043518066,1.7151825428009033,47.362467339247154,100,20.200995922088623,-13.937811183166815,17.469655315926193,0.12972593307495117,83.10636168637392
-0.03358814,33.217923402786255,370000,110.6439335722486,36,31.44224739074707,937.5913026332855,-0.024379648,10.595378637313843,1.614196538925171,48.37085535153904,100,19.861388683319092,22.47460082572265,13.6101089409004,0.1600637435913086,84.86460490626585
-0.0029257813,34.36721634864807,380000,107.0962848173304,37,32.5401508808136,972.0370497703552,0.006305664,10.931046485900879,1.6280066967010498,46.0374393023126,100,20.613834857940674,-9.193874610427898,21.16292841816574,0.1966564655303955,80.48640492706686
-0.053124756,36.01680946350098,390000,108.50116431091703,38,34.33643627166748,1008.1367294788361,-0.008987183,11.366379022598267,1.5207293033599854,48.8228260919855,100,21.923909187316895,30.093489633838313,13.78194516261615,0.15869855880737305,85.70387188690027
-0.055124193,35.84859299659729,400000,118.46930966192873,39,33.97771167755127,1044.086184501648,-0.038787648,11.284234523773193,1.681593418121338,47.45323201485557,100,21.64592695236206,3.219861992157289,17.1749617690221,0.18830418586730957,82.82056776234971
0.00027270507,36.26643395423889,410000,107.90011679208672,40,34.28765034675598,1080.4297561645508,0.013932006,11.071568727493286,1.7862515449523926,48.873979606950776,100,22.113832712173462,25.138082643607703,12.183704627455741,0.19119691848754883,85.99107018845369
-0.051393703,41.418498039245605,420000,105.915293682206,41,39.41265058517456,1121.9202427864075,-0.021164257,12.467245817184448,1.813591718673706,46.77918804159227,100,25.749934673309326,7.177418913355503,18.079488709598063,0.19039559364318848,81.94764211438182
-0.039544336,42.294337034225464,430000,109.15931830214632,42,40.30078053474426,1164.2951064109802,-0.017965795,12.707533597946167,1.8072478771209717,47.275706585053676,100,26.32887053489685,17.638188770829323,14.55022559023511,0.18451285362243652,82.37731144120892
-0.05046118,40.513492584228516,440000,115.60651036961853,43,38.38610315322876,1204.9060156345367,-0.022226758,12.254826307296753,1.928523063659668,47.58391477845128,100,24.934357166290283,6.234396365697834,16.938581440770477,0.19656825065612793,82.98053133846835
0.014391162,39.41265034675598,450000,114.87434555815553,44,37.83668327331543,1244.4293377399445,0.029756676,12.25339126586914,1.4405851364135742,48.488419605628636,100,24.424992084503174,30.409573605363803,13.31062984288179,0.13451719284057617,84.95137055357709
-0.010265699,36.65306091308594,460000,111.42077123114412,45,34.68888473510742,1281.1586601734161,0.0005624878,11.292521238327026,1.8212463855743408,47.8413637615477,100,22.315224409103394,-30.239613402803457,15.04235662759076,0.14158892631530762,83.6533561052065
-0.02926333,37.99572157859802,470000,109.56603184241106,46,36.2261483669281,1319.250757932663,-0.01101941,11.751532793045044,1.5667858123779297,48.5879076423848,100,23.36651349067688,2.7567056214534498,17.3700706434645,0.20107603073120117,85.08948195677549
0.002841797,34.38654708862305,480000,110.91184020790901,47,32.465617418289185,1353.7218236923218,0.030755859,10.747625827789307,1.7278149127960205,46.067795486606435,100,20.71284008026123,16.450143332451685,19.478077127293158,0.1914539337158203,80.44515516470186
-0.07889595,37.53316068649292,490000,110.24623845602356,48,35.48571062088013,1391.3605103492737,-0.04632617,11.670818090438843,1.8274824619293213,48.28687880299104,100,22.72634792327881,-20.439742076904263,17.6779907785297,0.21677446365356445,84.22608625968769
-0.033534717,39.3865704536438,500000,116.21252706435999,49,37.576128244400024,1430.824462890625,-0.015954297,12.200516939163208,1.615431785583496,49.89017200182243,100,24.208138942718506,36.71622137251595,12.685263297534565,0.19376206398010254,87.5298354547082
-0.0123042725,36.48401975631714,510000,107.70182196391632,50,34.80222845077515,1467.3761072158813,0.030744385,11.484270811080933,1.538597822189331,48.328313643613036,100,22.23569917678833,10.494720663398335,15.01671354972689,0.1408700942993164,85.00123155125154
0.00045306396,37.07895565032959,520000,119.17260541548481,51,35.27395415306091,1504.547292470932,0.016874572,11.478668212890625,1.6469871997833252,48.931595889148376,100,22.72636842727661,-11.446876667966018,17.57015067753561,0.15540742874145508,85.56755939507511
-0.02027647,35.334572315216064,530000,115.30458174929895,52,33.336955547332764,1539.9581894874573,-0.0051748534,10.960937023162842,1.8153703212738037,49.471370448103215,100,21.339959383010864,54.633955281451804,10.326083677815719,0.1813960075378418,86.61824565607247
-0.027651709,38.24473166465759,540000,111.5121820936822,53,36.256654262542725,1578.291315317154,-0.010570899,11.801774978637695,1.8232507705688477,47.48835002284252,100,23.37810969352722,28.722694409611606,14.559165690977993,0.16312241554260254,83.34619069030157
-0.03464617,35.96303057670593,550000,108.04153919998981,54,34.06418991088867,1614.3461318016052,0.021309057,11.209738731384277,1.7200818061828613,47.812837792535014,100,21.798503637313843,15.031476082688652,16.325173837300266,0.17524361610412598,83.36878729331767
-0.08621304,34.506229400634766,560000,109.0212396497321,55,32.65236258506775,1648.956128358841,-0.0028408936,10.975184679031372,1.6448283195495605,47.41180290630609,100,20.66295337677002,-5.399876482088862,17.45030307538201,0.20746374130249023,83.81049818963332
-0.0669958,35.251806020736694,570000,112.92007954463497,56,33.52208232879639,1684.2973980903625,-0.014880811,11.016528367996216,1.5415260791778564,42.93438726292216,100,21.45865488052368,19.93412225609965,16.60868052982673,0.18640446662902832,76.28980440937804
-0.07851387,34.72678089141846,580000,114.18019505402955,57,32.818673849105835,1719.1109039783478,-0.013830591,10.976885318756104,1.716937780380249,45.878524471877206,100,20.81407642364502,10.563008814008676,17.385097020828688,0.18991446495056152,81.54349494732925
-0.0017635132,35.79944658279419,590000,116.55442625284343,58,34.055070877075195,1754.9806213378906,-0.0123083675,11.255690097808838,1.568500280380249,47.58516637748016,100,21.754606008529663,-1.6522859888475072,19.95382336084304,0.17439985275268555,83.27532639936285
-0.06364146,35.51218271255493,600000,107.55854896573429,59,33.677581548690796,1790.5717220306396,-0.014932666,11.157331943511963,1.6361432075500488,49.43314622656327,100,21.444153308868408,57.151865834879935,10.096086059252489,0.18950963020324707,86.41409060602568
-0.017889453,34.78381705284119,610000,106.25393336028525,60,33.054330348968506,1825.4409277439117,0.011399927,10.97174859046936,1.5683131217956543,47.86183342191457,100,21.04754614830017,16.940497672683104,16.076773566343665,0.16000771522521973,83.43483951274062
-0.06894224,33.93032622337341,620000,108.44854387820658,61,32.22495627403259,1859.4368133544922,-0.044513613,10.726452589035034,1.5101847648620605,48.66853901631355,100,20.500433921813965,-30.458699934915497,15.326778623294887,0.19393181800842285,84.86013054885474
-0.027813502,34.14109659194946,630000,103.40665427307984,62,32.33631682395935,1893.6526873111725,0.011455371,10.807403564453125,1.6655471324920654,46.4498801895026,100,20.504624128341675,11.566725781439887,18.713172507766284,0.13789153099060059,81.37950782872262
-0.023627369,35.55506873130798,640000,106.54391402423236,63,33.69089937210083,1929.2863578796387,0.001772168,11.131980657577515,1.6979990005493164,47.922841774606916,100,21.4997136592865,5.548650214069274,14.657413397563623,0.16533279418945312,84.18656536539011
-0.09137339,35.12187314033508,650000,116.23353259899235,64,33.369776010513306,1964.4758923053741,0.0073494385,11.046250581741333,1.601022481918335,48.1462261987422,100,21.287060976028442,-26.58375222792032,17.90586552349213,0.14920783042907715,84.96937337154462
-0.0422854,34.70491433143616,660000,107.8876659514797,65,33.00742292404175,1999.2553391456604,-0.012513746,10.925802230834961,1.5522284507751465,47.29237594420836,100,21.075189352035522,-4.2828715151710615,18.992407944773532,0.14408349990844727,82.85498359042475
-0.053770375,34.06922268867493,670000,107.04693660413818,66,32.19974422454834,2033.4038243293762,-0.0015474121,10.763484716415405,1.6779334545135498,46.06953931586737,100,20.423221588134766,-4.681929211469916,20.496815998186705,0.19026637077331543,81.04325241423582
-0.06634155,35.17389488220215,680000,111.45550180347686,67,33.57843542098999,2068.6548895835876,-0.027108252,11.139194965362549,1.4109914302825928,48.03003041802906,100,21.37483549118042,-13.753164326333712,20.391355559091792,0.18329739570617676,83.68436810434093
-0.030841846,34.92522072792053,690000,104.99151796497362,68,33.03614950180054,2103.6640276908875,-0.016164063,10.960887908935547,1.6911227703094482,47.24806864396074,100,21.038936138153076,13.668148733438903,14.52761657691086,0.19680213928222656,83.02659325558534
-0.06709375,34.762157917022705,700000,110.93868898722955,69,32.830509185791016,2138.502063512802,0.007628906,10.970204591751099,1.753096103668213,49.73752031234143,100,20.83517837524414,13.68489345161873,11.836599908909644,0.17636752128601074,86.98350320189353
-0.07348174,34.56285214424133,710000,117.16973292472548,70,32.78421115875244,2173.1460394859314,-0.025170568,10.927604675292969,1.627540111541748,49.5078802921148,100,20.840986967086792,24.9279389620104,12.57373614813967,0.15034985542297363,86.48691692165882
-0.04131056,35.61802315711975,720000,110.45002500755324,71,33.885175943374634,2208.8342700004578,-0.0032406738,11.225488424301147,1.5727741718292236,49.14554396708641,100,21.61022186279297,5.144821161964636,15.675681735860762,0.1577892303466797,86.30435427677008
-0.045756616,34.972201347351074,730000,116.31888773178923,72,33.27398085594177,2243.8947427272797,0.0022208618,11.010085105895996,1.5601365566253662,48.317218176369636,100,21.241122722625732,-4.6257212789530975,16.93867884424992,0.13714003562927246,84.29125172572932
-0.03413071,34.14456605911255,740000,115.51118645108762,73,32.166051149368286,2278.1314985752106,0.0014488769,10.714205503463745,1.7643461227416992,47.19654648345295,100,20.448670387268066,-5.671541381680503,19.227862313001285,0.21159052848815918,83.0588287174225
-0.048271436,33.6072883605957,750000,116.57088508639985,74,31.962581634521484,2311.8084897994995,-0.015468433,10.763742685317993,1.4760146141052246,46.88105007749306,100,20.167442083358765,-8.496766695152074,22.881916210043215,0.16739416122436523,81.39798197135327
-0.11702573,34.391082525253296,760000,115.6405941201722,75,32.73223519325256,2346.2777099609375,-0.012277417,10.822659254074097,1.4783260822296143,47.338524072559814,100,20.900745391845703,26.28505952579053,15.772208055468449,0.17909669876098633,82.68862387235545
-0.059000317,34.55523085594177,770000,108.82452648696832,76,32.74952554702759,2380.9170005321503,0.009136353,10.793429613113403,1.6570942401885986,47.45553389131874,100,20.93207621574402,8.863198128980374,19.746888373618077,0.14745092391967773,82.90738009781413
-0.07284463,34.790921211242676,780000,107.5232691913477,77,32.982009172439575,2415.803836107254,-0.020263953,11.081602573394775,1.6108241081237793,48.225277584868785,100,20.886683225631714,17.465037996642927,14.256229279351222,0.19580078125,84.40260128366359
0.020073438,34.23234033584595,790000,108.07161657876317,78,32.36452102661133,2450.107530117035,0.012706152,10.679740905761719,1.661867380142212,48.133983456440525,100,20.659478425979614,-28.21633942593368,17.611427665443713,0.20433688163757324,83.74532316846498
-0.017154858,34.20196795463562,800000,108.55964682419987,79,32.4621524810791,2484.387717962265,0.0050497805,10.808456420898438,1.559889316558838,48.23700039381655,100,20.66753649711609,29.749035435461703,14.172788575438569,0.1774587631225586,84.39540675929962
-0.017381568,34.53712320327759,810000,122.38457568691368,80,32.82030892372131,2518.9961590766907,0.0025907836,10.86214828491211,1.5482115745544434,47.15673577165229,100,20.926528215408325,-14.061224798528809,20.008189009305344,0.16773343086242676,82.40953653496486
-0.010450806,34.07409358024597,820000,108.03653330500245,81,32.42249274253845,2553.138778924942,0.002343164,10.738226175308228,1.5048141479492188,47.14829268923094,100,20.683086156845093,4.152253744343155,17.92091901452846,0.14589953422546387,82.83661598193086
0.02024878,37.1125226020813,830000,114.31978457319235,82,35.067936182022095,2590.3236174583435,0.023800086,11.379571437835693,1.8607902526855469,47.99749642685531,100,22.559865474700928,14.94735791208465,12.89941102940437,0.18292760848999023,84.5677585502299
-0.0362564,39.96226453781128,840000,111.28700565345771,83,37.981505393981934,2630.371337890625,-0.03153566,12.217857599258423,1.8248791694641113,49.113100900099155,100,24.559918880462646,16.436667445919507,12.83272695697216,0.15432238578796387,85.74065754804286
-0.035142276,42.340688705444336,850000,114.58172143358762,84,40.31011414527893,2672.820471048355,-0.012647973,12.854703426361084,1.8541474342346191,47.84196770462469,100,26.214488744735718,12.073592075725148,17.331533729934485,0.17416858673095703,83.78301815939145
-0.012295264,41.12615633010864,860000,122.07905897585857,85,38.94532561302185,2714.041079044342,-0.0017411865,12.458218812942505,1.937727451324463,48.08261677576803,100,25.26956057548523,14.417368087229887,16.068031761760917,0.24154257774353027,84.23229429685662
-0.036002442,35.944472312927246,870000,106.51639090088678,86,34.196877241134644,2750.0814321041107,0.013718579,11.26376461982727,1.601464033126831,47.949184137988304,100,21.859771728515625,41.9127680272957,12.553269482279793,0.1438431739807129,84.24335991281
-0.017354907,35.09908390045166,880000,105.37427772461133,87,33.16186022758484,2785.2523984909058,-0.003436737,10.931248188018799,1.7692193984985352,48.848396645083064,100,21.209377765655518,7.334346815491909,14.420650349186811,0.16579818725585938,85.35988655987798
-0.02747412,34.72065758705139,890000,109.7400013146042,88,32.99390006065369,2820.046309709549,0.008455102,11.01040267944336,1.5674774646759033,48.45298594959026,100,20.98149013519287,25.078505785383534,14.855594526094748,0.15860843658447266,85.82114385971512
-0.06224238,34.59375,900000,96.63648001274176,89,32.62813854217529,2854.710606575012,-0.043304786,10.809073448181152,1.8334600925445557,34.723025616478616,100,20.80562138557434,-15.009878419102156,19.932669465375632,0.13009428977966309,63.4703105341955
-0.17051782,31.461729049682617,910000,109.51381452606267,90,29.818915605545044,2886.2650809288025,-0.038900975,10.115694999694824,1.48994779586792,36.92625041830451,100,18.78439998626709,8.228261595893573,19.681563670560468,0.1521296501159668,67.02237471550785
-0.115146436,34.295604944229126,920000,108.99557719456907,91,32.45756006240845,2920.6428213119507,-0.009241025,10.81953501701355,1.6504745483398438,47.651137795416645,100,20.623281002044678,-23.365219168566487,18.510682280225588,0.18545866012573242,83.79576794811209
-0.012751587,36.6980504989624,930000,114.21660779796647,92,35.06097960472107,2957.4171669483185,0.015451269,11.468239545822144,1.507385015487671,48.4973900294531,100,22.481623649597168,1.3674103968210758,14.908777529756147,0.12783050537109375,84.67907764040879
0.048338197,33.63051104545593,940000,111.2764596783413,93,31.765690565109253,2991.1169199943542,0.042020597,10.615294933319092,1.6978907585144043,48.90885976890443,100,20.18249535560608,16.56379372433127,14.454577365852751,0.16467809677124023,85.19535448785402
-0.020199634,34.07315969467163,950000,116.21402658637848,94,32.336416721343994,3025.272266626358,-0.0037335937,10.811243534088135,1.6086268424987793,47.33965474561659,100,20.510459899902344,-5.36952645928797,17.173948103413693,0.12732601165771484,83.20666749077088
-0.04678098,34.478914976119995,960000,107.70293502399949,95,32.55558705329895,3059.8348898887634,-0.025805457,10.784577131271362,1.7308976650238037,47.83390891500412,100,20.78039050102234,3.318837709518043,14.38675685510826,0.189683198928833,83.30226486930256
-0.017050976,33.253575801849365,970000,107.5250804234787,96,31.702478170394897,3093.1664204597473,-0.010258728,10.631989479064941,1.4230680465698242,47.31646881062173,100,20.09440279006958,33.433214515701295,15.118515245388426,0.1270139217376709,82.93432654819485
-0.037768457,36.13564467430115,980000,108.69145409198532,97,34.41599655151367,3129.3709738254547,-0.011439307,11.331215381622314,1.532421588897705,47.43597858960474,100,22.032575607299805,0.9264264074716618,14.168900035887559,0.18563079833984375,83.58173552347887
-0.011532275,33.480756759643555,990000,108.69999386495664,98,31.780481576919556,3162.935389995575,0.006726172,10.633385419845581,1.5471270084381104,50.57784905430336,100,20.176573514938354,6.263262985066803,13.945552252452135,0.15180563926696777,87.83424007152462
-0.07409618,33.09073996543884,1000000,109.06722278659461,99,31.272016048431396,3196.1132957935333,-0.01519776,10.520945072174072,1.627577304840088,48.11637712692288,100,19.735847234725952,-0.3631780062352432,14.435735060600077,0.19036054611206055,84.32823588494614
-0.049340233,33.8904914855957,1010000,110.78318075239734,100,32.05554389953613,3230.084662437439,-0.028237598,10.756184816360474,1.6792724132537842,47.99551031568476,100,20.307619333267212,-34.89235170368468,19.233976450952145,0.15475678443908691,83.96252756070197
-0.0070797973,34.33015727996826,1020000,109.30477752850037,101,32.76497220993042,3264.4904704093933,0.015091211,10.829800844192505,1.417072057723999,48.7337476317975,100,20.927615880966187,0.7946511118601831,18.07159404569089,0.1470189094543457,85.21233932637524
-0.025376245,34.09562659263611,1030000,113.91521966796887,102,32.38685441017151,3298.6590740680695,0.013267969,10.869072437286377,1.5619871616363525,49.92378654876889,100,20.46569848060608,26.35676700633319,10.951640709945831,0.14600062370300293,86.91664399415725
-0.03133009,34.687830686569214,1040000,111.8430611252334,103,32.73570966720581,3333.414486646652,-0.01470426,10.861765384674072,1.7607982158660889,47.694127812190445,100,20.834738731384277,-3.718928595863046,18.448294029346386,0.1899704933166504,83.21032281972624
-0.03943197,33.824604511260986,1050000,106.51909526302133,104,31.97890043258667,3367.3074295520782,0.0031483276,10.681302309036255,1.6767661571502686,46.47979994515585,100,20.296706676483154,-14.154273726716653,21.57344516101428,0.16811394691467285,80.82087046484575
0.0064130127,34.90370512008667,1060000,110.14476665965705,105,33.329455614089966,3402.3019506931305,0.020108862,11.057310342788696,1.4495625495910645,48.36882504056664,100,21.225791215896606,14.210508366029021,15.28296975506417,0.12361454963684082,84.78951460237114
-0.042937916,32.13289666175842,1070000,116.80058804162093,106,30.513245820999146,3434.5081458091736,0.023376074,10.275121212005615,1.4736061096191406,47.92714890277779,100,19.271687507629395,-23.53253969067708,16.977415036940272,0.14418411254882812,83.5551566924568
-0.031855885,33.39640283584595,1080000,109.27484842483781,107,31.655835151672363,3467.9794540405273,-0.02127157,10.599309921264648,1.6096742153167725,47.98119135193722,100,20.05908751487732,7.005785909339924,14.918291382305735,0.1300961971282959,84.15881470673817
-0.03263996,34.736456871032715,1090000,107.84598651772869,108,32.78668141365051,3502.8027036190033,-0.011561299,10.926414251327515,1.8072361946105957,47.3425416193966,100,20.851688861846924,-7.935999904790668,18.789692297551397,0.14125657081604004,82.9147974763554
-0.020783935,34.410871505737305,1100000,103.47295214101919,109,32.46080470085144,3537.283944606781,0.0009262085,10.8111252784729,1.7781977653503418,46.92843940979579,100,20.63811469078064,4.529519580358319,15.348347889507556,0.17036652565002441,82.22008553288094
-0.009516406,34.3542845249176,1110000,112.5485459518448,110,32.71037292480469,3571.7127227783203,0.004306836,10.828850507736206,1.5170626640319824,48.716441762566404,100,20.840996503829956,11.28926262064148,14.45440035836875,0.12573528289794922,85.49736365523799
-0.025479468,34.987245082855225,1120000,112.37876502281846,111,33.276750326156616,3606.771187067032,0.014726587,11.00074553489685,1.5676205158233643,48.5591555581703,100,21.2268123626709,10.810892494091334,16.002938880465706,0.1413578987121582,84.62776678476223
-0.05216526,34.08673310279846,1130000,108.60980823460724,112,32.28145790100098,3640.948002099991,-0.023866601,10.747758865356445,1.653125524520874,48.816304263948595,100,20.526424646377563,-31.705527094523468,16.464120203477943,0.15040898323059082,85.00052035513642
-0.017099127,34.72707772254944,1140000,106.78350444645348,113,32.83012270927429,3675.7563738822937,-0.012857941,10.942570447921753,1.7190828323364258,46.94649757654342,100,20.85588502883911,8.524752430498053,15.096490983156787,0.17632651329040527,81.92120630509979
-0.018941931,32.897910594940186,1150000,113.6080347354592,114,31.140467405319214,3708.7317588329315,0.0041911867,10.391970872879028,1.5762689113616943,48.35523025826409,100,19.768041849136353,7.463328308954149,15.353214472049826,0.17998814582824707,84.66419982498121
-0.051974352,32.85374093055725,1160000,110.69960477580479,115,31.122352123260498,3741.6760835647583,-0.014844238,10.425495147705078,1.5812294483184814,48.06033806087352,100,19.70930814743042,-19.259557984806644,15.444159697215051,0.14821839332580566,84.15395631385411
-0.032937806,33.15662670135498,1170000,113.50923290515784,116,31.37427020072937,3774.902745485306,0.013029871,10.510733127593994,1.6092746257781982,48.177667872623,100,19.899460077285767,24.363329452457776,13.70985745419118,0.1721940040588379,84.47975195375615
-0.014654147,33.370185136795044,1180000,115.58640058683505,117,31.576712131500244,3808.3544623851776,0.032985974,10.59273076057434,1.5879731178283691,48.84775966663888,100,19.978676319122314,-24.636319903123546,18.545636569592894,0.20342206954956055,85.46680948791222
-0.06613985,32.58349418640137,1190000,105.00593283365593,118,30.975347995758057,3841.010466337204,-0.013475781,10.450712442398071,1.479339599609375,46.16700444139184,100,19.560933828353882,-26.07979157129147,20.910924701776693,0.1280536651611328,80.71712631523741
0.015041089,33.31335258483887,1200000,110.43079779601679,119,31.675856828689575,3874.400620698929,0.02433231,10.572747468948364,1.5057120323181152,48.98454617781954,100,20.119045734405518,21.146701737200566,13.666836036176315,0.1309356689453125,84.99202902287992
-0.03485,32.56746792793274,1210000,110.81333672399627,120,30.898570775985718,3907.044804096222,-0.006127417,10.372992038726807,1.4977302551269531,49.417231667830244,100,19.568299770355225,-6.1306312856057295,16.703934897684142,0.17030978202819824,85.52095854902873
0.015617249,32.80918622016907,1220000,108.66348055982841,121,31.062047719955444,3939.928171634674,0.019685706,10.413204669952393,1.6071476936340332,48.71643929511924,100,19.681024312973022,8.890281366775014,15.440044134824403,0.13920092582702637,85.53716962818415
-0.022433141,33.19513249397278,1230000,105.06911734420501,122,31.5643413066864,3973.2001786231995,0.0026234984,10.556466341018677,1.4795746803283691,48.53140860134336,100,20.029634952545166,-30.50606663698231,19.52846720843963,0.14963674545288086,84.61631825984423
-0.013940442,32.892271280288696,1240000,109.17777602187489,123,31.09639883041382,4006.1616485118866,0.016382996,10.45048975944519,1.6124484539031982,47.03034851010415,100,19.665220737457275,-1.466401181225835,17.630135056941096,0.18167448043823242,82.74749722205291
-0.01852266,32.76302790641785,1250000,106.70530018763537,124,31.110628843307495,4039.0047199726105,-0.009534323,10.406314373016357,1.5106735229492188,48.83174778499773,100,19.735774040222168,27.53844099000276,12.202414507277004,0.14002037048339844,85.51875029055554
0.0012302246,33.252036809921265,1260000,105.52280070195793,125,31.63616943359375,4072.3426246643066,0.009181799,10.562848091125488,1.4501402378082275,47.72815967227839,100,20.078203916549683,-30.431774027321968,20.579887402024564,0.16415929794311523,83.36840075106491
-0.03839336,32.795408964157104,1270000,112.48659123712285,126,31.083736419677734,4105.213604927063,-0.011408447,10.437086582183838,1.5480287075042725,47.578164269292714,100,19.647606372833252,-29.959843499244624,19.048486498929428,0.1620774269104004,82.88612141586347
-0.0304927,32.420820474624634,1280000,111.33634653330482,127,30.781854152679443,4137.721261739731,0.019676758,10.33652663230896,1.483389139175415,48.22447468757851,100,19.468785524368286,-10.349395527510996,19.211737354799336,0.15366911888122559,83.99651714136877
-0.025278613,32.83277678489685,1290000,114.68660720291156,128,31.07970952987671,4170.626646757126,-0.0069711427,10.372856378555298,1.6095471382141113,48.2016343664005,100,19.745186805725098,1.3176237657765928,18.864449649475908,0.14259934425354004,83.68209468607387
-0.033869725,32.85420799255371,1300000,105.37629888738304,129,31.07888913154602,4203.56329703331,0.012332691,10.53761911392212,1.6116454601287842,48.056190085531306,100,19.588767766952515,-2.909625782014773,17.90752467224032,0.16254162788391113,84.03682374775073
-0.0030502076,33.10976052284241,1310000,104.56441688968167,130,31.442376613616943,4236.766884803772,0.008661963,10.518369197845459,1.5317647457122803,47.477784583681256,100,19.94295072555542,-14.89769902154454,18.78394912653494,0.1343526840209961,83.15234845927074
-0.036580637,31.87602686882019,1320000,111.02762106534621,131,30.133122205734253,4268.72419834137,-0.0227628,10.130122184753418,1.5597054958343506,47.233666939458544,100,19.06145715713501,3.7775136225657597,16.82226190573548,0.18199515342712402,82.30002073324101
-0.013568995,33.27079367637634,1330000,113.33858593681644,132,31.524535655975342,4302.07608962059,0.004308984,10.587106943130493,1.5599775314331055,46.206759981156154,100,19.90840792655945,-25.874666640047156,20.95995277469524,0.18521547317504883,80.86133887017905
-0.059318382,32.18072867393494,1340000,105.93519165924516,133,30.40329098701477,4334.33328795433,-0.010167163,10.204400062561035,1.6051998138427734,46.79083889320375,100,19.261481761932373,24.920683536057116,17.922520524648196,0.17101383209228516,81.84834680236578
0.0035959962,32.68426561355591,1350000,104.52854352250687,134,31.047879934310913,4367.095053434372,-0.00042609865,10.458713293075562,1.4708101749420166,47.68870321208688,100,19.614237070083618,7.895279423090729,14.295678307010537,0.16444945335388184,83.96095910014049
-0.0051234374,33.48342967033386,1360000,106.4534810419764,135,31.651509046554565,4400.647988080978,0.01656687,10.554529428482056,1.6589362621307373,47.68016550353907,100,20.1191565990448,0.5061631720148636,14.632711217619566,0.1721954345703125,83.50736222944113
-0.021888379,32.53954553604126,1370000,107.45978641608468,136,30.691095113754272,4433.258425712585,0.02135542,10.257495403289795,1.6588068008422852,47.6940430321505,100,19.498194217681885,-1.8955981738731928,18.861892309400343,0.18849682807922363,83.67108395806082
-0.015558563,31.908645391464233,1380000,107.18678423545116,137,30.150221824645996,4465.238389015198,0.0006813843,10.272216558456421,1.553243637084961,48.27224504047525,100,18.914151668548584,13.949847467644542,14.390974641475564,0.20357608795166016,84.4531654047642
-0.029653808,32.63237380981445,1390000,107.70033039308329,138,30.98301935195923,4497.939952373505,-0.013883032,10.370062112808228,1.4860811233520508,47.53188554385256,100,19.660095691680908,48.280218732393784,12.685053375993919,0.1620016098022461,84.12466078832767
-0.03440337,34.19420576095581,1400000,108.41117216699811,139,32.319090366363525,4532.221606016159,-0.023114782,10.772559642791748,1.656203031539917,48.52679107890974,100,20.555626392364502,48.05186858122002,9.44457445896062,0.2174685001373291,85.43832899671173
-0.05416206,34.685598373413086,1410000,120.82152632751009,140,33.00825309753418,4566.982661485672,-0.011608551,10.819056034088135,1.494248867034912,48.78379374886555,100,21.15392565727234,31.935843899041455,13.916625991470951,0.18203139305114746,85.759291826979
-0.011580737,33.04603862762451,1420000,104.87821902957731,141,31.340274810791016,4600.104237318039,-0.015985856,10.436408281326294,1.559776782989502,47.2135007807619,100,19.903696060180664,12.081206144215333,14.92086687582513,0.14512062072753906,82.73170539176057
-0.03823279,32.379810094833374,1430000,113.49538861028823,142,30.615397453308105,4632.561294794083,0.013713134,10.269378900527954,1.5983073711395264,49.042252012302185,100,19.386619806289673,21.120277075290137,14.224722118651894,0.16525936126708984,85.90088818290307
-0.027946534,33.88027739524841,1440000,107.74277374172962,143,32.175724267959595,4666.518653392792,-0.015289551,10.700214624404907,1.5595667362213135,49.12019671233653,100,20.47931456565857,13.05111336748427,14.743146641423037,0.1436915397644043,85.76082314867172
-0.015580041,32.15929818153381,1450000,108.62338571845517,144,30.42223858833313,4698.755441665649,0.028565979,10.150176286697388,1.5720176696777344,48.46316813549133,100,19.33355474472046,1.2952803702806235,15.850439428805993,0.16358542442321777,84.34260500396152
-0.066946045,31.61118507385254,1460000,113.37099768281365,145,29.871785640716553,4730.450494289398,-0.035948683,10.162176132202148,1.5673682689666748,48.1575573630704,100,18.779679536819458,0.5048843628072432,17.990020017574462,0.17035341262817383,84.57519677546614
-0.05295945,32.423171520233154,1470000,115.83149585101629,146,30.751922607421875,4762.946465015411,-0.009362012,10.276864051818848,1.501021385192871,49.496627870237944,100,19.48577880859375,15.799453251060054,15.588431791224103,0.16911864280700684,86.54280007406221
-0.005131247,31.37212562561035,1480000,104.95482134092249,147,29.692580938339233,4794.388072013855,0.012110514,10.004438161849976,1.5072369575500488,46.7635541852399,100,18.753087520599365,-26.106389052935782,17.35916462376155,0.17064785957336426,81.92587540615352
-0.009515076,31.00655770301819,1490000,113.8624449361367,148,29.002264499664307,4825.471657276154,0.01797359,9.848294973373413,1.771606206893921,50.12191520817285,100,18.220102310180664,34.27605322787255,12.629238525787994,0.23024940490722656,88.02224076223791
-0.04707908,31.5189790725708,1500000,113.30348136455828,149,29.253036975860596,4857.058621168137,0.0150784915,9.973832130432129,2.142207622528076,47.36604981315135,100,18.351913928985596,-31.214644081775656,20.707416302471064,0.12292790412902832,82.98882832653013
-0.011137415,32.200814723968506,1510000,109.43908498361581,150,30.360623359680176,4889.343625068665,0.021279508,10.32510781288147,1.6636629104614258,47.82663464556128,100,19.084672689437866,25.101120773477078,12.930509774522086,0.17501020431518555,84.24647303069743
-0.022604797,31.802407264709473,1520000,109.81528945796184,151,29.88927435874939,4921.257916212082,0.00070013426,10.15578842163086,1.7623705863952637,49.55205550418439,100,18.79447364807129,5.2234787898759105,14.202729344324728,0.14924168586730957,86.62271508109403
-0.056077246,32.2893807888031,1530000,111.64122706313688,152,30.617133617401123,4953.6187217235565,-0.023475366,10.267683029174805,1.5367112159729004,48.30471626483343,100,19.3740336894989,28.93418683356665,14.374475465958705,0.13399052619934082,84.24091570798151
-0.024116503,32.87214136123657,1540000,111.90130631817719,153,31.142611980438232,4986.566503047943,0.009845947,10.387386798858643,1.565732717514038,47.94464152607502,100,19.797507286071777,-3.5986238059786775,18.389153922139123,0.16221284866333008,84.4942508058858
-0.04912827,33.13491868972778,1550000,109.36770965429135,154,31.31045889854431,5019.784021615982,-0.019023877,10.480416297912598,1.6275241374969482,49.560631753238006,100,19.850496292114258,50.18105766175924,11.38843297516813,0.19517993927001953,86.3752928349527
-0.13907526,32.64618277549744,1560000,110.45299219642493,155,30.890400886535645,5052.496870756149,-0.012769531,10.357908248901367,1.5783803462982178,47.91926323745638,100,19.551361083984375,5.939060285010821,14.5477823619188,0.175767183303833,83.2748230320656
-0.054525685,32.69075036048889,1570000,109.45124767354388,156,30.946499347686768,5085.268336057663,0.0175825,10.439823865890503,1.575753927230835,49.29765717033371,100,19.528318881988525,41.35899198095715,11.564526645741298,0.16692662239074707,85.57338443274503
-0.055914357,32.61858105659485,1580000,102.94036719659363,157,30.84712862968445,5117.971668720245,-0.018182177,10.330700635910034,1.573899269104004,48.00177232976649,100,19.558414220809937,18.046502697485487,15.857406481583851,0.1956956386566162,83.80128866020642
-0.0007706543,32.38221621513367,1590000,116.21826554241416,158,30.698266744613647,5150.424786329269,-0.0012164307,10.388235330581665,1.5209479331970215,47.639436150020266,100,19.34553575515747,23.6704574539976,14.464133654491535,0.16180181503295898,83.70267327672639
0.011165174,32.683751344680786,1600000,104.98649740784678,159,30.814114332199097,5183.182846546173,0.03874801,10.364013671875,1.7052927017211914,46.126882481000685,100,19.482503175735474,-32.51790599601416,21.298425735820583,0.1634988784790039,80.10636491212522
-0.045311928,32.60386514663696,1610000,107.35516282027453,160,30.732679843902588,5215.857234477997,-0.03151825,10.31719708442688,1.7290143966674805,48.04666144800021,100,19.450932502746582,27.0114258128489,14.510825432499644,0.1413583755493164,84.07134799628078
-0.024220899,32.786726236343384,1620000,115.17117201195842,161,31.071943759918213,5248.7205691337585,-0.01378894,10.448503255844116,1.5693087577819824,47.675367721143175,100,19.621604919433594,-7.69049995003143,17.545125099683094,0.14442181587219238,83.76528682445586
-0.022847584,33.126629114151,1630000,112.407463493293,162,31.349539756774902,5281.919645309448,-0.008778711,10.500080585479736,1.59572434425354,48.82116624526564,100,19.88183093070984,-4.676368009147719,15.413953775913846,0.1801586151123047,84.80644114519171
-0.004121997,33.60064697265625,1640000,108.17011422888665,163,31.948251485824585,5315.608401298523,0.011684888,10.76509404182434,1.492203950881958,49.26543149766625,100,20.19769263267517,31.037867508551795,12.108581157972855,0.1592426300048828,85.99724204266249
-0.017386597,31.858540058135986,1650000,122.58720374696121,164,30.16657066345215,5347.535333395004,0.0042534303,10.0868661403656,1.5432274341583252,48.4712461316747,100,19.128551721572876,4.659914877280192,17.355549824219967,0.14719533920288086,85.0071590343035
-0.017607471,33.87442660331726,1660000,120.53402789905998,165,32.22747039794922,5381.500946760178,0.011350195,10.713117361068726,1.4833953380584717,48.36473615914816,100,20.520712852478027,15.917144863366218,14.555582377313602,0.1616058349609375,84.29851155237552
-0.06764827,33.29082536697388,1670000,115.4837180227281,166,31.54371428489685,5414.869956970215,-0.0054953857,10.607362031936646,1.5791430473327637,49.12057043459199,100,19.95467758178711,17.18055914428247,14.521357131285994,0.16644740104675293,85.33769624408764
-0.012201758,33.246020793914795,1680000,110.72474967954514,167,31.504446029663086,5448.186131477356,0.002976953,10.515458345413208,1.5722987651824951,48.36148258213928,100,20.02603530883789,0.936404052282052,15.589050281257752,0.16847896575927734,84.6663989196147
-0.031278625,33.8341748714447,1690000,108.43325527731433,168,31.98744773864746,5482.096768379211,-0.028714105,10.650808572769165,1.6686244010925293,47.88999517151726,100,20.340844869613647,18.83259328358201,17.24378670776739,0.17603206634521484,82.98506622695487
-0.046978466,34.4909143447876,1700000,110.255882749967,169,32.790897607803345,5516.662658929825,-0.0004390503,10.786587476730347,1.561624526977539,48.532975282977596,100,20.94960045814514,-13.333275204107402,20.15405579845848,0.13724327087402344,84.42470546509387
-0.01213263,34.54413080215454,1710000,106.63365231614574,170,32.903236389160156,5551.277282238007,0.039683912,10.861172914505005,1.5055131912231445,45.80532325979364,100,21.024585008621216,-28.803003764269715,19.915060325209275,0.13446593284606934,79.77731115922437
-0.07533579,31.074121475219727,1720000,120.8995339980719,171,29.42735481262207,5582.443019866943,-0.0024727539,9.963881015777588,1.4935660362243652,46.54987073952045,100,18.542219877243042,10.1284681719623,18.163750485286084,0.15238523483276367,80.68520588511088
-0.51514846,29.99562668800354,1730000,102.1335289555687,172,28.36781930923462,5612.512137413025,-0.0089406315,9.759498119354248,1.4994988441467285,42.45125800587838,100,17.72626543045044,-21.221654132223136,16.980705834479483,0.1271061897277832,74.14409180253496
-1.2266527,31.765069007873535,1740000,101.05625837718544,173,29.96824026107788,5644.345137357712,0.0024620362,10.133784770965576,1.6128880977630615,46.39947503720031,100,18.885025024414062,5.308640399530741,16.054954811596456,0.183089017868042,80.97869425767823
-1.2941225,28.16455864906311,1750000,113.1191487562305,174,26.75524353981018,5672.5786764621735,-0.02757417,9.22497010231018,1.2691686153411865,41.66585558337163,100,16.68897294998169,-1.2483515717843081,23.294687769707586,0.13926196098327637,73.75401926533509
-1.2982213,27.717080116271973,1760000,114.01384381763725,175,26.333269596099854,5700.382812738419,0.0061457274,9.150148153305054,1.2538161277770996,40.88799452810071,100,16.334786891937256,-43.14866337820166,33.163403725952115,0.1291961669921875,74.18236814048595
-0.9920875,27.838539361953735,1770000,135.5591719489227,176,26.304131031036377,5728.303052186966,0.0005482422,9.17286992073059,1.384171485900879,44.34455617859713,100,16.286477088928223,-39.53696308397639,40.22083676840086,0.14940786361694336,76.58584517707399
-0.4070088,28.821857452392578,1780000,136.23549502273275,177,27.339884519577026,5757.207453250885,0.031711865,9.333703517913818,1.3567302227020264,37.86976721091411,100,17.153414249420166,-63.75855637050788,47.31862657934662,0.12443733215332031,66.96135704381389
-0.9515693,28.738059997558594,1790000,125.80420902205154,178,27.26225233078003,5786.016818523407,0.0031422607,9.449248313903809,1.3016915321350098,37.969246989590964,100,16.950645685195923,-78.1169233969282,51.381161277051824,0.17306137084960938,66.39896694099562
-3.7949808,27.826546907424927,1800000,123.37770449872868,179,26.27743649482727,5813.927606344223,0.008095093,9.124879360198975,1.3902583122253418,43.83148771290078,100,16.308974027633667,-37.62574255306265,39.717593747136256,0.15805983543395996,76.0249850986053
-1.4348053,27.853919506072998,1810000,135.0643948832399,180,26.368959188461304,5841.864184856415,0.020348258,9.170006036758423,1.348454236984253,39.24175488218939,100,16.366066455841064,-55.57163619889185,49.7644204698427,0.13570094108581543,67.62737151582016
-5.2815175,28.540000915527344,1820000,130.00931638314594,181,26.99051260948181,5870.476446390152,0.022128735,9.294394969940186,1.3930342197418213,28.61317945558269,100,16.83852791786194,-101.86089243140654,51.35991683681102,0.15533089637756348,47.245663898533515
-1.9241524,27.95260977745056,1830000,117.22655841705055,182,26.552493810653687,5898.50964641571,-0.03060067,9.230108261108398,1.2807717323303223,46.06488172024654,100,16.469372749328613,-70.79549683633749,22.570227928080485,0.11848974227905273,81.21469163975375
-0.40138778,28.215863943099976,1840000,107.82220325934469,183,26.8050274848938,5926.799440383911,-0.004714331,9.250351667404175,1.2658684253692627,45.750438893747656,100,16.705315113067627,-10.266339308052862,19.535203480842284,0.14417600631713867,80.17941872197171
-0.18969986,28.156999349594116,1850000,105.42127775895001,184,26.735620260238647,5955.037739515305,0.0067415526,9.215755224227905,1.2918825149536133,47.94459493835802,100,16.65643286705017,-4.698097246291041,14.728620547937018,0.12877607345581055,84.63699809501978
-0.06570754,27.885063409805298,1860000,118.58086334274597,185,26.51030993461609,5983.005011796951,-0.009520557,9.193321228027344,1.2516052722930908,46.885929037368875,100,16.46493124961853,15.191398677592199,17.261887161616734,0.12233328819274902,82.55997564552503
-0.028106665,27.57186460494995,1870000,108.91931399602304,186,26.162944316864014,6010.648506641388,-0.0061638914,9.107438325881958,1.2805957794189453,48.26028659978492,100,16.226637363433838,30.59139263720419,13.615315531884521,0.1270906925201416,85.23075749135681
-0.02936573,27.575287342071533,1880000,104.28762289304238,187,26.11500072479248,6038.28853726387,-0.030852875,9.075603723526001,1.3228018283843994,48.57413448815494,100,16.202064752578735,35.23389256448495,10.569556498927403,0.13669085502624512,85.55414454538882
-0.010802276,28.670475959777832,1890000,107.84918435940628,188,27.170522689819336,6067.019632816315,0.005136493,9.38271427154541,1.3658332824707031,47.305915731741905,100,16.93628239631653,-32.03441554203514,18.853941612403798,0.13331198692321777,83.08610573253138
-0.05940126,27.405080556869507,1900000,114.8413671769446,189,25.97039031982422,6094.492020845413,0.017194886,9.049714088439941,1.3113625049591064,46.57533368094445,100,16.101524353027344,12.61627385069796,18.38508973041942,0.12230706214904785,82.14195675701082
-0.032684375,28.12165904045105,1910000,109.0343256588673,190,26.728690147399902,6122.679425954819,0.017055029,9.218927145004272,1.2357432842254639,47.94725952684079,100,16.64505910873413,3.024686113955365,16.152441830289913,0.15651845932006836,83.84398884569599
-0.097491525,28.09890842437744,1920000,116.08237678920605,191,26.499934911727905,6150.859535932541,-0.043413002,9.162349700927734,1.3976991176605225,48.05848197626523,100,16.496525764465332,-29.660517218598052,19.18064093673553,0.2003769874572754,83.8841698627768
-0.09074767,27.708823204040527,1930000,105.86736198173435,192,26.282041788101196,6178.640073776245,-0.013934876,9.168070077896118,1.3001692295074463,47.50468227237045,100,16.29924488067627,11.913490314967497,17.117130938974817,0.12582707405090332,83.200017790486
-0.030400086,28.442650079727173,1940000,104.3512191368178,193,27.050559282302856,6207.158027648926,0.019961182,9.339811325073242,1.263467788696289,48.09071846958426,100,16.852063179016113,-17.39246240932802,17.39421833118959,0.12784981727600098,84.53352463848984
-0.073231384,27.740782737731934,1950000,112.30921772925616,194,26.346965074539185,6234.983357191086,-0.007549808,9.112550497055054,1.244570016860962,49.55417739390942,100,16.410548448562622,26.383331072151055,12.144918304242536,0.14827466011047363,86.16890574612127
-0.049144898,27.73546028137207,1960000,116.09039633073473,195,26.331974029541016,6262.800229072571,-0.006545068,9.162378072738647,1.2283024787902832,49.89867332248422,100,16.328678131103516,40.269319368867315,11.584837919156662,0.17437505722045898,87.06378509661342
-0.046948437,27.84094214439392,1970000,107.59705969044725,196,26.289071083068848,6290.712345838547,0.019341968,9.169763565063477,1.3854551315307617,47.72997071891515,100,16.287540197372437,10.60397193749383,14.103813669139742,0.165435791015625,83.5969669858933
-0.01883535,27.54889702796936,1980000,113.73141784016178,197,26.148351430892944,6318.3318865299225,-0.0039786743,9.086586475372314,1.2741420269012451,48.70352775839925,100,16.22411274909973,9.004583122844677,15.007890330497883,0.12536072731018066,84.64835932600754
-0.011355022,29.82538104057312,1990000,109.02184861246752,198,28.34721350669861,6348.22608423233,0.0009840893,9.666898488998413,1.3510215282440186,47.91763566078278,100,17.781516075134277,12.283800890760023,16.41324916236819,0.1264197826385498,83.98228301715329
0.031502392,30.757121324539185,2000000,108.56779477370493,199,28.916573762893677,6379.056480884552,0.034716066,9.79275131225586,1.606978178024292,46.987943822615236,100,18.204899072647095,8.823931210428755,16.998985058105752,0.23122835159301758,81.8442346321201
-0.03640791,30.039798498153687,2010000,106.64629081939013,200,28.108667612075806,6409.176327466965,0.0092093265,9.656213521957397,1.8086001873016357,48.71568788501477,100,17.539217472076416,15.180891153181333,14.041544890753181,0.12156033515930176,85.83239362129427
-0.02263706,26.41678547859192,2020000,111.05203541676805,201,24.95311141014099,6435.669502496719,-0.014068006,8.78541374206543,1.3193609714508057,45.690530476831285,100,15.372040033340454,4.713626926215176,19.011092902501233,0.14225125312805176,80.371694412882
0.015930492,26.163729906082153,2030000,114.516272188857,202,24.79886507987976,6461.909035921097,0.030239014,8.7211332321167,1.2448110580444336,47.67053111349938,100,15.288510799407959,5.985058786622292,17.39956855061387,0.11928963661193848,83.79960783664484
-0.017597329,26.627476930618286,2040000,110.0854215367583,203,25.188190698623657,6488.616790533066,0.0045374725,8.812429666519165,1.317002773284912,48.18505384024216,100,15.57292103767395,9.873722986073478,18.453773019038522,0.12145376205444336,84.27519042537864
-0.042413145,27.825915575027466,2050000,111.67640006726046,204,26.46154236793518,6516.50453710556,-0.024634149,9.156109094619751,1.2411649227142334,48.721281018532544,100,16.472230434417725,14.248373109340783,13.85088396050015,0.12253618240356445,85.27581669210615
-0.036063526,29.161882162094116,2060000,116.30349745659153,205,27.70497703552246,6545.7336003780365,0.0014922363,9.508754253387451,1.3142447471618652,48.08048341339141,100,17.324692010879517,35.951069839867216,13.301997056485858,0.1417381763458252,84.35882984359718
-0.068825394,30.386528968811035,2070000,104.99595809292309,206,28.995325565338135,6576.183291912079,-0.016682958,9.805527448654175,1.2634615898132324,48.194470193746355,100,18.266281604766846,16.7666399566683,14.317461712174666,0.12687253952026367,84.3238575817742
-0.010164624,29.398855447769165,2080000,107.95406625524718,207,27.625956773757935,6605.645578861237,0.0019350097,9.512248277664185,1.6190526485443115,47.7511910692586,100,17.237414360046387,27.273303081600005,11.833072456138266,0.15265703201293945,83.44114905255842
-0.028179174,30.388686180114746,2090000,105.53265060605456,208,28.8466477394104,6636.126311779022,-0.003349707,9.735470056533813,1.4145534038543701,48.03220860188025,100,18.202762603759766,14.917763519523882,12.814980062289678,0.12569665908813477,84.39623559589776
-0.020626465,28.95497226715088,2100000,110.17593522269846,209,27.47029399871826,6665.152894020081,0.00034084474,9.453647375106812,1.3370931148529053,46.69405708147238,100,17.148932933807373,-25.959567320421492,17.399883011131163,0.14674711227416992,81.87579714321939
-0.013352246,31.609676361083984,2110000,105.60364910905764,210,30.023558855056763,6696.8484807014465,0.024037939,10.174626350402832,1.4419302940368652,48.73001070752405,100,18.90355372428894,41.316387368425744,10.196208022416196,0.14287662506103516,85.84163437165518
-0.040945604,28.512410163879395,2120000,107.07099928701494,211,27.089468240737915,6725.439552783966,0.0010032714,9.336005926132202,1.2853965759277344,47.02287800091991,100,16.8990695476532,-25.227400465539592,17.148737916587887,0.13646292686462402,82.74195502632242
0.0261693,26.52686333656311,2130000,108.70601996324137,212,25.242230892181396,6752.032425642014,0.027346442,8.849231719970703,1.155148983001709,48.64511756520636,100,15.602979183197021,-41.65149097377585,17.285318463849286,0.12878823280334473,84.9782014998076
-0.021529488,28.65007781982422,2140000,109.13692236693007,213,27.15165400505066,6780.752046108246,0.0024096146,9.330662488937378,1.3484857082366943,47.58676259430506,100,16.968923330307007,7.223128487249634,18.05401366234681,0.1491384506225586,83.2568570681361
-0.030838769,27.806395053863525,2150000,111.17037937879496,214,26.19843029975891,6808.634272575378,-0.016403075,9.137902975082397,1.3756392002105713,47.975705874694455,100,16.231627702713013,0.6296394285444169,17.776575186975524,0.22206830978393555,83.60683455170005
-0.035148803,28.7529399394989,2160000,106.39758275606957,215,26.738112449645996,6837.465247154236,0.0015616578,9.260377883911133,1.8389794826507568,48.104845018049225,100,16.625211477279663,13.73672704783084,14.153159523265256,0.171065092086792,84.53737669270863
-0.018041003,28.704652547836304,2170000,103.28029860810092,216,26.7414493560791,6866.234746456146,-0.005792914,9.373328685760498,1.8130841255187988,46.83459983151312,100,16.515810012817383,19.858722090650197,15.283814017941513,0.14847397804260254,82.48302085587025
-0.026927685,27.961191654205322,2180000,126.41509056646471,217,26.154250383377075,6894.275084495544,-0.017764745,9.07266354560852,1.6829650402069092,47.88572762981526,100,16.246503829956055,-28.404206830217554,20.096266563733455,0.1231842041015625,83.6749838952903
-0.00074575195,28.59878420829773,2190000,107.54159357273545,218,26.937174320220947,6922.961897611618,0.008852417,9.3051118850708,1.4832024574279785,49.31331952556834,100,16.775296688079834,2.8750181337468446,14.853128779120413,0.17580509185791016,85.87009939966293
-0.009282654,29.04744267463684,2200000,109.34664968632056,219,27.572261333465576,6952.092556476593,0.006379191,9.509566307067871,1.3459951877593994,48.73908628003451,100,17.185397386550903,-7.844293028010267,14.460143517777464,0.12848114967346191,84.90526928056568
-0.033990644,28.31614065170288,2210000,108.15989145365181,220,26.71153974533081,6980.477809667587,-0.0040348936,9.212799787521362,1.444641351699829,47.91266906871758,100,16.66245150566101,9.32920990267051,14.881374876760011,0.1590888500213623,83.541700617186
-0.0095825195,29.29996347427368,2220000,110.74292938513578,221,27.6846866607666,7009.839373826981,0.020001123,9.517843246459961,1.4189088344573975,49.7586601890822,100,17.289931058883667,14.880020896701895,12.196340084315949,0.195512056350708,86.9767990465835
-0.034944255,29.378132581710815,2230000,110.70731874346737,222,27.572099685668945,7039.2873730659485,-0.0065399026,9.40239429473877,1.6764757633209229,49.16112032530021,100,17.305458545684814,-4.740353238197333,16.398175158108156,0.12882614135742188,85.45695968277577
-0.008610327,27.795377492904663,2240000,111.06275635845739,223,26.231308221817017,7067.165577411652,0.027077863,9.11425256729126,1.432699203491211,50.38122104036935,100,16.292367219924927,8.624095846808057,13.110702956426119,0.12999558448791504,87.51316731099794
0.009208032,28.162696838378906,2250000,112.16993142208563,224,26.63504123687744,7095.400673151016,0.026040295,9.220452070236206,1.3908963203430176,49.46766760691171,100,16.562766075134277,48.14538297915651,11.077097364909704,0.13604402542114258,86.00375084498687
-0.009908972,29.163724660873413,2260000,106.18934460607394,225,27.237043142318726,7124.628319978714,0.0023967652,9.367643117904663,1.7224135398864746,47.31334041762801,100,17.0097234249115,12.642859992173483,16.47141703743735,0.2030181884765625,82.99340838254388
-0.032501686,29.182724714279175,2270000,112.84533936632339,226,27.43385887145996,7153.87831902504,0.0013478516,9.377413988113403,1.5669195652008057,47.76515574692247,100,17.187894582748413,-18.819907892543895,17.668605592706697,0.18108224868774414,83.39357347742869
0.03632466,26.99720811843872,2280000,112.05436782759239,227,25.672012090682983,7180.942338943481,0.03431329,8.950052738189697,1.204590082168579,47.32475383783062,100,15.912818193435669,27.318877946524186,16.089197242380077,0.11971569061279297,82.83562827281274
-0.033216003,29.22508716583252,2290000,110.79019860453563,228,26.807952642440796,7210.247320652008,0.012447986,9.298450708389282,2.1686131954193115,47.37025006536711,100,16.653742790222168,-13.244031975851817,17.892224094353782,0.24691152572631836,82.67710382626088
-0.057743654,30.49471616744995,2300000,105.32141845037151,229,28.93232226371765,7240.812251806259,-0.022754248,9.865160465240479,1.420555830001831,49.593862368368264,100,18.13075613975525,29.400650703128832,12.849879871860502,0.14093875885009766,86.43639259366044
-0.028579101,27.545285940170288,2310000,113.23391219470317,230,26.080421447753906,7268.441815376282,-0.01284751,9.021520137786865,1.3045716285705566,48.63161180060826,100,16.235687494277954,-11.391597725005829,16.946034231124408,0.15898633003234863,85.32371990280868
-0.04106797,29.014436960220337,2320000,114.89514829779553,231,27.6193630695343,7297.53010892868,0.024755128,9.444324493408203,1.2609765529632568,48.71768451450875,100,17.30183482170105,0.39784319579576755,16.603412607917157,0.1329035758972168,84.48224663387192
-0.06454653,27.908169746398926,2330000,106.33816383821497,232,26.486552238464355,7325.504996299744,-0.0113672,9.171968936920166,1.2598135471343994,46.36947744626214,100,16.485296487808228,9.413134856109044,17.040614291253796,0.16110563278198242,82.3887016337977
-0.0025864579,27.50676727294922,2340000,106.07191695976405,233,26.045902490615845,7353.086122274399,0.0019935027,9.148500204086304,1.3412275314331055,48.1353120884672,100,16.071513414382935,-0.03513150722473579,15.014225026034023,0.11883091926574707,84.27562304980113
0.0010599854,28.259493112564087,2350000,114.01306668712236,234,26.789523124694824,7381.422573566437,0.014738599,9.256634712219238,1.3424346446990967,46.112551440843184,100,16.68991184234619,-20.885183437906228,23.438218233174236,0.1261751651763916,80.40785689213472
-0.05432578,27.223880529403687,2360000,109.46788855006237,235,25.80608081817627,7408.71258020401,-0.031121973,8.970731019973755,1.2614996433258057,48.75424836458598,100,16.01349663734436,11.152477459954092,14.117590776599078,0.15544915199279785,85.24757613573097
-0.005150476,27.708506107330322,2370000,111.911141128982,236,26.367254734039307,7436.50563454628,0.012524567,9.137622117996216,1.2062344551086426,48.91722320768427,100,16.39279818534851,36.54212764690653,10.493729248878681,0.13416409492492676,85.68549090319138
-0.046831567,27.317429780960083,2380000,107.37349760899887,237,25.816935777664185,7463.886023283005,-0.01858147,9.083507061004639,1.3352093696594238,48.08578898536355,100,15.904280424118042,-3.300717536274269,15.251860130834443,0.164323091506958,84.19494720740778
-0.031481177,27.907065629959106,2390000,112.41592380651528,238,26.49772357940674,7491.868799686432,-0.008175659,9.164768695831299,1.2602238655090332,48.09851931855893,100,16.49158000946045,19.136837897897745,11.891693410477277,0.14791011810302734,84.79286917748028
-0.013976709,26.810702800750732,2400000,116.60989436491775,239,25.435705184936523,7518.74863243103,0.008582227,8.884403944015503,1.2513582706451416,47.501101614098545,100,15.72836184501648,-23.857650444264234,20.88735847794172,0.12274050712585449,82.30809480477336
-0.014671045,26.704908847808838,2410000,111.18317962757665,240,25.322906017303467,7545.525394678116,0.004000293,8.843435287475586,1.2620787620544434,47.44080627553658,100,15.684444665908813,10.375427439153265,16.46468405384889,0.11922574043273926,82.85848028168148
-0.055539552,27.9714777469635,2420000,115.14442149200003,241,26.61015772819519,7573.565358400345,-0.018151758,9.161344051361084,1.2232043743133545,46.92336762854104,100,16.600502014160156,17.652069622212885,14.911238554430614,0.13684511184692383,82.3121873312107
-0.021929687,27.31768488883972,2430000,108.93332851950666,242,25.91965389251709,7600.956827878952,0.005480896,8.997507333755493,1.2439827919006348,47.110049738863516,100,16.070722103118896,-16.84728627447667,17.412477605615422,0.1528322696685791,82.77642224263958
-0.05679697,27.11748766899109,2440000,105.2449780084526,243,25.756572484970093,7628.156381368637,-0.005945361,8.995016813278198,1.2423462867736816,47.65195381162197,100,15.936146020889282,17.537740536187087,14.095944665999777,0.11732077598571777,84.15970194239377
-0.02002013,27.462230682373047,2450000,107.85556998450201,244,25.96930193901062,7655.686174869537,0.011285125,9.025132417678833,1.357109785079956,47.773082864054984,100,16.124192476272583,-30.682459936428224,20.113414776085598,0.13460588455200195,82.55760674523168
-0.0036619385,27.360875606536865,2460000,106.68206362095391,245,25.9872727394104,7683.12270283699,0.03063612,9.00791311264038,1.2342150211334229,46.78398771203611,100,16.132462739944458,5.8422914069510865,17.27887121174186,0.13862013816833496,82.23016820390635
-0.073266625,27.202032327651978,2470000,106.96490604890845,246,25.756139278411865,7710.412526130676,-0.0059276978,8.940668821334839,1.2604496479034424,47.93590146094357,100,15.983829259872437,7.078297180564943,14.634217179369479,0.18459582328796387,83.82154270609595
-0.0658173,27.12981629371643,2480000,112.63678575161371,247,25.76648712158203,7737.603627204895,-0.005427533,8.931145906448364,1.2428867816925049,48.34087241153173,100,16.014629125595093,9.917581414248044,17.563990113361424,0.11982393264770508,84.4717447193077
-0.027690088,27.262376070022583,2490000,111.41304488382157,248,25.880298852920532,7764.93141579628,-0.00633667,8.94509768486023,1.2559726238250732,48.46644311691469,100,16.10941767692566,-29.06370087527991,17.922655862136285,0.1252574920654297,84.75799868182276
0.01398894,26.785358428955078,2500000,110.33159664057388,249,25.43868851661682,7791.782663345337,0.027644336,8.884979724884033,1.227952241897583,49.16698106109898,100,15.743185997009277,44.004429357337386,10.211627324120714,0.11771488189697266,86.29178888187704
-0.050447755,27.87511706352234,2510000,110.76344369275337,250,26.529909372329712,7819.7251489162445,0.00034604492,9.194376945495605,1.223282814025879,47.66663704158905,100,16.49202799797058,-0.8909231887081364,16.677163316895477,0.12113642692565918,83.60516586831426
-0.08492656,26.898818492889404,2520000,104.87792688453173,251,25.4741153717041,7846.689113378525,-0.01977246,8.889872550964355,1.2745566368103027,48.699263460768464,100,15.773366212844849,9.97685794296177,13.606780863871919,0.14842820167541504,84.61164613788586
0.0073696715,28.0423743724823,2530000,114.75516981028662,252,26.602481603622437,7874.796200275421,0.0044158692,9.200793266296387,1.299694538116455,49.127811090771665,100,16.560741186141968,29.683580305838667,13.326798242438775,0.1394665241241455,85.38219333264306
-0.05111179,27.077125549316406,2540000,111.01358822705673,253,25.71910262107849,7901.957695484161,-0.008114673,8.98337197303772,1.2331178188323975,50.05559420460128,100,15.909389734268188,-1.2969967525260033,15.88979170240887,0.12349104881286621,86.92412612825916
-0.05638667,26.743138074874878,2550000,109.11667803765359,254,25.363274097442627,7928.78223156929,-0.013584912,8.850461721420288,1.2476723194122314,49.00089108675811,100,15.694011449813843,-0.17979832163163567,17.771494242395264,0.13112926483154297,85.45307789341197
-0.08003033,27.65579891204834,2560000,109.13358406483839,255,26.18629002571106,7956.504644870758,-0.031813502,9.09389328956604,1.2739391326904297,46.753202884925116,100,16.246742248535156,-24.495410900092686,18.705350505522002,0.1943519115447998,81.76235220723436
-0.021824341,26.966622591018677,2570000,115.07691287975075,256,25.205647945404053,7983.537081956863,-0.024515942,8.876189708709717,1.6355130672454834,48.49482157191423,100,15.511463642120361,31.496431193850082,13.768158815662083,0.12432479858398438,84.30136050008261
-0.054604493,26.632850408554077,2580000,120.68006900689701,257,25.150940418243408,8010.282856225967,-0.022948463,8.82907485961914,1.3368587493896484,48.64363300042711,100,15.518574714660645,11.46039819017353,16.2603996025716,0.14347434043884277,84.45859783937419
0.0064644776,27.688979148864746,2590000,104.71452522567338,258,26.292542695999146,8038.032489061356,0.018470837,9.148845195770264,1.2699592113494873,48.4965431289849,100,16.28524422645569,11.08904803458661,16.25142856434931,0.125701904296875,84.15568295441034
-0.06482075,27.174461841583252,2600000,111.07989774181938,259,25.817166328430176,8065.289750814438,0.0007234863,9.027165174484253,1.2349095344543457,47.75773352419475,100,15.955533981323242,6.4368258062384,15.312920937529332,0.12157249450683594,83.60285261861536
-0.07468325,27.2523410320282,2610000,111.2500377296365,260,25.803942918777466,8092.625916719437,0.00040947265,8.991443157196045,1.2993037700653076,50.10347838453358,100,16.004868507385254,18.309143081794186,11.033461798236894,0.14786386489868164,87.04707441425683
-0.02175005,27.463853359222412,2620000,113.82273738609327,261,26.09749150276184,8120.171982526779,0.011686078,9.030080080032349,1.2401883602142334,48.456330331185136,100,16.22719430923462,20.666322592009777,12.43794279756139,0.12542963027954102,85.11653072494535
-0.06547284,27.120102882385254,2630000,108.84515952552314,262,25.710675716400146,8147.358294248581,-0.030081896,9.00097370147705,1.2524032592773438,48.02398034323547,100,15.883002519607544,-0.1869383187121021,14.754480168699443,0.156233549118042,83.89568335807812
-0.09559243,27.158835411071777,2640000,108.2449045949139,263,25.75395178794861,8174.580746650696,-0.0012805787,8.96653938293457,1.2714340686798096,48.51030388364669,100,15.952830791473389,14.716934542643386,12.711032046834076,0.13257718086242676,84.60047791649677
0.005991846,27.25084400177002,2650000,112.89755632649432,264,25.875046491622925,8201.906740665436,-0.00037329103,9.019046783447266,1.2483782768249512,49.477252376521065,100,16.030276775360107,22.501625409551792,12.187589451380925,0.12667226791381836,86.42189868716
0.002697754,28.94712257385254,2660000,112.96881023645241,265,27.290127754211426,8230.940955877304,0.031594288,9.309866905212402,1.5084047317504883,47.736669715170166,100,17.086931467056274,-30.760235068133532,17.257773064498082,0.14765334129333496,83.28564002006046
-0.0012185059,31.92227530479431,2670000,104.53767892733076,266,30.339163064956665,8262.95062494278,0.042997506,10.187431573867798,1.4558942317962646,48.4001879578487,100,19.19234561920166,30.31795710038187,11.552086249271442,0.12575316429138184,84.9708986294533
-0.07799993,29.409416675567627,2680000,105.53152201571284,267,27.85434579849243,8292.431592226028,-0.009984253,9.459132194519043,1.4137318134307861,47.9524604033789,100,17.47599959373474,5.30916297487417,14.454744617061314,0.1394946575164795,84.01268460313264
0.0062269773,31.28899097442627,2690000,114.79731399847466,268,29.5730037689209,8323.78588628769,0.007774774,9.922812461853027,1.5764131546020508,47.18340033945158,100,18.700798511505127,16.05231813103015,12.798757803656402,0.13857221603393555,82.83902166462009
-0.061169505,29.631696224212646,2700000,107.84266904865879,269,28.074998378753662,8353.478829622269,-0.004089856,9.579278230667114,1.4212427139282227,46.76307456105767,100,17.59328866004944,-6.591012930794672,20.196418577815262,0.13406968116760254,81.63598109216494
-0.1207259,29.22930335998535,2710000,107.28284288865088,270,27.618977308273315,8382.774896144867,-0.0402102,9.399621725082397,1.4341483116149902,47.131603844257214,100,17.318598747253418,3.256578058552182,15.395588092017492,0.17542099952697754,82.49506289229905
-0.020962402,29.443380117416382,2720000,105.69871084691768,271,27.885462284088135,8412.283867120743,0.02155857,9.46217656135559,1.4173672199249268,34.365123250471036,100,17.532849550247192,-40.627798407873975,22.449265467598952,0.13965344429016113,62.241624381750846
-0.88329786,29.813015460968018,2730000,88.85670243188751,272,28.3271267414093,8442.176253080368,0.002802295,9.620068073272705,1.361055612564087,21.872326461350884,100,17.81173062324524,-53.38797644545398,26.147811112944886,0.12365365028381348,40.33542504052003
-0.5089996,27.10882544517517,2740000,113.39006907471305,273,25.69587731361389,8469.349027633667,-0.008083319,9.01564645767212,1.2803285121917725,35.98966534282007,100,15.874315023422241,15.443769619578617,16.83443486792638,0.13191986083984375,65.43909629356156
-0.05371638,25.933763027191162,2750000,105.92175913074631,274,24.59087634086609,8495.353991508484,0.01109834,8.690493106842041,1.2049121856689453,44.35785840759433,100,15.131417989730835,-3.638665198631088,21.733035733891874,0.13702917098999023,78.27819953876812
-0.10862195,25.295255184173584,2760000,107.6043257194281,275,24.033542156219482,8520.72163438797,-0.016155079,8.504907369613647,1.141784429550171,49.13216065275343,100,14.768343448638916,13.272386501842636,12.57116613951575,0.1191408634185791,85.23729402768582
-0.019653989,24.836774587631226,2770000,109.70928155756386,276,23.558153867721558,8545.623304843903,-0.024545038,8.362939357757568,1.1467978954315186,49.27876993042333,100,14.441174268722534,30.16095335036015,11.86234399262381,0.13025498390197754,85.8570584195041
-0.024838915,24.845826148986816,2780000,105.11684758685847,277,23.595260620117188,8570.530391693115,0.006063306,8.32548189163208,1.1334307193756104,48.27471685390623,100,14.520823955535889,21.384341709381193,14.050116113065487,0.11634969711303711,83.94003928550308
-0.034618814,25.011043548583984,2790000,114.46262603899014,278,23.740015268325806,8595.604864120483,0.015387573,8.407680988311768,1.1496050357818604,48.37617069169875,100,14.555327415466309,20.856259718090225,14.382018677481506,0.1207284927368164,84.50554751207645
-0.02524895,24.917373180389404,2800000,120.92733405930797,279,23.668782711029053,8620.594631910324,0.022508899,8.383625268936157,1.1096360683441162,47.66376916525915,100,14.511700630187988,-5.0468237560206965,18.629744957163005,0.13824057579040527,82.53273310522628
-0.03115249,24.926567792892456,2810000,104.18647197189318,280,23.699118852615356,8645.586084127426,0.011571497,8.387105226516724,1.1085751056671143,46.5143786134743,100,14.560721397399902,10.299291886997644,17.501215113719017,0.11817216873168945,81.78781926968126
-0.07207434,24.816839694976807,2820000,109.99422379277529,281,23.54944896697998,8670.46681690216,0.006834143,8.347335577011108,1.119002342224121,48.99886579085087,100,14.461930751800537,48.30787800927504,11.40422174264361,0.14771294593811035,85.66093664930514
-0.12076874,24.81891679763794,2830000,108.12280832665874,282,23.58318018913269,8695.348828792572,0.009408838,8.395072937011719,1.1091041564941406,47.83443105657099,100,14.441248893737793,-14.758228091463536,19.335408834168092,0.1259298324584961,83.6139038940297
-0.48543602,24.75121259689331,2840000,104.91987264156474,283,23.456818342208862,8720.168146371841,0.016771412,8.329368352890015,1.1463937759399414,47.864412006034826,100,14.386908769607544,1.8487538552362164,16.924969549309683,0.14719438552856445,83.37245540770496
-0.07225098,24.986234188079834,2850000,111.74421296319099,284,23.742933988571167,8745.220941066742,-0.022295533,8.382007122039795,1.114877700805664,48.96250590484206,100,14.605849504470825,34.215068335231656,11.88890549665201,0.12767839431762695,85.80286270649145
-0.02921831,24.888532161712646,2860000,107.96173082233993,285,23.277263879776,8770.170626163483,-0.011513196,8.302339315414429,1.4323890209197998,47.69517520445747,100,14.235033750534058,15.605348805642901,15.377543086727735,0.1773693561553955,83.51342932012395
-0.031255662,24.426169395446777,2870000,109.79096886764854,286,22.99707531929016,8794.656394958496,0.0051336912,8.233373165130615,1.3126957416534424,48.35764725267598,100,14.031770944595337,-5.5996695766852405,14.206726158468884,0.11566448211669922,84.7968854654053
-0.0295599,24.564591646194458,2880000,110.23878404548053,287,23.309637546539307,8819.3045129776,0.0077517396,8.290782690048218,1.119563341140747,47.452923409795716,100,14.287786722183228,2.302532626624016,17.627785749091107,0.13393640518188477,82.25392597822479
-0.004590869,24.992841005325317,2890000,106.43131188740527,288,23.727290868759155,8844.367033481598,0.004206006,8.370056390762329,1.1375505924224854,48.76760216676974,100,14.601183652877808,35.09899145274366,12.710043845999069,0.1272904872894287,84.85051765996766
-0.0014886963,25.223249912261963,2900000,115.3972869967072,289,23.9498507976532,8869.651751279831,0.004515454,8.475026369094849,1.1537506580352783,47.75229291732029,100,14.712311267852783,-14.139043451200681,17.311569170655567,0.11891984939575195,83.9786006015231
-0.07878698,24.878793716430664,2910000,112.52423790379201,290,23.637272357940674,8894.5962266922,0.0073380554,8.366185903549194,1.1160941123962402,48.39506575953365,100,14.498120784759521,-6.5288032658354345,16.859265243973727,0.1246335506439209,85.2926015569288
-0.013685107,24.86031746864319,2920000,105.40648394997798,291,23.630603790283203,8919.520571231842,-0.010526953,8.412569522857666,1.1090519428253174,48.18148794974851,100,14.474663972854614,24.585538384604153,15.502313277058812,0.12000465393066406,84.06761928608792
-0.044002343,24.716272592544556,2930000,113.6878363230808,292,23.487945795059204,8944.298871994019,0.0012616944,8.350510358810425,1.101109266281128,47.309584590567674,100,14.397722721099854,1.3085157848649618,18.689276196040666,0.12638497352600098,82.97501782590345
-0.04535892,24.893577575683594,2940000,107.02954311316385,293,23.642830848693848,8969.254580497742,0.007710985,8.409185647964478,1.1231772899627686,47.93649683450828,100,14.489028692245483,7.698961900066818,14.302693686463426,0.1268444061279297,83.55281379478694
-0.07606717,24.764264822006226,2950000,108.07536630371627,294,23.47103261947632,8994.080451250076,-0.023309045,8.350362777709961,1.1388599872589111,47.82020003806464,100,14.369571208953857,1.3148276227934543,14.901836900793239,0.15355324745178223,83.65901899743012
-0.02727871,24.660269021987915,2960000,108.93920077667083,295,23.245742321014404,9018.806482553482,0.00041743164,8.296842575073242,1.23183012008667,48.05878035066331,100,14.20172119140625,9.028473050452774,14.989046491353966,0.1813335418701172,84.66057397157391
-0.01968169,25.051167011260986,2970000,111.33481153891756,296,23.45435118675232,9043.923174381256,0.025799097,8.338589906692505,1.4430370330810547,48.00810317584706,100,14.379754066467285,10.539755514674429,16.654771316838996,0.15278911590576172,83.90297184522349
-0.01570961,24.812398672103882,2980000,117.5946169397225,297,22.981828927993774,9068.798764705658,0.01882513,8.244858026504517,1.7059526443481445,47.00978940923987,100,14.000960350036621,-28.270382656854,21.764382122181964,0.12391042709350586,82.10936635819111
-0.04743745,24.53629231452942,2990000,108.09424225099032,298,23.016513109207153,9093.411627531052,-0.007522461,8.288884162902832,1.3998606204986572,47.58580647907308,100,13.991562366485596,-5.723178643201506,19.641354846422995,0.11923885345458984,82.79387035136679
-0.03141865,24.67425298690796,3000000,107.09959722685984,299,23.334111213684082,9118.202286720276,0.02158413,8.337159156799316,1.2173793315887451,48.657629941129755,100,14.26466679573059,26.51237994056174,13.12915779802855,0.12074732780456543,85.95521211014265
