Time-Sampling,Time-Optimization,train-EnvExecTime,LossBefore,train-MinReturn,train-AverageReturn,train-PolicyExecTime,LossAfter,train-MaxReturn,Time-SampleProc,train-AverageDiscountedReturn,n_timesteps,train-StdReturn,Time,ItrTime,Itr,train-NumTrajs
27.177600383758545,3.0250589847564697,11.513988494873047,-1.4197015e-05,-207.1889806123998,-44.60181469022391,14.919431447982788,0.13760847,114.43735758518608,0.17784428596496582,-17.139736360857054,10000,80.15273760594935,30.381540298461914,30.381529569625854,0,100
27.281996250152588,1.7737958431243896,11.635178565979004,-1.4199243e-05,-225.25486488767433,-92.5076238220264,14.922974109649658,0.0029966284,119.43118309498202,0.26418018341064453,-44.08223815862965,20000,88.12400386665018,59.82068920135498,29.321906328201294,1,100
27.557339668273926,1.73687744140625,11.768661260604858,-1.4217691e-05,-253.9013323304619,-54.70966168085013,15.035391330718994,-0.0062152753,143.9251335546396,0.1276078224182129,-24.35141491139108,30000,99.03144231840832,89.31030535697937,29.42262363433838,2,100
26.44403338432312,1.5382325649261475,11.332228899002075,-1.4234171e-05,-249.8799962068194,-8.373066402633816,14.397604942321777,-0.0066885045,181.0017965569731,0.1405165195465088,4.478015862488065,40000,105.00328241079252,117.51826310157776,28.12355351448059,3,100
26.49538516998291,1.1258842945098877,11.323486566543579,-1.4212273e-05,-249.05196847589065,63.63515776171025,14.458853483200073,-0.009688981,201.08300358216317,0.11316990852355957,45.43633972301179,50000,93.8404151809237,145.33994054794312,27.73604154586792,4,100
26.601573705673218,1.0999314785003662,11.347822666168213,-1.4196848e-05,-202.81965295171818,122.89589376158023,14.53272271156311,-0.010157789,201.3559217027391,0.13263893127441406,78.56172711310006,60000,92.18405408239178,173.2762622833252,27.834834337234497,5,100
26.916080474853516,1.0890507698059082,11.538910627365112,-1.4181275e-05,-23.47549495596794,165.9496536310593,14.653611421585083,-0.008116394,206.7503433760207,0.11553168296813965,102.63413037698201,70000,43.906913749244765,201.46101474761963,28.1212956905365,6,100
27.012319803237915,1.1190884113311768,11.597482681274414,-1.4134527e-05,85.08407424584374,181.9760848894892,14.69128155708313,-0.0065880455,202.46864437426171,0.13219809532165527,111.06877057231837,80000,17.01844133000037,229.79056215286255,28.264497995376587,7,100
27.210127353668213,1.1112933158874512,11.697626829147339,-1.4107814e-05,149.82013582607144,186.2667398146512,14.787948369979858,-0.004509704,200.31142404137782,0.1352558135986328,113.34399444166597,90000,9.448281264062764,258.31395387649536,28.457942247390747,8,100
26.874488830566406,1.1935765743255615,11.615537643432617,-1.40898e-05,161.13644866128342,190.21292384916717,14.54592251777649,-0.004802269,204.1574840376672,0.20974159240722656,115.0362086419226,100000,8.215497026058683,286.65756726264954,28.27903723716736,9,100
27.20277237892151,1.1284921169281006,11.772576570510864,-1.4061058e-05,153.25020716922643,192.34880092601932,14.70474123954773,-0.0043333727,204.29778247015665,0.13992881774902344,115.82390768924947,110000,7.497023362608312,315.19092893600464,28.47212028503418,10,100
27.090373277664185,1.1590614318847656,11.729587078094482,-1.4022204e-05,165.92140887909142,193.61488684807816,14.643552541732788,-0.0061683822,203.70980932425329,0.1403508186340332,116.37410007265017,120000,7.443025828173472,343.6504957675934,28.39055824279785,11,100
27.2856342792511,1.1642951965332031,11.814461946487427,-1.39802705e-05,181.6629318157286,196.14850314968146,14.752056121826172,-0.002767002,202.95296355106106,0.1328437328338623,117.24764277101198,130000,4.33386664870722,372.3111002445221,28.58354091644287,12,100
27.141582250595093,1.1480052471160889,11.783116340637207,-1.3931827e-05,182.90371347689137,197.6760178761877,14.635613918304443,-0.00445561,203.91007687308257,0.12351512908935547,117.75130059180758,140000,4.147516216771281,400.80299615859985,28.414222717285156,13,100
27.15035581588745,1.1612327098846436,11.808203220367432,-1.3886532e-05,185.98336488097206,198.8523141687778,14.62637209892273,-0.003861618,204.59892903408743,0.12139511108398438,118.21161266610545,150000,3.4960445035685273,429.30568742752075,28.433841466903687,14,100
27.262418508529663,1.1284635066986084,11.83454942703247,-1.382594e-05,190.21581528564764,199.6190781633603,14.707046508789062,-0.0039849263,203.90414502028062,0.1517775058746338,118.47154359483649,160000,2.697407006479608,457.92386174201965,28.5434787273407,15,100
27.116737842559814,1.1584718227386475,11.890568494796753,-1.3774708e-05,174.89521113889654,199.94957646524483,14.516257286071777,-0.0043982016,205.1458264165106,0.12360787391662598,118.63054531620199,170000,3.612369833356451,486.39379501342773,28.39996576309204,16,100
27.44284152984619,1.196230411529541,11.922706365585327,-1.3722686e-05,194.79267829235815,200.96452725568528,14.7819504737854,-0.0027083457,205.26009439235483,0.16478180885314941,119.00562315052132,180000,1.7982415400178928,515.272397518158,28.805007457733154,17,100
27.404240608215332,1.139622449874878,12.028339862823486,-1.3655611e-05,185.8940392668039,200.52435834206221,14.659435749053955,-0.0033420036,204.6100125925835,0.13975286483764648,118.91745285393746,190000,2.515635875208263,544.0362544059753,28.684510469436646,18,100
27.550390481948853,1.1287798881530762,11.950048446655273,-1.3594753e-05,194.4966708661869,201.03757204724803,14.885640859603882,-0.0034111715,204.60982359668031,0.15163636207580566,119.1202970897681,200000,1.7121385975717238,572.9370653629303,28.831528186798096,19,100
27.390926361083984,1.1648874282836914,11.880938529968262,-1.3528264e-05,193.65661325066765,201.50051978363393,14.77624249458313,-0.008392994,204.70105864991592,0.12495064735412598,119.41990933047568,210000,1.7324281723053927,601.6901452541351,28.681683778762817,20,100
27.429771900177002,1.1400959491729736,11.967780113220215,-1.3464447e-05,193.00815261577011,201.86599128422375,14.744020462036133,-0.00824132,205.08139045103584,0.1216592788696289,119.53814721423339,220000,1.8673577108458987,630.4446284770966,28.69234561920166,21,100
27.397925853729248,1.1189208030700684,11.918246746063232,-1.3383717e-05,199.0646427156101,202.60197579221048,14.757605075836182,-0.010094239,206.77514494678644,0.11699771881103516,119.92206424931477,230000,1.5565236847831667,659.1489629745483,28.635101318359375,22,100
27.59524369239807,1.1322994232177734,11.997762680053711,-1.3295351e-05,195.15681738901873,203.34413673779378,14.859302997589111,-0.006624993,207.49315876072527,0.14064574241638184,120.24607494319521,240000,1.687500958598633,688.0857410430908,28.86906599998474,23,100
27.507810354232788,1.1051709651947021,11.899503707885742,-1.32545265e-05,191.9755148821505,203.44236560430244,14.894681215286255,-0.004137517,208.10178506776697,0.13431406021118164,120.24113571494996,250000,1.891026457804909,716.9006459712982,28.748471975326538,24,100
27.37231731414795,1.1097769737243652,11.923350095748901,-1.3171374e-05,195.63836083779898,203.99486465284215,14.728196620941162,-0.008577474,207.50072968659077,0.12309026718139648,120.61157640501058,260000,1.835469699481587,745.575630903244,28.60599970817566,25,100
27.33165192604065,1.1466786861419678,11.895131826400757,-1.3108628e-05,197.42398641647478,204.36363185408769,14.713167667388916,-0.0030598862,208.73451784541047,0.14953827857971191,120.73837202500188,270000,1.9507692946089805,774.2790393829346,28.629132509231567,26,100
27.372861623764038,1.138568639755249,11.868898153305054,-1.3047124e-05,198.57971100461754,205.73852151504926,14.788337230682373,0.0009063581,213.44827742324452,0.12280702590942383,121.24382826768955,280000,2.179598244397907,802.9806199073792,28.634976863861084,27,100
27.44384264945984,1.1372246742248535,11.936644315719604,-1.299269e-05,200.6562965460677,207.09227144450924,14.779428958892822,0.000272091,214.1090047884674,0.12850141525268555,121.783546488793,290000,2.8507518842602915,831.7635118961334,28.71157455444336,28,100
27.54306125640869,1.1140251159667969,11.955280303955078,-1.2946204e-05,199.680516809279,208.02655913077305,14.862416505813599,-0.006256951,221.0111613068268,0.12784743309020996,122.16572100254433,300000,3.684615057296093,860.6160409450531,28.78595805168152,29,100
27.491137266159058,1.1600112915039062,11.917133569717407,-1.2889186e-05,199.2974185267976,209.1114810760808,14.849366903305054,-0.0075218985,216.91433892938508,0.15113472938537598,122.66268201228488,310000,3.352567040004426,889.4880163669586,28.80305504798889,30,100
27.351334810256958,1.1370453834533691,11.870871543884277,-1.2858172e-05,203.29890689609852,210.57470284257022,14.76856017112732,0.004148231,221.07177247693272,0.13197636604309082,123.27673546529284,320000,3.9375685581740476,918.1892080307007,28.621119260787964,31,100
27.234962701797485,1.1525628566741943,11.767793416976929,-1.2809953e-05,195.32875607119502,210.13461103067218,14.750107765197754,-0.005038545,219.04966969788504,0.1345059871673584,123.07804219030697,330000,3.4954366612159835,946.7782835960388,28.522700309753418,32,100
27.335679292678833,1.1468157768249512,11.848089694976807,-1.2775378e-05,204.93033026511364,211.08804788172853,14.761005401611328,-0.00780393,220.56655079018438,0.12442302703857422,123.51890745748473,340000,3.7191405655070873,975.4570379257202,28.607845306396484,33,100
27.41870093345642,1.13468599319458,11.82970380783081,-1.2761809e-05,201.17784955644197,212.80217386609888,14.857857704162598,-0.0038981412,224.82740471560717,0.140000581741333,124.17959696704702,350000,4.1336527622505415,1004.220977306366,28.694129467010498,34,100
27.141587495803833,1.1247532367706299,11.72167420387268,-1.2722446e-05,187.81778016174877,212.81830627411588,14.707184314727783,-0.005845757,227.17857334555623,0.14792490005493164,124.19585648949992,360000,4.934842203935297,1032.7081472873688,28.415087699890137,35,100
27.326265811920166,1.1309771537780762,11.77986216545105,-1.2700357e-05,198.76605829946442,214.39407006959863,14.82916808128357,-0.0069324174,224.90846385710867,0.1264171600341797,124.82252312808255,370000,3.874503171790353,1061.3588240146637,28.58434772491455,36,100
27.185223817825317,1.1215605735778809,11.712136030197144,-1.26555815e-05,199.9485751419489,215.83696625458344,14.753027200698853,-0.0054960516,225.8944800121505,0.11345601081848145,125.32437752469163,380000,4.202245147940033,1089.844631433487,28.42099404335022,37,100
27.193891763687134,1.1424400806427002,11.790102481842041,-1.2624558e-05,206.62406881310073,215.85383958044898,14.682965755462646,-0.002737642,230.33222508707345,0.12448596954345703,125.28801292914878,390000,4.530675373840344,1118.377576828003,28.46161198616028,38,100
27.031293153762817,1.114351511001587,11.683665037155151,-1.2578071e-05,201.5234496263737,217.3544605583212,14.613648414611816,-0.00812995,228.4282283630608,0.13370680809020996,125.90176729224657,400000,4.336641513156772,1146.731576681137,28.280234336853027,39,100
27.263505220413208,1.1203036308288574,11.716299772262573,-1.2506085e-05,209.05898532010576,218.41077072049723,14.822071313858032,-0.004939624,228.55527563610923,0.14888405799865723,126.4319560957239,410000,3.882137610700531,1175.3323652744293,28.533432006835938,40,100
27.249647617340088,1.151573657989502,11.687051057815552,-1.2458912e-05,209.08803155295018,219.314999905457,14.834697961807251,-0.0048885974,234.13102899035607,0.13862156867980957,126.68837406675591,420000,4.464986837445772,1203.9359486103058,28.540550708770752,41,100
27.14626693725586,1.1440002918243408,11.6699538230896,-1.2428556e-05,42.94154556935439,217.0073255562972,14.75215768814087,-0.0053810757,235.5419751104314,0.12083315849304199,125.08271603505885,430000,21.095146601527016,1232.414568901062,28.411972045898438,42,100
27.81420922279358,1.1585826873779297,11.937523126602173,-1.23866475e-05,206.800754207858,219.44389760699315,15.135127544403076,-0.003760894,243.72044745235297,0.12632417678833008,126.70789635600973,440000,4.880349397105133,1261.5900855064392,29.101773977279663,43,100
27.21153235435486,1.1211462020874023,11.698244571685791,-1.2360729e-05,72.15692564245973,218.57716901444658,14.794878959655762,-0.0057570697,237.48392989195833,0.16107630729675293,125.88196677385564,450000,17.104656974008677,1290.1518561840057,28.494511127471924,44,100
27.18890070915222,1.1698551177978516,11.637784481048584,-1.2305144e-05,199.8367640038056,220.8082470420928,14.82665467262268,-0.004525406,234.5190392095539,0.12510919570922852,127.12816551431084,460000,4.970969904694255,1318.704773902893,28.484663009643555,45,100
27.200048685073853,1.1197493076324463,11.639031648635864,-1.2294124e-05,201.95692786986731,220.50498411660635,14.83210277557373,-0.0043729483,234.75622174698634,0.12938570976257324,126.94520471450802,470000,4.850033327456786,1347.232215166092,28.45046830177307,46,100
27.111955642700195,1.141167163848877,11.645406007766724,-1.2246178e-05,203.3230322123121,222.48591501862845,14.743884563446045,-0.0025257356,240.0216359670493,0.1197211742401123,127.62755263672048,480000,5.292888552517033,1375.6751792430878,28.373673677444458,47,100
26.979584455490112,1.1779580116271973,11.523609399795532,-1.221651e-05,197.3029147051426,221.9259111511591,14.726692914962769,-0.0032343473,239.0026056340451,0.14667201042175293,127.35162933315755,490000,5.811709879406119,1404.0393726825714,28.305005073547363,48,100
27.102202892303467,1.1153578758239746,11.586781024932861,-1.2158008e-05,208.15532786198142,224.32499697299517,14.798346042633057,-0.0032664253,246.06206335612106,0.1482698917388916,128.40138219514648,500000,6.659537344666906,1432.4848210811615,28.366602420806885,49,100
27.051530122756958,1.1391932964324951,11.513221979141235,-1.2159064e-05,205.45207012955882,226.9119847871923,14.812780141830444,0.00061335496,250.3774543748892,0.11394286155700684,129.14054506951925,510000,7.903240727252288,1460.8616321086884,28.30593752861023,50,100
26.98867630958557,1.1326334476470947,11.461156606674194,-1.209671e-05,204.82229327046355,228.556732039908,14.800686597824097,-0.000876061,252.44168591646536,0.15986871719360352,129.5016833494817,520000,9.191017438887913,1489.2144429683685,28.282020807266235,51,100
26.98063564300537,1.1372203826904297,11.488041400909424,-1.2083947e-05,162.5189612130499,227.87454639830136,14.767091989517212,-0.0050378316,250.11122294391146,0.12637639045715332,128.89202167360656,530000,12.947231554724278,1517.526631116867,28.245094060897827,52,100
26.935213804244995,1.1326887607574463,11.410769939422607,-1.2035013e-05,197.65166909374005,230.8485977699462,14.810330390930176,-0.005271078,248.80569250840176,0.12139081954956055,130.77225373826454,540000,8.89849054153403,1545.7843062877655,28.190125465393066,53,100
26.960890293121338,1.1142427921295166,11.390365600585938,-1.2014431e-05,196.9715695025315,236.36921331603412,14.847704410552979,-0.005044094,254.47303868960563,0.15132617950439453,132.68104046082814,550000,9.471208935815733,1574.0824632644653,28.227309226989746,54,100
26.797505855560303,1.1313245296478271,11.290238618850708,-1.198855e-05,179.22324515930237,238.33289223803888,14.796020746231079,-0.0052756886,257.57899023314735,0.12490487098693848,133.36549200681876,560000,14.308401453895481,1602.2114732265472,28.055301427841187,55,100
27.05521059036255,1.1804494857788086,11.425106287002563,-1.196039e-05,109.77331698170782,241.9242901311103,14.90904450416565,-0.0055260435,256.2757434349168,0.14129853248596191,135.2809935659675,570000,15.313002071258513,1630.6585133075714,28.377964735031128,56,100
26.926769495010376,1.1445190906524658,11.441830396652222,-1.1897866e-05,212.62879797767602,241.37968369998455,14.745854616165161,-0.007303428,256.37786200573197,0.11828327178955078,135.32514363590542,580000,9.104746394271807,1658.9167566299438,28.19184374809265,57,100
26.79783320426941,1.1523947715759277,11.390460729598999,-1.1892802e-05,167.43842221476189,240.66761614082992,14.691603183746338,-0.0044399514,261.6566906421488,0.13201308250427246,135.1261712266089,590000,13.062078192373228,1687.0721364021301,28.08303427696228,58,100
26.790488719940186,1.327822208404541,11.335557460784912,-1.1853078e-05,167.39564572413252,242.68751034398602,14.724673748016357,-0.005709005,260.21341139050037,0.1355743408203125,135.85339429482678,600000,14.228082821919157,1715.4004306793213,28.25459885597229,59,100
27.08599591255188,1.1261229515075684,11.511277198791504,-1.1825577e-05,224.14147016068958,246.03925240301763,14.853402853012085,-0.008796574,259.80540629292085,0.1237492561340332,137.40463070104025,610000,7.094231640816052,1743.8118135929108,28.3366277217865,60,100
26.79706835746765,1.1188175678253174,11.413055896759033,-1.1798366e-05,179.40477101800482,249.2211168063584,14.667277812957764,0.00428199,262.57829432636487,0.11205339431762695,138.27304340771482,620000,9.02947512034262,1771.9127941131592,28.02868366241455,61,100
26.93472695350647,1.1370890140533447,11.448434591293335,-1.1756931e-05,230.4249179727659,249.57849109446997,14.7671959400177,-0.00131278,259.0751367883758,0.12473607063293457,138.49829039695817,630000,5.275871363036871,1800.1763098239899,28.197269916534424,62,100
26.88241982460022,1.1365318298339844,11.472237586975098,-1.1739373e-05,223.7309178933122,249.40939786274106,14.690744638442993,0.0011091805,262.88651818980566,0.14598727226257324,138.54875577030592,640000,6.9047218082578565,1828.4074318408966,28.165722608566284,63,100
26.905645847320557,1.1002755165100098,11.493437051773071,-1.1717188e-05,230.51998381661343,252.8247682194131,14.69482946395874,-0.0012614592,264.5488886726367,0.12578439712524414,139.93729137364852,650000,6.0799367307377405,1856.6081671714783,28.132603406906128,64,100
27.36685013771057,1.1361892223358154,11.557081460952759,-1.1657587e-05,232.86340091500267,254.5265181866511,15.064021587371826,0.027338274,267.21109686013386,0.11718916893005371,141.02375899705538,660000,5.755502807974017,1885.298888683319,28.62113332748413,65,100
27.012789487838745,1.1591498851776123,11.443553924560547,-1.1579657e-05,194.79058494571794,253.71263122121903,14.840965509414673,0.00399434,270.64942493683924,0.14331483840942383,140.6653343077207,670000,9.890486446865173,1913.6782672405243,28.31610941886902,66,100
26.6981258392334,1.1312873363494873,11.315681219100952,-1.1562077e-05,139.7325550802344,254.15303150517724,14.660359621047974,-0.0013892542,268.27561230018495,0.13638091087341309,141.04894607610157,680000,17.44148952210084,1941.714772939682,27.96654486656189,67,100
26.858234643936157,1.126133680343628,11.364072322845459,-1.1523002e-05,182.941466962952,253.64255661173735,14.775974988937378,-0.0023320941,272.7481363980814,0.15180039405822754,140.45326554402845,690000,11.67435816852025,1969.9199907779694,28.137229919433594,68,100
26.846765279769897,1.1600842475891113,11.369404315948486,-1.1508416e-05,236.50374434283495,256.36527528313746,14.751930236816406,0.0015594929,273.122280995406,0.11591625213623047,141.8364754688895,700000,6.389688030515906,1998.1169877052307,28.123486280441284,69,100
26.758217573165894,1.1615891456604004,11.353074073791504,-1.1475725e-05,223.87717852039023,258.15219864246063,14.688981056213379,0.0015394611,272.19185827294183,0.22393083572387695,142.50957649367413,710000,8.007724510225934,2026.3375945091248,28.14588689804077,70,100
26.226876974105835,1.7767746448516846,11.216491460800171,-1.1426651e-05,176.15309528135992,260.1569460599552,14.297928094863892,-0.00027216104,270.54080152509744,0.15550732612609863,143.10598348534813,720000,10.904640488016,2054.5600402355194,28.159915447235107,71,100
26.309755325317383,1.4548146724700928,11.215594053268433,-1.1416929e-05,228.60997405527124,258.87787604424767,14.390195846557617,-0.003437552,269.90663291576766,0.14379286766052246,142.6877185112663,730000,6.515452337574819,2082.5298252105713,27.90916132926941,72,100
26.615474224090576,1.1237585544586182,11.351641654968262,-1.134795e-05,160.3425257442018,259.29201668264807,14.537711381912231,-0.0034065747,268.05160649766464,0.13321590423583984,142.93109828367875,740000,11.541089474485892,2110.534324169159,27.876251459121704,73,100
26.833332538604736,1.1373615264892578,11.410428285598755,-1.1341354e-05,169.2977588005702,260.0422959363676,14.710525035858154,-0.003962771,272.29160119929963,0.14728116989135742,143.2214429072568,750000,11.601922063819597,2138.7302782535553,28.118850708007812,74,100
26.895384311676025,1.1553244590759277,11.386953592300415,-1.1301514e-05,243.11730713703002,261.1126551847989,14.79662299156189,-0.0026978513,271.5887941186793,0.15339374542236328,143.83661509268003,760000,5.104059230208023,2167.0051035881042,28.204946279525757,75,100
26.659308671951294,1.112915277481079,11.332467317581177,-1.1260587e-05,243.66089820789867,262.6441462741353,14.617743730545044,-0.003628813,274.3968906560304,0.12441110610961914,144.59983929426733,770000,5.680688075559462,2194.973308801651,27.898630142211914,76,100
27.009171962738037,1.119755506515503,11.439744472503662,-1.1236615e-05,246.02548009208684,263.7696082996922,14.849114894866943,0.0013518936,273.38930730330526,0.1266469955444336,145.14244274210517,780000,5.460076929524525,2223.3024232387543,28.256548643112183,77,100
26.935554265975952,1.1368377208709717,11.398043155670166,-1.1161751e-05,156.65315492578557,260.1073356024599,14.812724828720093,0.0143387215,273.9971477251391,0.14028382301330566,143.57197360242898,790000,16.388182193924145,2251.592673778534,28.213305234909058,78,100
26.909326314926147,1.14530348777771,11.389823198318481,-1.1158032e-05,232.58253560969325,261.7243879208101,14.800404071807861,0.018143881,273.11122854980323,0.12583351135253906,143.93798744018093,800000,6.348850054841101,2279.842650413513,28.181174278259277,79,100
26.962603330612183,1.1542108058929443,11.426469087600708,-1.11202135e-05,223.78970325280193,260.2539483508435,14.821105480194092,0.0031647615,271.27705305200465,0.12090086936950684,142.99066684558937,810000,6.407280474335558,2308.1470670700073,28.238713026046753,80,100
26.916701078414917,1.157949447631836,11.436758756637573,-1.1082544e-05,239.21929361339724,258.93699555901867,14.757078409194946,0.008483219,269.6061249930674,0.1145029067993164,142.71226555689287,820000,5.280561639191566,2336.407948255539,28.190032720565796,81,100
26.858170986175537,1.1474106311798096,11.374926328659058,-1.1047146e-05,238.02175619350407,258.054285581185,14.752333879470825,0.001498332,268.2220944882065,0.12491750717163086,142.5452428559962,830000,5.767657810249611,2364.6028962135315,28.131418704986572,82,100
26.767698526382446,1.1355421543121338,11.362624883651733,-1.1018554e-05,236.48163208932547,258.8593594564504,14.6881844997406,0.0051682433,270.42822179962747,0.12061834335327148,142.8275811557727,840000,6.499058147808199,2392.7065093517303,28.024627447128296,83,100
26.811599731445312,1.113814353942871,11.2815523147583,-1.1001629e-05,237.5545020999309,259.16577120048345,14.802905797958374,0.003091208,277.93470993340645,0.12413454055786133,143.11598276882668,850000,6.3266295976091085,2420.8262555599213,28.05030584335327,84,100
26.654553651809692,1.1543495655059814,11.260777711868286,-1.09694865e-05,139.50469470093194,256.6459063213081,14.683220386505127,0.007813287,272.74903617178256,0.13976836204528809,141.53172835396006,860000,18.939234631044876,2448.8427505493164,27.949336767196655,85,100
26.772932052612305,1.164841651916504,11.25669264793396,-1.0942377e-05,156.87598198435725,254.65670165397023,14.785759210586548,0.011937275,274.417832002172,0.14774870872497559,140.82336242464078,870000,22.63811854652528,2477.0016617774963,28.087059497833252,86,100
26.795193672180176,1.1342332363128662,11.34433388710022,-1.0951186e-05,246.81065373021843,263.11994660014403,14.729860544204712,0.0052001574,273.75535501050945,0.14182090759277344,144.69818278450896,880000,5.337991145970011,2505.1404407024384,28.07204580307007,87,100
26.82832145690918,1.1288576126098633,11.32335615158081,-1.0926428e-05,238.1417407199693,263.6733180815934,14.781603813171387,-0.0011553187,274.1229188028862,0.12088775634765625,144.91723292019492,890000,5.636749023341454,2533.2920441627502,28.07915472984314,88,100
26.887704610824585,1.118955135345459,11.38760495185852,-1.0906361e-05,227.04549085594712,265.52685728217426,14.77230191230774,-0.002633451,273.88817658537545,0.1391315460205078,145.74520709426034,900000,5.479896048664875,2561.5099363327026,28.14651107788086,89,100
26.816097736358643,1.172386884689331,11.38362169265747,-1.086328e-05,230.1552495185367,264.712199196397,14.723554372787476,-0.0023527408,272.29045634849535,0.15658235549926758,145.58140190120952,910000,5.909448689169467,2589.7282893657684,28.145792961120605,90,100
26.498818397521973,1.1111376285552979,11.27180814743042,-1.0845526e-05,158.19196824934383,265.4801080560784,14.511587619781494,-0.0032067345,276.06241971522877,0.15065431594848633,145.7946959810277,920000,11.836226301022375,2617.576994895935,27.761394739151,91,100
26.659356117248535,1.1631507873535156,11.31570816040039,-1.0824629e-05,250.0107858261781,266.2524132133214,14.623762130737305,-0.004015723,274.4857663547595,0.12309694290161133,146.05733620841667,930000,4.7108842788486704,2645.595277070999,27.946452856063843,92,100
26.81280779838562,1.138237476348877,11.311750650405884,-1.0789939e-05,147.44194157985945,263.11072186252574,14.78318977355957,-0.003751572,274.692362764894,0.12827777862548828,145.08239732747015,940000,19.815453334139004,2673.748263835907,28.080182552337646,93,100
26.74799871444702,1.1237292289733887,11.226682901382446,-1.0797347e-05,224.9590151258701,265.7080724471552,14.78200364112854,-0.0026732462,275.2570469256991,0.11885571479797363,146.28473547195006,950000,6.5206353311641445,2701.8098397254944,27.99143648147583,94,100
26.788542985916138,1.1444215774536133,11.361628293991089,-1.0761586e-05,245.15582908473942,266.0380875397851,14.697394847869873,-0.0038059081,273.56360025783965,0.11366868019104004,146.42025177003742,960000,4.895331264625575,2729.9304254055023,28.047551155090332,95,100
26.860039472579956,1.1026856899261475,11.316416025161743,-1.0715534e-05,146.33065233629205,265.14955566354564,14.829334259033203,-0.0033106732,277.4037967681692,0.14099860191345215,146.09971705998558,970000,17.597971436785983,2758.10769033432,28.10505223274231,96,100
26.79504156112671,1.1439597606658936,11.269404172897339,-1.0702065e-05,219.16353310564105,267.3412052891514,14.809420347213745,-0.004828478,276.2483181444593,0.13025951385498047,147.01144234231873,980000,6.387063383377925,2786.2437307834625,28.06999683380127,97,100
26.870989561080933,1.1191561222076416,11.346671104431152,-1.0658641e-05,158.68837142154595,266.3002219925088,14.792956829071045,-0.0021357918,276.44731002844696,0.13105106353759766,146.4268669981817,990000,15.845533688324865,2814.4281487464905,28.121979236602783,98,100
26.83141040802002,1.1330831050872803,11.227228879928589,-1.0636047e-05,146.89988212865762,266.3647581274349,14.87486457824707,-0.0012619854,275.7042351332872,0.11784243583679199,146.58331438220873,1000000,13.143190937568521,2842.574951648712,28.083193063735962,99,100
26.867239475250244,1.1285607814788818,11.315917253494263,-1.0623895e-05,257.4274648380747,268.3015340892653,14.831650972366333,-0.0023150588,274.99939408198884,0.12440919876098633,147.4381189360447,1010000,3.5014972554256047,2870.7658030986786,28.120906114578247,100,100
26.861237049102783,1.104689598083496,11.30155611038208,-1.0593125e-05,148.12813071459422,266.7234248931471,14.841030359268188,-0.004546217,274.85755993548264,0.14840245246887207,146.78168394275016,1020000,12.685295291713928,2898.94873046875,28.11556363105774,101,100
26.787718296051025,1.1141514778137207,11.331986427307129,-1.0558399e-05,252.98590931358257,267.7379514300148,14.731588125228882,-0.002689252,275.7052077424753,0.1232767105102539,147.2439064380103,1030000,4.905083122710128,2927.044924020767,28.025834321975708,102,100
26.95152473449707,1.1642024517059326,11.298720121383667,-1.0567054e-05,137.88290800837913,266.6828809901823,14.928764820098877,-0.0022864603,276.2353082064011,0.13165283203125,147.11135458244843,1040000,13.957489873231978,2955.359209537506,28.248188257217407,103,100
26.906031131744385,1.1297454833984375,11.407132148742676,-1.0517183e-05,251.9526939088178,269.1881781781908,14.771931171417236,-0.0024148205,277.79228696550155,0.13562369346618652,147.95602388168626,1050000,4.633529932712103,2983.59863114357,28.172919034957886,104,100
26.805264234542847,1.119631052017212,11.323160409927368,-1.0487031e-05,157.7612446974245,267.3235057684711,14.761338233947754,0.00077354227,277.26689205044505,0.1352090835571289,146.95173846908975,1060000,12.061506112634095,3011.729929447174,28.060792446136475,105,100
26.799642086029053,1.158966064453125,11.316912412643433,-1.0446704e-05,137.4738719130791,266.5225004501002,14.764208555221558,-0.00045538484,275.092965150933,0.15051770210266113,146.74014473272916,1070000,16.73797145386634,3039.909181833267,28.10990858078003,106,100
27.422635078430176,1.086456298828125,11.68992280960083,-1.0433967e-05,231.64296210545635,266.59918043576096,14.986077070236206,-0.0050099175,274.42419122698936,0.12395024299621582,146.51326033077697,1080000,5.430302453866816,3068.6106340885162,28.63371443748474,107,100
27.038219213485718,1.1268823146820068,11.432012796401978,-1.0393823e-05,257.0828797797746,267.90425584086285,14.880271911621094,-0.004880919,275.1362929894062,0.11905980110168457,147.0655269283036,1090000,3.467872672476697,3096.956098794937,28.284990072250366,108,100
26.909404277801514,1.1374037265777588,11.418720006942749,-1.0358048e-05,244.98332230170664,267.64553908207193,14.766670227050781,-0.005234882,273.4160812431064,0.12764596939086914,146.94162080566642,1100000,4.722841727166034,3125.1980974674225,28.175140857696533,109,100
26.725181341171265,1.1408498287200928,11.234659910202026,-1.0308912e-05,248.88443719018926,267.779967629612,14.77019190788269,-0.0022412424,276.0857777345771,0.12786269187927246,147.16706707912581,1110000,4.400736298217891,3153.2613644599915,27.99474573135376,110,100
26.964112997055054,1.1250381469726562,11.3591148853302,-1.0274745e-05,251.46085137818048,267.6853137701386,14.870546579360962,-0.003088367,273.89227099539403,0.1504058837890625,147.26689026357943,1120000,3.9205386278583862,3181.569128036499,28.240601301193237,111,100
26.92211103439331,1.1263134479522705,11.393890380859375,-1.0235818e-05,247.29719230050966,269.03648228268355,14.799232482910156,0.0019922194,275.102490650579,0.1282651424407959,148.0069770774774,1130000,4.045021203450391,3209.809764146805,28.17732858657837,112,100
26.787134647369385,1.1457507610321045,11.274974822998047,-1.0209843e-05,249.37495548997913,268.49587403419764,14.778501987457275,-0.004577143,278.22498937999916,0.1445314884185791,147.8364266374405,1140000,4.138394695893077,3237.95747923851,28.07805323600769,113,100
26.88715386390686,1.1350765228271484,11.313388586044312,-1.0185693e-05,250.41266756683308,269.32119212624633,14.857497215270996,-0.002637004,277.7838862140076,0.14061522483825684,148.08979625140586,1150000,4.109193726420706,3266.189574956894,28.163692474365234,114,100
26.720886945724487,1.134007453918457,11.305533647537231,-1.0162266e-05,155.71550192064467,268.6620122588143,14.70021104812622,-0.003965594,277.87444652425233,0.11401653289794922,147.9100688979431,1160000,11.904542999700768,3294.231262922287,27.96966004371643,115,100
26.80939030647278,1.1288037300109863,11.305960655212402,-1.0131116e-05,147.1011029117768,266.1341122105646,14.768850088119507,0.0019367097,275.78140795872093,0.12524771690368652,146.70924319997016,1170000,20.083537619710707,3322.369916200638,28.065096855163574,116,100
26.874808311462402,1.101261854171753,11.323676109313965,-1.0122531e-05,147.83020049712542,268.1747770890428,14.833250522613525,-0.0019482824,277.3382738273924,0.13431739807128906,147.47438861317093,1180000,12.843482104723126,3350.542658805847,28.11108946800232,117,100
26.84267282485962,1.2156429290771484,11.300717115402222,-1.0098797e-05,256.89262231484344,268.7035545262796,14.808072805404663,-0.00020395829,275.9233665869718,0.1307535171508789,147.6092604742933,1190000,3.3047488420191278,3378.7995114326477,28.190294981002808,118,100
26.573397874832153,1.3799021244049072,11.198195219039917,-1.0052658e-05,258.68506637053997,270.2944347393401,14.657606601715088,-0.00440477,276.4745298788039,0.12554049491882324,148.69136944758128,1200000,3.3052035244490128,3406.9896745681763,28.080934286117554,119,100
26.593085289001465,1.5285136699676514,11.256125450134277,-1.0031244e-05,256.7664337388754,269.2651397350067,14.619831800460815,-0.0020899284,277.8764457595841,0.16004180908203125,148.27407662970904,1210000,3.9326191672095083,3435.3783950805664,28.282444953918457,120,100
26.29768991470337,1.6473095417022705,11.12018632888794,-9.975188e-06,245.2726350890175,267.33898137236395,14.46190357208252,-0.004204539,277.6109647925402,0.15062475204467773,147.63760044443777,1220000,5.692838603144062,3463.5683238506317,28.097883701324463,121,100
26.24917197227478,1.6919090747833252,11.105001449584961,-9.941134e-06,136.8294909296316,265.3223108111554,14.432396411895752,2.3004875e-05,278.3196554750192,0.2036759853363037,146.67533124851468,1230000,19.278802977643736,3491.8403265476227,28.146409511566162,122,100
26.482152938842773,1.3244609832763672,11.246799945831299,-9.905282e-06,145.79785152235712,268.3606416085964,14.51340103149414,-0.0025461456,277.15577972977724,0.2247467041015625,147.69657088084926,1240000,12.894929375588127,3519.938564300537,28.033189296722412,123,100
26.345057487487793,1.3460557460784912,11.185178279876709,-9.883119e-06,164.1622769841,267.8435562441404,14.454399585723877,-0.0028101285,275.2399086567136,0.20151901245117188,147.47609826854,1250000,11.791748785551377,3547.899692296982,27.8937406539917,124,100
26.73454236984253,1.123762607574463,11.242386102676392,-9.872064e-06,254.66462598429993,268.8390820939712,14.751537322998047,-0.0024180722,275.88774239037735,0.13701272010803223,147.79651282812648,1260000,3.710077984329211,3575.972006559372,27.996002435684204,125,100
26.529372453689575,1.15958833694458,11.221055746078491,-9.834768e-06,253.78200379334874,269.10653669730334,14.596979856491089,-0.0057894015,276.9083979999133,0.13049793243408203,148.00246557683855,1270000,3.8565393495909097,3603.85906124115,27.82093906402588,126,100
26.741286277770996,1.1093063354492188,11.364434242248535,-9.783662e-06,257.1603752309718,269.55821830625126,14.656820297241211,-0.002501165,275.8705301131863,0.11608099937438965,148.19758433311236,1280000,3.0234636830275767,3631.8977851867676,27.96743607521057,127,100
26.74337649345398,1.1365039348602295,11.309484958648682,-9.755805e-06,261.3984680099134,269.88739623633836,14.711358785629272,-0.0017799534,277.3650267034769,0.12909674644470215,148.30634615839062,1290000,3.0751821223838283,3659.97243475914,28.009878635406494,128,100
27.015568017959595,1.1920273303985596,11.297252416610718,-9.718707e-06,257.4467907234486,271.3477843751883,15.001172065734863,-0.0027366513,278.8332428825989,0.15115571022033691,149.02587598205125,1300000,3.4233613946304393,3688.410179376602,28.359613180160522,129,100
26.779090881347656,1.1808643341064453,11.356059312820435,-9.674734e-06,249.47085625691548,270.291175855877,14.711048603057861,-0.00221504,275.8573767744541,0.11917829513549805,148.52014481232032,1310000,4.195224699714343,3716.5593497753143,28.07990288734436,130,100
26.688449382781982,1.0969080924987793,11.235933303833008,-9.639935e-06,237.04259272676438,271.20299386116443,14.735549688339233,-0.004076627,278.940531134898,0.14884090423583984,149.09668148671597,1320000,5.1621906375188304,3744.5631482601166,27.935132265090942,131,100
26.62224555015564,1.1233694553375244,11.162943363189697,-9.60705e-06,140.48512124154604,269.8494350561957,14.73831057548523,-0.0041629057,276.9768731125937,0.13338375091552734,148.63871394136405,1330000,13.456160276823143,3772.5180175304413,27.879829168319702,132,100
26.82933735847473,1.151688814163208,11.354621887207031,-9.588534e-06,258.66434703433475,271.2598307324958,14.760000705718994,-0.001921041,279.1131677205552,0.12905359268188477,149.02296895128603,1340000,3.6264228110889243,3800.702784538269,28.11085057258606,133,100
26.760069131851196,1.1253647804260254,11.308343410491943,-9.562852e-06,257.61922071944576,271.6145873367975,14.733381986618042,0.0036050293,277.4559618365932,0.12529206275939941,149.13673616693984,1350000,3.5756438429093556,3828.7847352027893,28.011934518814087,134,100
26.606348514556885,1.1208477020263672,11.195571660995483,-9.539883e-06,161.34657203153,270.6769306611644,14.688641548156738,-0.0029232062,277.44200908695007,0.1386737823486328,148.95068195043632,1360000,11.448520263352743,3856.7254827022552,27.866719484329224,135,100
26.675130367279053,1.137650489807129,11.236408233642578,-9.521057e-06,260.187806019284,271.3989724188296,14.722001552581787,-0.0034550217,278.78028110559234,0.12440299987792969,149.45489875278253,1370000,3.883635042153438,3884.7368354797363,27.937947511672974,136,100
26.701489210128784,1.1258349418640137,11.235649108886719,-9.48259e-06,257.73457317438493,271.7330277117094,14.732119798660278,-0.00042146174,277.6526896511481,0.13564634323120117,149.61654466415288,1380000,3.970301302512845,3912.770639896393,27.964067935943604,137,100
26.810894012451172,1.1260743141174316,11.202107429504395,-9.442386e-06,142.54835835267883,271.2306715391493,14.892096996307373,-0.00085927476,280.095874107839,0.12275075912475586,149.40262302984402,1390000,13.912693610044496,3940.900850057602,28.060537099838257,138,100
26.43291401863098,1.1909315586090088,11.177642583847046,-9.404466e-06,137.1584247344692,264.9833933530635,14.538929224014282,-0.00535971,280.15685859811157,0.18216705322265625,146.89039971661518,1400000,30.392951407084382,3968.783310651779,27.807544708251953,139,100
26.624557971954346,1.337456464767456,11.238636493682861,-9.391055e-06,161.57479657615,270.02526674228807,14.661054372787476,-0.0036326386,280.17001249546786,0.22739768028259277,148.81356247088704,1410000,14.618504746173645,3997.0423789024353,28.19403100013733,140,100
25.992291927337646,1.7167606353759766,11.031579494476318,-9.369028e-06,231.37468677250854,272.6644117014943,14.246785879135132,-0.0035393073,279.3517619814619,0.1924278736114502,149.88189955767132,1420000,5.091931993690763,4025.0098176002502,27.90377712249756,141,100
26.072396755218506,1.5547935962677002,11.055727243423462,-9.326994e-06,265.4164435578629,273.3328858900492,14.305360317230225,0.004015339,280.2045587821107,0.1419515609741211,150.1862640642231,1430000,3.2410241325310696,4052.8474571704865,27.770145416259766,142,100
26.28212022781372,1.1302392482757568,11.16388988494873,-9.288601e-06,254.2122016047964,273.0923751582931,14.404038667678833,0.0011152986,279.4738705306184,0.12695527076721191,150.01535593467196,1440000,3.6457743093966757,4080.4683470726013,27.540687322616577,143,100
26.54831576347351,1.1724228858947754,11.24244475364685,-9.2558785e-06,260.3064218484239,273.34713591640383,14.581009864807129,0.0065473397,279.06947389628345,0.12592101097106934,149.90291315411284,1450000,3.3702913117440016,4108.382843971252,27.847699880599976,144,100
26.653660774230957,1.1413452625274658,11.198084831237793,-9.216236e-06,260.01097811886325,272.8989266278041,14.74332594871521,0.00554719,278.72062492772625,0.11843395233154297,149.64240055272407,1460000,3.3026514113907206,4136.369322299957,27.914377212524414,145,100
26.642335176467896,1.1460511684417725,11.200080871582031,-9.1758475e-06,150.1445061842113,272.45962724892485,14.721185684204102,0.0022675162,281.2555078882566,0.12149333953857422,149.90512110458758,1470000,12.791697767475736,4164.341294527054,27.910725116729736,146,100
26.666277408599854,1.1601672172546387,11.22163200378418,-9.1379225e-06,260.90426440574333,272.9592014037052,14.722555160522461,0.008229499,281.60978481078183,0.1258845329284668,150.26352457869118,1480000,3.9885883375152833,4192.364798069,27.953924655914307,147,100
26.76187753677368,1.1415011882781982,11.252177000045776,-9.109177e-06,252.85880335470986,273.5488682736389,14.792354345321655,-0.0022154453,279.947431742193,0.13756966590881348,150.1799578732327,1490000,3.376036475277632,4220.482622861862,28.04179573059082,148,100
26.86573886871338,1.1236450672149658,11.345585823059082,-9.0731855e-06,266.8321298473146,274.332953905873,14.79020881652832,-0.00039688978,280.52405123115983,0.14403057098388672,150.60874759179057,1500000,2.641362684596978,4248.679669380188,28.134170293807983,149,100
26.78508472442627,1.153224229812622,11.219050168991089,-9.020499e-06,256.7510016904587,272.89612881948074,14.82430386543274,-0.002805358,279.5334743429028,0.1633315086364746,149.88160315684092,1510000,3.5745269478273713,4276.847966194153,28.10255479812622,150,100
26.72544503211975,1.118248462677002,11.209210872650146,-8.96448e-06,149.67627089888362,272.565120387226,14.78035306930542,-0.003899311,281.69713463328947,0.1302344799041748,150.10236136428253,1520000,13.02985256847992,4304.892776966095,27.974681854248047,151,100
26.876625537872314,1.145324468612671,11.267711639404297,-8.927839e-06,261.33540058381703,274.10419958915844,14.874857664108276,-0.0021272406,281.0153305570748,0.10969138145446777,150.80909913166835,1530000,4.1421461116971345,4333.089968681335,28.132384538650513,152,100
26.71738910675049,1.1317121982574463,11.255961894989014,-8.879776e-06,164.13989655191978,273.8585278687046,14.740811109542847,-0.003869264,281.55903547909054,0.14392948150634766,150.73391914430056,1540000,11.51475894046441,4361.157792806625,27.99380111694336,153,100
26.756289958953857,1.1137044429779053,11.228736639022827,-8.83311e-06,254.46852751346037,273.58399271487235,14.810834407806396,-0.0028701664,284.134423446147,0.12704062461853027,150.57614290191808,1550000,4.7938662567251,4389.222343206406,27.99771809577942,154,100
26.792051792144775,1.150892734527588,11.255754709243774,-8.786612e-06,257.5864379170982,274.50703487054693,14.801846504211426,-0.0008704835,281.22018496747836,0.13448357582092285,151.01026384486727,1560000,4.102178971927901,4417.375829458237,28.078423500061035,155,100
26.717702627182007,1.1465115547180176,11.168869256973267,-8.751015e-06,143.98771368309852,271.0117984534672,14.819335699081421,0.0023950674,283.25511348017596,0.12675833702087402,149.83953192862074,1570000,21.92302720921085,4445.440069913864,27.99190902709961,156,100
26.647332191467285,1.1118783950805664,11.225284099578857,-8.716674e-06,133.41814974648094,268.0781643069855,14.706316947937012,0.0012136815,283.28338004863025,0.11739873886108398,148.69243814266432,1580000,29.74436005643085,4473.384044885635,27.87841558456421,157,100
26.8734393119812,1.149306058883667,11.390024900436401,-8.675623e-06,256.49788331228126,274.4603756465278,14.76162576675415,-0.0015119713,281.8765705223819,0.14205265045166016,150.74254878697022,1590000,3.826203023487811,4501.6211178302765,28.16541337966919,158,100
26.845361471176147,1.1272728443145752,11.349848747253418,-8.644897e-06,149.326105899289,273.0263542106076,14.770612955093384,-0.0019108119,281.23083937405136,0.16502952575683594,150.32236639538928,1600000,18.035639190862582,4529.829021215439,28.138274669647217,159,100
26.700597763061523,1.1912219524383545,11.303682088851929,-8.669601e-06,152.31060248165733,272.9865782482977,14.67445707321167,-0.003402631,280.05796591975235,0.13147521018981934,150.02355065747298,1610000,12.747448682329262,4557.9207928180695,28.02414083480835,160,100
26.79955267906189,1.1437387466430664,11.373923301696777,-8.605067e-06,238.13307489826659,274.09410547551414,14.709398984909058,-0.0031921773,280.68313628217476,0.1269512176513672,150.4285136623492,1620000,4.661228008104512,4586.061141014099,28.071574449539185,161,100
26.766707181930542,1.1360132694244385,11.29749608039856,-8.584705e-06,262.5829259974924,273.7355602220487,14.755675792694092,-0.002300407,280.3657179190726,0.1137702465057373,150.4587070550231,1630000,3.4752836211082303,4614.148642778397,28.017175912857056,162,100
26.71518611907959,1.1148502826690674,11.216714859008789,-8.56122e-06,262.0391089311755,274.9301872942819,14.773802042007446,-0.0029136103,281.0999325328613,0.1638340950012207,151.18716444752354,1640000,3.1397818037050422,4642.208371639252,27.994478464126587,163,100
26.843385934829712,1.1360502243041992,11.312342882156372,-8.535147e-06,259.73820975103547,274.8210885630662,14.801162719726562,-0.003291381,279.914031376839,0.12077546119689941,151.1829225352148,1650000,3.3971590850132944,4670.374135494232,28.101285934448242,164,100
26.79071593284607,1.149120807647705,11.274657249450684,-8.493778e-06,263.9566320032364,276.09534080721323,14.79123044013977,-0.004184429,282.2415268032004,0.12431168556213379,151.8838163745191,1660000,3.0812924122923024,4698.505979061127,28.06485605239868,165,100
26.7068612575531,1.1254336833953857,11.231445789337158,-8.4152525e-06,230.65232904296354,275.4025000739146,14.760261058807373,0.0042009205,283.70456981932176,0.1370527744293213,151.51965734312247,1670000,7.852429117991191,4726.549822092056,27.970085382461548,166,100
26.656705617904663,1.1334099769592285,11.223390340805054,-8.381522e-06,137.22360040690046,272.6015572109188,14.710978984832764,-0.0025054833,282.04471777715025,0.12438321113586426,150.2122631309539,1680000,16.069232319967952,4754.532348394394,27.91523790359497,167,100
26.677358865737915,1.1266682147979736,11.215921640396118,-8.343899e-06,253.56216452775777,276.70125156901236,14.744080066680908,-0.0012704107,283.33584223035274,0.12286949157714844,152.3494787034752,1690000,3.949432381873053,4782.522602319717,27.92773151397705,168,100
26.522083282470703,1.1211161613464355,11.08660101890564,-8.307926e-06,262.93585992097127,276.52281141587207,14.716665506362915,-0.0029303762,283.34239373979227,0.1411302089691162,152.52788656425352,1700000,3.8598137494100935,4810.3770270347595,27.785159587860107,169,100
26.79872488975525,1.1042699813842773,11.195358037948608,-8.26797e-06,131.40139210936726,272.790634442529,14.877324104309082,-0.0030465862,282.43113932528297,0.12484383583068848,150.96192846078634,1710000,21.94618311044101,4838.475548505783,28.029499053955078,170,100
26.70971393585205,1.1262869834899902,11.193110942840576,-8.254189e-06,258.85843968035124,276.0702449977314,14.79267930984497,-0.0039776415,282.0374226748941,0.143341064453125,151.94767900750293,1720000,4.170749709902022,4866.525398492813,27.980019092559814,171,100
27.281220197677612,1.1227896213531494,11.420042991638184,-8.220855e-06,236.0261381229533,276.79414694984183,15.12109088897705,-0.0016308562,284.82401284046995,0.14569878578186035,152.50778706728727,1730000,5.214068058873205,4895.141444683075,28.551172971725464,172,100
26.629644870758057,1.1379973888397217,11.188945055007935,-8.199944e-06,122.47836590517393,276.1518044566925,14.723645687103271,-0.0019822952,282.9747449651618,0.12192988395690918,152.1133208172811,1740000,15.642682241276642,4923.102132797241,27.890265703201294,173,100
27.435715913772583,1.1415064334869385,11.39932131767273,-8.180372e-06,268.2393297567108,277.488714549833,15.295361518859863,-0.001835526,283.0697881414926,0.12725615501403809,152.3711595988646,1750000,2.7063503700386895,4951.875070333481,28.705223321914673,174,100
26.62435483932495,1.11690354347229,11.187450885772705,-8.133714e-06,259.58538340005373,276.8136889771258,14.717253923416138,-0.0034255325,283.88881763674055,0.12439823150634766,152.1471797464227,1760000,3.2306799666963384,4979.805606603622,27.86633038520813,175,100
26.798359632492065,1.1434352397918701,11.27831506729126,-8.103369e-06,268.58411516854983,277.7892367109337,14.787485837936401,-0.004135812,284.42693759379154,0.12463593482971191,152.8303113181739,1770000,3.2779227013696084,5007.937767505646,28.0676531791687,176,100
26.590611219406128,1.1333670616149902,11.115906238555908,-8.034933e-06,266.5091854660357,277.2992525992588,14.755839109420776,0.008781115,285.01532554865304,0.13344383239746094,152.54560323486285,1780000,3.539938612897137,5035.870265722275,27.85820436477661,177,100
26.761433601379395,1.1131744384765625,11.236084222793579,-8.008585e-06,154.18434520900743,275.78996239099763,14.798514127731323,0.007758052,282.8466564886101,0.11600255966186523,152.1097470851913,1790000,13.295264391034937,5063.932032585144,27.991353511810303,178,100
26.803324699401855,1.1354997158050537,11.269126415252686,-7.98669e-06,262.21155464877495,276.8716894976211,14.810692071914673,0.008593076,283.77148209229756,0.12480306625366211,152.15624057164544,1800000,3.275637147535865,5092.061620235443,28.064323663711548,179,100
26.62395167350769,1.1227459907531738,11.161422491073608,-7.950889e-06,262.3830009049833,276.68890986081465,14.729228496551514,0.0054277373,282.9989451890866,0.1123208999633789,152.69864973184235,1810000,4.035331231382784,5119.989132165909,27.85981822013855,180,100
26.55135488510132,1.1528112888336182,11.137007474899292,-7.92213e-06,130.60269004595807,268.42098331000335,14.69086742401123,0.0032559745,284.60834121235246,0.12155508995056152,149.45560304159247,1820000,30.094096867207558,5147.880050897598,27.8264582157135,181,100
26.746866703033447,1.1072049140930176,11.204199075698853,-7.906328e-06,261.63467595963493,277.8274443313284,14.818731546401978,0.00514231,283.82650036243103,0.1656482219696045,153.07101354972855,1830000,3.8376158521671697,5175.971953868866,28.020405769348145,182,100
27.019352674484253,1.5906503200531006,11.27655029296875,-7.875922e-06,129.25547411979124,270.8117033697451,14.993486881256104,0.0044186586,285.05387203950136,0.19794392585754395,150.43444997001313,1840000,30.35580828693383,5204.8495309352875,28.809046506881714,183,100
32.000964641571045,1.2674050331115723,12.773297786712646,-7.873043e-06,124.75782724687195,275.74268262611474,18.368093490600586,-0.002507136,284.6109338373439,0.18686771392822266,152.1250187421214,1850000,19.441609496347347,5238.386606216431,33.45662808418274,184,100
27.124234437942505,1.2939541339874268,11.29238247871399,-7.859116e-06,138.96969794212134,275.694761356296,15.079824686050415,-0.0037510048,284.545164699309,0.13557791709899902,151.91889329052077,1860000,14.479458331878508,5267.024266004562,28.5545175075531,185,100
29.86005425453186,1.217341661453247,12.08948564529419,-7.837705e-06,253.63037313135044,276.7220107666003,16.940115451812744,0.0015077366,285.0434919067491,0.1709144115447998,152.13884177251344,1870000,4.236888351532509,5298.349442720413,31.249740839004517,186,100
28.977325201034546,1.0965867042541504,11.838752746582031,-7.833352e-06,140.4991170227321,276.1842437044338,16.34880018234253,-0.0010591195,288.12816204887514,0.11344075202941895,152.33468395081383,1880000,19.502370147487884,5328.615426778793,30.188889265060425,187,100
26.710960626602173,1.133211374282837,11.092369318008423,-7.794955e-06,136.6681742026168,273.9121670461594,14.897419452667236,-0.0033907138,285.7015420700105,0.1303400993347168,151.3465350608132,1890000,23.97443975796671,5356.657182455063,27.97527313232422,188,100
26.143790006637573,1.0851902961730957,10.973305940628052,-7.776138e-06,130.44498827802389,275.52008881415367,14.463172435760498,-0.0035927277,284.22145800938716,0.12024998664855957,151.97830903879427,1900000,15.269527425860995,5384.079176187515,27.34996271133423,189,100
26.137954235076904,1.1210789680480957,10.968228816986084,-7.766754e-06,262.74482254679157,277.9651047139112,14.458138942718506,0.00862772,286.0898844174847,0.12784409523010254,152.9652757216498,1910000,4.160190173998545,5411.529072999954,27.3875892162323,190,100
26.141040802001953,1.0994606018066406,10.999338626861572,-7.74229e-06,134.4669049128282,273.80897655594543,14.44652509689331,0.007213328,284.5545630606371,0.13557052612304688,151.17829401793065,1920000,19.800077743691023,5438.978511571884,27.37684655189514,191,100
26.105695724487305,1.1231451034545898,11.016002893447876,-7.710856e-06,233.16060003190518,274.60400336328007,14.384685277938843,-0.004142803,282.0854596313606,0.11546707153320312,150.89305968329973,1930000,5.905558055570995,5466.3895175457,27.345146894454956,192,100
26.230959177017212,1.1007053852081299,11.096678495407104,-7.692644e-06,261.6970684587192,276.0931700743846,14.426934242248535,0.00049219636,284.6213826164296,0.12444329261779785,151.6166848895867,1940000,4.007431926887849,5493.912061929703,27.457262754440308,193,100
26.227232694625854,1.1226365566253662,11.101968050003052,-7.6549e-06,143.84809168668292,273.3620447183909,14.42466425895691,0.010973611,285.5866649729703,0.12209105491638184,150.6427784068014,1950000,22.84511274291892,5521.45690202713,27.4725923538208,194,100
26.200851678848267,1.1058564186096191,11.0452139377594,-7.604956e-06,265.35691478068696,274.65730528828885,14.45395302772522,0.005784031,284.3251927518618,0.1166229248046875,150.70447467612496,1960000,4.0274177697813105,5548.939443349838,27.424179077148438,195,100
26.083674669265747,1.117121934890747,11.007567882537842,-7.6058527e-06,252.28503929494696,277.7680461778829,14.373960494995117,0.022639856,287.64774793949556,0.11357593536376953,152.57817844674793,1970000,4.872121930640741,5576.321607351303,27.31533455848694,196,100
26.07692241668701,1.0697479248046875,10.94228458404541,-7.5869316e-06,140.79964888738735,277.70484462993244,14.413708925247192,0.034712885,287.2690623923915,0.11710381507873535,153.08677393877082,1980000,14.489406141727018,5603.6517832279205,27.264405965805054,197,100
26.155596494674683,1.1140997409820557,11.013099908828735,-7.5495914e-06,134.4665628282182,275.1455178405307,14.441550731658936,-0.0018075405,286.6829678745799,0.12453150749206543,151.33192853754446,1990000,17.50580263840816,5631.117079734802,27.395073413848877,198,100
26.475621461868286,1.0932447910308838,11.13258981704712,-7.564219e-06,264.79131506623355,276.8643957257555,14.63478422164917,-0.00050969265,285.5170312661747,0.11859846115112305,151.8897110963934,2000000,4.163389898926458,5658.877270460129,27.68827772140503,199,100
26.29419207572937,1.104444980621338,11.077087163925171,-7.52363e-06,169.81517763121514,274.7139606523443,14.503105640411377,-0.0013966784,285.88803248845664,0.13008356094360352,150.9370747899956,2010000,12.504944909951547,5686.472116231918,27.529528856277466,200,100
26.418879747390747,1.0893816947937012,11.156421661376953,-7.499234e-06,267.13011085437756,277.2858039806252,14.548959016799927,-0.0061194017,284.744351863886,0.12025284767150879,152.1066007562224,2020000,4.099677112235945,5714.171009063721,27.629290103912354,201,100
26.21887445449829,1.119358777999878,11.094875574111938,-7.452039e-06,254.09740546803616,278.078535528009,14.414901971817017,-0.0034458423,287.52386899957787,0.1122732162475586,152.61795471279547,2030000,4.448724275705491,5741.685478925705,27.451586484909058,202,100
26.250016927719116,1.1149797439575195,11.03262972831726,-7.4206764e-06,159.3911841424989,276.4076870754681,14.502607583999634,-0.0046316213,285.0958637138241,0.11770749092102051,151.74808090319618,2040000,12.83476247203621,5769.233010053635,27.48351812362671,203,100
26.285472631454468,1.1077632904052734,11.075279235839844,-7.3795345e-06,265.68884175369124,277.8427848084146,14.498977422714233,-0.00092868775,285.2474572716422,0.11871147155761719,152.47512766689496,2050000,3.7858264010491087,5796.808364152908,27.5128276348114,204,100
26.140478372573853,1.1160297393798828,11.045550107955933,-7.312455e-06,158.5357856960648,278.88054645161924,14.371763229370117,-0.003727115,288.1214695409279,0.11206436157226562,153.19270129572334,2060000,12.734002616378183,5824.238676548004,27.369291067123413,205,100
26.119611024856567,1.138584852218628,10.996758460998535,-7.3169635e-06,144.97080782459486,277.3311904820679,14.422795057296753,-0.003573098,288.33732774591226,0.12724924087524414,152.66981787044782,2070000,14.585036933859566,5851.694147348404,27.386253356933594,206,100
26.3819420337677,1.1044106483459473,11.08096432685852,-7.2820953e-06,265.02203354649527,279.24062776386614,14.597673416137695,0.008538383,285.86918811678544,0.11863327026367188,153.35731828221338,2080000,3.8106024583273856,5879.372586011887,27.605810403823853,207,100
26.144888162612915,1.1110117435455322,11.032886743545532,-7.246251e-06,260.4591885726229,279.35472031142535,14.411539793014526,0.0116634825,286.8613364307768,0.12152314186096191,153.28021510273354,2090000,4.06278435753949,5906.814603805542,27.37804651260376,208,100
26.24084210395813,1.1324973106384277,11.047251224517822,-7.220917e-06,264.1834849816465,279.50614283689833,14.494019508361816,0.0710667,286.5321410144625,0.12558817863464355,153.66446179170717,2100000,4.4812099135589705,5934.375637292862,27.499753713607788,209,100
26.074050664901733,1.1114509105682373,10.888490676879883,-7.168018e-06,123.0454417754395,261.59854110388454,14.488984823226929,0.06322955,283.78813548147,0.11707901954650879,144.890076521826,2110000,27.93356213801079,5961.7500948905945,27.30332112312317,210,100
26.09464716911316,1.1118483543395996,10.934661626815796,-7.1338145e-06,65.47154699730584,266.48826979039217,14.450311660766602,0.007630921,283.2143047187106,0.11607766151428223,147.19058675537107,2120000,28.033889104759115,5989.138688802719,27.323353052139282,211,100
26.35206627845764,1.1047325134277344,11.099242925643921,-7.1299787e-06,145.20953344568707,269.38637914992285,14.544474363327026,0.005963788,283.9529311512605,0.12580227851867676,148.79164718605114,2130000,24.70302857318593,6016.788594007492,27.583631992340088,212,100
26.202786207199097,1.096024513244629,11.044103860855103,-7.109628e-06,156.5180139387012,264.44730138951013,14.449382066726685,-0.0025576213,283.01330098395266,0.12009286880493164,146.33089262526642,2140000,22.71856448141485,6044.272353887558,27.419699668884277,213,100
26.122533559799194,1.1535441875457764,11.050248146057129,-7.1071786e-06,198.7140677397586,272.0293422492283,14.35441517829895,-0.004726815,284.26627925016123,0.1605687141418457,150.04864456817296,2150000,9.773977270220138,6071.773852348328,27.438397884368896,214,100
25.931246757507324,1.4477062225341797,10.96492862701416,-7.078996e-06,220.61247368145374,271.9003546865048,14.243154764175415,-0.0010360907,284.243986733729,0.20133376121520996,149.91056616799202,2160000,10.205862300684988,6099.418802976608,27.58178424835205,215,100
25.71225094795227,1.7118895053863525,10.932908535003662,-7.071897e-06,250.16793067911797,274.5408260732965,14.082305431365967,-0.0041585416,283.17703536122104,0.15566325187683105,150.90083175329852,2170000,6.015629390795097,6127.061648130417,27.581071615219116,216,100
25.679174184799194,1.6783461570739746,10.851050853729248,-7.037616e-06,143.84615864085777,272.05925702455283,14.133713245391846,-0.003145432,284.5575773392709,0.1183319091796875,150.14688921449468,2180000,22.908451614381097,6154.619807243347,27.47669529914856,217,100
25.887316942214966,1.4586567878723145,10.996707439422607,-7.0068054e-06,251.27456974927082,276.30165450518876,14.189446687698364,-0.0042486046,285.30090807361466,0.11530280113220215,152.1505124598896,2190000,6.021113250735233,6182.168648004532,27.462917804718018,218,100
25.958521604537964,1.25862717628479,10.985796213150024,-7.0059364e-06,247.4607406419635,278.1439906150845,14.268465995788574,0.002230325,287.70448696690966,0.12212061882019043,152.91591765432065,2200000,4.862122551108866,6209.620238780975,27.341355323791504,219,100
26.164536237716675,1.1462669372558594,11.047874689102173,-6.9826965e-06,258.84217355756834,279.8902211126234,14.415438175201416,-0.0036747798,287.470899494331,0.1344285011291504,153.85989193944934,2210000,3.867001898284099,6237.160803794861,27.446664333343506,220,100
26.015856742858887,1.1189489364624023,10.948366403579712,-6.969896e-06,136.14107457629612,275.4797610889056,14.364980459213257,-0.004119435,287.381118231885,0.12831521034240723,152.0874425741025,2220000,20.90312972859986,6264.523111581802,27.26408886909485,221,100
26.040082931518555,1.1174430847167969,10.966382503509521,-6.9655925e-06,260.60272660817407,280.4266696184326,14.378519296646118,-0.002251618,287.1594757881468,0.12072467803955078,154.1721640922808,2230000,4.259797462964295,6291.869441986084,27.27897548675537,222,100
26.049816370010376,1.076002836227417,10.934892892837524,-6.9479734e-06,265.70611256847343,279.9994969044854,14.40930724143982,0.00037541665,289.09391047027606,0.1235499382019043,154.11915530306376,2240000,4.083492111163709,6319.190491437912,27.250704526901245,223,100
26.091713190078735,1.088756799697876,10.995509624481201,-6.9167145e-06,258.2749262304158,281.0402188549661,14.392626523971558,-0.0015185742,288.7444575966926,0.15217804908752441,154.48063300798037,2250000,4.385885608607453,6346.590635538101,27.333397388458252,224,100
26.137865781784058,1.0719866752624512,10.987651348114014,-6.8851605e-06,270.5609968568739,281.921050129038,14.448432683944702,-0.0043044672,288.7928592187207,0.12090826034545898,154.75564335200045,2260000,3.608974558327829,6373.993602275848,27.331634759902954,225,100
26.232599020004272,1.098832368850708,11.069436073303223,-6.8404597e-06,105.01472105346521,280.2952069334266,14.454074144363403,-0.0017994347,288.2104208939634,0.12432622909545898,153.98156864015752,2270000,18.123865753195975,6401.514490365982,27.456435441970825,226,100
26.350276470184326,1.1082801818847656,11.091667175292969,-6.8138784e-06,273.2034474407238,282.5105619961212,14.55522084236145,0.0019974264,290.54395429884636,0.1542987823486328,154.93932725631169,2280000,2.899032212738563,6429.193578243256,27.61386013031006,227,100
26.3257794380188,1.0867547988891602,11.076889514923096,-6.797129e-06,94.66649073945634,279.6562151517957,14.533921003341675,0.0058800546,289.23275802169184,0.12334513664245605,153.43448480944298,2290000,19.0119199103935,6456.801641464233,27.536641836166382,228,100
26.286012649536133,1.0976536273956299,11.066786050796509,-6.761803e-06,268.09039546498053,279.3542570769242,14.517293691635132,0.007438627,286.09219219788747,0.13737130165100098,152.99168965693332,2300000,3.5938879214123856,6484.396074295044,27.521939277648926,229,100
26.09941053390503,1.1087172031402588,10.990408658981323,-6.723607e-06,250.5505950230782,280.92029077241205,14.4044029712677,0.0026912042,287.2544448359852,0.11819219589233398,154.21706393814333,2310000,5.1944064338463,6511.793427944183,27.32710289955139,230,100
26.184624195098877,1.1015968322753906,11.004265546798706,-6.6993252e-06,260.3567182110632,281.16591318430574,14.480202913284302,-0.0017009261,288.4348036879743,0.11638426780700684,154.50996002563022,2320000,4.088459609081187,6539.262945890427,27.40372109413147,231,100
26.183165311813354,1.0795648097991943,10.974390745162964,-6.6602965e-06,261.71893461311583,281.56256493261526,14.492018938064575,9.3338276e-05,288.30562118889634,0.1257162094116211,154.87181549696578,2330000,4.497973017627197,6566.719077587128,27.389397144317627,232,100
26.00136423110962,1.1164822578430176,10.91629147529602,-6.634259e-06,245.23790423338122,281.4676291195345,14.38071084022522,0.0014833248,289.0052602535629,0.12868976593017578,154.6282746979583,2340000,5.31820828752686,6594.034897565842,27.247283697128296,233,100
26.117368698120117,1.1114099025726318,10.992880582809448,-6.5861263e-06,267.0507421626859,281.66356673063234,14.417457580566406,-0.002214193,287.99058272567606,0.12556958198547363,154.71103181252337,2350000,4.214856594728701,6621.458265781403,27.355425357818604,234,100
26.173070907592773,1.1057991981506348,10.998208284378052,-6.5575073e-06,238.46919036551657,282.06688472135,14.47459101676941,-0.00039069302,289.90632249695375,0.1329648494720459,155.1883859462551,2360000,7.20104992382265,6648.9448595047,27.412848949432373,235,100
26.024221181869507,1.0741848945617676,10.987725973129272,-6.549955e-06,243.56243209396325,282.5292355303385,14.339276552200317,-0.0060215783,290.08256858452086,0.11507058143615723,155.23995154947693,2370000,6.336834422719616,6676.228667974472,27.214221477508545,236,100
26.729065656661987,1.2490317821502686,11.215646266937256,-6.540131e-06,109.30012718612414,277.55533618075276,14.795433759689331,0.001739641,290.08669051744266,0.11671137809753418,152.58726680717885,2380000,25.342785345247133,6704.391152381897,28.095823764801025,237,100
26.1803936958313,1.103877305984497,11.00070595741272,-6.5092277e-06,266.1552655283296,283.620980202332,14.472655773162842,-0.0042632925,290.30252427559526,0.1301584243774414,155.51015117925095,2390000,3.5617308265365226,6731.879806756973,27.41533660888672,238,100
26.03209948539734,1.0847196578979492,10.875665426254272,-6.4426176e-06,223.35292505735885,281.6438379492763,14.459766626358032,-0.004991112,290.34508624303214,0.11483240127563477,154.8513633083294,2400000,8.074543983576698,6759.18069601059,27.232414484024048,239,100
26.25212049484253,1.1224801540374756,11.002916812896729,-6.4141173e-06,246.49200753726862,282.29270006611387,14.535320520401001,0.0009122492,289.7107675598128,0.11075758934020996,155.15333199159826,2410000,5.2893998304724645,6786.732008695602,27.486287832260132,240,100
26.084981203079224,1.1297752857208252,10.952915668487549,-6.4096384e-06,263.9068619964125,282.33021061083457,14.423487186431885,0.0060057016,289.074558847881,0.13809776306152344,155.15158057084284,2420000,3.9265718185556517,6814.151307582855,27.35367774963379,241,100
26.159223318099976,1.0852611064910889,10.97150206565857,-6.3682714e-06,264.4413644169191,281.98965520381,14.480294466018677,0.006946373,287.9109613357559,0.1289536952972412,154.809974176487,2430000,3.7443159932241667,6841.600086927414,27.374207019805908,242,100
26.01137399673462,1.0897283554077148,10.957895755767822,-6.3395055e-06,127.59878635844821,280.03901414940003,14.346757650375366,0.0030754728,290.3014256824973,0.1223750114440918,154.2451884780983,2440000,16.694334142350176,6868.892036914825,27.22421407699585,243,100
26.16779851913452,1.0935602188110352,10.987481832504272,-6.285212e-06,63.07666065622867,263.17668233512165,14.475601434707642,-0.0037057449,288.5607989518618,0.11753630638122559,147.19365813073478,2450000,46.58323481932015,6896.341284751892,27.379603385925293,244,100
26.040929079055786,1.1182260513305664,10.93952202796936,-6.2727113e-06,228.60066121721448,280.6068538010985,14.402797937393188,0.00024535964,287.9507209621862,0.13677668571472168,154.86006797721703,2460000,8.243352678479868,6923.701633691788,27.296658039093018,245,100
25.99818444252014,1.0910444259643555,10.850207567214966,-6.264638e-06,266.712801197596,281.77963290805417,14.443639516830444,-0.0011727826,289.91269167132805,0.11604118347167969,155.47220122499135,2470000,4.614482409505409,6950.982651472092,27.20600152015686,246,100
26.190523624420166,1.063049554824829,10.912956953048706,-6.261918e-06,104.8824582121162,270.9945462100195,14.581975936889648,-0.0014266949,290.42273057854595,0.12103676795959473,150.74154289387496,2480000,34.937316279547765,6978.418313503265,27.37583899497986,247,100
26.16882085800171,1.1043000221252441,10.902260541915894,-6.220614e-06,226.80587974166906,281.39805684329224,14.572022914886475,-0.00036761022,291.59042634092657,0.11753511428833008,155.2420499642139,2490000,7.907900254961362,7005.877301454544,27.391375064849854,248,100
26.147014617919922,1.1454787254333496,10.989309787750244,-6.239366e-06,213.5726253496221,281.27446893413486,14.450638771057129,-9.698545e-05,288.7911364117507,0.11807370185852051,155.02913433666458,2500000,8.71968001566321,7033.351587772369,27.41129446029663,249,100
26.166199207305908,1.0874114036560059,10.953060150146484,-6.1991855e-06,252.63921644579924,281.29633453246765,14.513418674468994,-0.0033007863,289.27666471542915,0.13185834884643555,155.04448185668417,2510000,5.2833873133469185,7060.811532735825,27.386159896850586,250,100
26.064907550811768,1.091186761856079,10.941057682037354,-6.1588585e-06,247.38418808324144,282.74924772670613,14.417078495025635,-0.0031626495,291.67389099282724,0.12107706069946289,155.75115869164162,2520000,5.871703757953426,7088.1576318740845,27.27789545059204,251,100
26.049151182174683,1.086132526397705,10.908571004867554,-6.149018e-06,257.4703380860513,281.58521726318645,14.435691118240356,-0.0012251727,290.4723350026925,0.1819777488708496,155.40065008511078,2530000,5.501563794693914,7115.541203737259,27.31847310066223,252,100
26.073697328567505,1.0995652675628662,10.879555225372314,-6.1327382e-06,133.2322771108993,281.7144153295952,14.492078304290771,0.0005476259,290.67527698348846,0.1524803638458252,155.34752738165372,2540000,15.7971871975902,7142.939826250076,27.326400995254517,253,100
26.112091779708862,1.1031391620635986,10.96534514427185,-6.051499e-06,135.19825041185058,281.8761383535125,14.424505233764648,-0.004697107,289.58639390118026,0.13125967979431152,155.383127907059,2550000,15.473552286843493,7170.359035015106,27.34784984588623,254,100
26.11763596534729,1.0827102661132812,10.946480751037598,-6.013341e-06,155.40341803585213,282.3376821328527,14.475348711013794,0.0021975082,289.5704516244677,0.1393873691558838,155.49672603467027,2560000,13.061365050640362,7197.769924163818,27.340498685836792,255,100
26.300090789794922,1.11845064163208,11.072409629821777,-6.040925e-06,269.6846890952936,282.702755507446,14.518559694290161,-0.0010359954,287.9066206440049,0.11417031288146973,155.4532529115218,2570000,3.1835621388135698,7225.371782541275,27.533855199813843,256,100
26.264776945114136,1.0752713680267334,11.032092809677124,-6.0058087e-06,271.2940499144142,283.3808322700836,14.53026795387268,-0.002453078,289.5225643738008,0.11390185356140137,155.75985863232205,2580000,3.284664212659102,7252.8897433280945,27.454782485961914,257,100
26.077366828918457,1.0791528224945068,10.93387770652771,-5.9695085e-06,272.4784432172552,283.48958564427636,14.444911479949951,-0.0017072788,290.6203426150184,0.11581945419311523,155.95403043602005,2590000,3.7883723202326545,7280.227661848068,27.27349877357483,258,100
26.69079566001892,1.7793669700622559,11.16252589225769,-5.9330537e-06,260.0289944189796,283.70016483810974,14.799423456192017,0.0020295328,290.8774741431166,0.1748065948486328,156.01914145345904,2600000,5.054569572239831,7308.953939199448,28.64618730545044,259,100
28.472678661346436,1.129117727279663,11.730918884277344,-5.8996384e-06,133.2734433557762,274.95825597148615,15.965850591659546,-0.003329526,291.4951694191485,0.12021946907043457,152.17578805774082,2610000,32.10078682361502,7338.75585436821,29.722923755645752,260,100
26.09339690208435,1.1158037185668945,10.936373233795166,-5.873404e-06,254.59628727937198,282.59475894680463,14.452992677688599,-0.002126644,291.4475506936843,0.12091779708862305,155.74511878674355,2620000,6.093703660825503,7366.155845880508,27.331429958343506,261,100
26.33552837371826,1.1020145416259766,11.037530422210693,-5.8660867e-06,249.6570815229843,283.67256575970634,14.591589450836182,-0.003074799,289.5550439653427,0.14703702926635742,156.06890621778155,2630000,5.528589601041115,7393.805874109268,27.585183143615723,262,100
27.91045832633972,1.5264849662780762,11.434587240219116,-5.8306946e-06,264.8405646196662,283.5130662279754,15.717732191085815,0.004705182,290.1217493543988,0.1353588104248047,155.9474725099211,2640000,4.032197405137371,7423.4452431201935,29.574257850646973,263,100
28.95287322998047,1.128260850906372,11.7497398853302,-5.7855755e-06,263.99187697393484,283.36001362565895,16.42178225517273,-0.004641666,290.84745226209714,0.12738442420959473,156.08954961716614,2650000,4.099027930974347,7453.724193096161,30.209223747253418,264,100
26.37822461128235,1.133021593093872,10.954927444458008,-5.7655343e-06,240.1237797624531,282.9160025177192,14.703280448913574,0.015013297,291.46368492581337,0.15931940078735352,155.58771177421687,2660000,7.1229274100328945,7481.474219560623,27.671491861343384,265,100
26.331633806228638,1.116269588470459,10.998326539993286,-5.7057964e-06,217.22503563810315,278.9702620494176,14.620199203491211,0.003968829,290.13166149298706,0.14915680885314941,154.34223935766371,2670000,11.983814480122213,7509.142082452774,27.59798765182495,266,100
26.272725105285645,1.112908124923706,10.922109603881836,-5.7074917e-06,131.4701250281947,274.16931552957044,14.644158840179443,0.0012602749,289.1086917454371,0.12759900093078613,152.53464978245975,2680000,26.17949293841042,7536.724412679672,27.514567852020264,267,100
26.31560516357422,1.15053129196167,10.94148564338684,-5.691917e-06,236.99277148545113,278.431508151828,14.663048028945923,0.0013782881,286.0031499592473,0.13092422485351562,153.99456583601986,2690000,7.2528064988953584,7564.39470410347,27.598474502563477,268,100
26.425053119659424,1.0969023704528809,11.112246751785278,-5.6882345e-06,256.9637317110529,279.78453356009487,14.593452453613281,-0.0036124398,285.85415289461764,0.15148258209228516,154.30015105399642,2700000,4.823303214779319,7592.135290622711,27.67413568496704,269,100
26.440399885177612,1.0919215679168701,11.114442348480225,-5.6771473e-06,260.3402369734666,280.4462050707397,14.612823009490967,-0.0021919515,287.1420659186851,0.1259617805480957,154.56881480136576,2710000,3.832034359336809,7619.864784955978,27.659087896347046,270,100
26.48059105873108,1.124232530593872,11.032644033432007,-5.6356e-06,269.08666104576,280.69528267888245,14.73235535621643,-0.0019004748,285.90446576458174,0.12220358848571777,154.58543004330275,2720000,3.5179528984508237,7647.658548593521,27.727667808532715,271,100
26.508145332336426,1.1127123832702637,11.06253981590271,-5.6017657e-06,269.7187498927905,281.7842645141129,14.737213134765625,0.002612373,286.52054660940445,0.13017940521240234,155.04842716133896,2730000,2.81048464135843,7675.4799382686615,27.752025365829468,272,100
26.44151782989502,1.1312108039855957,11.031438112258911,-5.560482e-06,268.5295204148239,282.52468331027814,14.692230224609375,-0.0008784423,289.37136493120494,0.12475967407226562,155.50101558825907,2740000,3.436451922224653,7703.242415428162,27.699009895324707,273,100
26.254159688949585,1.0855793952941895,10.965364694595337,-5.535853e-06,220.41267551295354,282.08259256065793,14.582886219024658,-0.002125771,289.7479533962355,0.13094019889831543,155.5703632752952,2750000,7.485508299025029,7730.784638643265,27.471471786499023,274,100
26.594087839126587,1.1423430442810059,11.046880722045898,-5.4952125e-06,251.18099360155654,283.0728788173868,14.82984471321106,-0.0016471362,290.8655681098369,0.1339118480682373,156.10950270243814,2760000,5.435272780942765,7758.72579741478,27.871551036834717,275,100
26.256852388381958,1.1374163627624512,10.958624601364136,-5.498013e-06,131.51768905174157,279.4403653770234,14.591692686080933,0.004518737,288.5854539235246,0.12007308006286621,154.50776920840207,2770000,17.697292703119206,7786.31134724617,27.515252351760864,276,100
26.38417959213257,1.1382358074188232,11.057372331619263,-5.460444e-06,186.7088845873423,282.74197983553347,14.610637187957764,0.014925936,290.68675276353406,0.12442779541015625,155.780482989644,2780000,10.394772444518088,7814.020699262619,27.647634267807007,277,100
26.568260431289673,1.127593755722046,11.105945587158203,-5.4649986e-06,271.6855024111011,283.4446367537793,14.739563941955566,-0.0012191365,288.27966729413816,0.12577438354492188,155.87073292553924,2790000,2.8000706359068146,7841.925068855286,27.82240915298462,278,100
26.566709280014038,1.5884408950805664,11.113748550415039,-5.4310904e-06,274.8653165684072,284.7535506826274,14.743935346603394,0.0020939994,289.7476730922952,0.12077999114990234,156.57767597511895,2800000,3.2173780389621527,7870.280641078949,28.277971029281616,279,100
26.243438959121704,1.7301545143127441,11.023385286331177,-5.3962626e-06,257.5521138332388,284.8875878355138,14.506517887115479,-0.0018412673,290.78217234583144,0.1674480438232422,156.64288629145295,2810000,4.897108939220347,7898.503401041031,28.14286208152771,280,100
26.19828462600708,1.4016995429992676,11.02661681175232,-5.3573194e-06,203.23313478309186,282.921260368541,14.461844205856323,0.0014813136,291.91741189198945,0.15125536918640137,155.54207344717182,2820000,9.90459982215586,7926.329310417175,27.754746437072754,281,100
26.230023622512817,1.2779154777526855,11.035167455673218,-5.307405e-06,262.0403806357908,284.0267724704075,14.488871097564697,0.0044101286,290.48427899553053,0.2070457935333252,156.21203124252222,2830000,4.032202167879666,7954.104207515717,27.716282844543457,282,100
26.527257204055786,1.0981743335723877,11.116768598556519,-5.2904693e-06,274.60057259620004,284.5784097330042,14.688250303268433,0.00039126657,290.89443612460053,0.16300392150878906,156.61197697646688,2840000,3.3868045228483963,7981.962989807129,27.78939652442932,283,100
26.479719638824463,1.1342129707336426,11.06210207939148,-5.245283e-06,143.99697532099376,282.53591222166915,14.70135235786438,0.0017578935,290.83547011947775,0.12311029434204102,155.84666611789956,2850000,16.00959889543061,8009.765455245972,27.73787522315979,284,100
26.767513751983643,1.1528117656707764,11.210723876953125,-5.218362e-06,270.39454946214204,284.36431869123896,14.839669227600098,-0.0028293447,289.42815425863444,0.15187931060791016,156.24524279624475,2860000,3.1069643427350018,8037.909961938858,28.073041915893555,285,100
26.43223738670349,1.1341912746429443,11.041600227355957,-5.162553e-06,231.02212187605133,283.86671641541227,14.676427125930786,0.0040195542,291.45902837604405,0.1209101676940918,156.37561064949398,2870000,6.609370942080149,8065.673647403717,27.688836097717285,286,100
26.422800302505493,1.101111650466919,11.029806852340698,-5.1144057e-06,257.6428264306056,284.57189478310704,14.682881593704224,0.0026469806,292.09360994818,0.13402366638183594,156.85160746997155,2880000,5.132283933107986,8093.396853208542,27.65891146659851,287,100
26.41706895828247,1.1172640323638916,11.047550439834595,-5.0559943e-06,252.02757206142007,284.96111253298017,14.642588138580322,-0.0018894506,292.4992197206794,0.14613819122314453,156.75866316076167,2890000,6.168593165698743,8121.148985147476,27.68133020401001,288,100
26.31509280204773,1.1646990776062012,10.931299924850464,-5.0294075e-06,108.33291403355028,282.54876438157584,14.674809694290161,-0.0031609612,291.4226083620751,0.11748933792114258,155.92465164697168,2900000,19.99424380910688,8148.818013429642,27.59805202484131,289,100
26.378538131713867,1.118544578552246,10.99346113204956,-5.0180474e-06,275.23334383597137,285.3186804471867,14.675917625427246,-0.0019335874,292.22558504977013,0.1467454433441162,157.27551009506342,2910000,3.6825702158085294,8176.528630971909,27.64445924758911,290,100
26.199880599975586,1.1135318279266357,10.971554517745972,-4.9863406e-06,267.74274468758426,284.8067348754654,14.52248239517212,0.002562511,291.7580780404853,0.14037179946899414,157.00766636621208,2920000,4.2764293973475835,8204.049975633621,27.4544415473938,291,100
26.24463129043579,1.1966118812561035,10.949606657028198,-4.957243e-06,251.10430751797796,283.70194420037933,14.57363486289978,0.021557579,290.41507442589796,0.15114617347717285,156.5635157648595,2930000,5.65735270137321,8231.717392206192,27.5932719707489,292,100
26.40984296798706,1.0946991443634033,11.063935995101929,-4.919996e-06,269.1350833803868,284.4343252432358,14.638489723205566,0.0032625094,289.9394343679963,0.14096546173095703,156.69175855905783,2940000,3.428221890537503,8259.4381108284,27.6465802192688,293,100
26.24867582321167,1.2127397060394287,10.926655054092407,-4.9073287e-06,239.34637397997074,283.87352136869185,14.609869956970215,-0.003225111,292.93468140422345,0.13726162910461426,156.51596078066805,2950000,6.066369694784056,8287.103982686996,27.599467277526855,294,100
26.249592542648315,1.2412362098693848,11.025732278823853,-4.894436e-06,133.83469000057144,283.05857103051096,14.517823219299316,0.005726164,290.31817668718827,0.1193399429321289,156.19817186939122,2960000,15.45052289951908,8314.78398156166,27.610917568206787,295,100
26.418785095214844,1.1632492542266846,11.06446123123169,-4.8569177e-06,277.9883820769552,284.5341596126249,14.636759996414185,0.0018330578,290.7491556434322,0.13263869285583496,156.36865254470223,2970000,2.519449682175349,8342.578271389008,27.715591192245483,296,100
26.09373164176941,1.0273244380950928,10.955443143844604,-4.8357506e-06,275.91195165051164,285.1364847431844,14.42637300491333,0.009967363,291.1348953485619,0.1087334156036377,156.78803519366116,2980000,2.78222415529998,8369.88115978241,27.231595754623413,297,100
23.549525499343872,1.0030462741851807,9.750036478042603,-4.793551e-06,267.7916843346377,284.54052789142537,13.164708614349365,0.0022766425,292.45554116257915,0.10632586479187012,156.90797208052064,2990000,4.026305126991715,8394.601116418839,24.659502029418945,298,100
23.61705994606018,1.0128529071807861,9.79246973991394,-4.779785e-06,267.4020594892914,285.92226538308546,13.189460515975952,0.0026380469,291.9528241485376,0.13236498832702637,157.2782053597843,3000000,4.44631581666224,8419.421338319778,24.7630455493927,299,100
