n_timesteps,train-MaxReturn,train-StdReturn,train-MinReturn,LossAfter,Time-Sampling,ItrTime,Itr,Time,train-AverageReturn,Time-Optimization,train-AverageDiscountedReturn,train-PolicyExecTime,LossBefore,train-EnvExecTime,Time-SampleProc,train-NumTrajs
10000,114.78877292015397,81.1678341101227,-212.62530405023554,0.13292238,25.001154899597168,27.37904381752014,0,27.379050731658936,-43.678876101353154,2.245407819747925,-16.55465757852737,13.510977983474731,6.1035155e-09,10.830470561981201,0.13135838508605957,100
20000,110.7356722339121,99.18487688682956,-257.47091304500645,0.0026683838,25.00678849220276,26.775219440460205,1,54.341195821762085,-101.03887264960659,1.6525285243988037,-48.63155683552167,13.519131183624268,6.1035155e-09,10.819330930709839,0.11350822448730469,100
30000,166.4497178681316,111.88240294720457,-245.39562129048062,-0.0051443954,25.178497314453125,26.67312264442444,2,81.10569429397583,-55.91135250431966,1.3733494281768799,-25.60277064719668,13.643720626831055,-7.6293943e-10,10.852338314056396,0.11894679069519043,100
40000,159.33662852828098,106.01442416911566,-238.81873228951147,-0.004861902,25.29286289215088,26.725193977355957,3,107.91361284255981,-3.1690518784870676,1.3187897205352783,3.349447070820578,13.802939653396606,2.4414062e-08,10.814221858978271,0.1127159595489502,100
50000,145.7723414736204,77.62425520989171,-225.45359573937634,-0.0050292746,25.408366441726685,26.6675968170166,4,134.66350531578064,42.25184435618123,1.1389951705932617,28.860925662848445,13.901608228683472,-5.722046e-10,10.816672801971436,0.11828422546386719,100
60000,149.4560278584988,63.14669995616863,-195.31481041985302,-0.006870229,25.50813055038452,26.69266963005066,5,161.44122886657715,73.91889870132349,1.0713355541229248,50.32772535561509,13.97148585319519,2.4414062e-08,10.841362237930298,0.11166715621948242,100
70000,166.61081914936278,37.768836899413316,7.761949732167411,-0.0033286193,25.68473744392395,26.902039289474487,6,188.40121841430664,98.55806537566,1.0939080715179443,64.85997096698577,14.062727689743042,0.002158728,10.916547536849976,0.1227109432220459,100
80000,196.4869618852837,47.88249269685778,-20.87355749617063,-0.0067120865,25.89714026451111,27.17140507698059,7,215.63947105407715,102.65374408724568,1.166968822479248,66.4087216184285,14.221052408218384,-6.1035155e-09,10.981495380401611,0.1064305305480957,100
90000,206.97401401613345,56.92958654347641,-66.88504497853695,-0.007504345,25.811077117919922,27.00423574447632,8,242.705468416214,131.06583481947598,1.0720171928405762,81.93301817278889,14.126693964004517,8.392334e-09,10.987216234207153,0.1197364330291748,100
100000,207.41703689997183,36.76764886484848,57.733853684944144,-0.005776117,25.82888674736023,27.071184158325195,9,269.8413655757904,173.37927945287913,1.130781650543213,104.93191360952531,14.066129446029663,1.525879e-08,11.069565534591675,0.11082005500793457,100
110000,207.56715341991654,28.61813042725672,86.88891398178048,-0.0060332366,25.8249773979187,27.019797563552856,10,296.92523550987244,184.44219108687528,1.0732667446136475,110.31913329080027,13.951454639434814,6.1035155e-09,11.182677030563354,0.12088203430175781,100
120000,211.22943473912318,12.167292883676351,135.57841260296976,-0.003219194,25.967797994613647,27.1633939743042,11,324.1461396217346,194.05268211430928,1.076017141342163,115.95055704346377,14.042049884796143,4.577637e-09,11.238161325454712,0.11877822875976562,100
130000,209.1732150026603,10.747107927975486,123.60761745566593,-0.0028390503,25.92180109024048,27.096981287002563,12,351.3080348968506,196.28884603383202,1.0662338733673096,116.82501682549665,13.923486232757568,6.1035155e-09,11.305108308792114,0.10827207565307617,100
140000,208.64720477740883,12.373432002230983,87.10303661758029,-0.005124802,26.051320552825928,27.246915340423584,13,378.61497163772583,195.89465270853668,1.0792934894561768,116.94496667833099,14.01098918914795,1.449585e-08,11.346484422683716,0.11560606956481934,100
150000,209.460482746952,5.142852347527423,181.93870261602174,-0.004037793,26.02582836151123,27.189717531204224,14,405.86035323143005,199.09639496648037,1.0465099811553955,118.3250667833823,13.991459608078003,1.5258789e-09,11.342020750045776,0.11667156219482422,100
160000,211.64516027433504,5.187254071744709,186.82324785497525,-0.005891162,26.077667951583862,27.27445411682129,15,433.19198870658875,201.43318877712744,1.0837202072143555,119.22282997490397,13.988675832748413,-3.0517577e-09,11.398556470870972,0.11241316795349121,100
170000,211.50312729076697,6.191198509574341,160.55440943826932,-0.003802343,26.159234046936035,27.364633560180664,16,460.61472392082214,203.7458801520549,1.0663907527923584,120.00324897923083,14.062904119491577,-6.1035155e-09,11.41119909286499,0.1383528709411621,100
180000,214.52887163597302,3.6551249269793873,194.48937333645327,-0.004441908,26.183541536331177,27.39608407020569,17,488.0743291378021,204.28716462104381,1.103405237197876,120.26936592895572,14.077848434448242,-3.0517577e-09,11.41449499130249,0.10843420028686523,100
190000,215.8630497834947,3.6026336768156515,197.43447963681103,-0.005861017,26.05051565170288,27.20866632461548,18,515.3452463150024,207.01315845728547,1.0495271682739258,121.35375385425829,13.988022565841675,9.155274e-09,11.366850852966309,0.10789179801940918,100
200000,214.60252070762448,3.3512662263790336,199.0113490480168,-0.0052159484,26.143362045288086,27.3750638961792,19,542.7788162231445,207.59666908199816,1.1108150482177734,121.53689072950756,14.05531120300293,-9.155274e-09,11.400819063186646,0.12021422386169434,100
210000,218.88217278438228,3.9558994806783034,200.0103018089499,-0.004550686,26.020531177520752,27.218559980392456,20,570.0572052001953,208.70665591629498,1.0869247913360596,122.08192987883167,13.87559700012207,-8.010864e-09,11.445073127746582,0.11042261123657227,100
220000,216.17186227780064,3.4966793299506276,200.37876567240662,-0.0054183104,26.153518676757812,27.303991556167603,21,597.4202370643616,208.9519552552822,1.04276704788208,122.08741113243808,14.016162633895874,-4.8828124e-08,11.447181224822998,0.10710310935974121,100
230000,219.08043508238268,3.936510169292291,198.43784569658231,-0.0029025085,26.01298213005066,27.18974471092224,22,624.6705117225647,210.99683920163363,1.0568993091583252,122.97405802621235,14.009055376052856,6.1035155e-09,11.314326286315918,0.1192777156829834,100
240000,219.00802078322224,3.4945271074115434,202.04707079913936,-0.0041849795,26.053978443145752,27.251960039138794,23,651.9856631755829,210.65636930365872,1.0850300788879395,122.85410068779473,13.96797490119934,-4.577637e-09,11.391353130340576,0.11223793029785156,100
250000,218.88820260467284,3.3519855691791864,201.6883355967653,-0.0028026896,26.035200834274292,27.23666548728943,24,679.2846751213074,211.1877487559276,1.0832397937774658,123.08649961908796,13.97979998588562,-3.8146974e-09,11.365946054458618,0.11748409271240234,100
260000,221.65274221393074,3.476188617123773,201.33579819564162,-0.0037885185,25.989973545074463,27.21197533607483,25,706.5598320960999,212.49570774769848,1.08355712890625,123.71955894238081,13.984004259109497,3.0517577e-09,11.314605236053467,0.137800931930542,100
270000,222.97107066269314,3.977924511620785,201.6229094922188,-0.005171716,26.026397705078125,27.234535932540894,26,733.8509221076965,212.54532782308783,1.0799312591552734,123.746053411418,13.963032245635986,-3.0517577e-09,11.36324667930603,0.12752628326416016,100
280000,220.41512170975957,3.4007332876689422,202.87942292117063,-0.0032190247,26.00694751739502,27.168733835220337,27,761.0786619186401,214.24549103753026,1.049591302871704,124.44962431114358,13.986489534378052,1.2207031e-08,11.325701236724854,0.11163163185119629,100
290000,222.95782565944978,3.1727990375093817,208.35884540383628,-0.0041448213,26.171988487243652,27.341635704040527,28,788.4768211841583,215.34050691383666,1.05281400680542,124.8862865785805,14.103696584701538,-9.155274e-09,11.37095022201538,0.1160116195678711,100
300000,221.71462526172584,3.005151701804124,209.95157952255298,-0.0015486206,25.968125343322754,27.136704206466675,29,815.6794390678406,216.06837059735363,1.050565481185913,125.17972127506691,13.98433232307434,-1.2207031e-08,11.28968095779419,0.11690425872802734,100
310000,226.53474019862895,3.7533033070829975,208.34644261815717,-0.002736493,25.976118087768555,27.18450427055359,30,842.9237475395203,217.20312894812673,1.0573084354400635,125.74239383007945,13.995816230773926,0.01762345,11.288667678833008,0.15036535263061523,100
320000,226.86438890851926,3.5111900506763094,211.13547026119798,-0.0030049377,26.118624687194824,27.287293434143066,31,870.2691133022308,218.16544929218432,1.0425646305084229,126.16962338375238,14.1083505153656,3.0517577e-09,11.318946123123169,0.1255190372467041,100
330000,225.01835061858418,3.9686714664189626,205.33827678330437,-0.00024234009,25.999505281448364,27.197457313537598,32,897.526458978653,218.31019667778233,1.0804369449615479,126.31592773642743,14.008211135864258,9.155274e-09,11.30132508277893,0.1167147159576416,100
340000,225.99214386526236,3.868640541884992,202.67218449287134,-0.0017007939,26.080538749694824,27.298868656158447,33,924.887689113617,217.82071455001113,1.0878276824951172,126.09298745481567,14.081871032714844,1.373291e-08,11.301337957382202,0.12943172454833984,100
350000,226.02585980825648,3.3971490333057432,209.65863866255788,-0.003560968,25.986939668655396,27.216971397399902,34,952.1712956428528,218.3163837234042,1.113337516784668,126.3073591627606,13.994361639022827,-1.2207031e-08,11.297762870788574,0.11600136756896973,100
360000,227.8451759204069,4.121236456825677,209.16568356235675,-0.0027631896,26.021716356277466,27.231266260147095,35,979.4637241363525,218.42400939001772,1.094348430633545,126.4174440342451,14.021955251693726,-1.8310548e-08,11.294844627380371,0.11452102661132812,100
370000,230.4977351967054,3.890723176229042,207.7122711147823,-0.002832727,25.996876001358032,27.159467697143555,36,1006.6832747459412,219.00191775487042,1.0425198078155518,126.66385730506599,13.986991167068481,3.051758e-08,11.312169075012207,0.11939358711242676,100
380000,230.0658034702875,4.053433558264898,209.47173812352008,-0.003207312,25.992476224899292,27.20023775100708,37,1033.9454996585846,219.73106450287366,1.0851330757141113,127.00360315737296,14.006914854049683,-3.0517577e-09,11.28653883934021,0.12160325050354004,100
390000,227.96093172421232,4.026676102372266,208.2454827605898,-0.0025914917,25.97776436805725,27.15528893470764,38,1061.1682889461517,218.87373532739926,1.062002182006836,126.62332288922366,14.042840242385864,0.002888391,11.224588871002197,0.1147005558013916,100
400000,235.29562798470994,3.8586342482954423,211.18609953402583,-0.0045833555,25.87816095352173,27.053060293197632,39,1088.281217098236,219.70144004053617,1.0611865520477295,126.99604895743146,13.973928928375244,6.1035155e-09,11.2129807472229,0.11294817924499512,100
410000,230.995201010312,3.3933801511811943,213.5278609930005,-0.0023283875,25.9210262298584,27.10360360145569,40,1115.450799703598,220.8791936477025,1.0756163597106934,127.53797834721524,13.974092721939087,0.008276342,11.256166219711304,0.10627627372741699,100
420000,232.1231550723716,4.560769194664952,206.66429593966103,-0.0013803605,25.814111709594727,27.039515018463135,41,1142.5514602661133,221.16227206252174,1.1145377159118652,127.72753119355758,14.00667929649353,9.155274e-09,11.111151456832886,0.11016702651977539,100
430000,233.7403080393574,4.995173658225168,208.5189367614791,-0.0015572998,25.960829734802246,27.13231325149536,42,1169.7516751289368,222.09127186247898,1.0606772899627686,128.1225343454935,14.159768104553223,-1.2207031e-08,11.1067214012146,0.11012554168701172,100
440000,239.02682437620476,5.098183104384414,210.53024928520458,-0.0009537659,25.87456750869751,27.046567916870117,43,1196.8664293289185,222.65880616774916,1.0606234073638916,128.4656292065051,14.004821300506592,-2.4414062e-08,11.170218467712402,0.11060929298400879,100
450000,234.96298302905447,4.352589059372726,211.32411181305793,-0.0024193847,25.735382795333862,26.916560888290405,44,1223.8427286148071,223.10208377254392,1.0581321716308594,128.71659830525144,13.98237133026123,-1.5258789e-09,11.064878225326538,0.12228846549987793,100
460000,231.63385456348416,4.275889330257409,209.1363265984901,-0.00059370726,25.837927103042603,27.026551008224487,45,1250.9348907470703,222.2899390499054,1.065246820449829,128.25632559845303,14.026319742202759,-1.2207031e-08,11.110724925994873,0.12263298034667969,100
470000,234.6369251734449,4.964598198335524,211.99037170806338,-0.0016140625,25.7538161277771,26.947460889816284,46,1277.9442403316498,223.10679290812996,1.0798721313476562,128.66100927946232,13.959007024765015,-1.8310548e-08,11.078621625900269,0.11302661895751953,100
480000,235.81346653951806,4.542904695347927,210.12541064620635,-0.0029920593,25.807292222976685,26.990224599838257,47,1304.9995257854462,222.78972846544286,1.0698151588439941,128.49369842292964,14.014906406402588,0.008277246,11.095593214035034,0.11244058609008789,100
490000,237.53355258194512,4.025035650934727,210.0063964830694,-0.002265979,25.823112726211548,26.970903873443604,48,1332.0322949886322,222.48242175636906,1.0261766910552979,128.35136138595627,13.98308253288269,6.1035155e-09,11.159782409667969,0.12090492248535156,100
500000,236.0465158252839,4.332308071991614,212.126474795003,-0.002395471,25.760847330093384,26.93973469734192,49,1359.0309331417084,223.24314289387067,1.0668079853057861,128.68800284061206,13.942259073257446,3.3569336e-08,11.103699207305908,0.11144280433654785,100
510000,238.27148338312978,4.6212336881325085,213.05031168319587,-0.003172859,25.92244243621826,27.10146689414978,50,1386.1939091682434,224.54100164468028,1.065312385559082,129.26196820382577,14.037961959838867,-8.392334e-09,11.198941707611084,0.11297321319580078,100
520000,241.8982681573708,5.814394773710042,209.12219660894092,-0.0016763489,25.749532222747803,26.9031240940094,51,1413.1589937210083,224.17894266438321,1.037534475326538,129.10644400985365,14.0059072971344,0.0043457304,11.047999382019043,0.11536335945129395,100
530000,242.3354566386206,15.063897462075523,91.75785620865234,-0.0023573486,25.79069757461548,27.01526403427124,52,1440.2328765392303,222.2380410536182,1.1171326637268066,128.06129349212867,13.953760147094727,0.00016354371,11.139856815338135,0.10641956329345703,100
540000,239.7274187979936,4.945047695263276,213.6747690239392,-0.003526059,25.991004467010498,27.15997290611267,53,1467.4565794467926,224.02295509237302,1.05601167678833,129.00905905354867,14.183322429656982,-9.155274e-09,11.103912353515625,0.11217451095581055,100
550000,246.68106516891152,19.715528927176205,77.88539251796158,-0.005883786,25.690391778945923,26.89575695991516,54,1494.4169383049011,222.43605940558479,1.0815396308898926,128.17085078722243,13.937233209609985,7.629395e-09,11.061040878295898,0.12299132347106934,100
560000,242.78121187867194,5.726131003403087,209.2427206090788,-0.0030966904,25.87427806854248,27.070975303649902,55,1521.5476186275482,226.53856227630703,1.0704386234283447,130.30040817066416,14.05850338935852,1.8310548e-08,11.116042137145996,0.12565135955810547,100
570000,244.3272940526913,8.271209443061831,170.32623021851813,-0.0025311944,25.77289843559265,26.973719835281372,56,1548.5829107761383,224.23511421983983,1.0741167068481445,129.10920781259077,14.009051322937012,-0.0017623429,11.070089101791382,0.12597227096557617,100
580000,244.62262261902842,18.039069509424337,58.83698482167833,-0.0037816528,25.873215198516846,27.05998730659485,57,1575.701375246048,224.5346238848979,1.0778307914733887,129.21004825358426,13.965373516082764,-0.0025201903,11.212512493133545,0.10822892189025879,100
590000,237.38508846686946,5.493942764553646,212.45919220991195,-0.0012110083,25.874383211135864,27.070555925369263,58,1602.8371059894562,224.53187506762487,1.0802710056304932,129.42349539350445,14.025757312774658,-1.5258789e-09,11.154865264892578,0.11516284942626953,100
600000,243.89674959371362,5.863583951608011,210.63364747474407,-0.0031628173,25.781269311904907,26.971701860427856,59,1629.8695743083954,226.0223444917214,1.0781800746917725,130.16305710271428,14.020642518997192,-1.8310548e-08,11.07004451751709,0.11158943176269531,100
610000,247.52142508720053,7.259885303447319,186.72167748277542,-0.004491185,25.871153593063354,27.04673147201538,60,1656.9777925014496,226.81325167132064,1.0608046054840088,130.50978755107627,14.043838739395142,6.866455e-09,11.140876054763794,0.11414074897766113,100
620000,260.6958351067727,7.227975281174792,212.63921737801073,-0.004450063,25.835936069488525,27.051677465438843,61,1684.0886235237122,226.63955988278977,1.0729961395263672,130.39759541414335,14.095856666564941,6.866455e-09,11.049900531768799,0.14211392402648926,100
630000,245.5921110067308,6.823367538554191,210.970017458722,-0.0026573571,25.663308143615723,26.95521306991577,62,1711.1051483154297,227.49419713050978,1.1129555702209473,130.78112965588562,13.939018487930298,-5.865097e-09,11.031080722808838,0.17677021026611328,100
640000,245.82096355853403,17.908594955501304,63.94267197658938,-0.0035084777,25.30762028694153,27.024139404296875,63,1738.1903777122498,227.50722109199216,1.5139715671539307,130.6101319118774,13.702358484268188,-0.0027559358,10.919394493103027,0.20174717903137207,100
650000,248.2951981497897,8.75251763835545,190.64664916130837,-0.0022660706,25.22419238090515,26.6927170753479,64,1764.944183588028,229.49426592506094,1.3534855842590332,131.74008486194202,13.62926197052002,-9.155274e-09,10.910461664199829,0.11409330368041992,100
660000,249.8579922965777,10.676929882828246,152.45917887245315,-0.0031720458,25.566636562347412,26.724332332611084,65,1791.7465603351593,229.07558874743688,1.047670602798462,131.56206190059473,13.940766334533691,-3.0517577e-09,10.941642761230469,0.10938000679016113,100
670000,246.1513008353421,9.60723336535099,174.42255716713862,0.0011800415,25.75376582145691,26.95053505897522,66,1818.7594497203827,229.65166314311847,1.0745086669921875,131.9267894197327,14.058185338973999,-1.2207031e-08,11.009104490280151,0.12159442901611328,100
680000,251.589113370541,7.709463104603008,215.4616349233165,0.00051990355,25.90665030479431,27.06641125679016,67,1845.8872511386871,230.8202179359434,1.038755178451538,132.2673166489255,14.096878051757812,9.155274e-09,11.113299369812012,0.1203606128692627,100
690000,253.55036872075965,11.922654583364386,182.34213004940855,-0.003908261,25.753167152404785,26.958133459091187,68,1872.919424533844,229.43445156807059,1.0942606925964355,131.4863754793105,14.025818824768066,4.577637e-09,11.03725266456604,0.11005902290344238,100
700000,257.56996931205634,10.200019089781746,170.4651631139943,-0.0045632203,25.81510853767395,27.010887622833252,69,1899.985735654831,231.5458723000019,1.0802280902862549,132.29097859336352,14.070227146148682,-0.001258081,11.05844783782959,0.1148831844329834,100
710000,254.45006518416125,9.201842740502839,212.0545783732271,-0.004586029,25.78034234046936,26.971463918685913,70,1927.019433259964,235.3427642566439,1.073061227798462,133.93006305196414,14.0367751121521,2.1362304e-08,11.04877519607544,0.11736106872558594,100
720000,257.87099785319157,13.963895063099347,165.84342611890554,-0.003981836,25.654796361923218,26.821098566055298,71,1953.9020671844482,238.1129631378821,1.048628330230713,134.88053610866464,14.003618478775024,-1.2207031e-08,10.960544109344482,0.11654901504516602,100
730000,262.54006536483735,10.696205744537654,215.43060684585942,-0.0052688774,25.715708255767822,26.939958810806274,72,1980.9022002220154,241.74510496044485,1.0855910778045654,136.4117416898493,14.000572204589844,6.1035155e-09,11.019759893417358,0.138077974319458,100
740000,265.2448801390279,10.932691581448811,199.9162550809152,-0.0022338135,26.119786977767944,27.345043897628784,73,2008.3121383190155,246.00332812185337,1.0800652503967285,137.95467299842846,14.269166946411133,-6.1035155e-09,11.151402235031128,0.1443798542022705,100
750000,267.04028601197604,23.68750767928286,49.74493562374139,-0.00475502,25.65233087539673,26.85234785079956,74,2035.2220079898834,245.13947206525626,1.0826177597045898,137.10425666626287,14.019095182418823,9.155274e-09,10.943768501281738,0.11670494079589844,100
760000,262.72135202631,8.644556951402421,200.53516171060954,-0.0042735534,25.663216829299927,26.861643314361572,75,2062.150957107544,252.5294668470823,1.084667444229126,140.5693129648553,13.988217115402222,2.9354858e-05,10.984886407852173,0.11309528350830078,100
770000,263.8287077767544,7.4318113847584195,226.89280363468458,-0.0028965545,25.594051599502563,26.79155731201172,76,2089.003219604492,251.3012988661294,1.0866353511810303,140.05280297134385,14.026013135910034,-0.00029454957,10.88475251197815,0.10994958877563477,100
780000,263.37775305461815,6.250834161375052,226.60958781826218,-0.0024728058,25.625900506973267,26.811020612716675,77,2115.87571144104,254.59158830731528,1.0644855499267578,141.6575071151714,14.01902985572815,-1.8310548e-08,10.915555238723755,0.1198117733001709,100
790000,265.48552897512747,7.116033524541437,225.2505539625519,0.0013539307,25.805959463119507,27.00653648376465,78,2142.948908805847,256.23231057986067,1.0801007747650146,142.16677123872066,14.136489868164062,-1.2207031e-08,10.960737466812134,0.1198265552520752,100
800000,270.14673388502564,5.64513367797085,239.68663372879212,-0.0037330932,25.57860827445984,26.761959075927734,79,2169.769818544388,257.3961186353774,1.0646297931671143,142.56310405625212,14.004732370376587,-1.2207031e-08,10.888777017593384,0.11799049377441406,100
810000,267.44746747278543,13.042675646510833,169.10645963624586,-0.0038735168,25.761474132537842,26.944310188293457,80,2196.7746875286102,256.92751721670714,1.0678424835205078,142.26158740317206,14.043124914169312,1.2207031e-08,11.005996942520142,0.11436343193054199,100
820000,267.53187443719264,4.27953628802375,248.25395372415966,0.0021512466,25.68187189102173,26.86069345474243,81,2223.699103832245,260.562062351518,1.0674872398376465,143.99129059815286,14.033525466918945,-4.577637e-09,10.9528489112854,0.11057806015014648,100
830000,266.81506349019406,3.6617450658066932,248.1610480354196,0.0016002014,25.72350788116455,26.925994873046875,82,2250.6821415424347,260.47096616369015,1.0776619911193848,143.98934623070852,14.099568605422974,2.4414062e-08,10.898835182189941,0.12408995628356934,100
840000,269.4360976908159,4.715139395736428,233.31727653524786,0.0012102578,25.7374324798584,26.889384984970093,83,2277.631912946701,261.5638083032827,1.0426702499389648,144.59390278465622,14.0153067111969,-1.5258789e-09,11.033687114715576,0.10858726501464844,100
850000,268.01900690427533,18.72978331019578,128.86956539255254,-0.0030821357,25.882753610610962,27.103475093841553,84,2304.796835422516,259.51922248344795,1.1007962226867676,143.95258067763731,14.199869394302368,3.8146974e-09,10.992065906524658,0.1191706657409668,100
860000,270.61413194039085,5.2971154219832775,227.35781199050717,-0.0038067023,25.54535746574402,26.748005628585815,85,2331.6032967567444,261.79827803005753,1.0776872634887695,144.68164738726827,13.982707262039185,-9.918213e-09,10.86960506439209,0.12424778938293457,100
870000,270.161548851029,8.51622402747889,189.9962178073152,-0.002893976,25.70107388496399,26.871776819229126,86,2358.534668445587,261.8036550909603,1.0532495975494385,144.7691328909814,14.084833860397339,-6.1035155e-09,10.921666622161865,0.11671328544616699,100
880000,272.2175046038176,4.705663925243417,247.81425920572133,-0.0015898529,25.795604467391968,26.984528064727783,87,2385.5792248249054,263.1687623844141,1.07204270362854,145.25237799391536,14.170497417449951,-6.1035155e-09,10.93709945678711,0.11627483367919922,100
890000,270.91240626299304,12.520090037734898,149.87579555557602,-0.002410725,25.64993119239807,26.861757516860962,88,2412.502825498581,262.0369496726694,1.0773935317993164,144.90775741685505,14.064589500427246,5.340576e-09,10.894366979598999,0.1337888240814209,100
900000,271.98477791317737,8.619403627039805,190.7799248217228,-0.0036457032,25.603469848632812,26.81108021736145,89,2439.3731696605682,262.971468193853,1.0971648693084717,145.43028235814026,14.023384094238281,3.051758e-08,10.890743970870972,0.10982799530029297,100
910000,273.8063126856946,5.65658783402861,230.36305673527025,-0.002435916,25.514434337615967,26.682953596115112,90,2466.117091655731,264.50759054291973,1.054248332977295,146.2000159670969,13.956104516983032,6.1035155e-09,10.856378316879272,0.11356925964355469,100
920000,273.9153910772359,15.349182695614235,120.83649063717905,-0.0025840881,25.548086881637573,26.722466945648193,91,2492.898090362549,262.39164385651316,1.0508861541748047,145.10800019699872,14.015735864639282,-9.155274e-09,10.841482400894165,0.12292146682739258,100
930000,274.6485865427882,14.446126896871563,127.22133053975628,-0.0022194244,25.589779376983643,26.75196361541748,92,2519.7089779376984,263.42463070726285,1.050992727279663,145.71018463245085,14.035399198532104,-7.629395e-09,10.858055353164673,0.11043238639831543,100
940000,277.31791798055144,6.0889308209655155,229.0090065967946,-0.0017631256,25.48878765106201,26.680586338043213,93,2546.4516084194183,263.36218873472353,1.080226182937622,145.65899262063382,14.00510025024414,-1.6784668e-08,10.793787002563477,0.11089968681335449,100
950000,272.36757441853325,2.9979645409783244,258.11085846339853,-0.002025354,25.486430168151855,26.69149613380432,94,2573.201143026352,265.2829643483792,1.0889201164245605,146.34305879402774,14.00285005569458,1.8310548e-08,10.794623136520386,0.11550354957580566,100
960000,275.9046193662884,3.535395225171992,255.15920554719008,-0.00087771605,25.539555549621582,26.73095965385437,95,2599.9913396835327,265.78299956334064,1.081468105316162,146.53925136775345,14.007131576538086,1.525879e-08,10.844821214675903,0.10919976234436035,100
970000,273.451881963189,4.487376883858286,234.71583180404488,-0.0027675799,25.609167098999023,26.783936262130737,96,2626.835437297821,265.94389514006775,1.0578906536102295,146.88919356095906,14.044254541397095,6.198883e-09,10.87613821029663,0.11627316474914551,100
980000,273.9313340276729,4.2935281866364345,247.35698661530932,0.0015689026,25.50410032272339,26.718440532684326,97,2653.619862794876,266.18072388230195,1.0727274417877197,147.0929369072431,13.94750189781189,2.4414062e-08,10.841052055358887,0.14083409309387207,100
990000,275.48154582496403,6.105896497435607,227.0203320865418,0.00065177307,25.607959508895874,26.78619885444641,98,2680.4659075737,265.9958796445921,1.0647850036621094,146.67431421091425,14.073225736618042,9.155274e-09,10.843478202819824,0.1127920150756836,100
1000000,276.28371770106116,20.930462667865903,127.10218384418741,0.00014505463,25.643919706344604,26.848268508911133,99,2707.3753736019135,263.1700027127201,1.0778138637542725,145.56037441762004,14.083200693130493,0.00722005,10.869750022888184,0.1257622241973877,100
1010000,275.4997855625294,5.7946941531944836,228.30496177356414,0.0022089721,26.085920572280884,27.278460264205933,100,2734.712440252304,266.13911116467216,1.0807714462280273,146.63543074910325,14.333875894546509,1.2207031e-08,11.041092872619629,0.11105465888977051,100
1020000,275.9848816057787,16.02361430976117,141.387115398136,-0.0034477052,25.607997179031372,26.806713581085205,101,2761.5773282051086,264.4567177869669,1.0856540203094482,145.8814091871348,14.02245831489563,3.0517577e-09,10.885397911071777,0.1124880313873291,100
1030000,279.9990157409192,6.359176529948614,218.63854261221374,0.00089328,25.478968620300293,26.688007354736328,102,2788.3303973674774,266.32875657248786,1.0897846221923828,146.66378282767394,13.969028949737549,1.2207031e-08,10.81948733329773,0.11850190162658691,100
1040000,274.03064801849337,4.3441291675576625,242.4153737648186,-0.0015854095,25.536774158477783,26.712433576583862,103,2815.1056106090546,267.53708769535746,1.059758186340332,147.20759846642844,14.026329517364502,-1.5258789e-09,10.81874704360962,0.11516523361206055,100
1050000,275.4052073631646,16.133152656585978,110.5089350853089,-0.002474707,25.51509952545166,26.692810773849487,104,2841.8608362674713,266.8138456146971,1.0677745342254639,146.97610544300912,14.027636051177979,-6.1035155e-09,10.799232721328735,0.1092677116394043,100
1060000,275.8357860752289,3.509461569182147,256.45670857576624,-0.0025399749,25.5647873878479,26.755895853042603,105,2868.676028728485,267.74365375759805,1.0817899703979492,147.2748424139966,14.007506370544434,-9.155274e-09,10.861599922180176,0.10854434967041016,100
1070000,277.62407529869006,3.567598040159289,256.62907826247095,0.0027545874,25.563982248306274,26.7508282661438,106,2895.49188375473,268.30845832843073,1.0695040225982666,147.55904923105382,14.011330604553223,-1.5258789e-09,10.856765747070312,0.1165776252746582,100
1080000,277.41720271607556,4.1190961006171,253.99918172665542,0.0026594421,25.442467212677002,26.65439009666443,107,2922.2078428268433,268.44932412767383,1.0689671039581299,147.71876326419294,13.946216583251953,-4.2724608e-08,10.807495355606079,0.14215826988220215,100
1090000,282.3217145764445,4.390458189652061,252.3096867899372,0.0010570069,25.50040102005005,26.689602375030518,108,2948.957588672638,268.87182246779196,1.0777196884155273,147.7763258176561,13.938084840774536,-6.1035155e-09,10.869574308395386,0.11090850830078125,100
1100000,280.712681462358,39.05806935145153,79.1848265855048,0.0114224795,25.633238077163696,26.830037117004395,109,2975.850597381592,258.07433306529515,1.0851099491119385,141.4203434121563,14.040024042129517,3.967285e-08,10.901149272918701,0.11104726791381836,100
1110000,278.95289911318656,14.14572460715669,132.89266901613902,0.021119097,25.427103996276855,26.62010908126831,110,3002.5295701026917,267.2923722995245,1.0821216106414795,147.00259011104697,13.961025476455688,0.03096797,10.765960454940796,0.1102440357208252,100
1120000,274.8313361807588,3.979839258987784,248.41860046485934,-0.0007810303,25.59359645843506,26.791080713272095,111,3029.3849687576294,269.0974786870654,1.0812716484069824,147.899202143647,14.007290840148926,1.0681152e-08,10.894163846969604,0.11547660827636719,100
1130000,279.1484670616701,4.614064270429382,250.98706900421635,-0.001869049,25.511317491531372,26.734970331192017,112,3056.1780326366425,269.55183167830086,1.0957188606262207,148.01239959904942,13.954195737838745,0.00079898984,10.868812322616577,0.1272273063659668,100
1140000,278.8405103391882,3.8964030019114513,259.947899397595,0.0037041686,25.544912338256836,26.71824550628662,113,3082.957708835602,270.21619716353536,1.0604438781738281,148.339177685977,13.962788820266724,-1.0681152e-08,10.888891696929932,0.11211538314819336,100
1150000,281.4485649525078,5.206756082230281,245.78710595554128,0.00023658185,25.565216779708862,26.741813898086548,114,3109.7624974250793,271.31209343778005,1.0681030750274658,149.148596849374,14.083751916885376,-3.3378602e-09,10.786768436431885,0.10780143737792969,100
1160000,282.307027963648,4.264335269296714,257.279216953484,0.006240657,25.723094701766968,26.912265062332153,115,3136.739246368408,272.91676201328596,1.0708186626434326,149.80980030256475,14.11580228805542,6.1035155e-09,10.913615942001343,0.11752176284790039,100
1170000,282.1209349925965,26.69392125064838,118.09422322036028,0.013489768,25.60424041748047,26.810128688812256,116,3163.6159477233887,265.9393352100793,1.0779402256011963,146.6263939831002,14.014345169067383,-8.773804e-09,10.875408411026001,0.12733817100524902,100
1180000,282.153756384001,17.455048315482877,153.90293755277867,0.004599594,25.55912184715271,26.77376937866211,117,3190.448217153549,269.12430996634316,1.097660779953003,147.49694859474445,14.052412033081055,0.03000758,10.818132400512695,0.11629152297973633,100
1190000,280.19205278664316,6.9300275119811205,239.86838927812147,0.028280042,25.63222861289978,26.820749044418335,118,3217.332223892212,270.59173622978494,1.0723328590393066,148.24211890383702,14.066115379333496,6.1035155e-09,10.87663722038269,0.11538076400756836,100
1200000,279.8655102342258,3.836793521004869,261.28123007897113,0.015363048,25.615736722946167,26.842183113098145,119,3244.2346320152283,272.28738794824636,1.11466383934021,149.15173452627306,14.07827877998352,3.8146974e-09,10.845401287078857,0.11114120483398438,100
1210000,280.41152813024297,17.476966089062135,101.6426231915053,0.019846808,25.531188488006592,26.703920125961304,120,3271.009303331375,269.32439114185445,1.0578532218933105,147.73882430968197,13.98347020149231,-3.0517577e-09,10.845453262329102,0.11421537399291992,100
1220000,281.65083012465465,35.485306592421175,55.02472926393523,-0.004126474,25.483853578567505,26.687053203582764,121,3297.75848197937,260.6367964252395,1.0825695991516113,143.90044785749697,14.024235963821411,-1.9836426e-08,10.76611614227295,0.11994647979736328,100
1230000,281.38377440577545,26.840086338078397,130.3921471329007,0.0008534233,25.46082305908203,26.64670753479004,122,3324.4632062911987,265.82256685422,1.0719420909881592,146.57075438269416,14.06007695198059,-1.1444092e-08,10.70928406715393,0.11321210861206055,100
1240000,279.72817770976286,20.228342720579963,130.38688612561052,0.000761145,25.79944634437561,27.013492822647095,123,3351.5360112190247,269.5039001191933,1.0917410850524902,148.1954830479817,14.23348617553711,6.1035155e-09,10.868232727050781,0.12138175964355469,100
1250000,282.8002794216709,3.7040587157488716,264.11208075444284,-0.0008971237,25.62382197380066,26.804119348526,124,3378.4038887023926,272.7659268060816,1.0651631355285645,149.26415605496098,14.076475858688354,-1.0681152e-08,10.850244998931885,0.11455392837524414,100
1260000,280.641065210878,4.546529073054911,253.53709739363134,-0.0028977662,25.50909447669983,26.70236897468567,125,3405.163855791092,272.9693455952395,1.0767180919647217,149.4955382796721,14.037654399871826,0.00971151,10.778855562210083,0.11582088470458984,100
1270000,282.74883185717556,6.353921692424155,237.00700984128176,-0.0035234436,25.40455389022827,26.60192060470581,126,3431.82639670372,273.4359932878626,1.0716893672943115,149.87397585775318,13.906105041503906,1.525879e-08,10.789097547531128,0.12497615814208984,100
1280000,282.95017921264406,14.835766370849552,129.89440062808123,-0.0036820984,25.39893651008606,26.573436975479126,127,3458.4603385925293,273.02887545660644,1.0636439323425293,149.79780046519306,13.977208375930786,-1.8310548e-08,10.735432863235474,0.11014938354492188,100
1290000,282.2361316465189,4.582639603086344,250.60583080338677,0.00790014,25.835731506347656,27.020057201385498,128,3485.5408663749695,273.4770520186683,1.0639522075653076,149.72531170795162,14.172027587890625,-0.0013649231,10.965483903884888,0.11963796615600586,100
1300000,280.9139470335917,3.6391758581150944,260.78020982422504,0.00040024816,25.749594688415527,27.047974348068237,129,3512.647301197052,274.57778302746937,1.1759672164916992,150.1428193923672,14.147157669067383,-5.0544737e-09,10.900985717773438,0.12180709838867188,100
1310000,282.05098340758724,3.858614455067261,263.6742237409443,0.0017518463,25.5760760307312,26.807727336883545,130,3539.519520998001,275.74800560833245,1.1125767230987549,150.80211160083007,14.120497703552246,-3.0517577e-09,10.765788793563843,0.11835336685180664,100
1320000,285.0904445347021,4.254997581250093,261.09253522401696,0.0001776022,25.50493860244751,26.8392493724823,131,3566.4193861484528,275.95305405419805,1.2071244716644287,150.64542133486708,14.025395393371582,-2.2888185e-09,10.786279678344727,0.12641406059265137,100
1330000,282.70621401880913,15.2632249159667,129.23221159293863,-0.0034783997,25.686042308807373,26.912042379379272,132,3593.39821600914,274.5138836202718,1.114530086517334,150.27853787516145,14.12252426147461,-1.2207031e-08,10.85824465751648,0.11076641082763672,100
1340000,283.7226646124782,3.9714200821469223,265.05751424435283,-0.0009312439,25.454404830932617,26.642637968063354,133,3620.1014857292175,276.96762510511076,1.0705595016479492,151.3979303052654,13.935112953186035,-6.1035155e-09,10.824699878692627,0.1169748306274414,100
1350000,286.00277472657007,6.672928636099875,231.2258438052778,-0.0030399123,25.602563858032227,26.774256229400635,134,3646.9390666484833,275.60430638929915,1.06231689453125,150.33896075364683,14.023581504821777,1.2207031e-08,10.88527774810791,0.10871553421020508,100
1360000,283.98735850788535,2.800415077958808,270.7060633560202,-0.0010035454,25.601763248443604,26.76526951789856,135,3673.7738053798676,276.4478443204199,1.037674903869629,151.22435588230164,14.105411291122437,-1.1444092e-08,10.808808326721191,0.12507247924804688,100
1370000,284.28978843187207,3.9919353970806277,265.12458300967603,-0.0048681092,25.54521131515503,26.756142139434814,136,3700.588476419449,276.3137694267709,1.1032702922821045,151.12595039233472,14.015874862670898,-1.2207031e-08,10.844950437545776,0.10681819915771484,100
1380000,285.0408823822557,3.5228111674614206,269.7820053154164,-0.0024525444,25.594695568084717,26.815803289413452,137,3727.471820831299,277.7245537324601,1.1053624153137207,151.79765285384616,14.087442636489868,-1.2969971e-08,10.810162782669067,0.11499714851379395,100
1390000,286.55155964154636,4.247828763537432,260.8770564308244,-0.0036833251,25.46235179901123,26.654114484786987,138,3754.1944229602814,277.8392677331896,1.0729339122772217,151.85176723970164,14.011358737945557,1.8310548e-08,10.765592336654663,0.11816143989562988,100
1400000,286.14785281331245,14.648773864568868,138.66351249465092,-0.002299884,25.528942108154297,26.76600694656372,139,3781.027341604233,276.8335196792712,1.1049787998199463,151.21831267359224,14.033029079437256,-2.2949218e-05,10.800633192062378,0.13137173652648926,100
1410000,285.2045020508093,4.616359456544293,262.2932887870526,-0.0028857666,25.58314061164856,26.816291570663452,140,3807.9107189178467,278.0201318684185,1.082582712173462,151.82279473177445,14.064358472824097,-3.0517577e-09,10.817280292510986,0.14986920356750488,100
1420000,285.1825409962415,4.341645312570742,251.04522824132525,-0.001388202,26.01665449142456,27.220333576202393,141,3835.1886496543884,278.44084415509514,1.0736260414123535,152.13492279095968,14.258153676986694,-1.525879e-08,11.055058240890503,0.129319429397583,100
1430000,286.3167948380429,15.231431709994203,133.70107415714435,-0.004303955,25.40762233734131,26.623904705047607,142,3861.875818490982,277.64986242583933,1.0867762565612793,151.49792931777623,13.955187320709229,3.0517577e-09,10.76273226737976,0.1288900375366211,100
1440000,285.99018296722664,4.131706458038561,256.1395909148406,-0.0034510072,25.630353450775146,26.814850091934204,143,3888.748057126999,279.0452838337215,1.0657110214233398,152.43428522551045,14.121756792068481,1.8310548e-08,10.82252812385559,0.11794281005859375,100
1450000,287.7940901975442,3.241794543516388,268.92150121666066,-0.0010075363,25.47879385948181,26.688697576522827,144,3915.4966497421265,279.4382688822029,1.0961508750915527,152.50547564891664,13.93731141090393,1.6784668e-08,10.845652103424072,0.11307907104492188,100
1460000,285.8535600683095,4.182327634095401,262.7043942534296,0.009844599,26.134880542755127,27.38556694984436,145,3942.9426078796387,279.69870703637287,1.1110193729400635,152.72903797313714,14.410758256912231,-6.1035155e-09,11.00003957748413,0.13900351524353027,100
1470000,287.32726927027284,4.774887784426466,247.1205002329816,0.00034043886,25.60429573059082,26.8036208152771,146,3969.8087923526764,278.95866148841617,1.0696606636047363,152.179180129097,14.045706272125244,3.0517577e-09,10.868383169174194,0.12899518013000488,100
1480000,287.84798044636204,3.434721722234461,269.21489649308324,0.012041052,25.535149097442627,26.705372095108032,147,3996.5748422145844,280.0822356267945,1.0511343479156494,153.01923088800228,14.011189699172974,3.0517577e-09,10.832095384597778,0.11840343475341797,100
1490000,287.4892973382968,5.217543384605094,252.60180046607536,0.012300468,25.64889931678772,26.830018281936646,148,4023.463190317154,279.2219501259068,1.062047004699707,152.95537238667788,14.198556184768677,6.1035155e-09,10.753241777420044,0.11836671829223633,100
1500000,286.0675685752233,3.036889298870024,268.03333094309966,-0.0014238892,25.378402948379517,26.58672332763672,149,4050.1087448596954,280.63368309709966,1.0954554080963135,153.83183520895207,13.947236061096191,-1.2207031e-08,10.739184856414795,0.11226606369018555,100
1510000,287.02559016233505,15.150917613376073,136.95203526482518,-0.0030350052,25.4116632938385,26.627700328826904,150,4076.7992582321167,278.6876265521263,1.0805590152740479,152.86852781878792,14.023025512695312,-2.1362304e-08,10.69438648223877,0.13472986221313477,100
1520000,286.0306258663033,3.5401268916099857,268.15069675297974,-0.0046323943,25.468078136444092,26.694670915603638,151,4103.555170536041,280.49405786839924,1.1025080680847168,153.90290090860088,13.978332996368408,-3.051758e-08,10.775455236434937,0.1234750747680664,100
1530000,289.1772957923873,3.4047616853501004,263.63605860944324,-0.003833957,25.48689913749695,26.691397190093994,152,4130.31417298317,281.00540013936575,1.0908870697021484,154.21948081043095,14.033958673477173,-1.5258789e-09,10.759332418441772,0.11293721199035645,100
1540000,287.25152268167545,19.66525845208167,131.95841647941123,-0.002634799,25.392654180526733,26.580897092819214,153,4156.957701683044,278.35908446581334,1.0659425258636475,152.8159423644242,13.952043056488037,9.155274e-09,10.74808406829834,0.12154650688171387,100
1550000,287.49940782783807,12.998774139397996,156.7453931317337,-0.0031555358,25.627116680145264,26.80929660797119,154,4183.837348461151,278.95379524071086,1.0607914924621582,153.1904826007572,14.116029262542725,-0.00048646546,10.824450254440308,0.120697021484375,100
1560000,287.4124002878501,3.858410770506854,261.8300676028366,-0.0015939118,25.39784550666809,26.569406270980835,155,4210.464558124542,280.70638115846896,1.058605432510376,153.9852318076214,13.96489405632019,-0.0007552216,10.742591381072998,0.11235427856445312,100
1570000,287.89599019530027,4.328383606378465,258.7520329249818,0.005410077,25.482417583465576,26.712230920791626,156,4237.241149663925,280.09715200494685,1.0879862308502197,153.95926342411238,14.044013023376465,-6.1035155e-09,10.737938165664673,0.14120936393737793,100
1580000,287.8862016178064,3.2878970103130443,269.00132286303085,0.011494347,25.498332023620605,26.690252542495728,157,4263.998928070068,281.45301065711357,1.083970546722412,154.53964510799668,14.093722820281982,-6.1035155e-09,10.711490154266357,0.10719704627990723,100
1590000,285.5402055478537,16.0112478325512,129.13594062174138,0.0010819274,25.520216941833496,26.721906185150146,158,4290.781532049179,277.9936125208518,1.0862529277801514,153.50594120418288,14.130199432373047,1.2207031e-08,10.69690752029419,0.11473393440246582,100
1600000,286.9495112970627,6.661114646305435,225.3533040052742,-0.001683554,25.412856578826904,26.618313312530518,159,4317.465914726257,279.55638565054045,1.0818467140197754,154.14226701465557,14.020464658737183,1.2207031e-08,10.69821548461914,0.12289905548095703,100
1610000,286.54796399925493,11.342333633751378,178.49282467933702,-0.002180182,25.44390058517456,26.674333333969116,160,4344.202298164368,277.2333844888648,1.067516803741455,153.04043408208236,14.029919624328613,1.2207031e-08,10.709838628768921,0.16185617446899414,100
1620000,286.94691771697694,4.663180363095621,256.9702047819657,-0.003882959,25.185271978378296,26.533843517303467,161,4370.794181346893,279.7633856915587,1.2086420059204102,154.22094635990214,13.918427228927612,-4.8828124e-08,10.57750415802002,0.1380610466003418,100
1630000,286.58303217416545,10.198820643387307,187.3418627956413,-0.0037241958,25.215645790100098,26.797341108322144,162,4397.653124570847,280.1940339764071,1.3880407810211182,154.25915169033118,13.888192176818848,-6.1035155e-09,10.641106367111206,0.19267606735229492,100
1640000,286.73475420500114,4.1050046376135825,263.2562302367987,-0.0038429894,25.109024047851562,26.756739616394043,163,4424.473064661026,280.941561038505,1.479767084121704,154.57628599398083,13.765920877456665,1.5258789e-09,10.650852680206299,0.16643786430358887,100
1650000,290.20302839026175,3.9651878920738257,257.66698117322636,0.004247058,25.02238893508911,26.793222665786743,164,4451.327369689941,282.10720696872255,1.6226685047149658,154.96145826692262,13.718151330947876,-1.525879e-08,10.623180866241455,0.14681077003479004,100
1660000,288.0808738852992,4.119000501812039,260.71312065212237,0.002667862,24.98514723777771,26.759257555007935,165,4478.149799823761,282.24924130797746,1.6627850532531738,155.0361808172884,13.668924570083618,7.629395e-09,10.630707263946533,0.11054205894470215,100
1670000,289.41471526545394,3.839884620300461,264.99393451697154,0.013689806,25.110392808914185,26.830885887145996,166,4505.063172578812,282.2581314024366,1.6017038822174072,154.86913173794153,13.724472999572754,1.0681152e-08,10.698967456817627,0.11740803718566895,100
1680000,288.25360051050865,3.633937529477935,270.41951317648625,0.002928711,25.092288494110107,26.705958127975464,167,4531.892256498337,282.5354455178512,1.5068106651306152,155.22559888290905,13.758147478103638,-6.4849854e-09,10.64681887626648,0.10599708557128906,100
1690000,288.56090847304336,4.342019569765545,262.0462740559568,0.005712018,25.20267081260681,26.792075157165527,168,4558.770307540894,282.59096987671404,1.439507246017456,155.18624474974362,13.806594610214233,-4.386902e-09,10.703298091888428,0.14849090576171875,100
1700000,290.2142004035858,7.473985977605101,245.0462527861751,0.010043274,25.132429599761963,26.601334810256958,169,4585.458660364151,280.31497830337753,1.3516266345977783,153.9284713305886,13.81879472732544,-6.1035155e-09,10.631282091140747,0.11591005325317383,100
1710000,288.64737564828533,3.9189746583409715,265.83316373521416,0.02334064,25.400105953216553,26.7259783744812,170,4612.267646551132,282.0295191271479,1.2141876220703125,154.59347248472952,13.91861629486084,-7.05719e-09,10.792711734771729,0.11060237884521484,100
1720000,286.69509473075885,4.208839969597625,253.47609022002126,0.014707959,25.36910390853882,26.62215757369995,171,4638.972899913788,281.7907351799611,1.1404979228973389,154.1596532854937,13.893137216567993,1.2207031e-08,10.781991004943848,0.11183404922485352,100
1730000,288.6667114155823,4.960830482439526,254.06113846515407,0.0047245575,25.34558892250061,26.525113582611084,172,4665.5833151340485,282.2954267752842,1.0694408416748047,154.60442305937536,13.87914490699768,3.0517577e-09,10.778995752334595,0.10919857025146484,100
1740000,287.91790247721167,3.790630038936155,269.7537105467522,0.016931731,25.5203959941864,26.689482927322388,173,4692.33528137207,282.215360024469,1.0433344841003418,154.5241289745956,14.011841773986816,0.03399751,10.803791284561157,0.12396812438964844,100
1750000,287.3991034375381,13.474573940226154,161.7067211183915,-0.0035453278,25.509427070617676,26.699674367904663,174,4719.091702461243,278.4900213544545,1.0736584663391113,152.1668818331117,14.03058934211731,1.525879e-08,10.7712984085083,0.1159200668334961,100
1760000,288.075146597258,7.134729003940126,249.84248465644112,0.003483566,25.419106006622314,26.65779447555542,175,4745.811188697815,280.1389287423001,1.0968010425567627,153.12087404027127,14.034089088439941,-1.2207031e-08,10.698341608047485,0.14122915267944336,100
1770000,288.5245555224152,4.054052690539226,267.2633095892905,-0.0013581243,25.516351222991943,26.70509362220764,176,4772.5840945243835,282.0414353151292,1.0753037929534912,154.8422215541269,14.120843887329102,1.9073487e-09,10.701899528503418,0.11266946792602539,100
1780000,289.2582324637598,4.3000367172158,262.28071812961775,0.0022325378,25.2976975440979,26.485018730163574,177,4799.127806663513,282.9240365326419,1.0700078010559082,155.12114826724098,13.881079912185669,6.1035155e-09,10.72822380065918,0.11664247512817383,100
1790000,288.6949423474249,5.651075897932057,257.55637943825195,0.006204138,25.591179132461548,26.777164936065674,178,4825.975039720535,282.1107649202348,1.0733866691589355,155.0458386744275,14.16802167892456,6.1035155e-09,10.726700782775879,0.11195087432861328,100
1800000,289.85199223264794,3.272068756413893,273.3234119963381,0.008612214,25.47725200653076,26.65071749687195,179,4852.682398319244,284.1094788101032,1.0547327995300293,155.73080573670538,14.032468557357788,-9.155274e-09,10.741086483001709,0.11812853813171387,100
1810000,290.64279390901794,5.136630613953965,256.3174624646482,0.0036538148,25.575117588043213,26.745126008987427,180,4879.48521065712,282.19230691655423,1.0575511455535889,155.06640708010303,14.1583731174469,-3.0517577e-09,10.712580442428589,0.1117703914642334,100
1820000,289.59750332110036,4.323367321728231,267.52500932138236,0.0073086456,25.381772994995117,26.596201181411743,181,4906.143814086914,284.22412707705877,1.0907881259918213,155.78090916654443,14.054741144180298,-1.8310548e-08,10.63248872756958,0.1227874755859375,100
1830000,289.993097140487,52.66864664041088,10.05607974605929,-0.0015226089,25.334816932678223,26.533114433288574,182,4932.737098693848,267.2267078832305,1.0743298530578613,147.03427046278017,13.977657318115234,-4.577637e-09,10.662826776504517,0.12332749366760254,100
1840000,289.597367631295,22.71223687173903,122.663836088197,-0.005810797,25.46893310546875,26.674434900283813,183,4959.479215145111,281.0483715640618,1.0904288291931152,154.39007857432946,14.097149848937988,1.2207031e-08,10.682886838912964,0.11443138122558594,100
1850000,289.8237725565326,4.110293553563323,262.09954222908283,-0.00074925844,25.396650552749634,26.62861943244934,184,4986.169420957565,284.89366717603076,1.088057518005371,155.83506176997287,13.965110540390015,-1.5258789e-09,10.730471134185791,0.1432654857635498,100
1860000,291.3370421354694,2.6796510029247345,275.8990296902258,-0.0054874206,25.505066871643066,26.736342191696167,185,5012.961540699005,285.1068877926987,1.1133708953857422,155.85133761536616,14.081799983978271,-1.6021728e-08,10.733225107192993,0.11715459823608398,100
1870000,291.51501177752783,3.0135882368728453,275.21501055495486,-0.0025284423,25.45891261100769,26.65280818939209,186,5039.6844782829285,285.36755386987676,1.0778048038482666,156.13869889781785,13.994640111923218,9.155274e-09,10.76745319366455,0.11541748046875,100
1880000,290.7196590104142,12.890688734641017,167.28564903923575,-0.0041174013,25.44521999359131,26.807793855667114,187,5066.555267333984,284.26763862395075,1.2540397644042969,155.45004394221462,14.023943901062012,1.2207031e-08,10.731343746185303,0.1078028678894043,100
1890000,289.5855721981961,2.618138196084455,273.04883638730644,-0.0010778545,25.41079306602478,26.59034276008606,188,5093.208863258362,285.4362537251978,1.0708787441253662,156.2524954835727,14.041547060012817,-6.1035155e-09,10.670511245727539,0.10794782638549805,100
1900000,290.46839735774773,2.4028052389027867,273.12414208396973,-0.0011960012,25.510933876037598,26.722455739974976,189,5119.992685317993,285.75302494702146,1.0861358642578125,156.32012455553289,14.059115409851074,-2.3269653e-08,10.76595401763916,0.12470006942749023,100
1910000,289.84085985466976,2.316618380820415,278.6619931274456,-0.0019817306,26.234919786453247,27.415462970733643,190,5147.468006134033,285.57168119785456,1.06795334815979,156.23606718028378,14.485726833343506,6.1035155e-09,11.042341232299805,0.11177825927734375,100
1920000,290.63631840113663,11.758792245741223,172.12241029852686,0.0025767821,25.430447816848755,26.635327339172363,191,5174.167776107788,284.0795937275773,1.0975487232208252,155.64795254638545,13.975176334381104,-1.525879e-08,10.763616561889648,0.1066887378692627,100
1930000,290.50286626389664,3.849091523575535,265.13831076394433,-0.003647995,25.467530488967896,26.675417184829712,192,5200.901590585709,284.62977844856226,1.0938313007354736,156.11290867174677,14.039140701293945,-6.1035155e-09,10.73868179321289,0.11342191696166992,100
1940000,290.1608178878677,13.092866703629241,157.59318163754887,-0.0030596436,25.373347282409668,26.57503080368042,193,5227.542448997498,284.4396852715739,1.076857089996338,155.70307488625124,13.942837715148926,9.155274e-09,10.732482194900513,0.12420058250427246,100
1950000,290.0284733853157,3.417488563206767,267.225335815819,-0.0036775025,25.472512245178223,26.659087657928467,194,5254.262346982956,285.10860448823286,1.0743625164031982,156.25882711828766,14.073659420013428,-6.1035155e-09,10.712300300598145,0.11161041259765625,100
1960000,290.21668035288576,2.785647851626153,268.5380980931478,-0.0028922088,25.385349988937378,26.595411777496338,195,5280.918364524841,284.8575667397016,1.0938313007354736,156.23928715677826,13.999085187911987,1.525879e-08,10.69995641708374,0.11552238464355469,100
1970000,290.014503150906,2.176915410703263,277.7885086020467,-0.0021523125,25.424715518951416,26.619540214538574,196,5307.599694013596,285.08101950501447,1.0679593086242676,156.31646121823178,13.962510347366333,-7.6293943e-10,10.776421546936035,0.12615394592285156,100
1980000,290.9052379869055,2.4148836789973567,280.6357101566227,0.0006491028,25.370067358016968,26.563431978225708,197,5334.219355344772,286.4023427063602,1.0657436847686768,156.92175343235797,14.008100986480713,1.2207031e-08,10.672699451446533,0.12659811973571777,100
1990000,291.0399493060749,23.791206640894224,125.9145170001365,-0.0032595666,25.461426973342896,26.653560400009155,198,5360.93522310257,281.5066522889172,1.0599474906921387,154.37974009713759,14.06981873512268,-1.0681152e-08,10.699418306350708,0.1314702033996582,100
2000000,291.3069367919296,2.674563692780343,275.779493581065,0.004813494,25.523029565811157,26.683486700057983,199,5387.675420045853,286.88599417375275,1.0492722988128662,156.91636828098714,14.094654560089111,1.525879e-08,10.738188743591309,0.11050534248352051,100
2010000,292.3869753998698,3.3105787913904856,267.7890113346233,0.014969986,25.318846940994263,26.508040189743042,200,5414.246584653854,285.4600748694838,1.0746486186981201,156.55740070814983,13.973574161529541,-1.01089475e-08,10.645725965499878,0.11379814147949219,100
2020000,290.540349800912,2.1198829496457416,274.26187777325936,0.018070893,25.406840324401855,26.602579832077026,201,5440.913844347,286.7378252573497,1.0817441940307617,156.8469396923169,13.97101879119873,9.155274e-09,10.74661374092102,0.11326909065246582,100
2030000,291.14069915991195,2.426734758052385,276.01194456871644,0.00033151856,25.47700023651123,26.690633058547974,202,5467.671241283417,286.5312422006002,1.104196548461914,156.52029941820345,14.001081466674805,-1.8310548e-08,10.780664205551147,0.10868024826049805,100
2040000,290.4274755407053,2.313480738039155,277.7368001420229,0.0059689474,25.410858869552612,26.637859106063843,203,5494.371735095978,286.5378789904416,1.101973295211792,156.4933044527508,13.98024606704712,-3.0517577e-09,10.736860275268555,0.12430763244628906,100
2050000,290.18578246492643,2.2178173259745146,277.68129497103183,-0.0013354371,25.5144944190979,26.73098134994507,204,5521.161649942398,285.88273832861796,1.1025028228759766,156.07052859365024,13.971551179885864,1.525879e-08,10.841825246810913,0.11319184303283691,100
2060000,290.891803308356,2.724636532550865,272.2834036571707,-0.003358545,25.322683572769165,26.505281448364258,205,5547.726996898651,286.6733604692804,1.0682997703552246,156.85266415666283,13.952293395996094,-4.2724608e-08,10.67556118965149,0.11357283592224121,100
2070000,291.1939449243475,2.8057465398218127,274.30969732306096,-0.0011534912,25.407819747924805,26.62296986579895,206,5574.408722400665,286.35407224605234,1.076094150543213,156.73985865830755,13.992700815200806,3.051758e-08,10.709054470062256,0.1383683681488037,100
2080000,290.9628799831491,2.101346418588471,280.5180143122937,-1.8603516e-05,25.51741671562195,26.73774480819702,207,5601.204242229462,286.8841020432269,1.0970854759216309,157.1122945006169,14.113759279251099,0.007501526,10.702028512954712,0.12256217002868652,100
2090000,291.38931643965924,13.112806768270422,159.3312789922501,-0.0005639282,25.361411571502686,26.556997537612915,208,5627.824406385422,286.434858296199,1.0822148323059082,156.6189362174455,13.937603950500488,-9.155274e-09,10.723462581634521,0.11277151107788086,100
2100000,293.3877300959013,2.5271381407468008,276.23467304888885,-0.0017102294,26.125861406326294,27.300206661224365,209,5655.191705465317,287.5977039531601,1.0552668571472168,157.2353327638317,14.448307991027832,-3.0517577e-09,10.968120813369751,0.118438720703125,100
2110000,292.4880616868998,5.200085528966048,254.749830272048,-0.0028324828,25.60475206375122,26.812106370925903,210,5682.0635578632355,287.14647712208523,1.0967795848846436,156.9405601816668,14.070572137832642,-1.2207031e-08,10.831547737121582,0.10980534553527832,100
2120000,291.8575773598974,2.491183469103257,274.62867165375474,0.0015606324,25.495739221572876,26.687588930130005,211,5708.814671278,287.3916056628682,1.075894832611084,157.1398008394481,14.018913269042969,-1.2207031e-08,10.77970814704895,0.1151726245880127,100
2130000,293.15301425251954,5.737118347013569,238.90146014867082,-0.00490647,25.499094009399414,26.696142435073853,212,5735.570509672165,286.84236219872525,1.079615592956543,157.00641169410548,14.069875478744507,6.1035155e-09,10.73739767074585,0.11671614646911621,100
2140000,292.97976265037346,2.3906699811041947,278.0719415409558,-0.00013638152,25.483551740646362,26.659027814865112,213,5762.292017698288,287.6604803789103,1.0623421669006348,157.41306421180008,14.099146604537964,9.155274e-09,10.694250345230103,0.11229658126831055,100
2150000,293.61071120762506,2.4566823101085817,277.8213620974066,0.0018245939,25.584810733795166,26.784749031066895,214,5789.138802289963,288.1953096516312,1.0892090797424316,157.60636200205892,14.072414875030518,1.8882751e-08,10.81713056564331,0.10982632637023926,100
2160000,292.61805963442225,3.2140920934466997,276.7583039166743,0.0046253237,25.314531803131104,26.522517442703247,215,5815.723367214203,288.087468355393,1.0949444770812988,157.42183806673006,13.917375564575195,-5.722046e-10,10.704326868057251,0.11203408241271973,100
2170000,293.468190016636,5.307512110334078,246.7471983896984,-0.0019401398,25.50473642349243,26.726314783096313,216,5842.516767978668,287.6650384966917,1.087003231048584,157.34995418286323,14.044572830200195,-9.155274e-09,10.772461175918579,0.13397598266601562,100
2180000,292.5913393002859,2.2913411939882877,281.5047973534904,-0.0032509994,25.511911869049072,26.725844144821167,217,5869.307863712311,287.936949944618,1.089470624923706,157.54594820923197,14.152430534362793,7.629395e-09,10.670429229736328,0.12377810478210449,100
2190000,294.71897540583745,2.5488344448212454,277.52696492357563,-0.0010891723,25.476176023483276,26.701582193374634,218,5896.069623231888,288.5542305070333,1.10823392868042,157.66409531409528,14.036442041397095,9.155274e-09,10.736045598983765,0.11653470993041992,100
2200000,293.9413198237066,4.985483108054204,262.30715759749177,0.0019200745,25.3374981880188,26.559619426727295,219,5922.690603494644,288.20288747208735,1.1071374416351318,157.42058633120038,13.949207782745361,3.0517577e-09,10.697706460952759,0.11427640914916992,100
2210000,292.928837092448,2.8610136472834258,275.6506596345607,0.00012806931,25.47358775138855,26.67147922515869,220,5949.424485445023,288.6769943577354,1.077148675918579,157.70141771851715,14.065832138061523,-2.1362304e-08,10.713347911834717,0.12003755569458008,100
2220000,293.4159756702792,2.8429673916699927,279.6146786654901,-0.002354889,25.391003370285034,26.591021060943604,221,5976.078288555145,288.97631721944833,1.0545315742492676,157.89381878434958,14.011301040649414,9.155274e-09,10.688304901123047,0.144700288772583,100
2230000,293.78380485943114,4.805178326423863,248.74817337516788,-0.002029602,25.457746744155884,26.685184240341187,222,6002.828771114349,288.4281027369449,1.0967490673065186,157.6831113786495,14.076225280761719,-6.1035155e-09,10.69118046760559,0.12995076179504395,100
2240000,294.08938190401636,2.4866828439670163,276.3084081196805,-0.0035461914,25.455147743225098,26.679038047790527,223,6029.57275557518,288.98277138199427,1.107105016708374,158.107396261473,14.0451021194458,3.0517577e-09,10.719397068023682,0.11600995063781738,100
2250000,292.76032268104393,2.8916748556411473,274.36480416324656,0.0018642212,25.359514951705933,26.583510637283325,224,6056.219737529755,288.70566958547147,1.0977027416229248,157.92100947058753,13.991094827651978,3.0517577e-09,10.668119430541992,0.12553644180297852,100
2260000,293.37478238680967,2.9071517145075747,277.3029654111233,0.0054439916,25.439995050430298,26.660974264144897,225,6082.939755678177,288.3817872043288,1.1108253002166748,157.87043489440856,14.019162654876709,2.155304e-08,10.720029354095459,0.10940265655517578,100
2270000,292.43247768017255,2.0696181006974763,283.2255425368683,-0.003785077,25.409756660461426,26.617653131484985,226,6109.616277694702,289.35206409195774,1.0719048976898193,158.28505322706656,14.060647010803223,0.025412008,10.661498069763184,0.13539481163024902,100
2280000,294.0661686780435,4.3193276520636985,254.59944644238553,0.0019990113,25.34684991836548,26.55943512916565,227,6136.232368707657,289.3227019049162,1.0864577293395996,158.22302025561115,13.96081829071045,0.016516486,10.696215152740479,0.1251506805419922,100
2290000,295.7077962244679,15.420474819240738,141.36991703202065,0.0020735352,25.491819858551025,26.698726654052734,228,6162.994092702866,286.75813441917194,1.088362455368042,156.9285832773335,14.093867540359497,1.2207031e-08,10.702004432678223,0.1178293228149414,100
2300000,293.6224334078793,2.308689392502538,277.01142836643163,0.0036869019,25.3518705368042,26.52219557762146,229,6189.580439567566,289.48777558976025,1.0617201328277588,158.24645700227913,13.999630689620972,0.007815583,10.657852172851562,0.10788989067077637,100
2310000,294.7858095326898,2.6432816818780704,278.97164821882285,0.011992926,25.306382656097412,26.49829912185669,230,6216.139142990112,289.2367283818016,1.0807230472564697,158.26718029253811,13.991853952407837,1.525879e-08,10.626886367797852,0.11013627052307129,100
2320000,295.80627797252754,2.823441898024302,278.4021261945604,0.006693863,25.248157501220703,26.464040994644165,231,6242.659335851669,289.660646632207,1.0943779945373535,158.263576774577,13.908163785934448,2.1362304e-08,10.64684247970581,0.1208653450012207,100
2330000,294.16849904156123,10.946636284104114,185.18077827464265,0.009003582,25.503800630569458,26.698548316955566,232,6269.422519445419,288.6853038858304,1.0773324966430664,157.79147328061845,14.033348083496094,9.155274e-09,10.754603147506714,0.11666274070739746,100
2340000,295.1080811797464,3.5107055265955456,266.6251867961696,0.022699827,25.29719614982605,26.500970363616943,233,6295.982331752777,289.7939097686674,1.0782406330108643,158.36775321432023,13.930899143218994,-2.4414062e-08,10.674811124801636,0.12486076354980469,100
2350000,294.70518994237085,5.342483008565654,246.52886284285609,0.01065226,25.407931327819824,26.620537519454956,234,6322.664993524551,289.3347505464502,1.0986671447753906,158.03459564274218,14.04715085029602,-1.8310548e-08,10.665723085403442,0.11336135864257812,100
2360000,292.19731542512153,3.395031657400626,274.86303844825443,0.0020091676,25.96329355239868,27.18985366821289,235,6349.919404506683,288.5446316994587,1.106109857559204,157.57292225430453,14.327108144760132,2.4414062e-08,10.921956777572632,0.11962032318115234,100
2370000,293.94971876229107,4.54258437372715,268.4966615845431,-0.0024089385,25.483890295028687,26.731422424316406,236,6376.7115688323975,288.4014480374092,1.10502290725708,157.39131981660717,14.098804473876953,7.629395e-09,10.679402589797974,0.14181208610534668,100
2380000,293.919094416557,3.4435428603064953,270.9673204983197,-0.0034593353,25.233778476715088,26.435599088668823,237,6403.211372613907,288.96571484237177,1.0846655368804932,157.7758772990398,13.886903047561646,-3.0517577e-09,10.661423444747925,0.11639213562011719,100
2390000,294.2813075425151,2.9081079469009485,278.8284364313993,0.0014471695,25.285563945770264,26.448763132095337,238,6429.720804929733,289.0723290938963,1.047910451889038,157.88652562309812,13.924793004989624,4.577637e-09,10.662363290786743,0.1145319938659668,100
2400000,293.0646243773986,3.24795600425978,265.7938140829877,-0.004061975,25.48306107521057,26.66669487953186,239,6456.44925236702,289.1021183405174,1.0670878887176514,157.89297711597382,14.055688381195068,-3.3569336e-08,10.732836961746216,0.11572098731994629,100
2410000,294.75328819683267,3.1198604908181,272.45547184072564,0.00038638306,25.4667706489563,26.67467427253723,240,6483.184923171997,289.7399461040166,1.0799555778503418,158.06697671577425,14.034000635147095,1.2207031e-08,10.740770816802979,0.1271371841430664,100
2420000,295.2097098720031,2.133015151882592,283.888880469164,0.006008734,25.435325860977173,26.649064779281616,241,6509.896840333939,289.80259407503,1.092381238937378,158.2224215866493,14.031564950942993,1.8310548e-08,10.704663753509521,0.12076807022094727,100
2430000,295.1001783375763,2.226446659264157,282.0675749002318,-0.00148359,25.522897243499756,26.707659244537354,242,6536.667078971863,290.7246933210963,1.064807415008545,158.605167246113,14.097089052200317,1.2969971e-08,10.710240125656128,0.11932373046875,100
2440000,295.0387814148387,7.7405255272743485,220.8217380384665,-0.00078721007,25.449851751327515,26.657211542129517,243,6563.380942106247,289.24633353101694,1.0741095542907715,157.79213580665896,13.99421215057373,1.0681152e-08,10.760929346084595,0.13262104988098145,100
2450000,295.26169054535126,2.85474202935189,276.4547960119984,0.00054466707,25.281628608703613,26.511579275131226,244,6589.952646493912,290.2898913433053,1.1123740673065186,158.58082420810422,13.911148071289062,-1.5258789e-09,10.686718463897705,0.11698126792907715,100
2460000,295.3903668656675,2.936215527706882,275.2050102206312,0.0020377114,25.30836796760559,26.543936491012573,245,6616.561262845993,290.3229456922764,1.117065191268921,158.4357796746729,13.928077936172485,-4.577637e-09,10.694935083389282,0.11757159233093262,100
2470000,295.2092457388666,4.284405896901829,269.8277513771316,0.0016861786,25.418381690979004,26.618693113327026,246,6643.244958162308,290.6997668664737,1.0633277893066406,158.62653650085764,14.010120391845703,1.2588501e-08,10.712488889694214,0.13614726066589355,100
2480000,294.9629788240703,12.589960615695949,167.58243033741678,0.001443573,25.27629256248474,26.459539651870728,247,6669.766645908356,289.7992553255852,1.0656425952911377,158.36293454701078,13.956380605697632,7.629395e-09,10.631999731063843,0.11677408218383789,100
2490000,294.5544699434393,2.369372951840712,281.2656037949734,0.002225932,25.409181356430054,26.588314294815063,248,6696.412561416626,290.5581387837583,1.0632052421569824,158.78886684155955,14.006977319717407,-2.4795532e-09,10.707996845245361,0.11526179313659668,100
2500000,296.6256049212322,2.2867033693077325,282.87764427491453,0.006107101,25.298830032348633,26.51841163635254,249,6722.993558883667,290.4505419633972,1.0849549770355225,158.70092418379147,13.99740719795227,1.5258789e-09,10.609522104263306,0.13393163681030273,100
2510000,295.68924820838316,3.6554338053587383,260.87591388150014,0.022628555,25.37154483795166,26.5931396484375,250,6749.6499881744385,290.36168933574834,1.09688401222229,158.7145855670155,14.01348090171814,-6.1035155e-09,10.663428783416748,0.12393951416015625,100
2520000,293.7951661591356,4.483957685529693,260.5964654500026,0.018258642,25.432907819747925,26.619357109069824,251,6776.334803342819,288.72712251929386,1.064098834991455,157.90610926225304,14.017350196838379,1.2207031e-08,10.728864908218384,0.12109971046447754,100
2530000,292.21842709657017,2.8873678897454615,272.9791090429082,0.010980124,25.444385528564453,26.62788724899292,252,6803.0222816467285,288.0950716237268,1.0627198219299316,157.67277568031326,14.004894495010376,1.2207031e-08,10.740845918655396,0.11980390548706055,100
2540000,293.29071770560853,3.24196214715656,273.65002346227715,0.00042263183,25.45332169532776,26.635801315307617,253,6829.719530820847,287.72999838633683,1.0708601474761963,157.58195989300006,13.947760581970215,-9.155274e-09,10.791979551315308,0.11100506782531738,100
2550000,294.4860222727319,2.0979907758105134,281.464548303165,-4.1503907e-07,25.438445568084717,26.647494554519653,254,6856.429011106491,290.0719280405008,1.0835578441619873,158.5410466487657,14.017459869384766,-6.1035155e-09,10.723848819732666,0.1245262622833252,100
2560000,295.36705665803095,3.399622840460266,264.1315642256907,-0.003989926,25.42375111579895,26.626455307006836,255,6883.11798787117,290.1244098573064,1.0747358798980713,158.6199685046247,14.015613317489624,-1.2207031e-08,10.721590518951416,0.12720394134521484,100
2570000,295.65824303181444,3.9211150178355028,257.4521801500398,-0.002904251,25.314573287963867,26.588788986206055,256,6909.770527839661,290.88465305408704,1.1071367263793945,158.78315589441877,13.984023571014404,-6.1035155e-09,10.638713836669922,0.16632866859436035,100
2580000,295.4085734329286,2.925909619816001,270.26170373347435,-0.0003528572,25.111879348754883,26.547509908676147,257,6936.38166475296,290.58807630872286,1.3004438877105713,158.7005991390976,13.800459861755371,1.7547608e-08,10.626775741577148,0.13422513008117676,100
2590000,294.8436806726508,2.4481282196608505,281.56743980549777,0.0025404785,25.096890449523926,26.78058910369873,258,6963.221377134323,290.6203508815841,1.4749486446380615,158.7232987358916,13.763092041015625,0.0055921385,10.640185117721558,0.20781636238098145,100
2600000,295.13644906142156,3.408032619830546,269.5589206069069,0.009470041,25.001739978790283,26.590019464492798,259,6989.88006734848,290.96653806156326,1.4135704040527344,158.82028651980966,13.743078708648682,0.019259669,10.573569059371948,0.173600435256958,100
2610000,296.02922653244843,2.257424893826783,284.24533504231283,0.013097211,25.0731680393219,26.70240330696106,260,7016.642779350281,291.80506115153116,1.4615089893341064,159.0747070976397,13.813101053237915,6.1035155e-09,10.570765256881714,0.16566729545593262,100
2620000,295.0104878890423,2.675936218320828,279.06273338999426,0.002842679,24.94393539428711,26.658426761627197,261,7043.361674308777,291.1780061462244,1.5490686893463135,159.03532921275792,13.738499879837036,6.1035155e-09,10.524133443832397,0.16385149955749512,100
2630000,296.66640938478463,1.978983901047813,284.31831733202074,0.006887381,24.808209896087646,26.61197805404663,262,7070.034410953522,292.4202677486113,1.6598341464996338,159.53261804354977,13.651986837387085,1.2207031e-08,10.470852613449097,0.14312219619750977,100
2640000,296.85074071729355,3.059240022796622,270.99071021333486,-0.001268921,24.8969464302063,26.753324031829834,263,7096.854848861694,292.00595370613854,1.7328495979309082,159.37277380266065,13.625765323638916,1.2207031e-08,10.581083536148071,0.12222456932067871,100
2650000,296.7735874517067,2.215137137791299,283.8352967525287,-8.710785e-05,24.81298804283142,26.662618398666382,264,7123.580074548721,292.5569891721566,1.6979973316192627,159.6661386638369,13.653658628463745,1.2207031e-08,10.473159790039062,0.15098094940185547,100
2660000,297.31449367987346,7.34577310776305,229.03436162957837,0.0001847931,24.83389449119568,26.445802927017212,265,7150.11003947258,291.7141752548939,1.4983203411102295,159.13794422791884,13.672771215438843,0.010005377,10.482839584350586,0.1122429370880127,100
2670000,297.3276690531812,2.9689664326993923,278.06110561700535,-4.468689e-05,24.989582777023315,26.569189071655273,266,7176.771279573441,292.3328532107691,1.4627935886383057,159.3818590280156,13.870160102844238,-3.0517577e-09,10.44772744178772,0.11609649658203125,100
2680000,298.37318036732427,2.5597732484768474,282.2180397099789,0.0055165864,24.929116249084473,26.329139232635498,267,7203.197356700897,293.40572009966667,1.2795360088348389,159.9923541621982,13.800809860229492,9.155274e-09,10.44736623764038,0.11928653717041016,100
2690000,297.4998011585676,3.464188760425143,280.19839950767135,0.0012202117,24.988161087036133,26.20345377922058,268,7229.518843650818,292.42723694225793,1.0985276699066162,159.40857304581658,13.82163691520691,-1.2207031e-08,10.476892709732056,0.11477041244506836,100
2700000,297.5759079087157,3.0499113633123334,280.3884901503059,0.0043875794,25.238719940185547,26.4213228225708,269,7256.016202688217,293.3762655021025,1.067298173904419,159.80148949181634,14.011419296264648,6.1035155e-09,10.535952091217041,0.1132657527923584,100
2710000,298.09247376876505,6.0425760133131385,241.85072648938743,0.0021200806,25.338522911071777,26.53502321243286,270,7282.608359098434,292.9403841526431,1.059696912765503,159.60084014188882,14.021727323532104,1.2207031e-08,10.618265628814697,0.13609814643859863,100
2720000,298.1083407757681,3.5353227993908423,276.57468784118805,0.0073420103,25.228928327560425,26.437276124954224,271,7309.113357305527,293.1734520934461,1.0857293605804443,159.85871627876293,14.03024435043335,-6.1035155e-09,10.503941535949707,0.1220095157623291,100
2730000,297.71273296005774,3.176260859589896,280.62967211583543,0.006074884,25.19378662109375,26.38820219039917,272,7335.55889749527,293.42107359437694,1.0793609619140625,159.95369873062262,13.912861585617065,2.4795532e-09,10.587775468826294,0.11444950103759766,100
2740000,299.0140561143882,2.3401010051972237,283.81495100015974,0.008418686,25.375263452529907,26.59883761405945,273,7362.224446773529,294.36299771698685,1.091752290725708,160.4884092182045,14.122056722640991,1.2207031e-08,10.547163248062134,0.13109612464904785,100
2750000,296.84664772989566,1.8916169868135766,288.1024700395883,0.008714193,25.36531376838684,26.560416221618652,274,7388.849152803421,293.7836082989519,1.0832252502441406,160.1508375083773,14.076246976852417,-5.340576e-09,10.595423698425293,0.11118388175964355,100
2760000,298.28267616893436,4.539623423243495,256.6465480906027,0.017557383,25.299362897872925,26.460674047470093,275,7415.369699001312,293.6655465705037,1.0451719760894775,160.08572136678592,14.02755618095398,-1.2207031e-08,10.581640005111694,0.1155242919921875,100
2770000,297.6327264697282,2.8447496067407183,277.582486912329,0.0059613944,25.194021940231323,26.39233088493347,276,7441.828027486801,293.6832091380958,1.0848569869995117,160.1891137213402,13.958016872406006,-4.9591065e-09,10.544358015060425,0.11277437210083008,100
2780000,296.99739183099916,9.915895280301426,199.39650951498916,-0.0024819123,25.34218168258667,26.536883115768433,277,7468.422673225403,292.4587191932324,1.0642127990722656,159.38594265767378,14.044743537902832,0.0102567645,10.606759786605835,0.12978243827819824,100
2790000,298.16691518718744,2.4214991956141794,281.8517473169657,-0.00093468017,25.71373224258423,26.944828748703003,278,7495.426751375198,293.75142121841435,1.1022722721099854,160.12953318857063,14.27708387374878,2.4414062e-08,10.738876342773438,0.12813878059387207,100
2800000,298.29280169701735,2.2015264926829126,283.65771844897193,0.005833165,25.312784910202026,26.52232336997986,279,7522.010579824448,294.28825625466214,1.0874559879302979,160.20262216869915,14.021622896194458,1.373291e-08,10.598079919815063,0.12136054039001465,100
2810000,298.8072101824343,3.725306192173203,272.37332567745744,-0.0032667008,25.361058712005615,26.556599140167236,280,7548.632887125015,294.0621254082539,1.08274245262146,160.0670955341817,14.014234781265259,-7.6293943e-10,10.647798299789429,0.11210823059082031,100
2820000,297.9134071777555,2.4186675870821888,285.44075335610455,-0.002181729,25.358198165893555,26.554094791412354,281,7575.252130270004,293.909818915311,1.0797820091247559,160.03479753831903,14.013284921646118,2.1362304e-08,10.650662183761597,0.11537051200866699,100
2830000,298.3152893912054,3.0814776737168392,270.9059075345044,-0.00017488099,25.213311672210693,26.397125720977783,282,7601.709026813507,294.1585386985141,1.074983835220337,160.16484976753637,13.94476056098938,1.2207031e-08,10.585139989852905,0.1080942153930664,100
2840000,298.6369145975344,3.8456998001923,268.83630518434785,-0.0010792938,25.4138343334198,26.62156629562378,283,7628.398011207581,293.8351139367075,1.0877587795257568,159.89104124050755,14.06463074684143,-1.525879e-08,10.644776582717896,0.11919879913330078,100
2850000,298.2317405215365,2.5919973601877353,279.51125735057866,0.0054847747,25.31297492980957,26.496525049209595,284,7654.9577651023865,294.12311054252154,1.064762830734253,160.25848563730565,14.016096830368042,1.525879e-08,10.60362982749939,0.11819958686828613,100
2860000,298.2191349964991,2.1135441517410256,288.4545180664583,0.017687077,25.243956565856934,26.49207878112793,285,7681.512076377869,294.02317483755434,1.0960161685943604,160.28284479808775,14.041042804718018,9.155274e-09,10.511582851409912,0.1514129638671875,100
2870000,299.4593981818617,4.107489924402839,265.0801753580392,0.009333756,25.32031011581421,26.497164726257324,286,7708.069499492645,294.10051115821625,1.0676014423370361,160.16545072898234,14.062472343444824,-6.1035155e-09,10.571081161499023,0.10847115516662598,100
2880000,298.6854154442748,2.3209021025839602,285.9232022589857,0.007820636,25.299083471298218,26.50550103187561,287,7734.6360993385315,294.7845547999743,1.0786528587341309,160.4475458774126,14.080353736877441,6.1035155e-09,10.534033298492432,0.1271228790283203,100
2890000,298.98836241946526,3.042600911648149,272.4792930693121,0.01318739,25.18987250328064,26.368693351745605,288,7761.063351392746,295.0757358624786,1.0678083896636963,160.63806815981926,13.960890769958496,1.2207031e-08,10.536032438278198,0.11008429527282715,100
2900000,299.34208734621745,2.5847958318249233,286.457605121722,0.006374176,25.293771982192993,26.47801399230957,289,7787.60635638237,295.0389933403735,1.0740745067596436,160.61079771358968,14.073207139968872,1.8310548e-08,10.522339344024658,0.10932183265686035,100
2910000,299.9469195712387,2.5108929236441213,286.06237706740603,0.00020815429,25.27514958381653,26.461480617523193,290,7814.130000591278,295.0298202495907,1.0726983547210693,160.75694648293702,14.074170112609863,1.2207031e-08,10.517108678817749,0.11301064491271973,100
2920000,300.3231299840499,4.4883586102553465,258.89505623080254,0.0009113739,25.348085165023804,26.548197507858276,291,7840.745472669601,295.2090822039929,1.0791008472442627,160.84872113693515,14.068828582763672,-6.1035155e-09,10.586860179901123,0.12027883529663086,100
2930000,298.5246157537963,2.5534937708800314,281.69037294626116,0.0014386993,25.248552799224854,26.447678327560425,292,7867.250285625458,295.1319126614533,1.079829454421997,160.83747226692876,14.083520889282227,-3.0517577e-09,10.47445273399353,0.11863231658935547,100
2940000,299.54195004062694,2.938147192142534,282.0737120358893,0.0026035188,25.191473722457886,26.35839819908142,293,7893.66498208046,295.67454800716763,1.051347255706787,161.0402144051543,13.983162879943848,2.1362304e-08,10.517256021499634,0.11493611335754395,100
2950000,300.09953736245694,4.484327360028131,267.0738900590926,-0.0016308045,25.35979151725769,26.542174100875854,294,7920.266006708145,295.20413261223973,1.0729925632476807,160.67736762568623,14.132360219955444,6.1035155e-09,10.534323930740356,0.10874176025390625,100
2960000,299.92874680544554,2.6973493205643244,284.9998109452868,0.00439507,25.172666311264038,26.37661385536194,295,7946.705143928528,295.53705104474824,1.0865528583526611,161.06564909297214,13.91630220413208,-8.392334e-09,10.561755180358887,0.11666345596313477,100
2970000,300.09725747126953,2.9220192411321544,282.2453989783461,0.0026954925,25.221807718276978,26.40540075302124,296,7973.171985626221,295.72666298506556,1.0675864219665527,161.02056307068244,13.968928575515747,6.1035155e-09,10.557326078414917,0.11530590057373047,100
2980000,299.88417659008616,2.156307480083825,289.8488787154993,0.0059561464,25.33454179763794,26.54182529449463,297,7999.776627779007,295.9416597948509,1.091845989227295,161.18958906189,14.120354413986206,1.8310548e-08,10.518422603607178,0.11464047431945801,100
2990000,300.813118288954,2.9017567638263615,277.77485923007123,0.035192076,25.156330347061157,26.352373838424683,298,8026.18910741806,296.3485094209404,1.0863356590270996,161.4756248995937,14.072309970855713,-1.4877319e-08,10.392103910446167,0.10877227783203125,100
3000000,299.9945318226333,4.536372254538704,275.6819617219206,0.012824994,25.03499984741211,26.28063440322876,299,8052.529199361801,294.52113825205583,1.1219146251678467,160.35864457867856,13.886650085449219,-6.1035155e-09,10.456725597381592,0.12303376197814941,100
