ItrTime,train-StdReturn,train-MaxReturn,train-PolicyExecTime,train-NumTrajs,n_timesteps,Itr,Time-Sampling,train-AverageReturn,train-AverageDiscountedReturn,LossBefore,Time,Time-Optimization,train-MinReturn,LossAfter,train-EnvExecTime,Time-SampleProc
24.58152985572815,8.125587670602126,27.332952120759767,13.595132112503052,100,10000,0,22.173304080963135,9.838618348732739,6.3473984380521085,-1.1444092e-08,24.581538200378418,2.1657400131225586,-6.2386238431361285,-0.27373883,7.90410852432251,0.24061918258666992
25.02822780609131,4.646078863990374,30.806740460164036,14.103740453720093,100,20000,1,23.80913019180298,24.128080693061683,18.4673776799134,6.1035155e-09,49.69722652435303,1.1040058135986328,3.632812505315754,-0.12752746,8.996859788894653,0.11436104774475098
25.16378116607666,1.45699583625732,33.21491737708869,14.089930057525635,100,30000,2,23.983630418777466,27.565947603018916,21.64525987523707,-3.0517577e-09,74.92283344268799,1.0720493793487549,24.481056594041412,-0.0043917303,9.182189464569092,0.10743069648742676
24.4440701007843,10.476088018104768,30.256893243606683,13.449797630310059,100,40000,3,22.466240882873535,19.00285045306562,13.118312081428906,3.0517577e-09,99.42868423461914,1.8340058326721191,-1.5604339838771595,-0.2553377,8.331140995025635,0.14224743843078613
24.914024829864502,1.0950802791992944,30.43411718732227,13.373918294906616,100,50000,4,22.929862022399902,27.757068972330472,22.29342944498193,1.5258789e-09,124.40078234672546,1.815114974975586,25.037799668014483,0.014148454,8.8682119846344,0.1678006649017334
24.640485286712646,1.552821867499125,30.498362285867675,13.427124261856079,100,60000,5,22.97988247871399,27.46082992504971,21.894570594446215,-0.0015909912,149.1305148601532,1.4729089736938477,24.0668682697022,-0.036310297,8.863494634628296,0.18479251861572266
24.927133083343506,2.01746699365695,31.271641764338675,13.533722162246704,100,70000,6,23.15351891517639,27.212920350034974,21.583291337640922,-2.2888185e-09,174.1403102874756,1.6048102378845215,19.754940253827865,-0.05455888,8.91417145729065,0.16712307929992676
24.921035289764404,1.7376709022480492,31.05484921236656,13.606197834014893,100,80000,7,23.184335470199585,27.6648047866216,21.751062882478777,8.392334e-09,199.1209967136383,1.6291203498840332,23.147818570205363,-0.044319324,8.882385015487671,0.10692095756530762
24.70931053161621,2.444546556018923,31.999386405250306,13.560047626495361,100,90000,8,23.109225511550903,26.924123613103117,20.507725707119157,0.003115857,223.90421390533447,1.4940435886383057,21.144825194481513,-0.054977886,8.85361909866333,0.1052708625793457
25.242310523986816,1.656638326718482,31.676020789031654,13.717571258544922,100,100000,9,23.375810384750366,27.414212038091822,21.06307431578801,-0.0040415525,249.22134280204773,1.6952061653137207,23.866948895296904,-0.006457892,8.960043907165527,0.1705939769744873
25.15740656852722,1.496588113379561,30.874398540834125,13.674556732177734,100,110000,10,23.36397433280945,27.926082133992722,22.07680705522989,-4.577637e-09,274.43713665008545,1.6160318851470947,24.176936753049347,-0.027319228,8.97654104232788,0.17628955841064453
24.941810607910156,1.2908513806438118,31.029644396432477,13.553374290466309,100,120000,11,23.17571473121643,27.991907818887398,22.51025093161591,1.0681152e-08,299.43943214416504,1.6376416683197021,24.676083056131183,-0.4403688,8.92934513092041,0.12781810760498047
24.82633686065674,1.4065983258119417,29.714951631471834,13.57647967338562,100,130000,12,23.211264848709106,27.217688656972427,21.95053630119452,-3.8146974e-09,324.3428964614868,1.4878034591674805,23.627559289896137,0.011643561,8.930496454238892,0.12666964530944824
24.77715539932251,2.7800218015688003,32.13052272702359,13.72923731803894,100,140000,13,23.315101146697998,25.915603898040953,20.610634651986757,9.155274e-09,349.20189023017883,1.3427557945251465,18.453679737875248,-0.0029225952,8.896922826766968,0.11801576614379883
24.76879572868347,2.622811397246746,31.779521739158373,13.780888795852661,100,150000,14,23.43602681159973,26.08553618108499,20.752866764108532,1.0681152e-08,374.0588982105255,1.2202682495117188,16.70601145484736,-0.0039327806,8.954560279846191,0.1117105484008789
24.620500564575195,2.543266440122391,30.74487745156186,13.814721822738647,100,160000,15,23.430490016937256,26.18639622649648,20.83758464763702,-6.1035155e-09,398.7771637439728,1.0742535591125488,17.365544880172123,-0.054637507,8.919959783554077,0.11422443389892578
24.919402837753296,1.977960680807249,32.38740368727202,13.996386766433716,100,170000,16,23.694262742996216,28.35342833556022,22.522666213304248,1.2207031e-08,423.75734424591064,1.0819635391235352,22.54941401075084,-0.018780991,8.998218297958374,0.14251255989074707
25.036731004714966,1.989118251072598,33.44946920061489,14.0609872341156,100,180000,17,23.85050392150879,29.04097896936205,22.95963338543818,-0.0017961914,448.85534477233887,1.0754201412200928,23.09754375269999,-0.011079715,9.083594799041748,0.11026358604431152
24.921034574508667,1.7309161950365264,32.41321776840376,14.01738691329956,100,190000,18,23.772550106048584,28.86408784911464,22.9444270119088,-8.392334e-09,473.83431911468506,1.038273572921753,23.07643482678432,-0.005044545,9.040842533111572,0.10946321487426758
24.963069915771484,1.5924277345020188,31.83094669855221,13.976469039916992,100,200000,19,23.754929065704346,29.028419557544034,23.12401261082307,1.0681152e-08,498.85486793518066,1.099205732345581,22.032246130199887,-0.02173198,9.070985317230225,0.1081094741821289
24.868833541870117,2.159706295906441,33.189573932482276,13.954565525054932,100,210000,20,23.666255950927734,29.53812044978054,23.24762599401757,1.2207031e-08,523.785071849823,1.0776855945587158,22.62605551632033,-0.013340656,8.988186597824097,0.12425589561462402
24.89468288421631,2.397026533507247,35.865561603289045,13.977322101593018,100,220000,21,23.6837956905365,30.920761039925807,24.16275297279412,-3.0517577e-09,548.741602897644,1.0804014205932617,23.452293813633148,-0.023125157,9.001445055007935,0.12984824180603027
24.916144132614136,2.3346110888596434,35.183075468751305,14.045962810516357,100,230000,22,23.698349237442017,31.428756719722415,24.564654590851614,-7.6293943e-10,573.7141041755676,1.0994913578033447,23.82098839057617,-0.091152705,8.946298122406006,0.11766552925109863
25.317371368408203,1.2094944492479356,33.42064778349171,14.290778636932373,100,240000,23,24.152260065078735,30.407098631302425,24.075689431366996,-4.577637e-09,599.1002969741821,1.0511367321014404,27.59466798977219,-0.11735857,9.136184930801392,0.11329889297485352
24.980457067489624,1.8722936857422041,35.34405608610068,14.089920997619629,100,250000,24,23.79448390007019,31.49583978969835,25.16920407938107,3.8146974e-09,624.1406795978546,1.0462851524353027,25.979871282227307,-0.05030704,8.988880634307861,0.1389937400817871
24.96258783340454,1.8177287391761519,35.925391895871904,14.033793449401855,100,260000,25,23.787866830825806,32.12680904321002,25.251303098465524,-6.1035155e-09,649.1631078720093,1.0543913841247559,27.476447361215836,-0.0287858,9.048305034637451,0.11957669258117676
25.280365467071533,1.413078027997488,34.446239986412024,14.251283407211304,100,270000,26,24.08106303215027,31.54184225343861,24.965473326590136,-4.577637e-09,674.5045912265778,1.0844295024871826,27.041088222874297,-0.5849526,9.115080118179321,0.11413216590881348
24.784067392349243,1.55180643631032,36.40424255048597,13.921924352645874,100,280000,27,23.61855721473694,32.55085797604073,25.610478517193684,1.2207031e-08,699.3463551998138,1.051652193069458,28.42386888890087,-0.10675254,8.998377084732056,0.1131124496459961
24.656835556030273,1.5557336253105951,35.17732702485488,13.87807035446167,100,290000,28,23.478137254714966,30.411942415840326,24.108435311901236,6.1035155e-09,724.0657286643982,1.0665853023529053,26.630692925080798,-0.12694268,8.89350175857544,0.11133098602294922
24.648390531539917,1.7852953501188542,33.07250532836702,13.940694808959961,100,300000,29,23.48368501663208,29.091128284002362,23.028473593776358,-1.373291e-08,748.7725260257721,1.052168607711792,24.70556364874643,0.0063663605,8.840839624404907,0.11179876327514648
24.867587327957153,2.9539811445150397,33.18250550390089,14.06708025932312,100,310000,30,23.690205335617065,28.393733707369943,22.535152607844157,2.4414062e-08,773.7009437084198,1.068472146987915,19.338889917696857,-0.03476795,8.911923885345459,0.10794830322265625
24.780468225479126,1.9303050200334497,33.551286987424554,14.004730701446533,100,320000,31,23.617663383483887,29.319302489273888,23.187619188436383,1.2207031e-08,798.543936252594,1.0457582473754883,24.916640897200686,-0.05240413,8.905064821243286,0.11634206771850586
24.787734270095825,1.9828980977597126,35.37451930442224,14.043375968933105,100,330000,32,23.614977836608887,30.75040916803946,23.951303618228767,-1.525879e-08,823.3960642814636,1.060910940170288,23.49722726575911,-0.035131127,8.863556385040283,0.11117362976074219
24.8075053691864,2.8501267180781857,37.26751107509157,13.963387489318848,100,340000,33,23.609671592712402,31.472033676585582,24.51626576276041,1.2207031e-08,848.2665195465088,1.0818893909454346,14.860520561773946,0.00053885195,8.940312147140503,0.11531758308410645
24.967633962631226,1.9833882791634108,35.18651636954799,14.073513984680176,100,350000,34,23.77347993850708,30.871508540451874,24.03704381165194,6.866455e-09,873.2939558029175,1.0837352275848389,26.087105422406513,-0.008823688,9.002262830734253,0.10965752601623535
24.977823972702026,2.2608131794114765,35.72100864773095,14.096518993377686,100,360000,35,23.744197368621826,30.9996826808748,24.08326098789818,9.346008e-09,898.3338205814362,1.0899748802185059,25.028133080625416,-0.004671146,8.944436073303223,0.14304065704345703
24.880950927734375,2.2606136691022733,36.24268431749172,13.979662418365479,100,370000,36,23.704707145690918,31.36473317076534,24.34506824490732,2.4414062e-08,923.2733476161957,1.0620582103729248,25.39838772760404,-0.017555283,9.01580810546875,0.11343169212341309
24.89843249320984,2.069963141948693,35.211675056606,14.046715497970581,100,380000,37,23.702812433242798,31.813542220372902,24.8025738329,-9.155274e-09,948.2300415039062,1.0458276271820068,26.30625563310134,-0.004383417,8.946868181228638,0.14911198616027832
24.92195415496826,1.8466378387235955,35.613628576819586,14.052348852157593,100,390000,38,23.695530652999878,32.24965560645567,25.188288633586843,4.2724608e-08,973.2132563591003,1.0883522033691406,24.861856854061376,-0.004994034,8.935281038284302,0.13744688034057617
24.796733379364014,1.7136090682391134,35.58693752402455,13.994193315505981,100,400000,39,23.603528261184692,32.55952333790349,25.347037895045148,9.155274e-09,998.0702645778656,1.0679984092712402,26.533259385709627,-0.1536537,8.903674602508545,0.12453103065490723
24.820172786712646,1.6053324114059149,33.62357393845747,14.044615983963013,100,410000,40,23.645796298980713,30.60281114354422,24.113304560905913,1.6021728e-08,1022.9512829780579,1.0575408935546875,25.980919246480045,-0.015720911,8.896286487579346,0.11601877212524414
24.8764226436615,1.936722139912593,33.94423205267473,14.037618398666382,100,420000,41,23.697898149490356,29.626047020397472,23.387703750296126,-7.629395e-09,1047.8937022686005,1.0722920894622803,25.963589721987297,-0.025832795,8.953768968582153,0.10561370849609375
24.7836651802063,1.8083177469460132,33.067230413613224,13.979788780212402,100,430000,42,23.584838151931763,29.34039748623171,23.174827124718803,-1.2969971e-08,1072.736155986786,1.082475185394287,24.634770930290184,0.0020289219,8.895089149475098,0.11574029922485352
24.75361728668213,1.6447550100784794,33.60356216844138,14.003139734268188,100,440000,43,23.57758378982544,29.765874442533146,23.5206372977775,-9.155274e-09,1097.551075220108,1.0660679340362549,25.81930420824703,-0.0052081253,8.863246440887451,0.10935735702514648
24.73731517791748,1.6511296350079696,34.01640178243483,14.036168336868286,100,450000,44,23.569172859191895,29.512790767039114,23.32313467964744,3.8146974e-09,1122.3479294776917,1.0627152919769287,24.70867285059018,-0.0045649996,8.832295656204224,0.10466384887695312
24.85544753074646,1.7481296604504022,33.9774900577941,14.082748174667358,100,460000,45,23.640779495239258,29.780723045171126,23.546579249654236,1.2207031e-08,1147.2670307159424,1.0778193473815918,23.80752110122539,-0.004093176,8.84955382347107,0.13608455657958984
24.779694318771362,1.6604462470579695,33.0087723099146,13.971023321151733,100,470000,46,23.564987659454346,29.836877641669375,23.58371886678487,6.4849854e-09,1172.1055703163147,1.0667812824249268,25.285280872257143,-0.0039800396,8.891966104507446,0.14722871780395508
24.762194633483887,1.6829056957894204,33.78067349343454,14.038002729415894,100,480000,47,23.590537309646606,29.82987424333895,23.57020673393491,1.2207031e-08,1196.9322941303253,1.0557410717010498,25.304679948777057,-0.02125716,8.855169534683228,0.11498808860778809
24.75438904762268,1.9634549068571843,33.28404406388817,13.96107268333435,100,490000,48,23.563156366348267,29.35350859375356,23.192209021242224,5.493164e-08,1221.751055240631,1.080296277999878,22.6848543842135,-0.070913486,8.895807981491089,0.11029458045959473
24.673864364624023,1.612231026022966,33.464993044450125,13.955020904541016,100,500000,49,23.53769040107727,29.790266117149148,23.553607972822658,-3.6621095e-08,1246.482830286026,1.025784969329834,25.435358511870344,-0.12227285,8.879836559295654,0.10938191413879395
25.113189697265625,1.5745236436973518,33.0252921711445,14.234416723251343,100,510000,50,23.959121465682983,28.87588585185702,22.981281345904275,9.155274e-09,1271.6517062187195,1.044539213180542,25.313289997254145,0.033958863,9.006465196609497,0.1085352897644043
24.81425428390503,1.6721547873908138,32.71218752294449,13.917380332946777,100,520000,51,23.61322259902954,28.838171174590993,23.011824838111885,8.010864e-09,1296.5260982513428,1.087860107421875,24.879096143618295,-0.0013572334,8.989733934402466,0.11242485046386719
24.87802815437317,1.4966594119592012,31.834747012842534,13.987670183181763,100,530000,52,23.68451476097107,28.796707739927815,22.9786339353548,-1.1444092e-08,1321.4637076854706,1.0770926475524902,25.20260234238434,-0.013967627,8.990829467773438,0.11570096015930176
24.873714685440063,1.717985197068265,32.3310023649539,14.025501012802124,100,540000,53,23.719664812088013,28.732484970729548,22.915922391156755,-6.1035155e-09,1346.3996193408966,1.0446207523345947,25.04425425401993,-0.038975317,8.96951150894165,0.10868644714355469
24.786611080169678,1.5796680024500152,33.09705652408586,13.955232858657837,100,550000,54,23.608867645263672,28.827121160960875,23.025732261997643,-1.373291e-08,1371.2461619377136,1.071704626083374,24.924582332106358,-0.026952298,8.953110218048096,0.10532426834106445
24.860709190368652,1.6107019232470299,32.51023505123991,14.029293060302734,100,560000,55,23.67427396774292,28.885592774919004,23.11106706364563,-6.1035155e-09,1396.167664051056,1.0757269859313965,24.97760820380139,0.0030844605,8.945954084396362,0.11012649536132812
24.842400789260864,1.5666415076065048,32.208625553204904,13.929040908813477,100,570000,56,23.662583589553833,29.032791288693524,23.1948629997795,-9.155274e-09,1421.0674364566803,1.0645854473114014,25.68900064486806,-0.008531396,9.037591934204102,0.11448836326599121
25.007778882980347,1.4597289746039273,32.879712429062295,14.091442346572876,100,580000,57,23.77133822441101,28.644256462467823,22.792407338451717,-4.577637e-09,1446.1342463493347,1.091998815536499,25.43881387973344,-0.01577265,8.976500034332275,0.1435689926147461
24.900998830795288,1.5855413979066426,32.865581024305826,14.039198160171509,100,590000,58,23.714241981506348,29.185190364961944,23.31461651709903,1.0681152e-08,1471.0945732593536,1.0685133934020996,25.8800679602773,-0.028396167,8.975792169570923,0.1174767017364502
24.7771213054657,1.5025541972200278,33.396585241700194,14.041007995605469,100,600000,59,23.580320596694946,29.76616094756503,23.624795152613288,3.0517577e-09,1495.9341883659363,1.0554816722869873,26.012654935103352,-0.03267505,8.837579250335693,0.14059805870056152
24.73914623260498,1.9141698008729813,33.88919259306155,13.965789794921875,100,610000,60,23.562443017959595,29.93181094662001,23.6181423743767,-1.373291e-08,1520.7347340583801,1.0598499774932861,22.268965341037756,0.0046821767,8.89307451248169,0.11620783805847168
24.847808837890625,1.4416339260622348,32.35709870799449,14.080239534378052,100,620000,61,23.68648886680603,29.150452644005494,23.090935683031358,3.051758e-08,1545.642823934555,1.0525054931640625,25.608187170759813,-0.12003689,8.89954686164856,0.10817527770996094
24.90655541419983,1.8239193252740198,34.124868777825306,14.12809705734253,100,630000,62,23.727587461471558,29.9442783350846,23.62151683718232,-1.0681152e-08,1570.6049556732178,1.0379526615142822,24.256010821826226,-0.01142321,8.895588874816895,0.14028072357177734
24.542212963104248,1.9984881794973892,33.874270907106116,13.871987581253052,100,640000,63,23.371403694152832,29.52370140722609,23.252854462521874,4.9591065e-09,1595.2069003582,1.0579586029052734,24.972907533184625,0.017172173,8.799234628677368,0.11214423179626465
24.749698400497437,1.4212907578103606,33.20289319222287,13.992960453033447,100,650000,64,23.559298515319824,29.563364010570773,23.39182595414265,3.0517577e-09,1620.014860868454,1.0744757652282715,26.04876691038478,-0.0077252625,8.865989446640015,0.11511850357055664
24.805163383483887,1.5474423873493761,33.584191853485336,14.031471490859985,100,660000,65,23.597978115081787,29.746605378502785,23.463530873878216,1.2207031e-08,1644.881220817566,1.0865881443023682,25.142881469251847,-0.074486464,8.861746549606323,0.11992764472961426
24.72469162940979,2.13213673633801,34.618473612875874,13.98052978515625,100,670000,66,23.54146671295166,29.254124680133465,23.19984308829594,-1.2207031e-08,1669.6622948646545,1.0705006122589111,24.56929961334469,-0.02386541,8.853349208831787,0.11198639869689941
24.77643847465515,1.8677061067257235,33.56966905470624,14.054246425628662,100,680000,67,23.59547781944275,29.359212700201116,23.134794441680675,-7.629395e-09,1694.4993829727173,1.0476770401000977,25.37517985906592,-0.021925779,8.841590881347656,0.1325373649597168
24.70545506477356,1.816348402483436,34.45673622957086,13.958040475845337,100,690000,68,23.543712377548218,30.122536102240673,23.770767435838184,-6.1035155e-09,1719.2645599842072,1.0468521118164062,24.858690577466277,-0.041692093,8.884172201156616,0.11407828330993652
24.732607126235962,1.6353730146837344,35.05742937322436,13.956872701644897,100,700000,69,23.532874822616577,31.146867204711445,24.443787681877964,-2.1362304e-08,1744.0572052001953,1.070730447769165,26.956824274596666,-0.014736128,8.867152690887451,0.12834405899047852
24.79834771156311,1.9772182071186262,36.78023089158255,13.945202827453613,100,710000,70,23.630869388580322,32.225101616550745,24.985795783586852,6.1035155e-09,1768.9108338356018,1.058403730392456,26.555229583043964,-0.026534202,8.975666761398315,0.10835075378417969
24.73551106452942,1.8649021522870497,35.00383575650321,13.926449298858643,100,720000,71,23.537410497665405,31.894615140008536,24.82963797486179,4.577637e-09,1793.7108271121979,1.0834276676177979,24.302974302781756,-0.024645912,8.900764226913452,0.11394095420837402
24.901824951171875,1.4840857796878861,35.146645690544425,14.061964750289917,100,730000,72,23.739347219467163,32.1373980900918,25.05401018692139,1.8310548e-08,1818.6760103702545,1.0388619899749756,27.864514402500657,-0.083402924,8.969253063201904,0.12296819686889648
24.764758825302124,1.4034969318275543,35.342323513904866,13.951418399810791,100,740000,73,23.548200845718384,32.26210097768023,25.20404539613021,-3.4332275e-09,1843.5053749084473,1.1006436347961426,28.927722883825965,-0.27672213,8.888738870620728,0.11492156982421875
25.425702810287476,1.9606615837588397,35.78319250354596,14.379169702529907,100,750000,74,24.19365954399109,31.866616517783964,24.815157538793013,9.155274e-09,1868.9929265975952,1.1234245300292969,27.07724118057418,-0.02242912,9.090555429458618,0.1078341007232666
25.00156259536743,3.3842165169907097,32.035525629234996,14.105487585067749,100,760000,75,23.8268141746521,24.25496668606508,19.613927797704708,0.08769994,1894.052004814148,1.0585060119628906,15.935452211572368,0.032418706,9.016170024871826,0.1154623031616211
24.854562759399414,3.3461174954281665,32.43319411848897,13.960797309875488,100,770000,76,23.630528450012207,25.041916759280106,19.96426125200883,1.525879e-08,1918.9654002189636,1.0778043270111084,17.934256856264742,-0.011274083,8.96935224533081,0.1455366611480713
24.70622944831848,2.93823234998576,32.59844884686105,14.028950452804565,100,780000,77,23.546353340148926,26.227947755575066,20.47421657439145,1.373291e-08,1943.732258796692,1.0468575954437256,15.688134583503489,-0.017173553,8.810065031051636,0.11203789710998535
24.48065996170044,3.824720189278909,35.56930359770752,13.838638544082642,100,790000,78,23.276883840560913,26.41502449552192,20.54485922382792,-1.525879e-08,1968.274743795395,1.0597748756408691,13.24717047312976,-0.09880726,8.737739324569702,0.1434154510498047
24.82243585586548,2.383135991978603,34.63565499077597,14.032369613647461,100,800000,79,23.61166548728943,29.894940585974396,23.184775815034318,3.3569336e-08,1993.157469511032,1.087343454360962,22.846902177509072,-0.018209094,8.873402118682861,0.12240147590637207
24.902323007583618,2.108590527144614,34.65279627008083,14.022993803024292,100,810000,80,23.699178218841553,30.324252336156775,23.892081086054276,-0.0006048767,2018.1226480007172,1.0726394653320312,24.751181165632417,-0.032681275,8.957530975341797,0.12976288795471191
24.810791969299316,1.9808092427634942,36.002933540205085,14.02681827545166,100,820000,81,23.61514115333557,30.94229858105014,24.238919198907993,-1.2207031e-08,2042.990867137909,1.041426658630371,26.617461831416737,-0.068637274,8.884765625,0.15358376502990723
24.863519430160522,1.965698547533795,35.356715323547995,14.12272047996521,100,830000,82,23.703800916671753,31.38881425939418,24.369878732622546,1.5258789e-09,2067.917097091675,1.0459935665130615,25.78343757755397,0.0026937642,8.877444744110107,0.11291885375976562
24.791980504989624,1.9880463900789573,35.92816928781719,13.995020866394043,100,840000,83,23.612103700637817,31.91716587991695,24.737086673490104,6.1035155e-09,2092.7653789520264,1.0604157447814941,26.14302096720406,-0.0083300015,8.915480852127075,0.11874628067016602
24.969322681427002,2.1569481940326742,36.234136098584464,14.075453042984009,100,850000,84,23.783571243286133,31.940772264064293,24.73361760734484,1.373291e-08,2117.7969501018524,1.0762925148010254,25.046098113202422,-0.0098091075,8.994853734970093,0.10869240760803223
24.91610026359558,1.958602243693351,35.69635741320765,14.053829908370972,100,860000,85,23.72553777694702,31.54165220109422,24.48558744322879,9.155274e-09,2142.779933452606,1.073002576828003,26.616583572161264,-0.0022639008,8.963428735733032,0.11681008338928223
24.786771297454834,1.824729598543452,34.792885869837384,13.793952465057373,100,870000,86,23.389516592025757,31.357778465826883,24.392143613128404,3.0517577e-09,2167.630718231201,1.1976146697998047,26.82441988993778,-0.009143701,8.88662576675415,0.1984567642211914
24.918859720230103,1.8490674927491368,35.56420558930667,13.712851524353027,100,880000,87,23.19822359085083,31.957118815427727,24.895275251823723,-1.525879e-08,2192.6084382534027,1.5739836692810059,25.76494641058958,-0.006830716,8.793537139892578,0.14583921432495117
25.095184803009033,1.6051456992492876,34.96017504411473,13.671837568283081,100,890000,88,23.217008113861084,31.759261156889515,24.695682365210892,6.1035155e-09,2217.769755601883,1.720432996749878,27.10482049847913,-0.041477893,8.847779273986816,0.1563868522644043
24.585587739944458,1.7417360267169821,37.02830206093945,13.639620304107666,100,900000,89,23.17559051513672,31.97937472412572,24.747854092264397,1.2207031e-08,2242.427727460861,1.2933619022369385,27.598838894572214,-0.0059124967,8.837113380432129,0.11561918258666992
24.601027965545654,1.818928405429692,36.05078689860846,13.816044807434082,100,910000,90,23.393471240997314,32.3369275183465,25.057913855162738,8.773804e-09,2267.120085000992,1.0628976821899414,27.438945494797238,-0.013546072,8.88254690170288,0.14274835586547852
24.74854803085327,1.910728537784138,36.71009848102906,13.871645212173462,100,920000,91,23.55326199531555,32.38460051774495,25.070875047784646,-6.7710877e-09,2291.935482978821,1.0833311080932617,26.037185352585322,-0.008053753,8.979920148849487,0.11062836647033691
24.890238523483276,1.963668719419753,37.13988543955849,14.011938095092773,100,930000,92,23.71414852142334,32.848640889442535,25.546908711323855,9.155274e-09,2316.8868606090546,1.0590786933898926,26.761733777128402,-0.00931091,8.994924068450928,0.11637759208679199
24.884519815444946,2.001196080890939,36.34058044686947,14.090142488479614,100,940000,93,23.679304122924805,32.40072143142114,25.083906027859815,-7.629395e-09,2341.831021785736,1.0675075054168701,26.1041816629458,-0.02132466,8.891547679901123,0.13672423362731934
24.777491331100464,1.5725154367431686,35.703320840237396,13.968127250671387,100,950000,94,23.60544753074646,32.473881081576266,25.242696867811414,2.0217895e-08,2366.6652250289917,1.037841796875,26.555711419775477,-0.0104292035,8.938790559768677,0.13348913192749023
25.30742335319519,1.3598262582880547,35.279546510350684,14.316591262817383,100,960000,95,24.130773782730103,32.14616802960523,25.089762267822604,6.2942505e-09,2392.033804655075,1.0644526481628418,28.197581224640693,-0.007495761,9.102863311767578,0.11143207550048828
24.853699445724487,1.2893611739729185,35.65819802463488,14.053523540496826,100,970000,96,23.68173599243164,32.97400167984095,25.7159432839336,-1.0681152e-08,2416.9523775577545,1.0641756057739258,29.00370386958286,-0.061271314,8.923726320266724,0.10709238052368164
24.92867612838745,2.0954826428502025,35.87252593900581,14.010946989059448,100,980000,97,23.713348150253296,32.33099921692833,25.017910470238117,-2.1362304e-08,2441.943912267685,1.0698237419128418,26.441295191246905,-0.033972844,8.986010074615479,0.14475464820861816
25.00684094429016,1.621548159413915,35.828115678842316,14.092468976974487,100,990000,98,23.80841040611267,32.87634149300554,25.503936360773274,6.1035155e-09,2467.0094046592712,1.0798003673553467,27.541387684169468,-0.03652699,8.986709833145142,0.11791372299194336
24.98384428024292,1.5235986686834342,35.94588001101142,13.999081373214722,100,1000000,99,23.74311065673828,32.69469411276476,25.583715536942936,1.9073486e-08,2492.0531187057495,1.0933246612548828,26.87751508452822,-0.003592132,9.032840251922607,0.14665913581848145
24.7692928314209,1.2635754748674322,34.95760343235402,13.931392431259155,100,1010000,100,23.56947374343872,32.23136364708567,25.247977016791978,-1.0681152e-08,2516.8781356811523,1.0654528141021729,28.17548934987764,-0.017111301,8.933081150054932,0.1336352825164795
24.97770357131958,1.6556641061398347,35.25721459864192,14.090639114379883,100,1020000,101,23.770265102386475,32.1175153865018,25.18899176448471,-1.3351441e-08,2541.920252561569,1.0830285549163818,26.21451845109265,-0.45255184,8.966928243637085,0.12334799766540527
24.936389446258545,2.806943051945287,36.10932134278289,14.055527210235596,100,1030000,102,23.775702953338623,29.996384319026994,23.134447531202568,0.017963845,2566.9115834236145,1.0407946109771729,22.89698292685398,1.2204264,9.007409811019897,0.11919665336608887
24.091530084609985,4.0411163824795535,30.414402617492794,14.091742992401123,100,1040000,103,22.88918685913086,13.046170465776179,10.542417520243621,2.2888185e-09,2591.063017845154,1.0854203701019287,5.936401611216643,0.049661655,8.094224452972412,0.11623454093933105
23.871746301651,4.09504115183244,20.241461569977062,13.961530923843384,100,1050000,104,22.694077253341675,9.255828462327347,7.049026558248946,-4.577637e-09,2614.9909839630127,1.0653750896453857,1.7012287793419332,-0.012393005,8.02225923538208,0.11146664619445801
24.056732892990112,2.419074594942948,15.038379531966076,14.131986379623413,100,1060000,105,22.862755060195923,6.224467156745734,4.559245335143849,-1.2207031e-08,2639.1081709861755,1.0891978740692139,1.677548952034631,-0.27240017,8.019207239151001,0.1041259765625
23.987335205078125,3.632982412424605,18.88090489315887,14.023440599441528,100,1070000,106,22.79455041885376,9.147056338684623,6.28002061268122,-2.4414062e-08,2663.154408454895,1.0747778415679932,1.166389939226723,-0.099349424,8.067586421966553,0.11727452278137207
24.087855339050293,3.5161970927243806,21.028718330029204,13.701160669326782,100,1080000,107,22.339975595474243,10.326483446768396,7.505382728340058,9.155274e-09,2687.302740573883,1.5963153839111328,1.710049375079488,-0.015531601,7.9471354484558105,0.1498720645904541
23.43537998199463,4.1425556939293555,24.539432630374346,13.619467735290527,100,1090000,108,22.268237113952637,12.753184000164325,8.715377844429405,-3.6621095e-08,2710.7936742305756,1.0577399730682373,5.290824518788268,-0.04110685,7.95615553855896,0.1085970401763916
24.003878593444824,3.82280079601771,20.746446334664245,14.072264671325684,100,1100000,109,22.812154054641724,9.40806485915958,7.084707506344771,-1.2207031e-08,2734.861058473587,1.0776729583740234,3.6267315450471442,0.003487957,8.041354179382324,0.11331534385681152
24.049830675125122,2.5999354544267685,18.548161267085238,14.090426206588745,100,1110000,110,22.870144367218018,7.978811240698526,6.287821457461563,3.6621095e-08,2758.9725959300995,1.0566401481628418,1.6776859104091164,-0.01392677,8.075048446655273,0.12205362319946289
23.953499794006348,2.804125036786164,14.108831561833187,14.037524700164795,100,1120000,111,22.77469778060913,7.343058146995862,5.741698312519828,-1.525879e-08,2782.987844467163,1.0649254322052002,-0.3036893485619323,-0.018421257,8.0277738571167,0.11328577995300293
23.964739561080933,3.271925026595967,15.364704651877812,14.02859377861023,100,1130000,112,22.7750027179718,8.159890115643458,5.903030489409424,-4.2724608e-08,2807.0135231018066,1.0656113624572754,-1.3929178176730892,-0.039469276,8.041208028793335,0.1234748363494873
23.903156995773315,3.460165509399181,15.135832519616475,14.019827842712402,100,1140000,113,22.714508295059204,8.103181421441919,5.584028498151167,-1.0681152e-08,2830.9743769168854,1.0697064399719238,-1.7820987691461498,-0.095884085,7.985882043838501,0.11830258369445801
23.962150812149048,3.3564622673754116,16.184474243473517,14.044017553329468,100,1150000,114,22.7596492767334,8.581421644095217,5.9445345976277295,0.0040991213,2854.9985721111298,1.0635335445404053,1.0051218067260501,0.017456165,8.010569095611572,0.13835930824279785
23.9336519241333,3.6028623554004895,17.11741339301243,14.023684024810791,100,1160000,115,22.742056846618652,8.9783872264354,6.655175244061798,-9.155274e-09,2878.994507789612,1.080923318862915,-0.30047049358339695,-0.039280917,8.01431679725647,0.10992670059204102
23.880613803863525,4.791113290267597,22.09175004202392,13.976359844207764,100,1170000,116,22.71354866027832,11.408566000507491,7.963473858203117,-9.226799e-09,2902.9300079345703,1.055771827697754,2.628276812398606,-0.0198126,8.035462617874146,0.11060762405395508
23.965087413787842,6.152508486969405,25.68314339098361,14.06262731552124,100,1180000,117,22.77446150779724,13.55551522502013,8.75329472759139,-1.6975402e-08,2926.9572443962097,1.042757511138916,2.35331276969688,-0.0715042,8.003952264785767,0.14720773696899414
24.142698526382446,6.991264496309948,25.843383112649047,13.691616773605347,100,1190000,118,22.43355965614319,12.029965171308163,7.767222498794974,1.8310548e-08,2951.1574699878693,1.5667355060577393,1.004556409533434,-0.08920756,8.042165279388428,0.14150571823120117
23.602614641189575,4.994308487936719,31.390522665754375,13.718080282211304,100,1200000,119,22.423516750335693,14.116941897034048,8.764534839887013,6.1035155e-09,2974.839497566223,1.0682098865509033,1.5156800558406454,-4.5121764e-05,8.008713722229004,0.11006855964660645
23.952887773513794,5.199482415649398,23.176726415330485,13.9800443649292,100,1210000,120,22.754104137420654,4.980382367697866,6.616730620763978,6.1035155e-09,2998.8485748767853,1.074063777923584,-2.4000203018866393,0.078536496,8.070888996124268,0.12399530410766602
23.93772315979004,5.906458982811511,22.97705691315736,14.050489664077759,100,1220000,121,22.776591777801514,4.8894978802957345,6.339487841570315,-6.1035155e-09,3022.8422813415527,1.0480875968933105,-5.205477120531518,-0.006431804,8.005628824234009,0.1124105453491211
23.89991021156311,7.626349246972533,25.228584293845557,13.983593702316284,100,1230000,122,22.730357885360718,6.764924265701376,7.213952590697769,-3.0517577e-09,3046.8034982681274,1.0602662563323975,-4.198957642470451,-0.026943952,8.044403076171875,0.10843801498413086
24.56373691558838,9.25471222908633,32.73012377684179,14.472731590270996,100,1240000,123,23.395960569381714,10.312774281150482,8.777091757052402,-4.119873e-08,3071.4239478111267,1.0580360889434814,-5.236056548365147,0.00818991,8.20294451713562,0.10910916328430176
23.92845106124878,9.311362835889648,34.155600071339066,13.946904182434082,100,1250000,124,22.729552268981934,13.415473109805978,10.004499868047088,0.0016018982,3095.41268157959,1.0613837242126465,-3.3010582563669493,-0.005299109,8.076711654663086,0.1367642879486084
24.060601472854614,10.560832735660155,38.15055033347197,14.042392015457153,100,1260000,125,22.86277985572815,14.002094966469727,10.515609822551708,1.525879e-08,3119.53484249115,1.0617725849151611,-3.2800359969645516,-0.16618977,8.105320692062378,0.13548612594604492
24.153135299682617,10.090254359970654,34.72224995843329,13.999289512634277,100,1270000,126,22.812455654144287,14.83470420746388,10.897941363979724,8.010864e-09,3143.755035638809,1.187148094177246,-1.9597588596295528,-0.0025792802,8.110351800918579,0.15287232398986816
26.156471729278564,9.289751458716898,35.40672096309277,15.354752779006958,100,1280000,127,24.79270029067993,19.841370995705773,12.981644676602844,7.820129e-09,3169.983976840973,1.225240707397461,1.96314104645842,-0.09694486,8.676453113555908,0.1377544403076172
24.789625644683838,9.710085411211493,35.49450688254813,14.561448812484741,100,1290000,128,23.597121953964233,20.620288689530334,13.355288082725298,6.1035155e-09,3194.8377015590668,1.0851466655731201,7.819713379943459,0.04601152,8.317659139633179,0.10675883293151855
23.86179542541504,9.545294107853124,34.79313537853867,13.924153804779053,100,1300000,129,22.6964910030365,21.007106860984976,13.467780491631604,1.525879e-08,3218.7566814422607,1.0558104515075684,4.901777101861499,-0.0604136,8.061458349227905,0.10873603820800781
24.003441333770752,7.60454764011036,33.88004257518808,13.978692293167114,100,1310000,130,22.77926540374756,22.875621793310916,14.333152547530833,6.1035155e-09,3242.8189148902893,1.0700562000274658,9.897453340788546,-0.013780539,8.091730833053589,0.15339422225952148
24.048526763916016,7.772852733265026,33.7681065927235,13.628312349319458,100,1320000,131,22.273032188415527,19.13888724390714,12.480151115028258,0.00032286986,3266.924255847931,1.627122402191162,5.8082006692927886,0.0010018325,7.953441143035889,0.1475975513458252
23.36748719215393,6.262163578804871,32.436906863486115,13.566999673843384,100,1330000,132,22.195680618286133,19.549095853766183,12.939806616006903,-2.4414062e-08,3290.3719351291656,1.066537618637085,7.216796825738395,-0.06535844,7.9355151653289795,0.1046147346496582
24.513343334197998,5.183809291795925,29.67610166548221,14.346104145050049,100,1340000,133,23.226360321044922,18.37519951260398,12.467664517281538,0.0005341324,3314.945567369461,1.1718499660491943,6.406140700356751,-0.024886109,8.158894777297974,0.11446666717529297
24.223210096359253,4.378110996323572,24.287928708277654,14.180489778518677,100,1350000,134,23.039690732955933,15.893948148231368,11.253260306783547,1.373291e-08,3339.2362022399902,1.0724737644195557,5.363844240126751,-0.028537445,8.150830030441284,0.11026883125305176
23.9145290851593,3.689433947423547,23.56238971896346,13.945987939834595,100,1360000,135,22.714465141296387,16.008906871774975,11.484132324695121,0.00043961487,3363.2104840278625,1.0886199474334717,2.71165412979792,-0.016397104,8.064371824264526,0.11075830459594727
23.962003707885742,3.619438911674595,24.173015793476598,14.0476713180542,100,1370000,136,22.794918537139893,15.423158169702674,11.38078955531817,3.2043456e-08,3387.2327868938446,1.0535070896148682,5.55511110439446,-0.020946266,8.033405303955078,0.11287069320678711
23.801023244857788,3.8397435814009215,23.322346168633267,13.655572175979614,100,1380000,137,22.336946964263916,14.917190119661264,11.028359294970942,-1.5258789e-09,3411.0931525230408,1.3533520698547363,3.248712229072451,0.0024298523,7.974078416824341,0.10997390747070312
23.777443170547485,3.9170855959041497,21.47782343482408,13.848287582397461,100,1390000,138,22.57985281944275,14.997251380690681,11.173001477543878,2.8610229e-08,3434.94397687912,1.077620029449463,4.200073902399899,-0.012235071,8.040951490402222,0.11852574348449707
23.874892473220825,3.6295390965881813,25.094198020396266,13.963803052902222,100,1400000,139,22.704869031906128,16.185962821633936,11.839185326509334,1.5258789e-09,3458.8782074451447,1.0426747798919678,5.71897689047405,-0.020092813,8.04275107383728,0.1267719268798828
23.93616485595703,3.6880144176058844,23.419756699343058,14.000733375549316,100,1410000,140,22.7403883934021,15.729622465428887,11.339789056378914,-6.103516e-08,3482.8763937950134,1.0588107109069824,0.6861430897035949,0.00068054197,8.036319255828857,0.13616466522216797
23.9100341796875,3.5375627707421717,26.725912176991812,13.968565940856934,100,1420000,141,22.742602825164795,16.64056763489,11.93554698447054,-2.746582e-08,3506.841991662979,1.056260347366333,6.948206755425464,-0.022648416,8.066469192504883,0.11045575141906738
23.834232568740845,3.068469987710982,22.643907949345504,13.899407625198364,100,1430000,142,22.64893651008606,16.06796552336206,11.692447428348414,-0.001584903,3530.735997438431,1.076530933380127,7.489729097658011,-0.031531066,8.04870891571045,0.10812067985534668
23.97326350212097,4.235711446873542,23.532866520897223,14.026620149612427,100,1440000,143,22.82178521156311,15.785714331956514,11.603267458253704,3.967285e-08,3554.7688522338867,1.0410864353179932,1.214640727597434,-0.00048598938,8.08840298652649,0.10962605476379395
23.94846749305725,3.8562140780323655,22.81919421807579,13.994882822036743,100,1450000,144,22.747583866119385,15.703481479408513,11.525380985641057,-6.1035155e-09,3578.781797647476,1.0599656105041504,3.022519341957619,-0.008789179,8.053608417510986,0.14018011093139648
23.823140382766724,3.7265455956445868,23.829758162350853,13.967398166656494,100,1460000,145,22.64512300491333,15.688800479411197,11.422831725189981,1.0681152e-08,3602.661589384079,1.066605567932129,3.9328982855331893,-0.0044290605,7.98230242729187,0.11078000068664551
23.835628986358643,4.294394322526733,26.887044168122003,13.95575213432312,100,1470000,146,22.691375017166138,16.677517781556414,11.874028885344558,-1.8310548e-08,3626.559769153595,1.0506622791290283,3.227941336762629,-0.0070821596,8.026391744613647,0.09270715713500977
23.949024200439453,3.7918162358881426,26.802545861376963,13.986661672592163,100,1480000,147,22.736369848251343,17.238465055280063,12.06163640109152,3.0517577e-09,3650.5656900405884,1.092320203781128,9.212944929410211,-0.011442639,8.044981241226196,0.11966228485107422
24.768572092056274,4.306628085654294,28.553667479147578,14.518143892288208,100,1490000,148,23.547972917556763,18.051930765887068,12.158309600285332,-3.185272e-08,3675.397012233734,1.1044464111328125,1.7628727407115234,-0.009678772,8.298104047775269,0.11538982391357422
25.713252305984497,3.941058480427318,31.54614388863849,14.877517700195312,100,1500000,149,24.12890911102295,20.42500323068988,13.141543829215712,1.2207031e-08,3701.1718208789825,1.3928430080413818,7.380167521542305,-0.013592065,8.505761861801147,0.19044947624206543
24.054155349731445,6.0769104936110105,32.12773647429712,14.014135122299194,100,1510000,150,22.85266423225403,22.0869081479251,13.928590295152073,-1.2207031e-08,3725.29970908165,1.0797929763793945,-0.08235680396000827,-0.035102583,8.13293743133545,0.12096643447875977
24.187450170516968,5.175753820727116,35.47339760634572,14.1563081741333,100,1520000,151,22.994820833206177,24.227747297538077,14.863069939707993,-3.0517577e-09,3749.5455005168915,1.0735845565795898,4.425339805625994,-0.04979735,8.129362106323242,0.11841487884521484
24.007333755493164,5.596423961192351,34.810190170797064,14.055456399917603,100,1530000,152,22.836647033691406,24.818347189465563,15.007011926660963,-6.1035155e-09,3773.61745429039,1.05859375,1.618059159555949,0.009903155,8.077374935150146,0.11142206192016602
24.150415420532227,6.537802578270256,36.210515646358374,14.046895027160645,100,1540000,153,22.832154750823975,26.103864555159227,15.692955878340351,-3.6621095e-08,3797.826097011566,1.1962761878967285,-1.5339179968407068,-0.004502777,8.074347496032715,0.12131190299987793
24.125757217407227,7.211481856593434,37.26525419351024,13.619104385375977,100,1550000,154,22.292566537857056,26.17662888408499,15.726142685507666,6.1035155e-09,3822.028800725937,1.6425228118896484,1.6243193632889097,-0.0055476683,7.974231243133545,0.1735060214996338
23.500418424606323,5.348373408050825,36.9146234325906,13.381136655807495,100,1560000,155,21.95368719100952,27.376952583815367,16.34793824895242,-1.373291e-08,3845.58917760849,1.3529531955718994,6.624435007176481,-0.011345987,7.883715391159058,0.19280052185058594
23.44144368171692,5.8564494586920635,36.33847795224153,13.592430114746094,100,1570000,156,22.249724864959717,27.219922759635686,16.38617321489394,3.0517577e-09,3869.087658882141,1.0740532875061035,3.5760474021814486,-0.0036857117,7.967844247817993,0.11698102951049805
23.952242374420166,5.5253467230909665,36.88580275790028,14.05329179763794,100,1580000,157,22.767223596572876,26.99501049854973,16.177934215661743,1.5258789e-09,3893.100167274475,1.0751657485961914,6.3359187712349145,-0.006327759,8.0221266746521,0.10918736457824707
24.010188817977905,5.744611783814026,36.50356417725669,14.01936936378479,100,1590000,158,22.802509307861328,27.963303475096467,16.631148492528926,-6.1035155e-09,3917.170175075531,1.0692238807678223,4.81218575264142,-0.0072477907,8.078402996063232,0.13774752616882324
24.066445112228394,4.946766393968155,35.97261613010634,14.120728731155396,100,1600000,159,22.925158500671387,28.495597926080155,16.8465099144652,-1.2207031e-08,3941.2952992916107,1.03377103805542,9.88540571233144,-0.00681864,8.095166683197021,0.1069023609161377
24.09264373779297,6.039738344938849,36.825156857165666,14.094516277313232,100,1610000,160,22.869250297546387,28.302050919731382,16.87517573883793,6.1035155e-09,3965.446171283722,1.1140828132629395,3.794001734870258,-0.0023455932,8.070009708404541,0.10870027542114258
23.9643874168396,6.048081440670406,37.14127566416598,14.054178714752197,100,1620000,161,22.76412010192871,28.840345597007282,17.295100052043516,6.1035155e-09,3989.4739096164703,1.0735907554626465,4.575587292848143,-0.015960071,8.012491703033447,0.12595319747924805
24.15224552154541,5.425252304968626,37.24155167967839,14.241902589797974,100,1630000,162,22.993408679962158,29.057390653174938,17.314608688276415,1.2207031e-08,4013.685220003128,1.0478625297546387,4.173684777813898,-0.0019301582,8.049591064453125,0.11031746864318848
24.04024052619934,5.566326442557154,37.731694606872225,14.079851865768433,100,1640000,163,22.87097930908203,29.559559991786244,17.6444682444159,6.1035155e-09,4037.789046525955,1.056187629699707,6.323557736804722,-0.005944989,8.093008041381836,0.11235666275024414
24.086914777755737,4.315810651387569,38.3723381200861,14.160446166992188,100,1650000,164,22.91908621788025,29.464116828873312,17.579252427124867,3.8146972e-10,4061.936758041382,1.058983564376831,17.370122350208884,-0.0008772682,8.060214519500732,0.10811901092529297
24.04390001296997,3.9341977380886815,40.49408739210149,14.056570053100586,100,1660000,165,22.85129427909851,30.1146459297955,17.896075771549786,-3.0517577e-09,4086.0400524139404,1.085555076599121,19.928806946614323,-0.0082679875,8.094103813171387,0.1063532829284668
24.092174530029297,4.625981399311827,39.09810515215791,14.12489366531372,100,1670000,166,22.909979343414307,29.75094975721511,17.872552752064728,7.629395e-09,4110.191632270813,1.0704147815704346,8.800455955718691,-0.022219403,8.089756488800049,0.11104154586791992
23.941006660461426,4.3719957644920004,38.89655157151051,14.011650085449219,100,1680000,167,22.784926891326904,30.22021436208383,18.19791967439438,-1.5258789e-09,4134.192001104355,1.0428822040557861,17.060550995927453,-0.0008639534,8.065554857254028,0.1124260425567627
24.15004849433899,4.352595335095886,37.25590850255159,14.12544870376587,100,1690000,168,22.97117280960083,29.281649117027367,17.792005732819167,-2.4414062e-08,4158.4041295051575,1.0663979053497314,13.908614849230995,-0.008918256,8.140008449554443,0.11173224449157715
24.562463998794556,4.35501135329162,37.72741453885484,14.378833532333374,100,1700000,169,23.365867853164673,30.21316548167433,18.27770645571911,4.5776368e-08,4183.023154020309,1.0861074924468994,15.005817930055878,-0.006564798,8.273370504379272,0.10942363739013672
24.642900228500366,5.25519377172892,38.70438263632534,14.473841428756714,100,1710000,170,23.390085458755493,28.605815630189877,17.3678552523896,2.9754638e-08,4207.730710268021,1.1091222763061523,10.603927375017678,-0.0038635815,8.194353818893433,0.1429760456085205
24.670706748962402,3.530222025125038,37.86467503312591,14.415444135665894,100,1720000,171,23.42900061607361,29.469760665986414,17.692329195863216,4.8828124e-08,4232.461171627045,1.0973966121673584,20.523176164581002,-0.0074452576,8.28617262840271,0.14349603652954102
23.985469579696655,4.448646164614473,38.307610953836566,14.018819808959961,100,1730000,172,22.79995346069336,29.932765809140932,17.862593183967302,-1.525879e-08,4256.509258270264,1.0588743686676025,16.636347772592142,-0.018706232,8.07894515991211,0.12589502334594727
25.11492681503296,4.288704043385418,37.303231973384875,14.799188137054443,100,1740000,173,23.906335592269897,30.352170805360256,18.055208817404388,-1.525879e-08,4281.68545293808,1.0871431827545166,10.675836160350016,-0.04612409,8.34961748123169,0.12041330337524414
23.909968614578247,3.7963630752951976,37.38088398816215,13.930914402008057,100,1750000,174,22.715813398361206,30.49839471661723,18.181818134665477,6.1035155e-09,4305.661601305008,1.0827319622039795,20.0020934808987,0.0007668762,8.083990097045898,0.11073088645935059
23.996546983718872,5.910499954777788,37.92781352039281,13.983582973480225,100,1760000,175,22.807930946350098,30.096883195893476,17.910033838439393,-9.155274e-09,4329.714912176132,1.0781066417694092,7.1909851346051985,-0.004089154,8.11371374130249,0.1098337173461914
24.149868726730347,4.6395152516002485,40.70397825348226,13.768034934997559,100,1770000,176,22.493704080581665,30.944257673723584,18.34078133993261,1.525879e-08,4353.923752784729,1.4997572898864746,9.346709500723746,-0.00076040346,8.031580924987793,0.15526270866394043
23.494506120681763,3.671114775953391,37.96431019628924,13.631134986877441,100,1780000,177,22.30264139175415,31.723726674453832,18.64839796176795,1.2207031e-08,4377.477590799332,1.06611967086792,19.485428118880375,-0.003251178,7.980376958847046,0.12499356269836426
24.062430381774902,5.890110232301294,39.548617544881225,13.81624174118042,100,1790000,178,22.549773931503296,30.936891085783685,18.331554151756794,9.155274e-09,4401.598128080368,1.35483717918396,6.542033113061551,-0.015349292,8.023209810256958,0.1557321548461914
23.74022388458252,4.399452803152421,40.12641555426091,13.72156047821045,100,1800000,179,22.37309718132019,32.035988049170975,18.997214330053044,1.525879e-08,4425.395773410797,1.2580792903900146,7.736573937451317,-0.05388131,7.958200931549072,0.10834288597106934
23.739266395568848,4.851198376103932,39.20676176914571,13.842721700668335,100,1810000,180,22.550880193710327,30.406161055460007,18.4325585806136,-6.1035155e-09,4449.22940826416,1.0715465545654297,7.933830293769268,-0.008874191,8.009452819824219,0.11566329002380371
23.94402527809143,4.50940097935958,35.175914946289545,13.998355150222778,100,1820000,181,22.780672788619995,28.731976513177905,18.03541686615499,-2.5558471e-08,4473.233828544617,1.0521459579467773,14.047287716036926,-0.0032528464,8.07296109199524,0.11044478416442871
23.998364448547363,4.983420290499643,36.677290403015306,13.968903064727783,100,1830000,182,22.764480352401733,27.066671896094554,17.32236438294015,-1.8310548e-08,4497.291774749756,1.0943362712860107,12.65445905516315,-0.009475955,8.092559337615967,0.13881707191467285
24.017194986343384,4.279808015600076,38.17732205768706,14.017961025238037,100,1840000,183,22.81668519973755,29.512364811951375,18.49059843401669,-3.3569336e-08,4521.372845888138,1.0785253047943115,18.190994483991823,-0.021329086,8.090516805648804,0.12124991416931152
23.96939516067505,5.068101091571056,39.27768363430245,13.97182321548462,100,1850000,184,22.787185192108154,28.831148479413415,18.002592042652026,-3.8146972e-08,4545.400279521942,1.065871000289917,13.26626824500763,-0.0013570801,8.111045837402344,0.11568474769592285
23.920318126678467,4.347992453756491,39.03057823503985,13.96747899055481,100,1860000,185,22.72953152656555,30.913674007765795,18.981304880815106,6.1035155e-09,4569.379188299179,1.0707600116729736,15.28117034471648,-0.0076333922,8.05998706817627,0.11933660507202148
24.027686595916748,4.514793177898853,40.70588990624883,14.058444261550903,100,1870000,186,22.857636213302612,31.12664251790134,18.873292581580188,2.746582e-08,4593.466935157776,1.0560204982757568,16.71940316089467,-0.007852966,8.086732149124146,0.11338973045349121
23.909852504730225,4.66524095346599,39.04179053994886,13.925644636154175,100,1880000,187,22.72657537460327,30.877976013427627,18.67728642146288,2.2888184e-08,4617.435055732727,1.07379150390625,17.705091793400655,-0.022061853,8.091829776763916,0.10869407653808594
24.050164222717285,4.084051127592158,38.276993755670695,14.012452840805054,100,1890000,188,22.857568740844727,31.613297128373855,19.01006217773528,-5.531311e-09,4641.548050403595,1.0802788734436035,20.186166066878876,-0.006081346,8.12242865562439,0.11157035827636719
23.885372161865234,4.592774956032474,39.38596417608297,13.986114501953125,100,1900000,189,22.722321033477783,31.208679323292532,18.776206212463634,-5.493164e-08,4665.493954896927,1.055422306060791,11.394257473548727,-0.01125199,8.030280828475952,0.1067960262298584
24.04242515563965,4.463147643988042,39.57067934676634,14.057202816009521,100,1910000,190,22.86631679534912,31.55433774697816,18.92463596285597,2.2888184e-08,4689.592933893204,1.0491383075714111,17.342873102545596,-0.04218985,8.09754228591919,0.12638306617736816
23.92952847480774,4.282882731145326,39.2970450410031,14.005443334579468,100,1920000,191,22.776028394699097,31.06448767210492,18.72330876643597,-1.2207031e-08,4713.58670425415,1.0456297397613525,20.28988566168724,-0.014410839,8.058559656143188,0.10724210739135742
23.949888467788696,4.164461624206964,40.372987660719076,13.961987495422363,100,1930000,192,22.756221532821655,31.664923638137523,19.029120406297867,1.0681152e-08,4737.59975528717,1.0818955898284912,21.87697689746344,-0.014462904,8.084228038787842,0.11101174354553223
23.99142599105835,3.3765303813405487,37.91796136075545,13.964827299118042,100,1940000,193,22.79173493385315,32.78160687626789,19.479235478793527,-1.6784668e-08,4761.648129701614,1.073401689529419,24.38357936920591,-0.035479214,8.120827674865723,0.12564778327941895
24.09707522392273,4.96688065752019,38.882247230403586,14.106981992721558,100,1950000,194,22.9117534160614,30.737069056794017,18.518215526864363,8.392334e-09,4785.800789117813,1.069690227508545,9.497181186463408,-0.0021705444,8.096740484237671,0.11485695838928223
23.963871955871582,3.7823958784527045,40.01104113461689,14.007147789001465,100,1960000,195,22.79267406463623,31.87347710277783,19.17331899679701,2.4414062e-08,4809.826627731323,1.0611848831176758,19.265186361238584,-0.0073706666,8.059112310409546,0.10939764976501465
24.04928708076477,3.1855818149124,39.06395605592409,14.044071435928345,100,1970000,196,22.8715238571167,32.89687399777618,19.562642794484137,1.0681152e-08,4833.935519695282,1.0641660690307617,23.186162093670927,-0.009340348,8.104726314544678,0.11287760734558105
24.049312591552734,4.444311076130239,38.874098162892345,13.777801990509033,100,1980000,197,22.51098370552063,32.68137925384598,19.459771026835227,1.2207031e-08,4858.04462313652,1.4005255699157715,4.977375052154574,-0.0054763337,8.018289804458618,0.13028645515441895
23.908729791641235,4.306058512951722,39.787383726661126,13.911757946014404,100,1990000,198,22.695926189422607,33.04686746554472,19.607300757657857,-1.5258789e-09,4882.013799190521,1.1034574508666992,13.217090586821712,-0.0024543656,8.083267211914062,0.10863304138183594
23.842408895492554,3.8108879437884955,40.833477239177775,13.909777164459229,100,2000000,199,22.659565925598145,33.07889972188397,19.48388763613382,9.155274e-09,4905.915457010269,1.070831298828125,19.659535691807882,-0.010913357,8.046773672103882,0.11123418807983398
23.979963779449463,2.734852685962068,39.55728844832054,13.991240739822388,100,2010000,200,22.777961492538452,34.204043605664395,20.054886270095167,2.4414062e-08,4929.957980871201,1.0792012214660645,23.539206090229104,-0.011727466,8.079217672348022,0.12200689315795898
24.01587963104248,3.985698492307775,39.52857858951261,13.989261150360107,100,2020000,201,22.761460304260254,33.0869359912177,19.587533869513674,-3.0517577e-09,4954.036310434341,1.10955810546875,6.163869179979889,-0.0055753663,8.06950044631958,0.14413833618164062
23.969846725463867,3.297968592296923,38.41212671862727,13.98192834854126,100,2030000,202,22.7562518119812,33.13158473737276,19.672009099198558,7.629395e-09,4978.065291881561,1.056966781616211,22.6982769607727,-0.016961968,8.06921100616455,0.15593886375427246
23.999292135238647,4.528545057138519,40.371993377448916,13.691633939743042,100,2040000,203,22.394609451293945,32.74279531691689,19.45952560613879,3.8146972e-08,5002.125602960587,1.4892022609710693,8.933968623185413,-0.0030895553,8.012951135635376,0.11473298072814941
23.710347175598145,4.264272323314312,39.9043586147089,13.80298662185669,100,2050000,204,22.54542565345764,33.07419691466467,19.8349615923249,-3.0517577e-09,5025.9398555755615,1.0470750331878662,18.82232297720305,-0.003686615,8.04447627067566,0.11655044555664062
23.99053144454956,3.8095426114471636,40.34982927450864,14.04805040359497,100,2060000,205,22.829341888427734,32.494706917505326,19.466962374235408,-0.00018927002,5049.99023938179,1.0536656379699707,16.639346436752152,-0.007854877,8.071169137954712,0.10692834854125977
23.947211980819702,4.0212940170051095,40.05970554080012,13.955718278884888,100,2070000,206,22.78519916534424,32.78699149221273,19.60157198203553,-4.2724608e-08,5073.999124288559,1.0415031909942627,21.346085352429508,-0.004251129,8.122978687286377,0.1198124885559082
24.037623643875122,4.435139371107423,40.80991690344977,14.060556411743164,100,2080000,207,22.868329763412476,32.74925435940214,19.547034529702245,1.2207031e-08,5098.095416545868,1.0545382499694824,12.218622924794099,-0.0048883753,8.089403629302979,0.11399984359741211
24.016969919204712,3.5634455087504233,39.45902519672371,13.981843709945679,100,2090000,208,22.81863570213318,32.84937063937454,19.722580849000856,-1.5258789e-09,5122.167860746384,1.078559398651123,22.73465298992232,-0.4367679,8.137400150299072,0.1189889907836914
23.9751296043396,4.006131179735712,39.928151330607506,14.011245489120483,100,2100000,209,22.80501651763916,31.038392370940127,19.1516039563783,4.8446655e-08,5146.206591844559,1.0578334331512451,21.580737991679165,0.0814335,8.095982551574707,0.11155056953430176
23.972497701644897,4.178676564471438,39.267516249248985,13.988300323486328,100,2110000,210,22.81235671043396,31.193874416153484,19.1962618000641,-3.6621095e-08,5170.241206884384,1.0489988327026367,20.113807707936445,-0.019528434,8.118380784988403,0.11046814918518066
24.065539598464966,4.044812356479604,37.306378396375116,14.091390371322632,100,2120000,211,22.894115209579468,28.6807990800556,18.386454227066107,1.2207031e-08,5194.363853216171,1.0729749202728271,14.65210957950308,-0.0015718444,8.093620777130127,0.09763741493225098
23.920010089874268,3.969433638575011,36.383139283823965,13.924644708633423,100,2130000,212,22.733575344085693,29.12129518917879,18.71109238767528,-1.0681152e-08,5218.348393678665,1.0682868957519531,18.206466263751448,-0.014569783,8.108167171478271,0.11753153800964355
24.012691020965576,4.520699682342216,38.33715968105598,14.029030799865723,100,2140000,213,22.842230558395386,28.64350767595809,18.455252089473476,-1.5258789e-09,5242.4223828315735,1.0554563999176025,17.245072041626436,-0.008423081,8.100381851196289,0.11421680450439453
23.957234859466553,4.428401322266524,37.368464301069,13.948745012283325,100,2150000,214,22.778677225112915,28.64217588240826,18.463126796682626,3.0517577e-09,5266.4403557777405,1.0707898139953613,14.03461996304489,-0.021579849,8.11206865310669,0.1071465015411377
23.996559619903564,4.545498934078924,37.141624958396946,14.01715087890625,100,2160000,215,22.81941246986389,28.478584485375308,18.316733008218613,2.5939942e-08,5290.4943079948425,1.0545759201049805,18.516620002887006,-0.010815935,8.098558187484741,0.12193155288696289
24.05982518196106,4.157708679126077,37.17098016799336,14.068786144256592,100,2170000,216,22.844801664352417,30.064998424047786,18.697400604521334,9.155274e-09,5314.61349773407,1.1055374145507812,17.15403138021683,-0.019365888,8.07322907447815,0.10879850387573242
23.965351104736328,3.8810221661266318,38.48490113162657,13.744226694107056,100,2180000,217,22.519209384918213,31.034771977740007,18.92103242155788,-1.8310548e-08,5338.638812541962,1.261523962020874,19.26064350264785,-0.030182354,8.078840970993042,0.18313932418823242
23.43687653541565,3.315754995592017,38.534738385696166,13.579867601394653,100,2190000,218,22.249661445617676,31.89054539113358,19.074076510707663,7.629395e-09,5362.132655143738,1.0606982707977295,22.91492681459462,-0.011496607,7.977773189544678,0.1256880760192871
23.945242643356323,2.723278108080679,37.7473220240228,13.967543125152588,100,2200000,219,22.739093780517578,32.03195803458158,19.05900477526325,-1.8310548e-08,5386.141729354858,1.0949506759643555,24.65439474440116,-0.08496631,8.069371461868286,0.11047554016113281
24.030636310577393,2.839115457374508,37.97952652246052,14.009588956832886,100,2210000,220,22.831138134002686,32.46741483136591,19.23577285453378,2.4414062e-08,5410.227400064468,1.0545268058776855,25.150794620653603,0.0012064575,8.115642309188843,0.1441657543182373
24.00900173187256,2.2930699459290005,37.86918669573979,14.006654500961304,100,2220000,221,22.820751905441284,33.103695805280694,19.299710592496332,-3.0517577e-09,5434.296777963638,1.075984001159668,26.282325816206207,-0.040277388,8.11202359199524,0.11145830154418945
23.988044261932373,2.683853346586203,38.89296382562384,14.025232791900635,100,2230000,222,22.79621195793152,33.12083020042437,19.337432968363768,2.1362304e-08,5458.34631729126,1.0775601863861084,21.63066700272655,0.0053390563,8.057559490203857,0.11362576484680176
24.316587448120117,3.1327061476471596,39.47729916866637,14.192426681518555,100,2240000,223,23.08352494239807,33.40417461614961,19.390277697439995,-7.629395e-09,5482.723394393921,1.098085641860962,19.998870623227138,-0.033084113,8.167201519012451,0.13427972793579102
24.07233738899231,2.7184245299424994,40.32221449386089,14.05820918083191,100,2250000,224,22.903682231903076,33.93620413313554,19.607908910091652,-6.1035155e-09,5506.856587171555,1.0482840538024902,25.49022204375719,-0.0064522643,8.129305601119995,0.11966729164123535
24.095281839370728,2.810006789859398,39.38696439114119,14.040256977081299,100,2260000,225,22.870070695877075,34.22958206749764,19.769019592745,-1.373291e-08,5531.012034893036,1.1115999221801758,22.436462203333832,-0.009238901,8.125154495239258,0.11292409896850586
24.05114459991455,2.8327858688113596,39.71934466295173,14.060875415802002,100,2270000,226,22.90135908126831,33.86429152559863,19.684335432718775,-1.8310548e-08,5555.124838352203,1.04183030128479,26.015241471974118,-0.007731752,8.134212017059326,0.10731291770935059
24.02369451522827,3.0595051875853603,39.23982056712673,13.654826402664185,100,2280000,227,22.355249404907227,33.91865859413965,19.744839794638143,2.4414062e-08,5579.2035620212555,1.4785115718841553,23.49828283627146,-0.03796845,8.009015083312988,0.1871170997619629
23.61790633201599,2.810090478137143,39.823966655165826,13.724258422851562,100,2290000,228,22.451999187469482,34.038113839799045,19.915150315182448,-1.0681152e-08,5602.877430438995,1.043823003768921,26.813491083990648,0.00243814,8.03487753868103,0.12139439582824707
23.950601816177368,3.00504150909286,40.068402892553706,14.006764888763428,100,2300000,229,22.788148641586304,34.08819515402066,20.001470682056976,2.4414062e-08,5626.88623380661,1.0474390983581543,25.518894030886937,-0.03558407,8.070359945297241,0.11433219909667969
24.03374481201172,2.8390216546666145,40.27166489653854,14.032832860946655,100,2310000,230,22.836252689361572,33.77371898923795,19.955520781050584,-5.3405763e-08,5650.981802225113,1.079829216003418,24.248470462488115,-0.04200939,8.100863933563232,0.11693406105041504
24.088635444641113,3.0035242934739967,39.64177218649374,14.032706260681152,100,2320000,231,22.88193368911743,33.32891539599318,19.78308613124181,-6.1035155e-09,5675.133334875107,1.0976643562316895,25.75865838352343,-0.042737328,8.142787218093872,0.10834789276123047
23.949161767959595,3.2083056801466543,40.52828275803289,13.980145454406738,100,2330000,232,22.778212785720825,33.661796304605744,19.8934951777912,-2.1362304e-08,5699.1441831588745,1.0594902038574219,24.263690248240756,-0.0772655,8.09614872932434,0.11065506935119629
23.98882246017456,3.7582676255200065,40.73231524066598,13.964664936065674,100,2340000,233,22.81483221054077,33.355798441206225,19.566563483077573,-2.1362304e-08,5723.193985700607,1.0653424263000488,15.936367172275716,-0.0058744615,8.138825416564941,0.10793185234069824
23.99279499053955,3.2686834485290466,39.3945711174728,14.05036735534668,100,2350000,234,22.83269762992859,33.6375839039884,19.5696712995596,-1.2207031e-08,5747.250852108002,1.0457851886749268,24.324159631533583,0.0025849731,8.082000494003296,0.11367321014404297
23.989351511001587,2.4753670925072226,39.33462878992366,13.994352102279663,100,2360000,235,22.797359943389893,34.37904536346833,19.83670590250745,-0.005734668,5771.304763793945,1.075382947921753,27.638354973705056,-0.0096777985,8.091862440109253,0.11593413352966309
23.961962699890137,2.4601199440510033,39.63985691769058,13.969972133636475,100,2370000,236,22.76995611190796,35.34592578593995,20.239656376908453,1.0681152e-08,5795.329784154892,1.0735430717468262,28.21031018979563,-0.020197097,8.100708723068237,0.11768603324890137
24.031697750091553,2.166971071010045,39.632631413631955,14.019253969192505,100,2380000,237,22.817322492599487,35.76516127108369,20.269858439691813,-6.1035155e-09,5819.422088623047,1.088590145111084,27.95215682275028,-0.037474137,8.09160590171814,0.12503695487976074
23.95980668067932,2.1842224470760985,41.50559470137676,13.653777599334717,100,2390000,238,22.314841508865356,36.51352177414678,20.64866430600341,3.1280518e-08,5843.437529563904,1.5361742973327637,31.17701346768298,-0.016513169,7.970607042312622,0.1081693172454834
23.580488443374634,2.2984271737933373,41.288330632479536,13.655129432678223,100,2400000,239,22.348955869674683,36.48991071396788,20.636984414519887,1.2207031e-08,5867.09725856781,1.0685265064239502,30.743748601130452,-0.010455648,8.005807638168335,0.16187191009521484
24.065793991088867,1.965107048165798,41.2449953525282,14.00595498085022,100,2410000,240,22.834574222564697,37.156097584818916,20.99428065241235,0.00012907409,5891.225400924683,1.1068503856658936,30.96589763107018,-0.0039931578,8.12116551399231,0.12362456321716309
23.864513397216797,4.546996755353455,40.70451495319072,13.875855207443237,100,2420000,241,22.662193298339844,36.044588651547045,20.27213004453846,1.449585e-08,5915.152696847916,1.0943548679351807,7.970949887752,-0.051514808,8.067420721054077,0.10732769966125488
23.905670881271362,3.6057672292756515,41.260090005644685,13.91176152229309,100,2430000,242,22.710298538208008,37.05899207771099,20.825762015843505,-6.1035155e-09,5939.114581823349,1.0754890441894531,8.852325285272814,-0.013170914,8.099997282028198,0.11910176277160645
24.099164485931396,1.754300363052683,40.4606505619679,14.080114841461182,100,2440000,243,22.893530130386353,37.502830156841696,21.052970246064355,1.449585e-08,5963.272673368454,1.0955822467803955,29.767157637454012,-0.006145642,8.103222608566284,0.10921287536621094
24.535028219223022,1.9741074887984187,40.86328235869963,14.278801202774048,100,2450000,244,23.337581634521484,37.56105585673622,21.069722124380938,3.3569336e-08,5987.866881370544,1.0746417045593262,32.33470038760662,-0.022828925,8.346626043319702,0.12215280532836914
23.994920015335083,1.7921220541773812,41.44576327946489,13.997931241989136,100,2460000,245,22.808998823165894,37.6617372499922,21.17982592696424,-9.155274e-09,6011.92676448822,1.0611705780029297,33.69247684069383,-0.055479445,8.102398157119751,0.12375712394714355
24.00840425491333,1.8718941447967326,41.09929221475062,13.957554340362549,100,2470000,246,22.79953670501709,37.66112329060855,21.153385355215132,-0.012751703,6035.992942094803,1.0718343257904053,32.667081572899605,-0.14539097,8.135369300842285,0.13620734214782715
23.94253420829773,1.6132239503328973,41.5741336291258,13.969935894012451,100,2480000,247,22.759893655776978,37.843537992767345,21.24846747383731,1.5258789e-09,6059.990687131882,1.0627400875091553,32.90773624036479,-0.009976028,8.085453033447266,0.11918854713439941
24.28484606742859,3.0795618706747816,40.047541446100595,14.169240951538086,100,2490000,248,23.026889085769653,37.07528624909861,20.77488777790701,-2.4414062e-08,6084.34166765213,1.1426475048065186,10.569241805787787,-0.021229262,8.147978782653809,0.11471247673034668
23.96296977996826,1.897711080988053,41.593379418308174,13.955559968948364,100,2500000,249,22.761406660079956,37.1433525717326,20.7844684227568,2.1362304e-08,6108.3673620224,1.0694143772125244,32.58754980371304,-0.0015169556,8.100297451019287,0.13141417503356934
24.13948917388916,2.1296177339230775,40.390190012316516,14.104272842407227,100,2510000,250,22.92713975906372,36.844731510012714,20.728475526319635,-3.6621095e-08,6132.576753616333,1.0692687034606934,28.49238635035668,-0.021309432,8.117469787597656,0.14243316650390625
24.04919171333313,1.9294221906458402,40.98108047922953,13.858999013900757,100,2520000,251,22.595062494277954,37.25087145248556,20.965030786342613,3.6621095e-08,6156.683913469315,1.265448808670044,30.304319525188543,-0.004722086,8.04472279548645,0.18582367897033691
23.652223348617554,2.0530725461978503,41.53741996135268,13.608874082565308,100,2530000,252,22.315540313720703,37.70109741508543,21.195197842342928,-7.324219e-08,6180.39846777916,1.2212555408477783,30.82918879669483,-0.018906176,8.01650071144104,0.11462664604187012
24.000291347503662,2.0081618626731093,41.543046808491525,14.036457777023315,100,2540000,253,22.79259467124939,37.95778607228328,21.322148392850767,3.6621095e-08,6204.482262849808,1.071448802947998,29.665449024773885,-0.014618103,8.056976556777954,0.1347956657409668
23.97673273086548,2.0204470316175147,41.96603525082914,13.973743200302124,100,2550000,254,22.823288202285767,38.022600137728034,21.327901322527268,-1.525879e-08,6228.5154066085815,1.037626028060913,27.683956039739694,-0.004501828,8.144812107086182,0.11509466171264648
24.03609848022461,2.1995835840276277,42.06185084397547,14.034775495529175,100,2560000,255,22.815751314163208,38.30661414666514,21.498171144291312,2.1362304e-08,6252.611283779144,1.1095783710479736,30.67012941753076,-0.0078770695,8.075991868972778,0.10977673530578613
24.098088026046753,1.6721816877514812,41.150582233043416,14.093966722488403,100,2570000,256,22.924095630645752,38.526405868016525,21.585397296953698,6.1035155e-09,6276.765562057495,1.0408971309661865,31.907741835247414,-0.021739587,8.128417253494263,0.13245296478271484
24.037476301193237,2.005927553791384,41.678154240365224,14.030901432037354,100,2580000,257,22.890491724014282,38.10591824289796,21.417974464545477,-3.6621095e-08,6300.864312648773,1.035771131515503,30.878062478397855,-0.025465868,8.143598318099976,0.11065173149108887
24.144440412521362,1.9123963096763115,41.60506364913533,14.003875017166138,100,2590000,258,22.925455331802368,38.07739265576297,21.423900286946278,3.051758e-08,6325.071199178696,1.0762019157409668,32.480871069762514,-0.01401977,8.199342012405396,0.1417553424835205
24.38724136352539,2.2738325633703047,42.56746887060521,13.791404008865356,100,2600000,259,22.566504955291748,37.909721818407604,21.288392573696438,1.9836426e-08,6349.518552064896,1.6511478424072266,30.89706394324699,-0.00865549,8.08323049545288,0.1684410572052002
23.5186665058136,1.9627921341438161,42.32846563563939,13.572999477386475,100,2610000,260,22.345499277114868,38.036006435008964,21.3302834739453,2.1362304e-08,6373.094720840454,1.0596184730529785,31.136291638057408,-0.1881517,8.070560932159424,0.11279749870300293
23.97790217399597,2.238774027238674,41.15293707443969,14.005449056625366,100,2620000,261,22.826701641082764,37.15659653132911,20.98929228704684,2.7370453e-08,6397.136285066605,1.0488076210021973,30.784693393394043,-0.026124902,8.123437881469727,0.10172510147094727
24.046955347061157,2.863924569674047,41.863391353141814,13.985275745391846,100,2630000,262,22.86196994781494,36.18932574510589,20.664735075073693,-4.577637e-09,6421.246685504913,1.0772862434387207,27.373551408236242,-0.012941339,8.161121845245361,0.10702800750732422
24.14564800262451,2.7996861872878602,40.48068103332434,13.989168882369995,100,2640000,263,22.897423028945923,35.781960079296454,20.592533310467907,2.0599366e-08,6445.448020219803,1.1092305183410645,28.692289381270424,0.0005846497,8.201353073120117,0.1382744312286377
24.02762198448181,2.592030432243643,41.23662972718798,13.960014343261719,100,2650000,264,22.806564331054688,35.93296244431634,20.581516666969787,2.746582e-08,6469.53288936615,1.0750060081481934,28.839394146640174,-0.01805219,8.138003587722778,0.14518189430236816
24.093639135360718,4.428659484200733,40.63647001459781,13.962083339691162,100,2660000,265,22.917293548583984,34.16330006755549,19.975258923640407,6.1035155e-09,6493.686248779297,1.050957441329956,18.67229576780614,-0.0518105,8.238781213760376,0.12461662292480469
24.142529726028442,7.023248530213392,41.37074848902687,13.996010780334473,100,2670000,266,22.944841384887695,31.44496388453281,18.914347899628627,4.577637e-09,6517.885161399841,1.0920801162719727,7.172345718511432,-0.1171349,8.25035548210144,0.10486125946044922
23.993753910064697,2.2806155423292434,40.467363694544765,13.929195165634155,100,2680000,267,22.81144094467163,36.06893815981686,20.582926914770297,-5.912781e-09,6541.934703350067,1.0724494457244873,27.675905221570034,-0.017450333,8.177370548248291,0.10923004150390625
24.10096526145935,2.013217854278097,40.388373794457955,14.027620792388916,100,2690000,268,22.89949107170105,35.842195336480984,20.595014328417275,-3.051758e-08,6566.095860719681,1.066777229309082,30.325416384118622,-0.25043505,8.164791584014893,0.13393354415893555
24.00518488883972,4.912317960697724,40.432185726673026,13.93396544456482,100,2700000,269,22.81106400489807,35.02049903234065,20.203718959084355,-1.2207031e-08,6590.164893865585,1.0873284339904785,7.175798325903157,-0.028541358,8.157841205596924,0.10608267784118652
24.143497467041016,2.088289433884147,42.20436193293196,14.11452841758728,100,2710000,270,22.982115507125854,36.59667942770066,20.862326568488996,-1.7929077e-08,6614.368239164352,1.0563488006591797,31.2171697534435,-0.03057771,8.168105125427246,0.10443997383117676
24.035892009735107,4.463080673024065,42.04548649086551,13.999565362930298,100,2720000,271,22.865321397781372,36.45734947715219,20.66831044075303,-1.8310548e-08,6638.461743593216,1.0479826927185059,7.542834228201316,-0.0072358735,8.160435676574707,0.12185239791870117
24.09354519844055,5.545069176123869,41.28185369605712,13.985317707061768,100,2730000,272,22.83899211883545,36.21336219088014,20.603950068959563,3.6621095e-08,6662.62180352211,1.1225159168243408,5.855804830771978,-0.008969245,8.148823022842407,0.13126373291015625
24.1069176197052,4.302530693481223,42.07964125545618,14.065903186798096,100,2740000,273,22.92814326286316,37.007670489843434,20.965006726978928,-6.1035155e-09,6686.796776771545,1.0682649612426758,7.887081530683215,-0.024190133,8.155587911605835,0.10983490943908691
24.01733422279358,5.3528515196191435,40.922130651108276,14.004965782165527,100,2750000,274,22.8479745388031,36.63622141211802,20.766362299427886,-4.577637e-09,6710.876236915588,1.053680419921875,6.813224437924557,-0.07507644,8.13564133644104,0.11495661735534668
24.02543830871582,6.39162904864982,43.02131181143881,13.983631372451782,100,2760000,275,22.828930377960205,36.76873622170254,20.810207085908527,-2.4414062e-08,6734.9641699790955,1.0815603733062744,6.533389308442191,-0.044429198,8.136646747589111,0.11415743827819824
24.108335494995117,4.7360534322346055,43.050397066368646,13.924074411392212,100,2770000,276,22.777494192123413,38.48235660742345,21.51601979999011,2.4414062e-08,6759.135033369064,1.1738407611846924,5.488469976849693,-0.03387935,8.153122901916504,0.15589642524719238
23.591456413269043,3.9201557820368738,43.529925724690436,13.555140256881714,100,2780000,277,22.26402258872986,38.929082604268416,21.617036624298326,0.0020372437,6782.781841993332,1.1864986419677734,5.454321114659802,-0.028903116,8.022718906402588,0.14014577865600586
24.141963005065918,5.418119426649679,43.173036135734414,14.094095945358276,100,2790000,278,22.93527913093567,39.44401254112,21.936319596919397,-1.2207031e-08,6807.012161254883,1.0926933288574219,9.785067661810322,-0.015139737,8.139138221740723,0.1120460033416748
24.002142429351807,1.9182030383932511,43.748939911930464,13.969143629074097,100,2800000,279,22.80088472366333,40.453620505414854,22.350972164693673,-9.155274e-09,6831.072385787964,1.0746846199035645,34.365244395150455,-0.1456518,8.12056279182434,0.12596869468688965
24.040038108825684,4.830044571261322,43.48350715531187,13.9348623752594,100,2810000,280,22.852087259292603,39.576065294668645,21.940565107607778,1.8310548e-08,6855.166289567947,1.0732083320617676,5.655493700110756,-0.03282969,8.204094886779785,0.11411380767822266
24.04104495048523,1.5275744369037008,43.5783599591475,13.849112510681152,100,2820000,281,22.62755537033081,40.60070758273825,22.47407668222814,-3.3569336e-08,6879.26611328125,1.214562177658081,37.02407931707812,0.0015493408,8.080432891845703,0.19784760475158691
23.777709484100342,4.661509771033207,43.65252574765182,13.633428573608398,100,2830000,282,22.370474576950073,39.941378585367445,22.240067417168458,-2.4414062e-08,6903.103062868118,1.2716107368469238,7.606725374956255,-0.019007813,8.041999101638794,0.1348590850830078
23.94785714149475,3.6882615876279834,43.89780759739174,13.932545900344849,100,2840000,283,22.731621026992798,40.14901570253892,22.361185210282457,9.155274e-09,6927.1460156440735,1.0808684825897217,8.415861130276603,-0.026691366,8.096447229385376,0.1327955722808838
24.166995525360107,1.6100182327338712,43.18066948760203,14.125638008117676,100,2850000,284,22.98538851737976,40.09491637434323,22.185403728000367,1.9073486e-08,6951.374501466751,1.0703120231628418,35.320656392995346,-0.032182027,8.16373896598816,0.11060667037963867
24.034196376800537,2.0181672219034454,43.5359121720311,14.008673667907715,100,2860000,285,22.82688856124878,40.30747239822934,22.305517530584055,-1.8310548e-08,6975.470688581467,1.0822267532348633,33.40871694141829,-0.04002703,8.119410514831543,0.12440085411071777
24.084214210510254,5.029784234467054,43.53665952772495,14.010524272918701,100,2870000,286,22.912580490112305,39.65430587121025,21.999443960496187,3.3569336e-08,6999.614549636841,1.0542662143707275,6.809335788319197,-0.023388226,8.191024780273438,0.11678338050842285
24.15266180038452,3.7794324197758864,43.32595297552574,14.075161457061768,100,2880000,287,22.94585347175598,39.94959754769471,22.107948058521774,1.8310548e-08,7023.822198390961,1.100945234298706,7.886554170333504,-0.032992028,8.163387537002563,0.10509824752807617
24.08082628250122,5.8257557743009,43.52159892674525,14.064432859420776,100,2890000,288,22.910975456237793,39.174350991456045,21.755748259836185,1.2207031e-08,7047.968483686447,1.058793306350708,7.096061055661777,-0.017362876,8.142059803009033,0.11035966873168945
24.016082286834717,3.6460844766040257,43.46559988760865,14.034750699996948,100,2900000,289,22.838952779769897,40.05678949197648,22.168367551341714,-2.1362304e-08,7072.046140909195,1.0682318210601807,8.837320212874456,-0.026558086,8.09829306602478,0.10818338394165039
24.020092725753784,1.6228227524206054,43.12512717828637,13.956287622451782,100,2910000,290,22.81868052482605,40.25384794452309,22.26212943565719,3.0517577e-09,7096.123957872391,1.0808193683624268,35.053642611236576,-0.017288309,8.144039869308472,0.12001252174377441
23.991692304611206,3.375161003032939,43.495932297223405,13.944374799728394,100,2920000,291,22.784358739852905,39.64976039616411,21.94542454793464,2.4223327e-08,7120.173601150513,1.094104528427124,11.229436430239797,-0.016568363,8.1308913230896,0.11252760887145996
23.92019510269165,3.485197939728179,42.718604138190116,13.931864738464355,100,2930000,292,22.748531818389893,39.42324765118573,21.798845147109144,-1.2207031e-08,7144.151884555817,1.0627617835998535,9.006784642485519,-0.012357368,8.10558032989502,0.10829901695251465
24.041362762451172,1.8656970006874167,42.98669723056628,14.057796239852905,100,2940000,293,22.88023281097412,39.994392069839925,22.14222664616391,-3.5095216e-08,7168.247035741806,1.0450623035430908,32.62460952695932,-0.0014444398,8.11785626411438,0.11543607711791992
24.02324628829956,3.78128396597108,43.63596598267808,13.999404191970825,100,2950000,294,22.832793951034546,39.90856113269049,22.128984180459078,-1.2207031e-08,7192.3302574157715,1.0766968727111816,7.057813956552668,-0.010377637,8.119763612747192,0.11291885375976562
24.074413061141968,3.6297789502644044,43.264770588308274,14.073266506195068,100,2960000,295,22.88206386566162,40.26668740965617,22.199048559187737,3.051758e-08,7216.46174287796,1.086479902267456,8.471357893826685,-0.0366383,8.103118658065796,0.10527706146240234
24.082273244857788,4.696588165206679,43.01980249795029,14.02878713607788,100,2970000,296,22.8965163230896,39.62344498485653,21.88081764340526,-5.493164e-08,7240.604276895523,1.069683313369751,8.247735520269872,-0.02243656,8.163300514221191,0.1152350902557373
23.90555477142334,4.99590534481803,43.56848637171804,13.923908710479736,100,2980000,297,22.721855640411377,40.37386036867908,22.258027665424393,4.5776368e-08,7264.567513465881,1.0737156867980957,4.630926244647353,-0.040630985,8.098874807357788,0.10930538177490234
24.241469621658325,1.302544938727423,43.673802378061254,14.172444343566895,100,2990000,298,23.05304265022278,41.37983190135202,22.701808024598826,1.9836426e-08,7288.869878768921,1.0586187839508057,35.87468291598785,-0.014711748,8.170612812042236,0.12908220291137695
24.049225091934204,4.616347617648341,43.52844092739698,14.004628896713257,100,3000000,299,22.837305784225464,40.676694654988495,22.388890953465832,-7.629395e-09,7312.978756189346,1.095799207687378,7.469872782305415,-0.013282986,8.130084753036499,0.11552906036376953
