train-EnvExecTime,train-AverageDiscountedReturn,LossBefore,train-MaxReturn,Time-SampleProc,n_timesteps,ItrTime,train-StdReturn,train-AverageReturn,Itr,LossAfter,train-MinReturn,train-PolicyExecTime,Time-Optimization,Time,train-NumTrajs,Time-Sampling
1.7252018451690674,-20.01335420404641,-0.030763311,43.878140679269315,0.011040449142456055,10000,6.3240065574646,35.22512345393667,-32.32872319197743,0,-0.72793525,-135.70983048715718,2.910583019256592,1.5259532928466797,6.324012041091919,100,4.786762475967407
1.7157011032104492,-42.04662867327023,0.035452563,44.83873279144779,0.018767833709716797,20000,5.763570308685303,39.854738473557795,-68.19131085638402,1,-0.9044419,-142.02251749959214,2.754493236541748,1.1200218200683594,12.105358123779297,100,4.623967170715332
1.7334082126617432,-30.40496550555165,-0.0025577391,23.691628922551857,0.021997690200805664,30000,5.726155996322632,35.47385725292407,-48.251102165202994,2,-0.9539475,-127.94552610061716,2.820422887802124,0.9817326068878174,17.850088834762573,100,4.721519708633423
1.7654516696929932,-31.01105571445939,-0.0056116697,37.40926557080988,0.01712656021118164,40000,5.85927414894104,35.31339741999488,-49.64132667725953,3,-0.96044844,-144.8109781975731,2.9210617542266846,0.9860794544219971,23.730660676956177,100,4.854907512664795
1.781651258468628,-20.304373826577567,-0.006326709,45.02953967691938,0.03125357627868652,50000,5.925831317901611,31.48766550185827,-29.592261522178145,4,-0.14848007,-98.33131783736796,3.0459985733032227,0.8945090770721436,29.677480220794678,100,4.999208450317383
1.802290916442871,-18.586489174558732,-0.007517871,110.12865665704106,0.018159866333007812,60000,5.814330816268921,42.587300374916744,-29.89222010264591,5,-0.07963562,-129.44465898017268,3.017395496368408,0.803917407989502,35.51450157165527,100,4.99125862121582
1.8228349685668945,-17.37873967846021,0.0029068359,109.71064675601038,0.015835046768188477,70000,5.636969804763794,42.05455833473615,-29.09205390814016,6,-0.15090778,-123.16504237359148,3.0618393421173096,0.5607292652130127,41.172951459884644,100,5.059631586074829
1.84747314453125,-13.986949971103142,-0.002794043,104.48682540733023,0.008401155471801758,80000,5.632596015930176,43.996244076717865,-24.14513792736425,7,-0.14908525,-125.5039170087762,3.1506102085113525,0.4455428123474121,46.83190727233887,100,5.178450345993042
1.8695545196533203,-11.352453655275301,0.011511621,110.80140718092241,0.008988618850708008,90000,5.763203144073486,46.972500177453185,-19.77302063496437,8,-0.2889952,-156.31999407236745,3.253683090209961,0.44463539123535156,52.60727787017822,100,5.309368133544922
1.8346226215362549,-14.009769164729681,0.015823437,150.59601109891113,0.008534669876098633,100000,5.687074661254883,41.617543340749826,-23.955668356846715,9,-0.21130157,-148.02012110305623,3.199641227722168,0.455913782119751,58.30716276168823,100,5.2224016189575195
1.8448338508605957,-18.274485178296104,-0.009667707,65.91519717296055,0.009119033813476562,110000,5.724740743637085,31.39933372993762,-31.90646561436132,10,-0.29539636,-109.76671032227539,3.249600410461426,0.4418160915374756,64.04431247711182,100,5.273621082305908
1.8559532165527344,-11.670041447823039,0.045813747,85.87702023810988,0.009027957916259766,120000,5.737491846084595,40.64974639659612,-19.025028775841605,11,-0.21222016,-123.17673671155882,3.248213529586792,0.44163012504577637,69.7940878868103,100,5.286654233932495
1.853337287902832,-13.28909143048368,0.015122473,73.81589014453527,0.00924539566040039,130000,5.737292289733887,43.331656579219796,-22.17098687039511,12,-0.2728753,-157.6868430005836,3.255835771560669,0.4390134811401367,75.54587841033936,100,5.288843154907227
1.8709015846252441,-17.382757479290923,0.0039591673,73.07900923281736,0.011902570724487305,140000,5.690845966339111,37.708373028902365,-26.6155258159421,13,-0.14926407,-113.23600598981491,3.196293830871582,0.4290151596069336,81.24887418746948,100,5.2497239112854
2.118337869644165,-7.962069639619768,-0.01570735,81.7881898601329,0.00923466682434082,150000,6.520155668258667,36.348338536367244,-11.60148578199087,14,-0.24771199,-104.20072451691554,3.6866202354431152,0.500291109085083,87.78210115432739,100,6.010334014892578
2.2989258766174316,-13.172260578594598,-0.026719946,102.50009998872704,0.013565540313720703,160000,7.358209609985352,43.85179016353051,-17.901603253223524,15,-0.73922384,-124.70919038872731,4.056865930557251,0.7682468891143799,95.15768766403198,100,6.575891733169556
3.0861966609954834,-9.561573873991255,-0.018349903,82.32389402058078,0.013278484344482422,170000,10.030385732650757,39.3036618148082,-12.694989294019432,16,-0.4011225,-168.44636094793603,5.95988130569458,0.663341760635376,105.2145984172821,100,9.353436946868896
3.3149547576904297,-8.035800573347872,-0.035727788,68.35384189648948,0.014342546463012695,180000,10.547290325164795,34.91089017115918,-11.169285894647444,17,-0.45377374,-140.59859660337713,6.1724090576171875,0.7149860858917236,115.77975606918335,100,9.817709684371948
3.162429094314575,-8.868328719241825,-0.016684668,83.12470064204311,0.014200448989868164,190000,9.894731998443604,30.82438524727511,-11.80158378148316,18,-0.09303009,-80.69645042876138,5.82577109336853,0.5760366916656494,125.69920301437378,100,9.303938627243042
2.5302555561065674,-6.379264713182334,-0.009578125,59.22153344846185,0.011291980743408203,200000,7.593372583389282,34.101975782972836,-8.873659830007469,19,-0.35413262,-104.34943172144867,4.317729949951172,0.4926767349243164,133.33754706382751,100,7.08771276473999
2.577287435531616,2.8562489408935297,0.0007161621,102.62331776386675,0.016824960708618164,210000,7.959709644317627,36.48786857731071,7.973902852707739,20,-0.522994,-71.06307330209066,4.463157892227173,0.6696550846099854,141.31736016273499,100,7.272852182388306
3.018298864364624,18.959602929720546,-0.005253015,95.73890395769953,0.011317729949951172,220000,8.909485101699829,32.072308817495134,35.89698011625764,21,-0.5763414,-72.87764374513038,5.1021294593811035,0.5045201778411865,150.26668071746826,100,8.392980098724365
2.803148031234741,26.701366696670817,-0.0146442875,95.25055568520263,0.013578653335571289,230000,8.41236138343811,28.170218772204088,50.32991483789701,22,-0.014881103,-23.254627961789105,4.811610221862793,0.5329399108886719,158.70161128044128,100,7.865494728088379
2.822657346725464,29.004168576430423,0.010940918,103.15227287292284,0.013088703155517578,240000,8.36248517036438,24.8801940579073,54.29464074994493,23,-0.13644588,-25.486676678808095,4.71909499168396,0.5560116767883301,167.10104656219482,100,7.792980909347534
2.8222358226776123,26.532807252849267,0.0017180054,95.14182999288472,0.011389970779418945,250000,8.482260465621948,23.07710092207547,50.541396035000204,24,-0.046707496,-41.103088590261194,4.815614700317383,0.5765011310577393,175.60970067977905,100,7.894103050231934
2.7851645946502686,28.55459252942728,-0.03028534,96.3712340760608,0.012790441513061523,260000,8.289401531219482,19.49659948216724,53.73830227791376,25,-0.071174026,-8.895438930837429,4.68100118637085,0.5629277229309082,183.92836689949036,100,7.713181495666504
2.762404441833496,31.73854685637442,-0.030805957,92.92394478253337,0.016142845153808594,270000,8.24720573425293,21.183200708838495,58.72749583501214,26,-0.06378467,-63.22935779904573,4.660794496536255,0.5527865886688232,192.21095299720764,100,7.67753791809082
2.864276170730591,32.053931595296,0.009729767,100.9374586180581,0.015227556228637695,280000,8.821428298950195,16.328963485267824,58.663687160459624,27,-0.042190764,15.072507319454898,5.047811985015869,0.6268045902252197,201.0599536895752,100,8.179085731506348
2.764075517654419,31.863607325772186,0.0065820557,90.79117167246251,0.019594192504882812,290000,8.488597631454468,18.761329478314863,58.37719796797351,28,-0.064331,-18.396223513649478,4.8258867263793945,0.6274268627166748,209.57562041282654,100,7.840817928314209
3.9757938385009766,40.92497148269763,-0.008709692,100.18866827578903,0.014119386672973633,300000,11.792455434799194,16.29178441344455,73.10838251948374,29,-0.09868618,-31.405541403020663,6.878052711486816,0.5648593902587891,221.39565229415894,100,11.21316409111023
2.808284044265747,44.873269706543994,0.002659729,122.23182694892247,0.014615774154663086,310000,8.698977947235107,17.033622295904163,79.44425441760083,30,-0.049208567,17.5356918657759,4.983935832977295,0.6306936740875244,230.1189968585968,100,8.053292274475098
2.8654370307922363,42.42337459072814,-0.016142992,121.81977738336671,0.014704465866088867,320000,8.756656885147095,22.772917283466793,76.3559275421654,31,-0.08186527,5.310652014778386,5.034129858016968,0.5766139030456543,238.90101671218872,100,8.16502571105957
3.962411403656006,45.00101656664265,-0.057683617,119.0799687365567,0.01655411720275879,330000,11.782132625579834,28.87539850974801,80.024114322793,32,-0.103137866,-31.95109358197987,6.883867263793945,0.5610039234161377,250.70615148544312,100,11.204264163970947
3.453859806060791,44.16994508307285,-0.0051493896,113.68519585427758,0.018471479415893555,340000,10.488038539886475,22.635064671260412,78.44944477680319,33,-0.017582715,6.4074615486404785,6.0241522789001465,0.666590690612793,261.21867394447327,100,9.802673816680908
3.0604231357574463,47.15537481573898,0.004012219,109.62970722027276,0.012707710266113281,350000,9.422734022140503,21.54140210161292,82.61518660905821,34,-0.030015698,-1.6065680288355253,5.507943153381348,0.5492584705352783,270.6696410179138,100,8.86049509048462
2.804333209991455,46.745539207720306,0.0018639526,129.56521977073518,0.0128021240234375,360000,8.6257004737854,25.910485850553272,82.53950793784733,35,-0.050252687,-11.71902105627845,4.995580673217773,0.5410711765289307,279.314373254776,100,8.071601629257202
3.025391101837158,48.69919695229889,0.009027893,115.27759617914582,0.016492366790771484,370000,9.648698568344116,23.39795435550215,86.46554736099829,36,-0.01804143,4.590041864586944,5.50934100151062,0.8119256496429443,288.98383593559265,100,8.819711446762085
4.3590288162231445,42.98134466644781,0.00029784546,117.22820732717499,0.022291183471679688,380000,13.671217203140259,19.08499827775278,77.19754572472061,37,-0.056197338,10.08709187516982,8.178516149520874,0.6984941959381104,302.68356442451477,100,12.950065851211548
3.064478874206543,33.97978356876368,-0.024611719,93.04684378308662,0.01717662811279297,390000,9.591692924499512,16.471059119275818,62.8118529183378,38,-0.09638574,9.219662129113688,5.406702041625977,0.8119478225708008,312.3017599582672,100,8.762196063995361
3.9269042015075684,35.989487857833005,-0.027402747,102.80910654753085,0.016509056091308594,400000,11.91234827041626,15.74022355980137,65.73133655255101,39,-0.13978256,17.715027537087114,6.912914991378784,0.6978905200958252,324.24841141700745,100,11.197620630264282
3.247718334197998,44.52027980284606,-0.046643995,126.11332162640281,0.012259244918823242,410000,9.730714559555054,20.448771246158195,80.47316594181697,40,-0.10040002,20.730042253310195,5.615055084228516,0.5636513233184814,334.0145664215088,100,9.15451169013977
3.428818941116333,50.368066840953254,0.013192636,119.76413059556268,0.017125844955444336,420000,10.35465931892395,21.57049754905283,88.97747543422228,41,-0.049703572,1.6185626142215037,5.9634246826171875,0.6283655166625977,344.38703083992004,100,9.708884716033936
3.185906171798706,52.02390462887544,-0.008425232,115.91813772186241,0.013711929321289062,430000,9.710961103439331,13.111910469868807,91.79140395969803,42,-0.094701394,52.90616995948551,5.623772621154785,0.5893685817718506,354.1272644996643,100,9.107608795166016
3.7655465602874756,49.486289663342724,0.00014592285,110.74688704035565,0.019834280014038086,440000,11.579242706298828,14.267878571280663,87.06312075154918,43,-0.20750843,27.298813175869945,6.8256752490997314,0.6143796443939209,365.7265405654907,100,10.944713830947876
3.0866000652313232,47.120688168520346,-0.0021946046,112.73120986819292,0.012311458587646484,450000,9.419825077056885,15.301886792649183,82.44248265560917,44,-0.10227842,19.25105259267566,5.506184101104736,0.5298862457275391,375.17237162590027,100,8.877321004867554
3.61600399017334,48.2193280551126,-0.0068704956,110.57139721976134,0.01725912094116211,460000,10.931306600570679,16.378648561311124,84.24376524924169,45,-0.073282115,-29.448257039737364,6.349043369293213,0.6221630573272705,386.1272814273834,100,10.291568994522095
2.9093189239501953,46.97910783499558,-0.015691187,108.63730497399449,0.010593414306640625,470000,8.84669041633606,16.871233614218173,82.46226876001971,46,-0.11896033,-1.1245368185631262,5.124207973480225,0.531242847442627,395.0013270378113,100,8.304571628570557
3.7387657165527344,48.73577325867373,0.021646606,109.90348750161,0.017070531845092773,480000,11.280141592025757,15.994810063411004,85.0295557511578,47,-0.0671737,20.683518353220826,6.5600364208221436,0.6175150871276855,406.30180859565735,100,10.645290613174438
2.8968825340270996,46.956757064811725,0.026469167,109.41869600892511,0.01318979263305664,490000,8.789202690124512,18.437966459326915,82.52909497909258,48,-0.048619565,-23.67636068278091,5.101969003677368,0.5138170719146729,415.1174259185791,100,8.261929512023926
3.6163907051086426,48.855154263552684,0.019172167,110.09346442976539,0.01692342758178711,500000,10.88316798210144,11.543801147608104,85.66717453609004,49,-0.053931646,46.977395878990166,6.295531511306763,0.6231479644775391,426.0196781158447,100,10.24281096458435
2.9230146408081055,49.085740690348814,0.008080518,108.73971148817228,0.021062850952148438,510000,8.878797769546509,12.012818435625945,85.9617342278983,50,-0.059608594,3.813455126536261,5.1540539264678955,0.5072727203369141,434.92462706565857,100,8.350131511688232
2.7654261589050293,46.352713660398805,0.013690808,116.78328592448356,0.024465084075927734,520000,8.580445289611816,16.82828349367788,81.58351180493217,51,-0.08463324,10.855321056688753,4.880605459213257,0.6466529369354248,443.5233082771301,100,7.908888339996338
3.8136818408966064,47.76026893386213,0.008694385,109.19157496910823,0.03696894645690918,530000,11.765984535217285,17.443951170665294,84.13798936313643,52,-0.12988904,9.919908638055892,6.603758096694946,0.9506056308746338,455.30986762046814,100,10.778003692626953
2.758835554122925,47.519604823110285,-0.027225634,114.20717652518012,0.012151479721069336,540000,8.779090881347656,20.45805538804571,83.16642440715837,53,-0.17311491,-11.652056154908463,4.790529489517212,0.9610741138458252,464.11875677108765,100,7.8054773807525635
3.7901501655578613,47.581647422929954,0.006883203,110.71959127231175,0.02327752113342285,550000,11.49890422821045,16.914981458765773,84.2495746457504,54,-0.2330777,14.483362486476528,6.458552122116089,0.8796069622039795,475.63848185539246,100,10.595646142959595
3.7805793285369873,46.89772432179906,0.015285657,110.37938589355849,0.014504671096801758,560000,11.398090600967407,20.92835907336587,82.66176221823478,55,-0.33694997,-43.446506814787604,6.477604150772095,0.787212610244751,487.0734305381775,100,10.594618320465088
2.722909688949585,46.623715671909196,0.02596726,104.76324150406717,0.014939069747924805,570000,8.365248680114746,18.643661803147065,81.8723805159593,56,-0.44091454,-8.88559657615275,4.691777467727661,0.6744606494903564,495.4742012023926,100,7.674983501434326
3.837512731552124,45.426824380444316,-0.021943653,110.49633735390373,0.01504659652709961,580000,11.59163236618042,25.03640471378085,80.28179547869206,57,-0.67197686,-40.91592939305001,6.72385311126709,0.6544222831726074,507.0959072113037,100,10.921374559402466
3.290184259414673,46.312545468930104,0.011044977,112.75908878872961,0.012082815170288086,590000,9.912348985671997,20.222169855622163,81.39121231398114,58,-0.84717107,-45.835644259840244,5.788026332855225,0.519040584564209,517.0329053401947,100,9.380931854248047
3.216132879257202,44.09412346912388,-0.049552113,113.85679002970612,0.030670881271362305,600000,9.815435409545898,23.303920859665865,78.74392805851727,59,-0.770283,-47.21104176760632,5.532299041748047,0.7398676872253418,526.866979598999,100,9.04451322555542
3.3726894855499268,10.416004403465058,-0.003067456,95.14950466214411,0.011415243148803711,610000,10.053924798965454,32.24295124320569,20.263118037565388,60,-5.37192,-70.21847614487373,5.844583511352539,0.5230882167816162,536.9568586349487,100,9.519087314605713
3.1067748069763184,-37.069973764003954,0.004194824,70.1290207166098,0.02673625946044922,620000,9.569236278533936,41.610370934974966,-59.57021874144409,61,-3.1374483,-184.6006003154579,5.3949360847473145,0.751284122467041,546.5440721511841,100,8.790872573852539
3.404691696166992,-72.08727046255602,-0.021610986,-31.232669531765097,0.012656688690185547,630000,10.139905214309692,42.41285679127776,-120.84641881901968,62,-0.85245585,-211.86772556571648,5.88812780380249,0.5274567604064941,556.7184340953827,100,9.599481105804443
2.74373459815979,-78.51822696308683,0.0010344421,-3.395500582252481,0.01450490951538086,640000,8.383126735687256,55.95097021521888,-130.19100214875655,63,-0.7790662,-252.37068023474032,4.833276033401489,0.5293474197387695,565.1189262866974,100,7.839019536972046
3.1437652111053467,-81.85471665678715,-0.0052015623,15.43285442891682,0.02503204345703125,650000,9.672396183013916,58.15973683810451,-134.47590470089807,64,-1.2076483,-258.7853445773614,5.46106219291687,0.749537467956543,574.8107924461365,100,8.897443532943726
3.475285291671753,-80.66926355523783,-0.0001758789,15.887566079232812,0.01815652847290039,660000,10.537733554840088,52.49342435665349,-131.71750536048742,65,-1.475046,-257.00105081804355,6.057424306869507,0.6508307456970215,585.3827874660492,100,9.868298292160034
3.004570245742798,-83.31237003020436,0.01854048,24.98199592892766,0.010687828063964844,670000,9.127805709838867,55.43709706208619,-134.0890318950667,66,-2.0379698,-252.9894656450808,5.30035662651062,0.5277149677276611,594.5398054122925,100,8.589107275009155
3.531209945678711,-84.38797391349358,-0.023340674,9.727986201489223,0.017703771591186523,680000,10.747254848480225,57.224541185766775,-136.23042484946836,67,-2.819273,-272.0276125323188,6.216049432754517,0.6558587551116943,605.3054106235504,100,10.07339596748352
3.058703660964966,-78.05333979709607,0.022000367,24.768004089450905,0.011582136154174805,690000,9.163034439086914,51.74418710837781,-124.85817828534482,68,-4.7002354,-234.1468728145369,5.297157049179077,0.5110602378845215,614.4959192276001,100,8.640086650848389
3.5099031925201416,-92.73746796399331,0.015416607,-7.181427819241394,0.018383502960205078,700000,10.595789194107056,55.178653661848294,-150.48960707440176,69,-33.595345,-259.14195251541446,6.109348773956299,0.6351430416107178,625.1102735996246,100,9.941884279251099
3.3906328678131104,-71.23171056367798,-0.022506107,-0.458442868838449,0.019736051559448242,710000,10.323192119598389,46.792754741790056,-115.96791309082026,70,-177.59807,-222.1121290011993,5.951072931289673,0.6471877098083496,635.4610953330994,100,9.655933618545532
2.857140064239502,-40.747595814403866,0.034670997,78.44937742929919,0.012523412704467773,720000,8.597178936004639,57.09310528415733,-63.834418750998594,71,-71.139,-177.39421676898306,4.91703987121582,0.5379846096038818,644.0858535766602,100,8.046244144439697
4.199344158172607,-38.26162914682246,-0.009216333,60.42961397456935,0.018466472625732422,730000,11.690756559371948,21.74413143530364,-59.44502733417008,72,-33.324444,-134.65010037284966,6.503308057785034,0.6328160762786865,655.7996356487274,100,11.039141416549683
3.436554431915283,-49.47330665215738,0.0027695373,25.28525705843971,0.015041351318359375,740000,10.089319467544556,46.871752909358854,-74.86109356601467,73,-69.021935,-186.0229203669355,5.769187927246094,0.5633869171142578,665.9164729118347,100,9.510448694229126
2.819579839706421,-68.0283354564847,0.022018457,44.55511173199367,0.014330625534057617,750000,8.573765993118286,65.77024450550475,-101.23092805059454,74,-54.11065,-307.69139539927363,4.835215330123901,0.6485602855682373,674.5112128257751,100,7.910595178604126
3.910945177078247,-92.21429069618463,0.025771607,-2.9887501718549485,0.014585494995117188,760000,11.476385116577148,72.00973367086303,-145.3947221735615,75,-54.31392,-280.87514609101646,6.624432563781738,0.5771472454071045,686.0090851783752,100,10.884313344955444
3.4016358852386475,-71.15605533795728,0.018799415,43.31916465844738,0.015562295913696289,770000,10.063979864120483,63.01311260115004,-112.70972729477612,76,-16.543516,-265.0142396437167,5.762134790420532,0.5811057090759277,696.0967662334442,100,9.46698784828186
3.534808874130249,-40.63621290360031,0.024253821,82.34744177273829,0.016951560974121094,780000,10.525911331176758,70.91486005371846,-72.32817051510516,77,-14.75609,-238.4003143464047,6.0220417976379395,0.6397507190704346,706.6493904590607,100,9.868835210800171
4.823761224746704,-28.626781579030112,0.015017139,147.19232494109312,0.014661788940429688,790000,14.029273748397827,82.60723873867333,-55.910493854963505,78,-9.896495,-284.6295010759033,8.197666645050049,0.5803184509277344,720.7075531482697,100,13.433800220489502
2.8168814182281494,-22.937275309874654,0.0105275875,130.27734728041952,0.015031814575195312,800000,8.434110403060913,68.57770849151841,-44.18048597170989,79,-9.699709,-199.1598287238135,4.75861120223999,0.5783557891845703,729.1647393703461,100,7.840422630310059
2.86889910697937,-25.38535711361916,0.0014957214,115.31597226235392,0.018681049346923828,810000,8.53952431678772,70.12396952437162,-47.272426199389116,80,-22.618538,-271.4655759322559,4.8200109004974365,0.5730617046356201,737.7271440029144,100,7.947477102279663
3.9890549182891846,-22.079692769224117,-0.0032521484,136.2607170964377,0.01393437385559082,820000,11.542970657348633,69.05288049053206,-42.13833816585229,81,-59.332523,-219.35422894590585,6.6230833530426025,0.5697088241577148,749.2919588088989,100,10.959062099456787
3.4882616996765137,-11.916365995331175,0.0156151,136.11378659351405,0.015260696411132812,830000,10.17557692527771,61.82782587560368,-21.271564017403012,82,-15.321952,-158.11158599089006,5.792460918426514,0.5808446407318115,759.490142583847,100,9.579181671142578
5.026332855224609,-23.671281463100918,-0.013780402,72.57819018803146,0.01994490623474121,840000,14.291182279586792,47.375594947938204,-37.60776032826945,83,-15.996441,-132.146275694771,8.18327522277832,0.6431066989898682,773.8029985427856,100,13.627821207046509
3.301835060119629,-28.790975339843275,-0.012775976,81.03309696492681,0.012939929962158203,850000,9.611152172088623,39.94436236833564,-43.69433969074281,84,-40.24018,-106.02413978817141,5.155148267745972,0.8652575016021729,783.4395780563354,100,8.73270559310913
3.171452522277832,-38.52470940933097,0.034876075,45.248089355318555,0.014003276824951172,860000,8.856258630752563,18.939185224934928,-59.076439230266224,85,-3.1189575,-86.49924907681225,4.843820571899414,0.5602192878723145,792.3261730670929,100,8.281085729598999
3.1954827308654785,-40.93149993385626,-0.011401514,-60.42958789634841,0.014485359191894531,870000,8.919733047485352,2.6588112078418527,-63.038245098733434,86,-3.1454122,-86.00130808434916,4.856271266937256,0.5847222805023193,801.2671768665314,100,8.320224523544312
4.396247148513794,-41.00194743143226,-0.012516333,-60.27670749334369,0.016514301300048828,880000,11.925972938537598,1.2326506043052436,-63.047539991835244,87,-1.3840193,-66.10931270172085,6.595444202423096,0.5710320472717285,813.2166092395782,100,11.338126420974731
3.838118553161621,-40.98104925064556,-0.00017246704,-60.190904256691354,0.015212059020996094,890000,10.544872045516968,1.123773921847415,-63.02483567042649,88,-0.55356425,-66.53952181672553,5.796855926513672,0.5862059593200684,823.7834174633026,100,9.94317889213562
3.6967952251434326,-40.968345733109146,-0.016852304,-60.04556082105785,0.011664152145385742,900000,10.141625881195068,1.2507757925825407,-63.015341565852104,89,-0.28774965,-66.11980943409677,5.618098020553589,0.5202546119689941,833.9473984241486,100,9.609482765197754
3.987004041671753,-40.96096313941358,-0.018876035,-60.26232578867193,0.017539262771606445,910000,10.90820574760437,1.1524744842963408,-63.00977267294158,90,-0.1254479,-67.19222680942012,5.962954044342041,0.6277620792388916,844.8740401268005,100,10.262568712234497
3.5967230796813965,-40.918838406468424,-0.005544769,-60.60961376731462,0.01822185516357422,920000,10.154240608215332,1.3453830443511514,-62.95762389402339,91,-0.053612597,-66.82177936868462,5.474145412445068,0.7764556407928467,855.0572733879089,100,9.359183549880981
4.133511304855347,-40.934500045717684,-0.0055049225,-60.47469434106863,0.018166065216064453,930000,11.33443832397461,1.2673838719166153,-62.97969709809636,92,-0.028513238,-66.57611737718362,6.201670169830322,0.6543893814086914,866.4097452163696,100,10.661608219146729
3.3984687328338623,-40.92333803344831,-0.016602369,-60.587241120185716,0.01194000244140625,940000,9.32115364074707,1.1691898935218896,-62.96479461030086,93,-0.030895023,-65.53925758646336,5.120171785354614,0.5200865268707275,875.7571635246277,100,8.788817882537842
4.279489994049072,-40.9486206522402,-0.0043585235,-60.543412894075296,0.02108168601989746,950000,11.796980381011963,1.2667134796760462,-62.99160296557611,94,-0.014153595,-66.51634492202103,6.456827640533447,0.6988663673400879,887.5709888935089,100,11.076628923416138
3.863717794418335,-41.031155222965424,0.042381007,-60.486513037499,0.014088153839111328,960000,10.640007257461548,1.2344437764613523,-63.078372487676724,95,0.037236255,-67.05878494999733,5.880972862243652,0.5767087936401367,898.2374744415283,100,10.048892974853516
3.8158416748046875,-40.90547474614445,0.014367114,-60.03040657488999,0.014224767684936523,970000,10.487364053726196,1.2044549288899313,-62.945926903010665,96,0.012235584,-65.78562184606966,5.718724966049194,0.6355974674224854,908.747211933136,100,9.837260723114014
3.58073091506958,-40.920166585319784,-0.0036623748,-60.26448392639578,0.013968229293823242,980000,9.823925971984863,1.1268021640932717,-62.96337291771479,97,-0.006373413,-65.29896928077896,5.41082239151001,0.5316667556762695,918.5970468521118,100,9.277995347976685
4.017646312713623,-40.955009418522984,-0.00073409424,-60.777432810512074,0.017538785934448242,990000,11.091007947921753,1.1219117447359181,-62.99754125486349,98,-0.004480829,-66.19133981179819,6.097881555557251,0.6394331455230713,929.706268787384,100,10.433718204498291
3.4541962146759033,-41.16918192978329,-0.02860675,-59.92269359692822,0.01101374626159668,1000000,9.524145364761353,1.2597397967253439,-63.217384296711685,99,-0.029591724,-66.18850698120237,5.25798773765564,0.5227987766265869,939.2568988800049,100,8.990053415298462
4.187882661819458,-40.89312193111666,0.0032411134,-60.53334682068029,0.018584012985229492,1010000,11.522483587265015,1.111413386232857,-62.93288681304229,100,-0.0035713867,-65.76440982185247,6.333096742630005,0.653972864151001,950.7975280284882,100,10.849515676498413
3.376861095428467,-40.97536503522103,-0.017131986,-60.345740237394295,0.025890350341796875,1020000,9.520817279815674,1.3199298560277257,-63.020396685120566,101,-0.02093403,-68.05077169305618,5.276041746139526,0.566199541091919,960.3450853824615,100,8.928129196166992
4.324251413345337,-40.93959266218448,-0.0014657577,-60.78573749875332,0.019522905349731445,1030000,11.801910400390625,1.2904705427181025,-62.98210091168357,102,-0.0026271043,-66.0772086934051,6.48833703994751,0.6294028759002686,972.16872215271,100,11.152677536010742
3.8508667945861816,-40.84605988305625,-0.008881533,-60.843690981170354,0.016378164291381836,1040000,10.552038431167603,1.1955647776666063,-62.88714837636333,103,-0.017339438,-66.2574908420207,5.796710252761841,0.5837206840515137,982.7488446235657,100,9.951616048812866
3.2220048904418945,-40.91418515633291,-0.011990677,-59.61815036536534,0.01723790168762207,1050000,8.933959245681763,1.4132239083388975,-62.95256952208786,104,-0.0144631835,-66.27338138697966,4.861851453781128,0.5747132301330566,991.7035002708435,100,8.34170651435852
4.365790128707886,-40.98813913974577,-0.034654338,-60.755412452850166,0.013648509979248047,1060000,11.895233631134033,1.0659412888745061,-63.03074211349764,105,-0.038310014,-66.32383254263857,6.600934267044067,0.5696268081665039,1003.6203556060791,100,11.311673402786255
3.7323479652404785,-40.892330842015824,-0.027820148,-60.38013827954981,0.015608072280883789,1070000,10.173131227493286,1.0952342272567603,-62.93263263134947,106,-0.028310293,-65.83215297066819,5.587976694107056,0.5394332408905029,1013.8152046203613,100,9.617852449417114
3.8620975017547607,-41.00249500154475,-0.01351492,-60.72906345919033,0.02788519859313965,1080000,10.70269250869751,1.193002130866618,-63.0467543757917,107,-0.015302149,-66.35879542575461,5.797976016998291,0.710557222366333,1024.533634185791,100,9.963883399963379
3.6433300971984863,-41.20007285526811,0.023290675,-61.057570337868135,0.012859821319580078,1090000,9.888275623321533,1.0114181509038929,-63.25518123467296,108,0.020551069,-66.58438198297847,5.4292566776275635,0.5128412246704102,1034.4479913711548,100,9.362258434295654
4.0661702156066895,-41.072589071427345,0.011591354,-60.84922871578456,0.021699905395507812,1100000,11.172309398651123,1.2173671181226182,-63.12457568044573,109,0.008460062,-65.92828083705288,6.087082147598267,0.6786341667175293,1045.6378543376923,100,10.471666812896729
3.568758010864258,-40.90393046429302,0.032608647,-60.70389420714117,0.02632451057434082,1110000,9.85592246055603,1.0736758108060436,-62.9401642337601,110,0.024602942,-65.68319196629218,5.421411752700806,0.5477988719940186,1055.5361936092377,100,9.28047490119934
4.224035024642944,-41.15997415989114,0.012322185,-60.92785087381881,0.01812887191772461,1120000,11.577464818954468,1.2730552521336864,-63.21203532968541,111,0.0068602003,-67.03081916693084,6.372527599334717,0.6281452178955078,1067.1338956356049,100,10.930646657943726
3.3550965785980225,-41.036573055153184,0.002233835,-60.462222921265486,0.011827707290649414,1130000,9.204748153686523,1.3641601896030757,-63.082485984264984,112,-0.0039815702,-67.8980387017985,5.027447462081909,0.5351669788360596,1076.3651189804077,100,8.657512426376343
4.33110499382019,-41.04329431273829,-0.004905139,-58.91251521932884,0.017539262771606445,1140000,11.820545196533203,1.4497141014818729,-63.09203097101529,113,-0.008485333,-68.40363495765484,6.501567363739014,0.6306004524230957,1088.2103667259216,100,11.172091245651245
3.834381580352783,-41.10082809436079,0.013160501,-60.94277366338605,0.01821303367614746,1150000,10.42018985748291,1.2314947389081712,-63.15360399572708,114,0.0073177614,-67.58678759290471,5.685983657836914,0.5821473598480225,1098.6583080291748,100,9.81948709487915
3.1985583305358887,-41.089819203724694,-0.00087001646,-61.09551788525969,0.013305187225341797,1160000,8.87760305404663,1.3176897527624876,-63.138730406314124,115,-0.0075084595,-66.15241775358204,4.83217453956604,0.5764122009277344,1107.5594727993011,100,8.287511587142944
4.402613401412964,-40.89627305329711,-0.012757199,-60.49714406190793,0.014030218124389648,1170000,12.099318981170654,1.1322694917857725,-62.93424068904823,116,-0.017546423,-66.92907485239166,6.572708606719971,0.771336555480957,1119.679146528244,100,11.313623666763306
3.7739245891571045,-40.979562114676455,-0.010088596,-60.759012431171016,0.012525796890258789,1180000,10.370031356811523,1.0830764048825863,-63.02401810366765,117,-0.01790835,-66.22634611478772,5.760626554489136,0.5219511985778809,1130.0903761386871,100,9.83503770828247
3.821227550506592,-40.88039801769771,-0.02205743,-60.62850648272306,0.024543046951293945,1190000,10.591774225234985,1.198937729901988,-62.91734685994643,118,-0.025765736,-66.36903382442564,5.7635838985443115,0.678781270980835,1140.7013692855835,100,9.888075113296509
3.960848569869995,-40.86605153042044,-0.0018848816,-60.61182067999526,0.019799232482910156,1200000,10.896445035934448,1.1276582731378042,-62.9061474448955,119,-0.004411354,-68.07828220661575,5.959470748901367,0.6382706165313721,1151.6250126361847,100,10.237980127334595
3.854997396469116,-41.18998040283966,-0.018536713,-60.413502102789444,0.014482498168945312,1210000,10.599900007247925,1.278387845334369,-63.241537748885804,120,-0.01899321,-67.04671585015046,5.856954574584961,0.5681476593017578,1162.2503345012665,100,10.01695466041565
3.815873861312866,-41.237324109749764,-0.008165646,-61.13267859507668,0.01447296142578125,1220000,10.477091789245605,1.285010908856671,-63.293049457506434,121,-0.015317236,-67.6369765314147,5.744809865951538,0.6008670330047607,1172.7496392726898,100,9.861428499221802
3.6300461292266846,-40.90044603490572,8.938904e-05,-60.48719700761133,0.011121511459350586,1230000,9.965590476989746,1.1765910078785278,-62.94505110645504,122,-0.00383674,-66.37011116936705,5.504221677780151,0.531815767288208,1182.7424762248993,100,9.422367572784424
4.020725250244141,-41.01898479245337,-0.0037054718,-60.773643445913194,0.01674199104309082,1240000,11.035221576690674,1.202947228485576,-63.06189666335568,123,-0.0074365325,-67.03858746285219,6.043579578399658,0.6388776302337646,1193.7950975894928,100,10.379276752471924
3.9935522079467773,-40.972426183553445,-0.024894787,-60.11620771458576,0.018586397171020508,1250000,10.897602558135986,1.209809759134582,-63.01022682088331,124,-0.025481474,-65.71054406386168,5.983060598373413,0.5915679931640625,1204.7187345027924,100,10.286964893341064
3.8002073764801025,-41.10630127498183,0.042491145,-59.62297726165646,0.015177011489868164,1260000,10.497543811798096,1.4334353322631146,-63.156867175476215,125,0.040488128,-70.0501454422324,5.81034517288208,0.5701310634613037,1215.237895488739,100,9.911958932876587
3.7170562744140625,-41.00697900613944,-0.04871762,-60.42510354199469,0.013952970504760742,1270000,10.18722128868103,1.1187858875322763,-63.04835793812347,126,-0.05236303,-66.1567248655571,5.662259101867676,0.5006821155548096,1225.4472131729126,100,9.672299146652222
3.716155529022217,-41.01511422231347,0.005757022,-60.773965749341286,0.022641897201538086,1280000,10.285288095474243,1.2602331601309573,-63.06143415790769,127,0.004856369,-67.28927044396117,5.506525993347168,0.7416284084320068,1235.7537808418274,100,9.52060341835022
3.7975914478302,-40.95255510384136,0.007056357,-60.256449186508796,0.022989749908447266,1290000,10.734699726104736,1.1692241789003124,-63.00072856588053,128,0.0034996704,-67.85354449412593,5.7679266929626465,0.8457071781158447,1246.5221803188324,100,9.865302562713623
3.9523813724517822,-41.027356853033574,0.023228265,-60.5622391861033,0.019093751907348633,1300000,10.88190770149231,1.098693949302308,-63.069255292831315,129,0.018300785,-66.17099341606519,5.968777894973755,0.6312205791473389,1257.424194574356,100,10.231257438659668
3.5710694789886475,-41.001180648735414,-0.0011287781,-60.86169508056441,0.011781454086303711,1310000,9.743480920791626,1.1709002732249665,-63.04341846695437,130,-0.0033538116,-66.24765235878732,5.357934951782227,0.5185070037841797,1267.1936860084534,100,9.212852478027344
4.101184129714966,-40.87493849679242,-0.015005902,-60.708948612630344,0.018876314163208008,1320000,11.258898496627808,1.10997753776325,-62.91819766538724,131,-0.027936649,-65.92777543593682,6.193538427352905,0.6242961883544922,1278.470861673355,100,10.615385293960571
3.426475763320923,-41.12423103095839,-0.0051821503,-60.78317776580668,0.01317453384399414,1330000,9.815371990203857,1.057258706756598,-63.17163660568166,132,-0.0083657745,-65.70022709748112,5.217119932174683,0.8842513561248779,1288.314175605774,100,8.917555809020996
4.237230062484741,-41.00046977472004,-0.0029740112,-60.40108177389542,0.016547203063964844,1340000,11.616529941558838,1.1308725434764937,-63.04271314063456,133,-0.0067662382,-66.85709468734454,6.397593259811401,0.6286346912384033,1299.9563109874725,100,10.969176292419434
3.2791497707366943,-41.12307467172894,0.0135082705,-60.75660040255772,0.011666059494018555,1350000,9.088193893432617,1.2408416013780388,-63.17596598432742,134,0.0091333985,-68.71428127398256,4.960775852203369,0.5699770450592041,1309.0707120895386,100,8.506235837936401
4.333409070968628,-40.90711108666154,-0.0022151733,-60.79611469361431,0.018809795379638672,1360000,11.85756254196167,1.2394980982835246,-62.9468109409502,135,-0.005870758,-67.8779402834797,6.560213565826416,0.6027700901031494,1320.9508657455444,100,11.235527276992798
3.8235912322998047,-41.05907065735689,-0.005461896,-60.80837447282419,0.015065908432006836,1370000,10.451808452606201,1.1558179975257798,-63.10424165178307,136,-0.00750968,-66.17830634868402,5.736405849456787,0.5744142532348633,1331.4235272407532,100,9.861973285675049
3.2141175270080566,-40.70187859774168,0.01272442,-59.98464758777543,0.01726984977722168,1380000,8.937619686126709,1.1278341635646412,-62.73425091343052,137,0.009602286,-65.3083197490314,4.8717756271362305,0.5731189250946045,1340.382912158966,100,8.346933603286743
4.376962184906006,-41.01565154595105,-0.03887538,-60.69911659183166,0.017200231552124023,1390000,11.906995296478271,1.1115709159326346,-63.05957631117015,138,-0.03845326,-65.3530961022898,6.610820055007935,0.5584065914154053,1352.3119223117828,100,11.331114768981934
3.7075607776641846,-41.08601246382743,-0.0112388795,-60.68671025480214,0.013331890106201172,1400000,10.11031985282898,1.3221839223989655,-63.13510287010301,139,-0.018820383,-66.40434344043673,5.57568097114563,0.5179569721221924,1362.4450125694275,100,9.578703880310059
3.934145927429199,-41.0176658714371,-0.022150738,-60.48553844379882,0.01892685890197754,1410000,10.86224627494812,1.2722302990200003,-63.06117366634063,140,-0.024050318,-66.25620024083842,5.941822290420532,0.6477735042572021,1373.32448220253,100,10.195234060287476
3.5889172554016113,-40.95291203648228,-0.0053815856,-60.79779197497357,0.012781858444213867,1420000,9.847512245178223,1.1445607194510266,-62.99306336678865,141,-0.012236277,-65.35693290527306,5.443353891372681,0.5126838684082031,1383.1972193717957,100,9.32174825668335
4.071364402770996,-40.727951554427946,-0.013617999,-60.59947158856821,0.017531871795654297,1430000,11.210441827774048,1.091207383593659,-62.760243507352236,142,-0.018761192,-66.68638500948293,6.175567626953125,0.6231014728546143,1394.4248459339142,100,10.56950330734253
3.4485723972320557,-41.08271858893389,0.0019935395,-60.894679700384316,0.013581991195678711,1440000,9.45165228843689,1.1110018188539943,-63.12830060058163,143,-0.0024953338,-66.47686838790182,5.183321475982666,0.5259144306182861,1403.9055593013763,100,8.911858320236206
4.240127086639404,-41.07358208768282,0.023146827,-60.20612854672539,0.018208742141723633,1450000,11.552010536193848,1.1636408211889215,-63.12996732909829,144,0.02178159,-66.09726193964963,6.330374002456665,0.6308698654174805,1415.475551366806,100,10.902590274810791
4.400799036026001,-40.95362367995255,0.0055427216,-60.78824399191018,0.014118671417236328,1460000,12.046507120132446,1.364244671778781,-62.99934124921118,145,-0.0069943205,-66.49318866270653,6.71767258644104,0.5719428062438965,1427.5474207401276,100,11.460160255432129
3.7359304428100586,-41.00365878097887,-0.0036801514,-60.30009126052667,0.012141227722167969,1470000,10.59700322151184,1.2057028453963268,-63.05220516419707,146,-0.008021902,-66.16270141365877,5.678661346435547,0.8740768432617188,1438.1669781208038,100,9.710386991500854
3.831101179122925,-40.75582096570978,-0.0014732055,-59.331872959418234,0.022217273712158203,1480000,10.626343965530396,1.2563188893392647,-62.790753856660004,147,-0.0068177795,-66.29360477542946,5.760513544082642,0.7080039978027344,1448.8236515522003,100,9.89534068107605
3.688795328140259,-41.052195525366535,0.0035370467,-60.5047724437861,0.014116048812866211,1490000,10.388531684875488,1.2691543948500141,-63.100753921440564,148,0.00013855896,-66.64147367638842,5.549346685409546,0.8442745208740234,1459.2376825809479,100,9.529781103134155
3.2122092247009277,-41.04522485422612,0.014590738,-60.193697907730126,0.013069391250610352,1500000,8.92472505569458,1.1473253980594287,-63.09266677199986,149,0.008499317,-66.81814882452343,4.904432773590088,0.5332167148590088,1468.1968131065369,100,8.37765622138977
4.181344747543335,-40.90517476142769,0.009404196,-60.350770441407604,0.017075777053833008,1510000,11.485769987106323,1.2583089467529436,-62.941890836886735,150,0.0045090914,-67.98142495339887,6.336165904998779,0.6235558986663818,1479.6997699737549,100,10.844838380813599
3.8597562313079834,-40.88758055605907,-0.0017595886,-60.88652073862397,0.01624131202697754,1520000,10.574106216430664,1.066345991338577,-62.92893092899391,151,-0.008185917,-68.39656252108354,5.824249505996704,0.5677914619445801,1490.3032755851746,100,9.98975419998169
3.8337554931640625,-41.07446261286886,0.012198474,-60.50637976634949,0.01622486114501953,1530000,10.485459804534912,1.1157449379500395,-63.12635614679509,152,0.003783847,-66.57949873102213,5.7428929805755615,0.5869731903076172,1500.810562133789,100,9.881944179534912
4.002045392990112,-41.042042100650946,-0.04415361,-60.24764085823189,0.01896047592163086,1540000,10.954335451126099,1.2230619511346759,-63.08674598355282,153,-0.051173683,-66.14813358715519,5.965277910232544,0.6350185871124268,1511.7916779518127,100,10.299992561340332
3.323105812072754,-40.83481650031432,-0.03633085,-60.15400386796037,0.01149439811706543,1550000,9.117932081222534,1.1770730825391282,-62.872504366903826,154,-0.05232909,-65.6913746930924,4.978732109069824,0.5375862121582031,1520.9356462955475,100,8.56855821609497
4.26697301864624,-41.21318150595036,-0.02352617,-60.773288805989075,0.021657705307006836,1560000,11.698447704315186,1.2905034468488785,-63.266191258394755,155,-0.027840918,-67.46407181366074,6.440364599227905,0.6344647407531738,1532.6548674106598,100,11.041999816894531
3.2425382137298584,-41.077000570246355,-0.015600296,-60.08500534177528,0.015691280364990234,1570000,8.955668210983276,1.281176224757594,-63.12983289423508,156,-0.024467483,-66.29670011495197,4.860983371734619,0.5733647346496582,1541.6362268924713,100,8.366197109222412
4.375216245651245,-41.036793135257604,0.006425476,-59.95715239454789,0.014073848724365234,1580000,11.828966856002808,1.3949496469087306,-63.08104563067712,157,-0.009910751,-68.8380267412778,6.5443031787872314,0.553185224533081,1553.4892065525055,100,11.261368036270142
3.7815005779266357,-40.88817949511693,0.0011910461,-59.82262673461323,0.017182111740112305,1590000,10.398254156112671,1.157000303195407,-62.93078525059465,158,-0.0005701141,-66.04266125598052,5.738982677459717,0.5655968189239502,1563.9094014167786,100,9.815143585205078
3.7540576457977295,-41.21848943374481,-0.020596521,-61.114657429814024,0.013844728469848633,1600000,10.247326374053955,1.3041506098238516,-63.270680044367666,159,-0.02645102,-68.32730070096608,5.631194591522217,0.5588831901550293,1574.1791851520538,100,9.674317836761475
3.8345046043395996,-40.92053092599992,-0.016961152,-60.832608709147856,0.02993631362915039,1610000,10.660775184631348,1.3444726472186972,-62.96536106024095,160,-0.017077683,-66.72104950137334,5.737914085388184,0.7468843460083008,1584.8586325645447,100,9.88349461555481
4.025679588317871,-40.84516683234542,-0.0014036422,-60.89756000343837,0.01834249496459961,1620000,10.935352563858032,1.12158849577237,-62.881245553758106,161,-0.003914139,-66.58098232495577,5.934511661529541,0.634941816329956,1595.820528268814,100,10.28172516822815
3.923285722732544,-40.952294209938394,0.026441507,-60.26118313197001,0.01658153533935547,1630000,10.774097919464111,1.2248333228713997,-62.997943225566125,162,0.021408414,-66.7600537205406,5.9357075691223145,0.5885579586029053,1606.620688199997,100,10.168658256530762
3.195434808731079,-41.07151231132655,-0.025144294,-60.56361188659456,0.013442039489746094,1640000,8.892253637313843,1.2087471030132582,-63.115488421027166,163,-0.02840535,-66.50239973639664,4.862658500671387,0.565575361251831,1615.5351192951202,100,8.312957286834717
4.39419412612915,-41.00013470535915,-0.010510992,-60.29367853032669,0.014542818069458008,1650000,11.903163433074951,1.147691189909072,-63.0488747336312,164,-0.016617037,-65.73024194547317,6.602794408798218,0.551516056060791,1627.460010766983,100,11.336808443069458
3.2836391925811768,-40.65618353884683,-0.0091910595,-59.936356012635976,0.05743861198425293,1660000,9.682669162750244,1.2569308995825765,-62.69081232007806,165,-0.012349478,-66.1092356025272,5.2995123863220215,0.7543160915374756,1637.1642701625824,100,8.869528532028198
4.418956518173218,-40.70859527372593,0.0075882203,-59.66502827944109,0.01694464683532715,1670000,11.850157022476196,1.3126937849977798,-62.74200052227501,166,0.00037897035,-67.16524303096678,6.496361970901489,0.5738508701324463,1649.0489768981934,100,11.258908987045288
3.716392993927002,-41.0580812694066,0.04484775,-60.8168833909757,0.012704133987426758,1680000,10.213052749633789,1.1378120853686424,-63.10178052753508,167,0.04314003,-66.14840706201564,5.659351348876953,0.5313935279846191,1659.2911705970764,100,9.66866135597229
3.9805848598480225,-40.92656866535202,-0.011711011,-60.80383003750092,0.01721787452697754,1690000,10.917382955551147,1.300191582313968,-62.96643050996379,168,-0.01758782,-66.88246673354018,5.978166580200195,0.631523847579956,1670.2285296916962,100,10.268340587615967
3.587522268295288,-41.11772389741841,-0.02229994,-60.912907379808786,0.01237940788269043,1700000,9.780490159988403,1.2056431938617538,-63.17060045713019,169,-0.023441,-66.90756644913968,5.3743896484375,0.5215680599212646,1680.0362272262573,100,9.246226072311401
3.2330846786499023,-41.08972135210865,-8.215942e-05,-60.454054810934124,0.01285243034362793,1710000,8.886519432067871,1.2410815351518443,-63.142434403937635,170,-0.008690994,-66.09604656405996,4.840775489807129,0.5385758876800537,1688.9411933422089,100,8.334803819656372
4.260704278945923,-40.90367901250643,0.013738126,-60.45012691836606,0.01818680763244629,1720000,11.675855159759521,1.1342787385825848,-62.947984171332216,171,0.013621884,-65.89665697898354,6.418823719024658,0.6273641586303711,1700.6392254829407,100,11.029966592788696
3.2523763179779053,-41.20887761059885,-0.030385785,-60.869613352257545,0.015038490295410156,1730000,9.048544883728027,1.2577455225944625,-63.262088985621034,172,-0.035145372,-67.42515641575764,4.943677186965942,0.5749156475067139,1709.7130653858185,100,8.458309888839722
4.335682153701782,-41.12387838900402,-0.016737396,-60.82987403286337,0.015902280807495117,1740000,11.782360315322876,1.2681498968431961,-63.174968357610844,173,-0.025048455,-66.96699025915926,6.505947589874268,0.5844488143920898,1721.5188715457916,100,11.181617975234985
3.802351951599121,-41.16706757118004,-0.011227792,-60.653419928615826,0.014604806900024414,1750000,10.380091667175293,1.3236150252776315,-63.21888606981158,174,-0.012063132,-66.98874584558652,5.69391655921936,0.5713613033294678,1731.9205136299133,100,9.793604135513306
5.395226955413818,-41.10289602902454,-0.008591736,-60.502293405239044,0.0177156925201416,1760000,14.528788328170776,1.1462318575511403,-63.15113624350083,175,-0.014535068,-66.68884248654449,8.063797235488892,0.6351504325866699,1746.4724225997925,100,13.875586032867432
3.4892704486846924,-41.1613859550937,0.01902078,-60.93431599303217,0.014186859130859375,1770000,9.583748817443848,1.042061400887623,-63.21421902779545,176,0.011140506,-66.19307961880557,5.267062187194824,0.5343413352966309,1756.0838689804077,100,9.034947633743286
3.166914463043213,-41.10625591449996,-0.03751646,-60.27351052811107,0.014643430709838867,1780000,8.746399879455566,1.4338340032275025,-63.155269895707804,177,-0.04996659,-67.87549451051544,4.787467956542969,0.5208592414855957,1764.84779214859,100,8.210658073425293
4.346423149108887,-40.83475495315416,-0.023331854,-60.3904193843424,0.01783609390258789,1790000,11.851749897003174,1.0280548785023411,-62.86818206528094,178,-0.02573162,-65.91993173194118,6.512529373168945,0.6299483776092529,1776.7172229290009,100,11.203639030456543
3.1876044273376465,-41.07393697178388,0.00055950927,-60.62249360286304,0.017060518264770508,1800000,8.862929821014404,1.3325718918269631,-63.122510373987815,179,-0.0014331634,-67.85564346469073,4.828957557678223,0.572561502456665,1785.6074786186218,100,8.272965669631958
4.425551414489746,-41.064531091272265,-0.012676364,-60.61940197915078,0.01532888412475586,1810000,11.972628831863403,1.2542790454036512,-63.1167215602821,180,-0.02080755,-66.3105883730541,6.600733280181885,0.5808753967285156,1797.6023344993591,100,11.376126289367676
3.2169125080108643,-40.89789524495704,0.0026053772,-60.51870804778909,0.014676809310913086,1820000,9.15601134300232,1.2146265131934184,-62.943667707934985,181,0.0017670501,-66.76815240242435,5.091305732727051,0.5694210529327393,1806.7911982536316,100,8.571380138397217
4.406078577041626,-41.07456168797297,-0.009595145,-60.52177431387567,0.013941049575805664,1830000,12.105681657791138,1.3619870225380206,-63.12242708321192,182,-0.013846109,-67.39390257086718,6.595008850097656,0.7485754489898682,1818.917216539383,100,11.34285569190979
3.234449625015259,-41.002657407005835,0.0045184297,-60.15708993203227,0.013565540313720703,1840000,8.976636171340942,1.1786047625207878,-63.04787308212547,183,-0.00048102418,-66.50361912763078,4.8988096714019775,0.5602493286132812,1827.9367117881775,100,8.402466058731079
3.1900088787078857,-41.13065463863061,-0.045149535,-59.97438149378809,0.015549659729003906,1850000,8.845687866210938,1.3828903645979838,-63.18400523904373,184,-0.04981155,-67.42434889387488,4.80955958366394,0.576441764831543,1836.805973291397,100,8.253408432006836
4.408422470092773,-40.85692435478842,0.013940763,-60.514821554636484,0.014477729797363281,1860000,11.987311601638794,1.1858346848617252,-62.892812669834804,185,0.010880957,-65.79554578003179,6.654797554016113,0.5656094551086426,1848.8160192966461,100,11.406937837600708
3.9786815643310547,-40.923590715356944,0.00622865,-60.1477909578945,0.019780635833740234,1870000,10.9967041015625,1.152747931450876,-62.96684533832215,186,-0.0024869873,-65.66004955565111,6.052485942840576,0.6321454048156738,1859.8342351913452,100,10.344427824020386
3.886427879333496,-40.92200893195105,-0.011066806,-61.187725309955155,0.01388406753540039,1880000,10.640356063842773,1.032218439739696,-62.95966576509994,187,-0.022967959,-66.03348906979176,5.861772060394287,0.5749261379241943,1870.5008318424225,100,10.051287174224854
3.231193780899048,-40.97943658770266,-0.011924182,-59.916290721319186,0.015131473541259766,1890000,8.997244119644165,1.1624465372025028,-63.02165534841278,188,-0.013175269,-65.73303637196808,4.925537347793579,0.5614595413208008,1879.518878698349,100,8.42031216621399
4.370339393615723,-40.77735284324167,-0.03757507,-8.082904198354804,0.014444589614868164,1900000,11.823237180709839,5.630611297845196,-62.712328478852605,189,-0.04151055,-67.86038309870845,6.535906553268433,0.5610425472259521,1891.364616394043,100,11.247441053390503
3.2492620944976807,-41.1730149331553,0.01104303,-60.84777941630581,0.01464390754699707,1910000,9.002947092056274,1.249202775620504,-63.221041807001484,190,0.00457565,-67.79276283346677,4.877767324447632,0.5973536968231201,1900.3885869979858,100,8.390488147735596
4.405568599700928,-40.97398831569571,-0.03649093,-59.923627300072866,0.015715599060058594,1920000,11.887558937072754,1.3110166030090582,-63.021333762129224,191,-0.041533776,-67.39835535375433,6.5379722118377686,0.5773472785949707,1912.2993001937866,100,11.294094324111938
3.959075450897217,-41.27445435298196,-0.0056105317,-61.18561483921698,0.01805853843688965,1930000,10.812995433807373,1.1425278603434037,-63.331713657735435,192,-0.012653317,-67.18315635629652,5.876615524291992,0.6471951007843018,1923.1336932182312,100,10.147421836853027
3.4136173725128174,-40.915778180126715,-0.0025307739,-60.36992706883703,0.013187646865844727,1940000,9.432922124862671,1.207639621042902,-62.956149416244514,193,-0.008937525,-66.13336547734283,5.203263759613037,0.528968334197998,1932.5954115390778,100,8.890507459640503
4.250481843948364,-40.830674200941715,-0.0018885315,-60.54125308351495,0.018701791763305664,1950000,11.66056752204895,1.08623815498873,-62.86604438902552,194,-0.008721368,-66.3226702255918,6.425500154495239,0.6309938430786133,1944.2745990753174,100,11.010568857192993
3.9070475101470947,-41.03463206252427,-0.016822118,-59.78461456416472,0.01967597007751465,1960000,10.67059874534607,1.2850323400449357,-63.0853943195783,195,-0.021854892,-66.42854284614741,5.861940860748291,0.5655429363250732,1954.9737257957458,100,10.08503532409668
3.202316999435425,-40.94473748971175,0.04545754,-60.1119778589949,0.015683650970458984,1970000,8.90381145477295,1.3038374962084835,-62.99004816899358,196,0.04151359,-67.57801722567477,4.856759071350098,0.5674996376037598,1963.8988213539124,100,8.32034969329834
4.377233505249023,-40.87986872145075,0.019955179,-60.0439568107424,0.024253129959106445,1980000,12.288341999053955,1.279995390759283,-62.91556750761194,197,0.018404573,-66.26951273241649,6.642948150634766,0.9044091701507568,1976.210976600647,100,11.359266519546509
3.7673425674438477,-40.91363735146002,-0.041922744,-60.480673479662045,0.012752056121826172,1990000,10.288738012313843,1.1471579427480914,-62.958530075450746,198,-0.047708504,-65.8590057704647,5.687955856323242,0.5259664058685303,1986.521532535553,100,9.74975037574768
3.713313579559326,-41.1801934828669,0.01864304,-60.316926531732165,0.02202439308166504,2000000,10.359947681427002,1.2620532665622792,-63.233353032997336,199,0.0082526365,-66.03986042975343,5.582566022872925,0.7425053119659424,1996.900302886963,100,9.595085144042969
3.969879627227783,-40.97809369825433,-0.008559198,-61.03366728688083,0.01748204231262207,2010000,10.943395137786865,1.1319873562982476,-63.02574734083517,200,-0.008157895,-66.31097876773475,6.018080472946167,0.6197199821472168,2007.877452135086,100,10.30582308769226
3.372091054916382,-41.0568325625965,0.036242526,-60.560265803627026,0.0259397029876709,2020000,9.638589143753052,1.2591256289657768,-63.10780579660935,201,0.031135773,-66.92417227947807,5.097051620483398,0.8736586570739746,2017.5453143119812,100,8.738094329833984
4.310636520385742,-41.047804120352254,0.003066684,-60.73671438232151,0.018163681030273438,2030000,11.766776084899902,1.280804314538635,-63.10246897879048,202,-0.001036618,-67.6321150682084,6.450440406799316,0.6505453586578369,2029.3358476161957,100,11.097766399383545
4.980252027511597,-40.892440614437774,0.013476453,-60.648394132227835,0.018332242965698242,2040000,13.45681118965149,0.9969685167464682,-62.93309715798301,203,0.0050429413,-65.21773520870627,7.412898302078247,0.6596050262451172,2042.8282344341278,100,12.778416633605957
3.5118353366851807,-40.9402006960169,0.017232547,-60.63696562974936,0.011423587799072266,2050000,9.610398769378662,1.3172184962243716,-62.98470405523325,204,0.009835657,-66.93617488015046,5.2869250774383545,0.521050214767456,2052.468091249466,100,9.077666521072388
4.165264129638672,-40.94399098574291,-0.005325995,-60.718658163942266,0.019383668899536133,2060000,11.429831981658936,1.2216627941794451,-62.98408718322233,205,-0.01348311,-67.81125719693162,6.296375036239624,0.6228973865509033,2063.9168994426727,100,10.787297248840332
3.380863666534424,-41.14022390543277,-0.008671244,-60.50222642703493,0.01295018196105957,2070000,9.304856538772583,1.2341986028324943,-63.18800751707996,206,-0.018643683,-66.24194137889914,5.109277009963989,0.5303220748901367,2073.248676776886,100,8.761175870895386
4.319687604904175,-41.04920216934582,0.0029028747,-59.80225353303341,0.01864480972290039,2080000,11.770545721054077,1.276974138663922,-63.09867662402944,207,0.0016772125,-66.9135998648759,6.4625208377838135,0.6328036785125732,2085.038269996643,100,11.118766784667969
3.25126576423645,-41.05179587484961,-0.005955884,-60.5543612261824,0.015347957611083984,2090000,8.964241981506348,1.2571194436767104,-63.0993428334403,208,-0.00933349,-69.07325497831916,4.865642786026001,0.5721397399902344,2094.028153896332,100,8.376282930374146
4.353447914123535,-41.09876240614438,0.005392703,-60.84571868841702,0.017776012420654297,2100000,11.885675430297852,1.0715639936201535,-63.14399462735948,209,-0.00075897825,-67.07931097552463,6.601404666900635,0.5699267387390137,2105.936388731003,100,11.297677040100098
3.197299003601074,-40.990749656046646,0.02148262,-61.035453025908566,0.015955686569213867,2110000,8.907299518585205,1.182461523550688,-63.03689483093226,210,0.019920623,-67.30527316737603,4.870490312576294,0.564831018447876,2114.8649230003357,100,8.326223850250244
4.377601146697998,-40.95937454523744,0.004335187,-60.727394187570816,0.01563286781311035,2120000,11.870432615280151,1.0426221825311457,-63.00603551996433,211,-0.00022046204,-66.35154586949317,6.54470419883728,0.5756947994232178,2126.7583677768707,100,11.278781652450562
3.217884063720703,-41.00321933178881,0.037530296,-60.729844339206366,0.015303373336791992,2130000,8.88703966140747,1.2185406148216886,-63.051631822262955,212,0.032714583,-66.0488909455953,4.814133167266846,0.5793139934539795,2135.6683309078217,100,8.292052030563354
4.399577617645264,-40.96178115321078,0.02273406,-60.55533892954131,0.013973236083984375,2140000,12.292946815490723,1.112256517132744,-63.004329606057865,213,0.016529066,-66.21069274100037,6.555530071258545,0.9729712009429932,2147.9833900928497,100,11.305655479431152
3.907628059387207,-40.96538868242065,0.015332688,-60.31269926276547,0.015941858291625977,2150000,10.68911361694336,1.351935979305538,-63.01336896461027,214,0.009640637,-67.82590973831135,5.860896587371826,0.597893238067627,2158.6957037448883,100,10.074918031692505
3.972172498703003,-40.9648190518798,-0.018192109,-60.13600793639209,0.015899181365966797,2160000,10.934539794921875,1.1674093966267156,-63.00836273965394,215,-0.025466774,-66.11190494234458,6.027425289154053,0.6039431095123291,2169.6585524082184,100,10.31434178352356
3.977916955947876,-41.119244980032036,0.026119562,-60.57255855846855,0.017853975296020508,2170000,10.942389011383057,1.2505680851179142,-63.17138753473299,216,0.02058641,-66.77850049334226,5.990459680557251,0.6260230541229248,2180.6294479370117,100,10.298030853271484
3.8452205657958984,-40.97823613784532,0.02343503,-60.38278289606215,0.01740431785583496,2180000,10.5690279006958,1.2752517011890177,-63.02174472051229,217,0.018615253,-67.32514683681126,5.828542709350586,0.5744104385375977,2191.2239842414856,100,9.976873636245728
3.19964337348938,-40.96424806224522,-0.009286157,-60.456031407553034,0.015049457550048828,2190000,8.875498056411743,1.1627301120300506,-63.0094274043197,218,-0.016041642,-67.07246441161705,4.805532693862915,0.5973715782165527,2200.1214320659637,100,8.262791156768799
4.386503458023071,-40.963584580543184,-0.002260367,-60.15404246292878,0.013683795928955078,2200000,12.263750076293945,1.1232585167204983,-63.00835480153117,219,-0.006758731,-66.5720367268398,6.580519914627075,0.9414088726043701,2212.405668735504,100,11.30836296081543
3.204519271850586,-40.88412090310368,-0.0002269165,-60.353744220591445,0.014219522476196289,2210000,8.956339597702026,1.1913626554570758,-62.92528334569075,220,-0.013534959,-66.33782978219358,4.871146202087402,0.607635498046875,2221.391270160675,100,8.334038972854614
4.355010747909546,-40.92068593971287,0.016447745,-60.68546655147385,0.01737356185913086,2220000,11.816418886184692,1.2418288281512373,-62.95954270995042,221,0.008185647,-66.23543692950028,6.521549701690674,0.5778336524963379,2233.2446024417877,100,11.220823049545288
3.9830663204193115,-40.94410511817327,-0.0067177,-60.94795053513078,0.019437551498413086,2230000,11.00423789024353,1.1057521059040163,-62.9865947088526,222,-0.022560766,-66.46587446495334,6.062499046325684,0.6287286281585693,2244.2746846675873,100,10.355722904205322
3.876842737197876,-40.98729994666395,0.0017152436,-60.469508876473576,0.016119718551635742,2240000,10.580563306808472,1.2151063638611215,-63.031607273109685,223,-0.012117548,-67.09327431905209,5.817927837371826,0.5658209323883057,2254.8823006153107,100,9.99827527999878
3.2577707767486572,-40.85755751780582,0.001277565,-60.75717200601585,0.014519691467285156,2250000,8.993049383163452,1.1820798354606163,-62.89705387456693,224,-0.0076039643,-66.32787844279656,4.865630149841309,0.594639778137207,2263.8964836597443,100,8.383573055267334
4.361959934234619,-40.789628291655816,0.0069908034,-60.194745139925864,0.017191171646118164,2260000,11.873310565948486,1.3495509667292624,-62.82658689944307,225,-0.0062756804,-67.65477202516,6.576320648193359,0.5779552459716797,2275.7927849292755,100,11.277917623519897
3.2057759761810303,-41.09138771759815,0.010482824,-60.85643608646693,0.014887332916259766,2270000,8.96290922164917,1.1532515029752552,-63.13720552617175,226,-0.00085294497,-65.9052512990627,4.862116813659668,0.6013393402099609,2284.778828859329,100,8.346379518508911
4.411344051361084,-41.08844098735341,-0.016092397,-60.8156029599798,0.01654982566833496,2280000,11.972032070159912,1.1180206654978857,-63.13546137789339,227,-0.019732047,-66.19602025390459,6.641524076461792,0.5581414699554443,2296.773493528366,100,11.396992921829224
3.7090158462524414,-41.05154095808017,-0.010861065,-60.67717653442811,0.011813640594482422,2290000,10.130032539367676,1.1359174291182654,-63.093592763086946,228,-0.019145668,-66.0012297040534,5.577843189239502,0.5355887413024902,2306.924658060074,100,9.582292556762695
3.8917219638824463,-41.07385549642205,-0.021872235,-60.893622704738846,0.024641752243041992,2300000,10.7261061668396,1.2503006321072636,-63.12450541144706,229,-0.027904043,-66.17868530925816,5.829566717147827,0.6683833599090576,2317.67010474205,100,10.032706499099731
3.647197723388672,-41.084198362743145,-0.034587827,-60.7868259651848,0.02528524398803711,2310000,10.221917629241943,1.1147678402928616,-63.135177330672725,230,-0.03850638,-67.49317631875755,5.580017805099487,0.6760232448577881,2327.9180748462677,100,9.518555879592896
4.083782911300659,-41.10847808746273,0.003231192,-60.66253797329723,0.018087148666381836,2320000,11.13511347770691,1.2666871192509788,-63.15648298011528,231,-0.0027326508,-67.17540031411555,6.077024698257446,0.6360187530517578,2339.071610689163,100,10.48069977760315
3.467358112335205,-40.97143415020942,-0.0059677674,-60.39498272393697,0.013453245162963867,2330000,9.606634140014648,1.1604156464314468,-63.01179455069211,232,-0.017442536,-66.69866359778896,5.315677642822266,0.5325274467468262,2348.7044444084167,100,9.060220003128052
4.2368552684783936,-41.0598243363378,-0.0038624664,-60.53096959177041,0.019289493560791016,2340000,11.5628342628479,1.3408780029881682,-63.1066070314146,233,-0.011733065,-67.10880680680172,6.342637300491333,0.6343529224395752,2360.2849028110504,100,10.908804893493652
3.897256851196289,-40.9921761337529,-0.0037181426,-60.31529404311669,0.014384746551513672,2350000,10.646400928497314,1.2854563891707946,-63.03944610143702,234,-0.014535825,-67.17982099650256,5.8562304973602295,0.5688750743865967,2370.957890033722,100,10.062821626663208
3.833819627761841,-40.728965381627006,-0.026303997,-60.14233667543757,0.015214681625366211,2360000,10.538840055465698,1.1790172919651185,-62.762463492936824,235,-0.06030176,-66.07860083511446,5.7829649448394775,0.6012294292449951,2381.5203769207,100,9.922027349472046
3.6645894050598145,-40.961411341179,-0.01843273,-60.17009504544547,0.012274026870727539,2370000,9.981444120407104,1.2640831121184422,-63.004162693856095,236,-0.15511562,-67.46366631309223,5.468332767486572,0.5392308235168457,2391.5292360782623,100,9.429474115371704
4.0371222496032715,-41.123381566630385,0.0032549286,-60.05421998018801,0.02182793617248535,2380000,11.038621425628662,1.1486183799441774,-63.16912630621998,237,-0.68959874,-66.9976974908005,6.037354469299316,0.6221702098846436,2402.585918188095,100,10.394309282302856
3.9832732677459717,-41.019040915743965,-0.008044284,-60.78333786799833,0.019176959991455078,2390000,11.1646568775177,1.1542075588490286,-63.06702481387552,238,-10.325099,-65.86152631536935,6.008613348007202,0.8416740894317627,2413.7785255908966,100,10.303411960601807
3.240161180496216,-40.82997915933846,0.008221573,-60.59773520223158,0.01648688316345215,2400000,9.031306743621826,1.149263684966247,-62.86557834046387,239,-99.04621,-67.40280344327662,4.948329210281372,0.5620384216308594,2422.8528542518616,100,8.452431440353394
3.871763229370117,-86.10124715730787,-0.011244596,-64.31792811441142,0.017610549926757812,2410000,11.378483295440674,30.0308560053132,-137.07089107419878,240,-385.18436,-194.00042150976654,6.573973894119263,0.5759589672088623,2434.2531790733337,100,10.784605503082275
3.2293763160705566,-123.6173847346975,-0.013017091,-98.82482592801453,0.03305959701538086,2420000,9.966929912567139,40.77722212733314,-209.87303294919388,241,0.40674865,-300.88472107347366,5.730647563934326,0.6735904216766357,2444.2432034015656,100,9.259527683258057
2.7384519577026367,-127.31159321743164,0.033070717,-110.6442469227442,0.030405759811401367,2430000,8.60024619102478,37.34913400339962,-215.36555906352217,242,-0.07847229,-285.21727534378255,4.777982473373413,0.7960665225982666,2452.865161180496,100,7.772905349731445
3.7408759593963623,-123.07835259722049,-0.0033529785,-96.30092421873732,0.025672197341918945,2440000,11.484736204147339,41.68614192568747,-208.4209962033476,243,-0.039281785,-286.18139357311867,6.445565938949585,0.933696985244751,2464.372533798218,100,10.524987697601318
3.2227561473846436,-126.06709245029764,-0.021276928,-102.58920983011407,0.011284351348876953,2450000,9.861321926116943,36.64586336592989,-213.77917738978306,244,-0.055531006,-275.5080331614826,5.523064136505127,0.8061544895172119,2474.2541873455048,100,9.043324708938599
2.721759796142578,-119.86107520268239,0.018965235,-98.59712057834739,0.012677431106567383,2460000,8.28761076927185,36.787622699194486,-204.2655296041694,245,-0.026172118,-286.4248612564605,4.699756383895874,0.6019024848937988,2482.582525253296,100,7.672738075256348
3.0349209308624268,-131.388545801178,-0.0046686097,-89.0595304948634,0.02356266975402832,2470000,9.340388298034668,39.33641134610084,-221.8386296794585,246,-0.017955517,-279.31024549376394,5.251840829849243,0.749171257019043,2491.9524309635162,100,8.567182302474976
3.411418914794922,-125.36981948087266,0.02774618,-72.13048966952752,0.011120319366455078,2480000,10.25823163986206,40.41554544032947,-213.12252006487145,247,-0.003549115,-296.51975076687086,5.988495111465454,0.5293467044830322,2502.2456800937653,100,9.717421054840088
2.985870838165283,-120.20290495925855,-0.008003809,-99.17199005531216,0.027683734893798828,2490000,9.299484729766846,36.03274857185406,-204.32761080099786,248,-0.008460119,-272.9832426860745,5.264577865600586,0.7465476989746094,2511.5626866817474,100,8.524905443191528
3.48117995262146,-125.80796335532683,-0.01021073,-120.00250357927348,0.019336700439453125,2500000,10.615765571594238,35.02189523952898,-213.71317268890405,249,-0.014528394,-281.410632659378,6.151433944702148,0.6460235118865967,2522.2155299186707,100,9.950037002563477
3.381155490875244,-121.8423007246817,0.02069673,-123.24317725812928,0.016758441925048828,2510000,10.312964677810669,36.35055902812628,-207.81912456272576,250,0.011242004,-282.99427406779375,5.970907926559448,0.6309506893157959,2532.552993297577,100,9.664814710617065
2.8258845806121826,-123.25061001861808,-0.002581079,-103.9748802229159,0.012471199035644531,2520000,8.632140636444092,35.928739842606745,-208.43209702396155,251,-0.033553485,-266.88544473877107,4.9891438484191895,0.5351016521453857,2541.2109549045563,100,8.084285974502563
3.7165749073028564,-122.37281735195137,-0.0063800537,-120.46245696953625,0.018044233322143555,2530000,11.1510751247406,33.10217532965821,-208.27220027247733,252,-0.058691017,-286.35426395570914,6.453591823577881,0.6241610050201416,2552.381462097168,100,10.508352279663086
2.8294994831085205,-123.37530591770741,-0.0019213379,-112.74524883289027,0.010870218276977539,2540000,8.735114097595215,39.867244215377035,-208.28461228992558,253,-0.03993528,-290.58765561655423,5.119470119476318,0.5149118900299072,2561.1429767608643,100,8.209060668945312
3.666804552078247,-121.82449096120185,-0.0042135497,-84.58826331509923,0.017515182495117188,2550000,11.087929248809814,39.945708186885376,-206.36242744865112,254,-0.054574464,-281.433453323442,6.411546945571899,0.6510930061340332,2572.2490894794464,100,10.419044494628906
3.848421096801758,-126.15998064192502,0.014160205,-101.48342960206283,0.015584945678710938,2560000,11.568708181381226,34.4016790327975,-214.29380836994383,255,-0.00817492,-294.77981948659,6.788402795791626,0.562129020690918,2583.844874858856,100,10.99054503440857
2.732274055480957,-121.83662974008895,-0.018171558,-97.91715865208684,0.016388654708862305,2570000,8.399890661239624,41.1591203671387,-206.53385221973937,256,-0.023438526,-290.40455060897847,4.828414678573608,0.5635707378387451,2592.267749786377,100,7.819592475891113
3.817159414291382,-123.46261259675839,0.008954022,-96.74410026810246,0.018962621688842773,2580000,11.401470422744751,40.08051520171821,-208.9907087240788,257,0.004797296,-297.1490497743659,6.647409439086914,0.5723738670349121,2603.691453933716,100,10.809869766235352
3.268186092376709,-123.41907376973857,-0.012179712,-113.31897017800074,0.015192985534667969,2590000,9.924174070358276,39.150431695927786,-210.41750985422078,258,-0.012432641,-295.33494257891175,5.774886608123779,0.5660240650177002,2613.637487411499,100,9.342509269714355
3.188516139984131,-122.29629474691886,0.0022748779,-103.31460050194931,0.012369394302368164,2600000,9.604690790176392,40.165908688935524,-208.06715857028846,259,-0.0073696715,-289.1487283110666,5.597356796264648,0.5127453804016113,2623.26824760437,100,9.079310178756714
3.2776777744293213,-124.5594373294464,0.013759467,-104.07663997029184,0.021258831024169922,2610000,10.121599912643433,42.67148475925551,-209.77701048334882,260,0.0093582645,-286.25045206918185,5.7731969356536865,0.7374262809753418,2633.4075813293457,100,9.362538814544678
3.202039957046509,-123.38926620436555,0.010077393,-90.71897295641429,0.011299610137939453,2620000,9.694856882095337,37.44248599111563,-209.83752733360944,261,0.009104566,-292.52769797252444,5.637246608734131,0.545257568359375,2643.1397206783295,100,9.137958526611328
3.220388174057007,-123.89529513650416,0.0013539429,-118.89901021701952,0.024976015090942383,2630000,9.982711791992188,41.367880244609495,-210.818346125856,262,-0.006803516,-295.4788312863077,5.683492422103882,0.7542667388916016,2653.1432938575745,100,9.203104496002197
3.4058711528778076,-125.40202062099098,-0.00043010255,-94.54030921165412,0.01853322982788086,2640000,10.3968505859375,38.41193087165071,-212.75332597235473,263,-0.0026227233,-285.7149689659735,6.017383098602295,0.6403896808624268,2663.5725598335266,100,9.737473011016846
2.9588916301727295,-123.93116854771284,0.03302589,-91.72711663833454,0.01592874526977539,2650000,9.01331353187561,37.76715072024677,-210.0013561004447,264,0.02560432,-277.0817984665928,5.231642246246338,0.530170202255249,2672.6127150058746,100,8.466870784759521
3.5377249717712402,-126.31873778301782,-0.0031073974,-116.06887705266806,0.0181887149810791,2660000,10.760162115097046,36.9235013349853,-213.63891687353782,265,-0.010188867,-281.260106114494,6.240389585494995,0.6389467716217041,2683.3911089897156,100,10.102702856063843
2.988262176513672,-125.56240459202625,-0.026441097,-118.02713406897983,0.013451337814331055,2670000,9.026954174041748,34.472598166910025,-212.2695528144798,266,-0.03069878,-281.9973802685584,5.2159583568573,0.5313653945922852,2692.4430644512177,100,8.481805086135864
3.515378952026367,-128.1150948613072,0.019117242,-106.55752400097983,0.019360065460205078,2680000,10.665189504623413,37.85519688164665,-216.5587667210901,267,0.0075388337,-290.1663377242458,6.142686128616333,0.6628248691558838,2703.1272161006927,100,9.98270559310913
2.9987893104553223,-120.990159318512,0.0019015624,-87.57345965760898,0.01136469841003418,2690000,9.15450644493103,35.79523443365087,-204.91735025955552,268,0.00039257813,-283.0060446449367,5.332367181777954,0.5341823101043701,2712.3106558322906,100,8.608659029006958
3.482088327407837,-126.43526911275715,-0.010682501,-99.83131749206859,0.021132707595825195,2700000,10.547037124633789,37.40735805234925,-214.12022063938753,269,-0.0130942045,-291.017647922008,6.082005739212036,0.6386740207672119,2722.8762657642365,100,9.886775493621826
3.4166793823242188,-121.02145525062849,-0.01756195,-109.05674101548827,0.017297983169555664,2710000,10.34109115600586,37.28783066179687,-205.4728466567062,270,-0.018081177,-285.7824780144227,5.954195737838745,0.6342487335205078,2733.2447481155396,100,9.689193964004517
3.3073720932006836,-121.61718403447458,0.0041201296,-93.65758759855365,0.017617464065551758,2720000,9.99438214302063,41.44871773057124,-207.19912781237693,271,-0.00030322265,-302.75871861339016,5.80926513671875,0.5578675270080566,2743.2674033641815,100,9.41856336593628
2.8810744285583496,-125.7670561302225,0.02153214,-109.40245611240765,0.015584707260131836,2730000,8.944720983505249,38.0034469806711,-212.7421354554313,272,0.017976282,-285.0962730123241,5.184534072875977,0.5853550434112549,2752.2342381477356,100,8.343487024307251
3.751157522201538,-121.82877069119866,-0.019685498,-81.44369234891965,0.01558542251586914,2740000,11.320012331008911,40.50284087361174,-207.04759693222712,273,-0.026790418,-276.9041505557708,6.638412237167358,0.5766477584838867,2763.578242778778,100,10.727454423904419
3.255906581878662,-125.86954425206639,-0.018670887,-101.84514244369917,0.013930797576904297,2750000,9.901880025863647,32.90479515232156,-214.17060852204293,274,-0.021649975,-292.83543918664134,5.741950750350952,0.5898005962371826,2773.5028805732727,100,9.297637701034546
3.371525526046753,-117.63609995374217,0.01013355,-124.05330912592065,0.018723011016845703,2760000,10.29341173171997,35.70998659016447,-200.75229521431112,275,0.0071972795,-278.1159996468882,5.9468674659729,0.6455938816070557,2783.8200464248657,100,9.628551006317139
2.934458017349243,-120.55453644005883,0.029819537,-90.35799138605196,0.014028310775756836,2770000,8.968476295471191,37.071749123470006,-204.51391800935733,276,0.024068616,-282.1216398691347,5.229161977767944,0.5154483318328857,2792.815746307373,100,8.43856406211853
3.5668206214904785,-119.43233499176279,0.020461893,-122.80341064357452,0.016593456268310547,2780000,10.7881920337677,39.88947822394122,-203.74677033036326,277,0.009554476,-277.4664007958177,6.238575220108032,0.6351683139801025,2803.6224076747894,100,10.13612413406372
3.4028162956237793,-123.19043349627076,0.014054219,-90.22258573814243,0.018570661544799805,2790000,10.320458173751831,36.355449342970175,-208.5149529396843,278,0.010020469,-274.5722994075863,5.9672465324401855,0.6145637035369873,2813.9709560871124,100,9.686972856521606
2.7349860668182373,-126.23975018885544,-0.008845874,-55.746853888958405,0.013349056243896484,2800000,8.373337030410767,38.61127524602395,-211.7284670670488,279,-0.0139799435,-283.5196540344545,4.788243770599365,0.5758814811706543,2822.3660221099854,100,7.783829689025879
3.696237802505493,-120.2060680224275,0.012575635,-111.39410048052585,0.021567106246948242,2810000,11.195855140686035,40.62792668560112,-203.54102767499245,280,0.0068446044,-282.33143465831535,6.507112503051758,0.6304247379302979,2833.5834543704987,100,10.543493032455444
2.767368793487549,-122.76644049872817,-0.0032635985,-96.84061354965465,0.012360095977783203,2820000,8.461083889007568,38.27406821129806,-208.95963459499524,281,-0.016524024,-278.54509359743474,4.886158466339111,0.5377805233001709,2842.074385881424,100,7.910664081573486
3.713552951812744,-128.25895150373105,0.013928686,-128.1688923265318,0.018480539321899414,2830000,11.159054517745972,32.25911801471675,-218.18449895169385,282,-0.0526425,-278.60051640848576,6.458738327026367,0.6291153430938721,2853.2559909820557,100,10.511098146438599
3.2995688915252686,-124.43529249667318,0.019435009,-75.49121193965071,0.015030860900878906,2840000,10.015748977661133,39.63743599969369,-211.46207255709226,283,-0.016240587,-283.53722135334584,5.819977045059204,0.5742266178131104,2863.299246072769,100,9.426196575164795
2.731400728225708,-128.02222419552393,0.0035853668,-114.37064560479234,0.014221429824829102,2850000,8.377240180969238,33.7215160840421,-216.22804689294009,284,-0.004744035,-290.1192281861488,4.794519662857056,0.5720798969268799,2871.7005302906036,100,7.790643930435181
3.744044542312622,-122.74035794222726,-0.0014246262,-108.75453264472443,0.015702247619628906,2860000,11.26251769065857,41.204655232839194,-208.70228711111054,285,-0.004303406,-279.1949797173948,6.590799570083618,0.5691967010498047,2882.986351966858,100,10.677156686782837
2.7497923374176025,-124.7640644409464,-0.017117493,-116.85232027196963,0.01432180404663086,2870000,8.538325548171997,36.84320421793653,-212.14407572667494,286,-0.021318335,-304.8873991582605,4.9167022705078125,0.5984077453613281,2891.547309398651,100,7.925328731536865
3.779151439666748,-122.72549454821345,0.0075201173,-116.63591418760042,0.015179157257080078,2880000,11.278141260147095,39.07210890603802,-208.21011337787414,287,0.0065902346,-281.34780908045076,6.575456857681274,0.5657529830932617,2902.848006248474,100,10.696924686431885
2.7590155601501465,-125.66602374634405,0.0121328,-75.50445540190461,0.015842437744140625,2890000,8.46880841255188,44.645762815534326,-212.4707427372837,288,0.005082288,-297.03932787566333,4.874088525772095,0.558882474899292,2911.3389868736267,100,7.893762826919556
3.73667311668396,-124.33861891251797,-0.025305549,-66.76873194001624,0.017295360565185547,2900000,11.258476972579956,41.64917671407872,-210.950038934199,289,-0.02855952,-278.7627344822401,6.5903120040893555,0.5748195648193359,2922.6191985607147,100,10.66607117652893
2.6892082691192627,-119.37988680026785,-0.0104265995,-103.13139081295147,0.012408018112182617,2910000,8.245619535446167,39.2804970580961,-202.70750514971172,290,-0.013087088,-277.05375556678916,4.77105450630188,0.5218324661254883,2930.8861875534058,100,7.711127042770386
2.4312336444854736,-119.03627205769556,-0.029254187,-100.62956009118015,0.011440277099609375,2920000,7.411842584609985,39.90933217440597,-201.68484358214,291,-0.029809311,-285.51990409108254,4.213147878646851,0.527475118637085,2938.3186452388763,100,6.8726630210876465
2.580704689025879,-122.36736023090289,-0.009083777,-121.02058015866048,0.009705305099487305,2930000,7.791584014892578,33.48279090960448,-207.95547091102932,292,-0.0149953365,-271.7446531004821,4.51406455039978,0.4459857940673828,2946.128986597061,100,7.335634469985962
2.7262625694274902,-127.96434168726566,-0.036189403,-91.7717743658302,0.013440132141113281,2940000,8.170357704162598,37.62422271615036,-216.94245731578906,293,-0.03567026,-314.07493063976233,4.778339147567749,0.40436601638793945,2954.3180134296417,100,7.752297639846802
2.4655871391296387,-120.56145224816866,-0.003871292,-71.52075479781362,0.012233972549438477,2950000,7.396438360214233,40.78880679876897,-203.19450657720176,294,-0.0077063204,-282.172695139908,4.319023132324219,0.3749725818634033,2961.7277870178223,100,7.00896430015564
2.3764700889587402,-123.96893603112916,-0.002437207,-96.30904092685309,0.009607076644897461,2960000,7.1349937915802,36.48756002512839,-210.08171450620935,295,-0.010012854,-275.51830947388675,4.158581495285034,0.3697187900543213,2968.874279499054,100,6.7554826736450195
2.273270606994629,-123.5032252192578,0.014669129,-120.55735190170289,0.012368440628051758,2970000,6.860742807388306,36.84338272780053,-210.53213536289385,296,0.009231995,-297.2915376959343,3.9847302436828613,0.38205862045288086,2975.7445311546326,100,6.466091156005859
2.395587921142578,-122.93982576938218,0.022669474,-108.93671144036239,0.009585857391357422,2980000,7.203534841537476,36.71468911832017,-209.07695162716925,297,0.020135216,-285.0514326309136,4.197000980377197,0.3815042972564697,2982.9577507972717,100,6.8122498989105225
2.3761796951293945,-127.50635603901341,-0.0030712464,-110.46519316981572,0.012461662292480469,2990000,7.151373863220215,34.8658904084394,-215.45926480908452,298,-0.0035484466,-284.1209110730719,4.1649510860443115,0.3777925968170166,2990.118844270706,100,6.760907888412476
2.358179807662964,-121.74881007277234,0.0109391725,-79.3931465241744,0.008612394332885742,3000000,7.102083683013916,39.37913120501223,-206.2612543167574,299,-0.0015756714,-275.8388645715392,4.1314356327056885,0.38738083839416504,2997.2306542396545,100,6.705906867980957
