Time-Optimization,Time-Sampling,train-MinReturn,train-EnvExecTime,train-NumTrajs,ItrTime,LossBefore,train-MaxReturn,n_timesteps,Time-SampleProc,Time,train-AverageDiscountedReturn,train-PolicyExecTime,Itr,train-StdReturn,LossAfter,train-AverageReturn
0.633965253829956,11.319329738616943,-10.305394477030342,2.6237258911132812,100,12.081645488739014,-1.41893615e-05,9.619875932163223,10000,0.12412619590759277,12.081648826599121,0.24278304407516912,8.434108257293701,0,4.146907503187086,-0.007791292,-0.15181741474329966
0.362842321395874,20.46909213066101,-7.74258028233666,4.20740818977356,100,21.06690502166748,-1.419778e-05,17.90954677262282,20000,0.23416662216186523,33.1989963054657,1.9199408862057161,15.838383674621582,1,5.235808033545699,-0.0076479297,1.8767127023681267
0.24448490142822266,19.653485536575317,-7.823033227634314,4.224530935287476,100,20.011266231536865,-1.4207624e-05,27.358388294562168,30000,0.1126549243927002,53.21716499328613,8.293501335684054,15.007606506347656,2,8.360523155977203,-0.0071906378,11.933663862184222
0.3035314083099365,15.51346755027771,3.0868337210080883,3.3145463466644287,100,15.949748754501343,-1.4173579e-05,30.06204923504714,40000,0.13222813606262207,69.17350196838379,15.58214085365469,11.864562034606934,3,5.569700387639625,-0.0051308456,22.34108113436456
0.42373013496398926,17.9524929523468,7.800993466021079,3.5970242023468018,100,18.52548336982727,-1.4133787e-05,31.492590010215793,50000,0.1486368179321289,87.71025133132935,17.981504721137018,14.009430885314941,4,4.127762430049325,-0.004685256,24.90810006728779
0.37426209449768066,22.03957176208496,9.478284836235604,5.2160115242004395,100,22.59017252922058,-1.4088671e-05,32.5657281170705,60000,0.17277264595031738,110.31879901885986,19.070889829102224,16.356509685516357,5,3.5847246223940843,-0.0046952325,25.410691266705907
0.4357142448425293,24.20311164855957,7.7335151355639855,5.269836664199829,100,24.831175565719604,-1.4037077e-05,30.745737103910397,70000,0.1884446144104004,135.16595101356506,19.899921858437963,18.457648515701294,6,3.4554755397842123,-0.004605444,25.984857877693333
0.412273645401001,23.549323797225952,12.997799621563113,5.255602836608887,100,24.12749433517456,-1.3993489e-05,31.18203861047268,80000,0.1648237705230713,159.3094687461853,19.991939889869126,17.815526008605957,7,2.8771241847530886,-0.003524426,25.91154836248541
0.4551811218261719,22.48474383354187,11.06879399894724,5.193288803100586,100,23.02418875694275,-1.3948556e-05,31.801483140785884,90000,0.08311319351196289,182.34800338745117,21.010382565059473,16.80297064781189,8,3.03430441609911,-0.0043729995,26.746629643588324
0.4052734375,23.031217575073242,13.28629811612472,5.059537649154663,100,23.584848880767822,-1.3896322e-05,32.7861113529121,100000,0.1464383602142334,205.9500072002411,20.978536834196483,17.514607429504395,9,3.1352483989161084,-0.004342487,26.66822039127575
0.5502207279205322,23.141031742095947,9.969147075661319,5.294490575790405,100,23.82468056678772,-1.3855704e-05,32.58321129291242,110000,0.12984800338745117,229.7907009124756,21.488784790607298,17.389874696731567,10,3.138484357840012,-0.0049011167,27.06649560074587
0.5205550193786621,23.077810764312744,18.892522407283533,5.219102621078491,100,23.722665548324585,-1.3804343e-05,32.5377751665663,120000,0.12380385398864746,253.52534914016724,21.853762940937383,17.375306606292725,11,2.596391079335841,-0.0019696818,27.579139262204407
0.41840362548828125,24.194461345672607,14.110432907362304,5.339817762374878,100,24.7645320892334,-1.3763945e-05,31.44351820101589,130000,0.15035510063171387,278.30490708351135,21.85776213456829,18.36458945274353,12,2.6684312484563555,-0.0043970165,27.585092417525512
0.46522951126098633,22.25244140625,-2.882315819281437,5.144471168518066,100,22.84162473678589,-1.3725319e-05,31.86902311770151,140000,0.12299752235412598,301.16317892074585,22.334079341977766,16.649048566818237,13,3.7759625732766446,-0.0034221539,27.833365968547366
0.3738584518432617,23.63979196548462,17.738154119259352,5.374014854431152,100,24.15046191215515,-1.3666675e-05,32.45370149863139,150000,0.1356198787689209,325.3293583393097,22.702792866802753,17.796971559524536,14,2.405789540037095,-0.0030025502,28.27856279642087
0.45537710189819336,24.208551168441772,10.818959230668336,5.534191608428955,100,24.880290508270264,-1.3630469e-05,31.356638548782243,160000,0.1990041732788086,350.2268662452698,22.685058774704444,18.166826248168945,15,2.54780810058451,-0.003029994,28.267289156649802
0.42801570892333984,21.324169874191284,-9.285285218226791,5.201570272445679,100,21.976136445999146,-1.3605247e-05,32.54022791966485,170000,0.22313785552978516,372.2251923084259,22.4592120809873,15.661615371704102,16,4.555479157305965,-0.0025142217,27.953036643681592
0.39406919479370117,20.934143543243408,14.891109076818605,5.1222333908081055,100,21.511531352996826,-1.356224e-05,33.133671437295206,180000,0.1826317310333252,393.75369334220886,23.332654943961003,15.379432439804077,17,2.2106326119130815,-0.0030655023,29.07915149519516
0.4657621383666992,22.419484853744507,10.741546566997265,5.183871269226074,100,23.052955389022827,-1.3526993e-05,33.89349203753368,190000,0.16598272323608398,416.8248703479767,22.866129560342483,16.777435302734375,18,3.119900822867022,-0.00326525,28.542032914948294
0.38028478622436523,21.911789655685425,1.3560791576672162,5.311725854873657,100,22.445314645767212,-1.3473232e-05,33.880618351962866,200000,0.15233802795410156,439.28268480300903,23.151064547557848,16.119975090026855,19,3.6995733402931315,-0.003355206,28.887202819568614
0.39873671531677246,21.918792486190796,6.744630939450849,5.117105484008789,100,22.481489658355713,-1.3429709e-05,34.0945936968512,210000,0.16177725791931152,461.78376722335815,23.607531314034464,16.35680842399597,20,2.8763653280962513,-0.0035262092,29.24521428964464
0.5074331760406494,20.722129821777344,15.573731549840414,5.097289562225342,100,21.387885570526123,-1.3388099e-05,32.48277628350655,220000,0.15583467483520508,483.1842746734619,23.184262396402623,15.188038110733032,21,2.5848914993330876,-0.0028168918,28.975730232602867
0.4889185428619385,23.93701958656311,3.5768677122616896,5.332564830780029,100,24.59748649597168,-1.3339948e-05,33.08316077131506,230000,0.17037630081176758,507.8012776374817,23.33992459162047,18.094009399414062,22,3.185265079009641,-0.00433559,28.992082069589898
0.46101927757263184,21.502420663833618,25.579682302064445,5.205747127532959,100,22.16034698486328,-1.33051135e-05,33.03224126337391,240000,0.18670248985290527,529.975950717926,23.766649902097733,15.8400297164917,23,1.5073418091542141,-0.0016516721,29.67165399041544
0.5525076389312744,24.35214591026306,24.6863201175201,5.502241134643555,100,25.093159198760986,-1.3257334e-05,32.64842559890477,250000,0.18170690536499023,555.0858933925629,23.841924156128993,18.36382222175598,24,1.416289742455781,-0.0013103731,29.76714056263778
0.4686298370361328,23.72049617767334,26.020936652815504,5.234408855438232,100,24.423911571502686,-1.3209536e-05,33.04115524794575,260000,0.22295236587524414,579.5256042480469,23.900604265064224,17.969563722610474,25,1.5216387656386094,-0.0036697555,29.813674022293498
0.4904603958129883,24.577954530715942,25.83194177213748,5.253528356552124,100,25.240893363952637,-1.315963e-05,33.44476388375175,270000,0.16949868202209473,604.7860052585602,24.08282327854934,18.865214347839355,26,1.5286232425447557,-0.0028287088,30.076415028185824
0.38340020179748535,22.24656629562378,26.452897197315206,5.404555320739746,100,22.749964237213135,-1.3112068e-05,33.233819277864505,280000,0.1193397045135498,627.5485107898712,24.05679745823617,16.391835927963257,27,1.4918337232435175,-0.0047437977,30.102440240487393
0.4391360282897949,22.011047840118408,26.940614537548903,5.098341703414917,100,22.577718019485474,-1.3058934e-05,33.87750478717535,290000,0.12631487846374512,650.1441106796265,24.367872602533453,16.474941730499268,28,1.4133608168160012,-0.0030097694,30.413835989958105
0.44195008277893066,21.641276121139526,26.496939573769968,5.210253000259399,100,22.277291774749756,-1.3004205e-05,33.384757033920245,300000,0.1934206485748291,672.435932636261,24.342159127236286,15.99286150932312,29,1.4046886726385013,-0.0031027002,30.4448983752784
0.4059271812438965,21.50644016265869,27.176192385004867,5.10952615737915,100,21.983699798583984,-1.2977335e-05,33.943361656746575,310000,0.07022714614868164,694.4324595928192,24.460708224567753,15.95145845413208,30,1.5063975574424622,-0.0028004916,30.55042424784894
0.36200857162475586,22.746949195861816,27.50746297295502,5.379266977310181,100,23.251461505889893,-1.2943697e-05,34.629617662444204,320000,0.1409587860107422,717.6984105110168,24.674573560976356,16.92112922668457,31,1.568683764771535,-0.0021163807,30.82380843698572
0.4312450885772705,22.443463563919067,26.52766982748962,5.336477756500244,100,23.01395273208618,-1.290134e-05,33.954679256412895,330000,0.13501644134521484,740.7277688980103,24.586833983186906,16.639918565750122,32,1.4382020152104955,-0.003633306,30.785946198294745
0.4556879997253418,22.53373432159424,28.29265495102703,5.061040639877319,100,23.149967193603516,-1.2850073e-05,34.198774019189514,340000,0.15465879440307617,763.889767408371,24.930544784357707,17.009342670440674,33,1.3113613839758471,-0.005845918,31.14699471561722
0.4180927276611328,21.095969438552856,27.89203454106889,5.176660776138306,100,21.67398166656494,-1.2798436e-05,34.65122648251705,350000,0.159196138381958,785.5744893550873,24.83347688996857,15.476051092147827,34,1.4208523229365044,-0.0028016877,31.13278096853764
0.3744657039642334,21.16853165626526,27.412421081028192,5.15816068649292,100,21.738953590393066,-1.272944e-05,34.870565206463006,360000,0.18347954750061035,807.3332045078278,24.705447736856357,15.567821741104126,35,1.5388980665109122,-0.0020862261,31.004600005855814
0.40660738945007324,20.73104500770569,28.15571205125752,5.250139474868774,100,21.27814269065857,-1.2682578e-05,35.38533495664232,370000,0.1388530731201172,828.6273639202118,24.696649451545724,15.044006586074829,36,1.3907905907058782,-0.0039379913,31.03820416700825
0.5039973258972168,21.894815921783447,27.373163556238044,5.185444116592407,100,22.66055703163147,-1.2622823e-05,35.164711401532884,380000,0.2608039379119873,851.3031651973724,24.969126798907947,16.226804733276367,37,1.547615147353489,-0.0033157775,31.380787891951126
0.49076199531555176,22.32342791557312,28.317418932687126,5.3273866176605225,100,22.903815984725952,-1.257394e-05,35.16906077956152,390000,0.0883321762084961,874.2224750518799,25.148542878213302,16.544054985046387,38,1.5092636781137392,-0.0017829946,31.63324086914895
0.421893835067749,22.926496267318726,28.086528568974096,5.264855623245239,100,23.507708072662354,-1.2527943e-05,35.192403019350394,400000,0.15554356575012207,897.7459802627563,25.204163353329246,17.19086742401123,39,1.5722434282825475,-0.0046789497,31.743093263520546
0.4005699157714844,22.595005989074707,28.81957037083914,5.335824728012085,100,23.212779760360718,-1.2488716e-05,35.007118263294096,410000,0.21426177024841309,920.97687292099,25.345190743045304,16.799816370010376,40,1.442386624022216,-0.0012099461,31.946851063170143
0.45720434188842773,22.160554885864258,28.748330408935423,5.378407955169678,100,22.72213125228882,-1.244055e-05,35.96623374355626,420000,0.09463167190551758,943.7127592563629,25.33064288344383,16.31765627861023,41,1.422941116804216,-0.0044694804,31.974963243770894
0.470170259475708,21.580727577209473,28.679427813131017,5.194273948669434,100,22.266058444976807,-1.2390699e-05,35.57810917989755,430000,0.2138521671295166,965.9907782077789,25.578102916619354,15.930445432662964,42,1.3280303072282167,-0.004268792,32.23848816653753
0.4892148971557617,22.33678936958313,28.02146625090755,5.253696441650391,100,23.017840147018433,-1.23416285e-05,35.25650510022848,440000,0.1903669834136963,989.0237154960632,25.32034155769733,16.601966381072998,43,1.3530053610553257,-0.0010532046,32.04022883931089
0.41872406005859375,24.878984689712524,28.300258715953643,5.584373950958252,100,25.464292764663696,-1.2283096e-05,35.52465007611915,450000,0.16536760330200195,1014.5000929832458,25.72488001482202,18.78556251525879,44,1.614007777579804,-0.0023187655,32.51142139364941
0.5281531810760498,21.82194232940674,29.22427887173623,5.267239809036255,100,22.548408269882202,-1.2228281e-05,35.756932212767815,460000,0.19409537315368652,1037.0603058338165,25.64796944211695,16.106122255325317,45,1.4893311628375485,-0.002686675,32.47932607524219
0.5421872138977051,22.677852392196655,28.16564198768482,5.323021173477173,100,23.412216186523438,-1.2172611e-05,35.79788446840598,470000,0.1838226318359375,1060.497640132904,25.479179348356165,16.90894842147827,46,1.509275952015309,-0.0030563152,32.35474231438916
0.5315687656402588,22.929193019866943,29.057086040267922,5.298063039779663,100,23.6292507648468,-1.21144585e-05,35.80792708809353,480000,0.16529273986816406,1084.1519131660461,25.740774304497407,17.17116951942444,47,1.4800484621793648,-0.0027777432,32.64848884293422
0.44689464569091797,23.20734143257141,28.996112680831313,5.364219665527344,100,23.78893494606018,-1.2052202e-05,35.810980344154565,490000,0.12815165519714355,1107.9567034244537,25.68660167643701,17.375776290893555,48,1.5584606003223451,-0.0026517282,32.600592982631355
0.4351537227630615,23.134681940078735,28.593910408148773,5.456566572189331,100,23.755353450775146,-1.2014005e-05,36.26325423534515,500000,0.18315792083740234,1131.725757598877,25.98852816507367,17.202783346176147,49,1.4726437069013447,-0.0028093087,32.9817724761347
0.5091342926025391,23.03792667388916,29.166365528658154,5.403725624084473,100,23.654896020889282,-1.1972577e-05,35.74710985404089,510000,0.10675644874572754,1155.3935379981995,25.843627748127997,17.174396753311157,50,1.4165145697933297,-0.0032577263,32.85128748124304
0.38027143478393555,21.73855233192444,29.8245403260788,5.139203786849976,100,22.27792239189148,-1.1930061e-05,35.72392113057909,520000,0.15762543678283691,1177.685010433197,25.84256450705708,16.14025592803955,51,1.4680380760259404,-0.0018806368,32.8304692087118
0.37943363189697266,22.805349349975586,29.963063748484537,5.272390604019165,100,23.32925248146057,-1.1879552e-05,36.58931636561973,530000,0.14367246627807617,1201.024034500122,25.92100799473211,17.08315873146057,52,1.369813367679308,-0.00165139,32.92338434719542
0.41611170768737793,23.059342861175537,29.831156634991377,5.2982447147369385,100,23.62024974822998,-1.1825886e-05,37.13263346279266,540000,0.1425800323486328,1224.6567754745483,26.167661313721414,17.29178810119629,53,1.407151288374421,-0.0033454336,33.215565937574944
0.43811774253845215,22.83612060546875,29.86434787382627,5.319120645523071,100,23.357303380966187,-1.1793462e-05,36.76217468437275,550000,0.08217573165893555,1248.0291202068329,26.153677795283542,17.063212156295776,54,1.5206697567115386,-0.0022232085,33.26260960938247
0.3854537010192871,23.90152144432068,30.68404401352359,5.599206924438477,100,24.49719214439392,-1.1755252e-05,36.42256721132921,560000,0.20958542823791504,1272.5443766117096,26.053916420530594,17.806095123291016,55,1.2704920991397595,-0.0016069739,33.17073046622489
0.40978503227233887,21.84432816505432,30.377352108275957,5.1289448738098145,100,22.428988218307495,-1.1702776e-05,36.28991957562132,570000,0.17431402206420898,1294.9878342151642,26.036677680480544,16.234997749328613,56,1.3477915249341037,-0.0017491513,33.146185006919815
0.41938066482543945,21.640047550201416,30.297884078141724,5.1764233112335205,100,22.234269857406616,-1.1664672e-05,36.29437794324685,580000,0.17294645309448242,1317.235713005066,26.033345185994918,16.028342247009277,57,1.5046735625233278,-0.0016222266,33.17980506695791
0.4212329387664795,22.38818383216858,29.61774633029566,5.269542217254639,100,22.954609870910645,-1.1631288e-05,36.51562260308112,590000,0.14425897598266602,1340.2048678398132,26.199291513705226,16.670095443725586,58,1.4008455772459523,-0.0025012775,33.35287875219023
0.5264041423797607,21.46682047843933,30.94280343070679,5.343084096908569,100,22.094561100006104,-1.1582761e-05,36.37731877034817,600000,0.09971189498901367,1362.31609582901,26.297313632899144,15.671623229980469,59,1.324406631393434,-0.0017371526,33.50202507618974
0.5168688297271729,21.434528350830078,30.479042026274985,5.1208717823028564,100,22.17746114730835,-1.1533844e-05,36.91900597301856,610000,0.22541165351867676,1384.5041818618774,26.51958336418752,15.872148275375366,60,1.48856544092817,-0.0023980408,33.766091299776235
0.4072389602661133,21.736687421798706,29.756335680841833,5.3571937084198,100,22.301066637039185,-1.1487725e-05,37.206839489485425,620000,0.15645766258239746,1406.8178737163544,26.19492607492567,15.93768835067749,61,1.6191906520721322,-0.0021475374,33.45053607340921
0.41483092308044434,20.528526306152344,30.121351847484366,5.146806716918945,100,21.131733179092407,-1.1450619e-05,36.94563265215341,630000,0.1877272129058838,1427.964084148407,26.045586294943927,14.956599235534668,62,1.538556152110583,-0.0026820558,33.3168890915971
0.39644551277160645,21.577458143234253,29.444596852590234,5.0207812786102295,100,22.126749753952026,-1.1410096e-05,37.642922639831525,640000,0.1506361961364746,1450.1033098697662,26.152706083192637,16.10690665245056,63,1.5094217780605097,-0.0017257062,33.42522067220254
0.5646231174468994,22.348084449768066,29.431765279769447,5.242310523986816,100,23.144784212112427,-1.1358323e-05,37.653103172353745,650000,0.2312631607055664,1473.2638990879059,26.14904532940993,16.639680862426758,64,1.4911201454802299,-0.0030821823,33.42031552099311
0.4566464424133301,22.681788682937622,30.21137539047111,5.312849760055542,100,23.289899826049805,-1.1325699e-05,37.186782566168624,660000,0.1506483554840088,1496.5778379440308,26.202491461290975,16.8768367767334,65,1.5434982427542674,-0.0027514487,33.45575639932574
0.4673123359680176,20.59115958213806,29.904948527909905,5.211402177810669,100,21.188853979110718,-1.1286325e-05,36.720525891091114,670000,0.12416887283325195,1517.7811925411224,26.34460345726451,14.935770273208618,66,1.408063728449379,-0.00082187954,33.648678599855536
0.4302494525909424,22.775830268859863,29.723463150499455,5.297566175460815,100,23.465571880340576,-1.1248152e-05,36.85230366453703,680000,0.2567563056945801,1541.2593750953674,26.457980323460216,16.99882483482361,67,1.6772680182017679,-0.0017977831,33.75832675048685
0.48714780807495117,22.488300323486328,29.712763452887508,5.292893171310425,100,23.117048740386963,-1.1219811e-05,37.423670123610144,690000,0.1385953426361084,1564.393682718277,26.439300512099727,16.73568892478943,68,1.5887145948928625,-0.0022735891,33.7381973451659
0.4324193000793457,22.431931018829346,30.661980383581145,5.405071973800659,100,23.015807390213013,-1.1188204e-05,36.96370126350748,700000,0.15054702758789062,1587.4252665042877,26.502891029332186,16.57750916481018,69,1.4735552672317742,-0.0016940704,33.829182385201676
0.5323483943939209,22.777047157287598,29.8460641129865,5.417474031448364,100,23.458036422729492,-1.1161557e-05,36.819007008260314,710000,0.14763760566711426,1610.9028005599976,26.39946836523773,16.887869596481323,70,1.3508989702349268,-0.0029754152,33.72291510108923
0.4389824867248535,24.530214309692383,30.856177444009525,5.329131126403809,100,25.104949951171875,-1.1122234e-05,37.26760573490215,720000,0.13502788543701172,1636.041657924652,26.494300305108098,18.75266432762146,71,1.4244573853226545,0.003583116,33.838526360651635
0.4829695224761963,22.417486429214478,30.444943409269296,5.281047821044922,100,23.031256437301636,-1.109882e-05,37.88507436954911,730000,0.12546634674072266,1659.0936388969421,26.675541238035876,16.67897868156433,72,1.647456220128,-0.0011104532,34.078395561964555
0.4613816738128662,20.88276219367981,29.670694766892023,5.12148904800415,100,21.476969242095947,-1.105469e-05,36.88079748451858,740000,0.13016986846923828,1680.5826861858368,26.577741615696535,15.30878758430481,73,1.4643624176701648,-0.0010434444,33.96036449927463
0.4313509464263916,21.600079774856567,31.03032339242527,5.11816143989563,100,22.171883583068848,-1.1035445e-05,37.56705151482954,750000,0.13941526412963867,1702.7742443084717,26.595924678976882,16.041805028915405,74,1.5665188297956079,-0.0009097594,34.03764658126658
0.42099547386169434,23.086543083190918,30.683165959856797,5.456569194793701,100,23.697241067886353,-1.1000303e-05,36.69646163089391,760000,0.18805575370788574,1726.4927988052368,26.730258435910237,17.133960723876953,75,1.3749213925474741,-0.0014266098,34.16692611805805
0.47212767601013184,22.324993133544922,30.384736251445357,5.1806440353393555,100,22.9577534198761,-1.0966817e-05,36.77616870724823,770000,0.14692211151123047,1749.462866306305,26.52022675711565,16.69168972969055,76,1.449857976844829,-0.0017012527,33.94225845416704
0.4085104465484619,22.913960933685303,30.69738134032806,5.372835397720337,100,23.497112274169922,-1.0917162e-05,37.39525154076928,780000,0.16617274284362793,1772.9721415042877,26.63860453084102,17.06286931037903,77,1.5464633575399727,0.0019990678,34.06987649775315
0.44850921630859375,23.557435750961304,30.986070682765078,5.311787843704224,100,24.22109580039978,-1.0879027e-05,37.4504511892548,790000,0.21005940437316895,1797.2057602405548,26.58244733095512,17.77184748649597,78,1.3492249946203534,-2.0211348e-05,34.030908345523514
0.4059607982635498,22.652223825454712,29.66989094900244,5.180701971054077,100,23.208821773529053,-1.0861717e-05,37.320006422011424,800000,0.13250732421875,1820.4270632266998,26.609916049129023,16.994540214538574,79,1.6122780406024342,0.00980382,34.09515256373548
0.43923234939575195,23.86687731742859,30.17703627154,5.437870740890503,100,24.4494891166687,-1.0839964e-05,37.30580288309277,810000,0.142716646194458,1844.888524055481,26.65159054536822,17.96418023109436,80,1.5167225724578575,0.00018951054,34.10458215872053
0.41098999977111816,23.246578693389893,31.228655034580704,5.408134937286377,100,23.89525055885315,-1.0821336e-05,36.968506040818305,820000,0.234344482421875,1868.7970209121704,26.521498599239763,17.36594247817993,81,1.3557274629778513,-0.0015129171,34.05087821365104
0.4255983829498291,21.918323278427124,30.850285996705573,5.123624324798584,100,22.50314974784851,-1.07778305e-05,38.83406451786868,830000,0.15663957595825195,1891.3170955181122,26.80838954852191,16.283522129058838,82,1.5164764908265556,-0.0014402823,34.340435354856005
0.4666769504547119,21.98327398300171,30.697135236822557,5.299128532409668,100,22.656777143478394,-1.0736728e-05,37.741418098428106,840000,0.1929931640625,1913.9853348731995,26.781530398678516,16.208337545394897,83,1.5329883003870965,-0.0017088988,34.307217960986485
0.5278048515319824,22.875627517700195,30.762032684857484,5.224637031555176,100,23.62841296195984,-1.0699882e-05,37.10140987950161,850000,0.22233819961547852,1937.63085603714,26.566069246998964,17.18670344352722,84,1.4114126241928335,5.5813605e-05,34.07130934456147
0.5767796039581299,21.07891821861267,31.194761675465998,5.334192514419556,100,21.803985834121704,-1.0689821e-05,38.330831237021506,860000,0.14703893661499023,1959.4479970932007,26.719759501756595,15.270160675048828,85,1.5530909873103222,-0.0018484916,34.254465545075256
0.4083442687988281,21.982402324676514,30.63626280618066,5.223881721496582,100,22.55006241798401,-1.0651827e-05,37.73324677729642,870000,0.15816473960876465,1982.0154888629913,26.341819165188767,16.322519063949585,86,1.4321848996044286,0.0012345442,33.86628830716781
0.5447289943695068,21.31128239631653,30.188172611524276,5.1848509311676025,100,22.0136616230011,-1.0614249e-05,37.54693270869615,880000,0.1565570831298828,2004.0432059764862,26.75025760123647,15.685970544815063,87,1.5544821744783173,-0.0012983972,34.30585953070929
0.4257683753967285,22.20754051208496,31.29229466267489,5.269408464431763,100,22.783188581466675,-1.05836325e-05,38.55902567784164,890000,0.1491098403930664,2026.836226940155,26.890024566351652,16.506672382354736,88,1.6955252936486944,-0.0014103038,34.46202955235783
0.4040992259979248,23.495306491851807,29.98410451700451,5.34895920753479,100,24.128239631652832,-1.0549074e-05,38.1936658300866,900000,0.2252054214477539,2050.98281788826,26.660327130190026,17.66432023048401,89,1.6237822898116316,0.00093400694,34.232756329465644
0.41496968269348145,23.24814748764038,30.34061079013477,5.202513694763184,100,23.85724186897278,-1.0496268e-05,37.414784403042866,910000,0.17832541465759277,2074.8523077964783,26.903518248126986,17.602108478546143,90,1.4672060285672672,-0.0008505511,34.503088608946925
0.4092135429382324,24.369542598724365,30.935967891913016,5.365806818008423,100,24.944645166397095,-1.0463061e-05,38.154545024301505,920000,0.16484332084655762,2099.811101913452,26.875116812547027,18.525926113128662,91,1.5080545131420604,0.00054848474,34.45954661527822
0.4436497688293457,22.518508195877075,31.59191856546474,5.280062675476074,100,23.090347290039062,-1.0434739e-05,37.733884726425316,930000,0.1273491382598877,2122.9169676303864,26.926431471525913,16.775845766067505,92,1.4699387344595032,-0.0007745738,34.50742105840672
0.4828660488128662,24.031562089920044,30.579385362660865,5.306307554244995,100,24.66246509552002,-1.0393444e-05,36.85787843025579,940000,0.14734482765197754,2147.5914781093597,26.595382824857587,18.26857304573059,93,1.4830561334526657,-0.00157915,34.1496174202083
0.3905320167541504,21.460796356201172,31.75622832277299,5.139095067977905,100,22.00669264793396,-1.0353202e-05,38.79230296218632,950000,0.15442562103271484,2169.611092567444,27.123307300589317,15.866995334625244,94,1.4455260269358108,-0.002445338,34.72555563860189
0.5141842365264893,21.679697036743164,30.18894435599172,5.140342712402344,100,22.398521900177002,-1.0309839e-05,37.736154084486664,960000,0.20403838157653809,2192.0217547416687,26.794683094986173,16.084691047668457,95,1.5081760854008337,-0.0005906654,34.37352781455084
0.49680399894714355,20.959408044815063,31.61980842769869,5.095234632492065,100,21.601659059524536,-1.0274564e-05,37.80347311958592,970000,0.14480972290039062,2213.635187625885,26.99281606047594,15.430644750595093,96,1.248480012304857,-0.0006810339,34.579814512931776
0.44507837295532227,23.336959838867188,30.397077345719183,5.2376625537872314,100,23.93675136566162,-1.0233771e-05,38.45345173388258,980000,0.15363121032714844,2237.5956530570984,26.77114251908105,17.624006271362305,97,1.6522682476017931,-0.00056757824,34.38299062338393
0.3928253650665283,20.620132446289062,30.739489986691922,5.219051361083984,100,21.131405353546143,-1.0207671e-05,38.28261527480854,990000,0.11717605590820312,2258.759256839752,26.95555713280437,14.956188440322876,98,1.5179882894544443,-0.0019664352,34.59557420480039
0.36104726791381836,21.40530300140381,30.472877441798722,5.130180835723877,100,21.943925619125366,-1.0183299e-05,38.846452270352884,1000000,0.17698979377746582,2280.714127779007,27.00534966033339,15.84505844116211,99,1.54672055550327,-0.0010656986,34.65648625014071
0.4339590072631836,21.500080585479736,31.0208733038612,5.229283809661865,100,22.09085202217102,-1.0151329e-05,37.20631911680828,1010000,0.15594029426574707,2302.8186242580414,26.8299347106711,15.843148469924927,100,1.4179943767772036,-0.0019988527,34.47925267383946
0.3632678985595703,22.743232011795044,31.033326372299406,4.912508487701416,100,23.269474267959595,-1.0131794e-05,38.07138666615931,1020000,0.16233015060424805,2326.099860906601,26.788154832385143,17.401352405548096,101,1.4289824922341243,-0.00124938,34.430122347563
0.5457170009613037,20.832553148269653,30.900504711708802,5.059608459472656,100,21.587547779083252,-1.009294e-05,37.59594535046882,1030000,0.20163345336914062,2347.702416419983,26.63884489135004,15.335553169250488,102,1.560238709230078,-0.00086336164,34.253392673443244
0.5233643054962158,23.068454027175903,30.316784441758863,5.439563035964966,100,23.81530237197876,-1.0065524e-05,37.36196276880281,1040000,0.22115302085876465,2371.5359432697296,26.6964579750094,17.12958860397339,103,1.461373604762022,-0.00073269504,34.310489561219576
0.4626636505126953,20.39371967315674,31.156208783275645,4.942156791687012,100,21.014373540878296,-1.0020709e-05,38.156903876759785,1050000,0.1566143035888672,2392.5676074028015,26.8585877583973,15.02660059928894,104,1.5183431915400973,0.015933013,34.49557776909275
0.4838542938232422,22.81275725364685,30.747303726600716,5.341567516326904,100,23.58230996131897,-9.986837e-06,37.39212508963243,1060000,0.28346800804138184,2416.1651542186737,27.037085848880366,17.001397132873535,105,1.3511288615547477,0.017499825,34.723334019996656
0.3904554843902588,20.77000856399536,30.36314759862568,5.028361082077026,100,21.30809473991394,-9.962457e-06,38.21823145730336,1070000,0.1468040943145752,2437.4867267608643,26.65796603657819,15.311060905456543,106,1.52571585948884,0.015233604,34.28882149205766
0.3884727954864502,23.306766986846924,31.362237279306804,5.338662385940552,100,23.899426460266113,-9.935156e-06,37.73625039267386,1080000,0.1896820068359375,2461.4004135131836,26.783221179150974,17.493420839309692,107,1.3103442550321511,0.008907813,34.37900465613165
0.5355279445648193,20.929320573806763,30.112365702938355,5.143513202667236,100,21.649487733840942,-9.907796e-06,37.683862272278326,1090000,0.18215179443359375,2483.0640749931335,26.704226418258454,15.328006744384766,108,1.52553586607552,-0.0013589351,34.303085163389916
0.4502263069152832,20.911911010742188,31.202483060814078,5.091052055358887,100,21.531068563461304,-9.890831e-06,37.96356559160505,1100000,0.15441012382507324,2504.6161544322968,26.82934640233913,15.381706714630127,109,1.5760875568850978,0.00630896,34.39987235202845
0.43129587173461914,21.061920881271362,30.66359967634671,4.970292568206787,100,21.653658151626587,-9.854787e-06,37.79454340962185,1110000,0.15721583366394043,2526.2849791049957,26.699702443815344,15.65664291381836,110,1.494870640671831,-0.0018023645,34.23467519861195
0.4018235206604004,20.664973258972168,30.972009716164198,5.215250015258789,100,21.19100832939148,-9.845842e-06,37.94420219020182,1120000,0.1231234073638916,2547.493551969528,26.793271183193497,15.013204097747803,111,1.3672944303240706,-0.0018393203,34.31965770745929
0.3937258720397949,22.770661115646362,31.057852597124825,5.475595951080322,100,23.30856490135193,-9.829495e-06,37.83429500381294,1130000,0.14300751686096191,2570.818542957306,26.843508649069193,16.805742502212524,112,1.4571589478961486,-0.001833791,34.36333914336197
0.426006555557251,21.81377124786377,30.399569433616215,5.31771445274353,100,22.38724112510681,-9.782474e-06,37.47955481243679,1140000,0.14512062072753906,2593.2234201431274,26.772216571956207,16.043742895126343,113,1.6527084333018864,-0.0021814972,34.31835994901344
0.6266462802886963,20.274066925048828,30.41384631638042,4.960803031921387,100,21.084110736846924,-9.766325e-06,37.28490000332835,1150000,0.18226885795593262,2614.3259048461914,26.635418859955216,14.889802694320679,114,1.3602811744936774,-0.00080185704,34.1839667258611
0.3806002140045166,22.760051727294922,31.489946336318805,5.323572158813477,100,23.30646824836731,-9.737372e-06,37.09251571395043,1160000,0.16386032104492188,2637.645555973053,26.94724018518342,16.96821904182434,115,1.3367245658608131,-0.0014686798,34.533074619114835
0.3660109043121338,22.04120182991028,30.77587483723517,5.144692659378052,100,22.57580542564392,-9.704086e-06,38.05964079040788,1170000,0.16774320602416992,2660.233425617218,26.87411774668743,16.44840121269226,116,1.561688304393692,-0.0013514964,34.47389204008133
0.4382493495941162,20.465701818466187,31.31971727195994,5.072695970535278,100,21.082711935043335,-9.679129e-06,38.16461699360173,1180000,0.17745757102966309,2681.329230070114,26.974286159381073,14.93827748298645,117,1.577371486921443,0.000615566,34.59530096643887
0.4707980155944824,22.108760118484497,31.211444446641902,5.352212190628052,100,22.71325922012329,-9.6610365e-06,37.885818554526644,1190000,0.1328258514404297,2704.0520510673523,26.905666427864045,16.29356813430786,118,1.4456787454393758,-0.0016879323,34.54122469446914
0.43912315368652344,24.25369620323181,30.96261164224932,5.485150098800659,100,24.86026692390442,-9.638358e-06,38.35023414877764,1200000,0.16527986526489258,2728.92507147789,26.981487789822037,18.276466846466064,119,1.4479690689908256,0.0010203009,34.62409117817051
0.3980722427368164,23.909102201461792,31.117610008776737,5.279461860656738,100,24.463145971298218,-9.61831e-06,37.71657396546123,1210000,0.15459179878234863,2753.4046115875244,26.78509159422621,18.152651071548462,120,1.5658144320662792,-0.0021730042,34.40949317458157
0.4052278995513916,21.977222442626953,31.50725129054874,5.318181753158569,100,22.555522680282593,-9.577975e-06,38.15080853821964,1220000,0.17138266563415527,2775.9801518917084,26.77274112935131,16.212308168411255,121,1.4746438548975787,0.0020800354,34.38021369827016
0.3994007110595703,22.167500734329224,30.06895405178236,5.1417272090911865,100,22.787578582763672,-9.5656005e-06,37.629455459632005,1230000,0.2199254035949707,2798.7816138267517,26.803881452004052,16.542468547821045,122,1.484145824212718,0.017145667,34.46296611501399
0.4055352210998535,22.499728679656982,31.013949170208743,5.224899530410767,100,23.131163597106934,-9.538249e-06,38.49698717649486,1240000,0.22539019584655762,2821.9238431453705,26.733781991302898,16.7584228515625,123,1.506483052215669,0.01235431,34.409399575939496
0.5099878311157227,22.280407667160034,30.770509789198563,5.230473279953003,100,22.979559421539307,-9.524998e-06,38.502000264647435,1250000,0.18648600578308105,2844.920079946518,27.07896706842897,16.600305795669556,124,1.6074528462577435,0.0028241172,34.77123738417698
0.3817598819732666,23.35542321205139,31.493212887799007,5.4846086502075195,100,23.944868803024292,-9.511918e-06,37.92084664082556,1260000,0.20609617233276367,2868.882828474045,26.755470055464883,17.40197253227234,125,1.4641543375122485,-0.00069292664,34.432896577493246
0.48014330863952637,23.510725021362305,30.4686313052217,5.24742865562439,100,24.167938709259033,-9.49173e-06,38.40527287371938,1270000,0.17547369003295898,2893.0648686885834,26.777201598431052,17.789134979248047,126,1.4037097434923809,0.0017596416,34.46991175111625
0.492706298828125,21.742443323135376,30.951447166564833,5.228289842605591,100,22.466097116470337,-9.476088e-06,37.910690310269175,1280000,0.22427582740783691,2915.5468361377716,27.026552211432254,16.086958646774292,127,1.483849176215116,-0.0009975283,34.69198270047427
0.40305542945861816,22.236680030822754,31.05518203827543,5.329598903656006,100,22.792631149291992,-9.451058e-06,37.693855779900545,1290000,0.15223097801208496,2938.3549914360046,26.950858074991537,16.455058574676514,128,1.4708712942175632,0.012421953,34.627831734018464
0.4404323101043701,22.085267305374146,29.96812135753055,5.225449800491333,100,22.661733865737915,-9.434614e-06,37.589127055787216,1300000,0.13460731506347656,2961.0338158607483,26.557715557360634,16.42112708091736,129,1.4388118947680126,0.0084564155,34.22007755530593
0.5191373825073242,23.075950384140015,30.73487847305426,5.241865634918213,100,23.809195280075073,-9.421523e-06,38.31608474188,1310000,0.2137289047241211,2984.8542165756226,26.82213421881605,17.376203536987305,130,1.5449258669685577,-0.0014276828,34.484863381718554
0.407179594039917,22.77252435684204,30.43035838097459,5.369507312774658,100,23.32582712173462,-9.406756e-06,37.696561895206,1320000,0.14473652839660645,3008.2023437023163,26.698899441828758,16.955039024353027,131,1.4171953033319558,0.00021869318,34.41295022950446
0.5298924446105957,19.469103813171387,30.614071148709613,5.004807710647583,100,20.153908491134644,-9.380896e-06,37.55076998218775,1330000,0.15373849868774414,3028.3706142902374,26.7506905290938,14.037158727645874,132,1.4977779976386913,-0.0034584329,34.41195033775664
0.44665956497192383,23.007185459136963,30.27223649809126,5.280175447463989,100,23.58396625518799,-9.356111e-06,37.3098849121069,1340000,0.1289973258972168,3051.9679827690125,26.6187801248002,17.259108781814575,133,1.5727089172801,-0.0019094243,34.28629834640836
0.5654158592224121,24.521981716156006,31.37610438093657,5.463655948638916,100,25.213099479675293,-9.331878e-06,38.652798430792394,1350000,0.12331056594848633,3077.19584441185,26.857468471279027,18.617870569229126,134,1.6013927611600693,-0.0025751865,34.53515132186441
0.4910891056060791,22.807424068450928,30.6559299969223,5.4182188510894775,100,23.474514484405518,-9.322866e-06,38.20545300045784,1360000,0.17510581016540527,3100.6855249404907,26.864291407133784,16.908433437347412,135,1.634235380358704,-0.00034825836,34.5565644483506
0.43198680877685547,23.957607984542847,31.30613926695568,5.326941251754761,100,24.553739309310913,-9.277886e-06,38.292915719585295,1370000,0.16260981559753418,3125.2563927173615,26.823749730011183,18.17170739173889,136,1.4878619227240546,-0.0025606612,34.50674180165813
0.4770941734313965,22.452587604522705,31.06885078893984,5.201121091842651,100,23.080323457717896,-9.263667e-06,38.21725634492852,1380000,0.14942383766174316,3148.3550658226013,26.788037946372988,16.793057203292847,137,1.5692509937374202,-0.0028702111,34.45829398561708
0.47173070907592773,20.257275342941284,31.357533291745728,5.142531156539917,100,20.903826475143433,-9.223022e-06,38.19480809258772,1390000,0.17087292671203613,3169.2761328220367,26.983580490253885,14.666728019714355,138,1.4796160097013058,-0.0005664529,34.70285701957652
0.44680047035217285,22.85249924659729,31.09766827410662,5.270697355270386,100,23.41818857192993,-9.186461e-06,38.300943477455945,1400000,0.1174612045288086,3192.7070558071136,26.811051624441642,17.121834754943848,139,1.4393788888574446,-0.0016898424,34.51390632932642
0.4114034175872803,23.32887291908264,31.25325748693573,5.1434245109558105,100,23.880484342575073,-9.157013e-06,37.52495666345495,1410000,0.13770031929016113,3216.6002717018127,26.791561357155548,17.71789836883545,140,1.3421156148694975,-0.00063984684,34.47289429454434
0.47242307662963867,22.621592044830322,30.673297710779707,5.5235631465911865,100,23.24312424659729,-9.119852e-06,39.12936586489325,1420000,0.14549732208251953,3239.8612604141235,26.644492185706937,16.650815963745117,141,1.5725674152574638,-0.001211957,34.32035490774451
0.38562655448913574,21.439671993255615,31.39989010425907,5.318760871887207,100,21.981194257736206,-9.091502e-06,37.954461984008134,1430000,0.15520763397216797,3261.858203649521,26.945738264889037,15.626691102981567,142,1.4804220773581085,0.016944364,34.62990601575131
0.5302696228027344,21.383309841156006,30.300563630545096,5.2988340854644775,100,22.091442823410034,-9.051981e-06,38.95664837316271,1440000,0.1765122413635254,3283.9657139778137,26.928243259182285,15.590766429901123,143,1.6587995580405817,0.003776032,34.5987454751027
0.46370768547058105,21.805396556854248,31.796873240273563,5.295364141464233,100,22.397342681884766,-9.025885e-06,38.7990651182078,1450000,0.12693572044372559,3306.382444858551,26.945830095459968,16.064637899398804,144,1.4216118009956462,-0.001076067,34.62246453909436
0.46153926849365234,21.70771360397339,30.773153027761065,5.23158860206604,100,22.3003671169281,-8.98972e-06,38.521696063378485,1460000,0.13031435012817383,3328.697095155716,27.040695206479896,16.012973070144653,145,1.4972575314524836,0.004662991,34.72232576968029
0.44567108154296875,23.5551815032959,31.470255280373397,5.391722202301025,100,24.206779956817627,-8.983213e-06,37.99792456910998,1470000,0.20081710815429688,3352.926196336746,27.096080106722862,17.675132989883423,146,1.5446263503327202,-0.0016173741,34.788013191088424
0.43389129638671875,23.254228591918945,31.386112213767802,5.151339530944824,100,23.815858125686646,-8.973765e-06,37.821462465584354,1480000,0.1251537799835205,3376.7554881572723,27.003972325219607,17.668971300125122,147,1.5043728641432843,-0.002208733,34.697945483618156
0.4461827278137207,22.784289836883545,30.886410320240874,5.194051742553711,100,23.377811908721924,-8.947209e-06,39.04727822059175,1490000,0.1433115005493164,3400.147674560547,27.015076199280784,17.1284339427948,148,1.6135162175303264,-0.001336619,34.69573902185616
0.42960047721862793,21.605552911758423,29.8476606946328,5.2016825675964355,100,22.22546672821045,-8.909231e-06,37.72328843775009,1500000,0.18618178367614746,3422.3874547481537,26.759376682172903,15.95720887184143,149,1.6108921504207767,-0.0015834228,34.417983885686326
0.40728187561035156,22.707998275756836,31.618842106374895,5.243029832839966,100,23.277310609817505,-8.86662e-06,38.84253498809307,1510000,0.16059017181396484,3445.686475753784,26.98959257405984,16.990975379943848,150,1.497869688427848,-0.0009125927,34.683511933634
0.7029025554656982,21.75286293029785,30.780333030698944,5.359882116317749,100,22.685866594314575,-8.82437e-06,38.32323542941334,1520000,0.2288188934326172,3468.389402627945,26.788320589380874,15.928982734680176,151,1.5454745851810339,0.0005167498,34.469170220615375
0.4084956645965576,20.90263843536377,31.587920406973456,5.120163917541504,100,21.469449758529663,-8.79799e-06,37.7360669370386,1530000,0.15732574462890625,3489.8815569877625,26.872465443717378,15.326508045196533,152,1.5922912026451805,-0.00030609264,34.51135963467239
0.43068361282348633,23.087676286697388,31.260300302354917,5.153968334197998,100,23.69429850578308,-8.76004e-06,37.61053279004642,1540000,0.17366909980773926,3513.593326807022,26.792345399818114,17.475745916366577,153,1.4147216199784534,0.006333361,34.42315343774491
0.4716212749481201,21.51161289215088,31.418075577204558,5.1641929149627686,100,22.127654552459717,-8.72521e-06,39.19953731696218,1550000,0.14308643341064453,3535.732981443405,26.835415557771128,15.869621753692627,154,1.4363716325160238,0.0029327497,34.48101617592612
0.5002424716949463,22.159077405929565,30.146296961520903,5.19394063949585,100,22.79053807258606,-8.71379e-06,37.96972412733871,1560000,0.1277930736541748,3558.5357797145844,27.174108425221572,16.511703491210938,155,1.5909387680966696,0.0028241735,34.836201036142135
0.4067871570587158,23.30948495864868,31.126840596369615,5.2963480949401855,100,23.917795658111572,-8.677933e-06,38.66903204229015,1570000,0.2007143497467041,3582.4656941890717,27.0599608745931,17.555511951446533,156,1.5973256468902486,0.0031323186,34.729480549532184
0.5719294548034668,24.384560346603394,30.906968974401696,5.3698952198028564,100,25.135614156723022,-8.65296e-06,38.270920625205605,1580000,0.1754155158996582,3607.613252401352,26.955580211385083,18.553868293762207,157,1.4728434727474236,-0.0017276516,34.643746726100765
0.5235445499420166,22.281681776046753,30.259084328305544,5.156263589859009,100,23.00565767288208,-8.600614e-06,38.433046855289106,1590000,0.19988703727722168,3630.6307628154755,26.677841441346896,16.676820278167725,158,1.5623452452422093,0.008879815,34.324063152279514
0.5042853355407715,22.717390537261963,31.285778331501568,5.274000883102417,100,23.400620222091675,-8.5957e-06,37.46447622508388,1600000,0.16858148574829102,3654.0487344264984,26.912242353843745,16.93857455253601,159,1.3565648069093248,0.0031695159,34.568746763786635
0.45595765113830566,20.705775260925293,30.6059532828132,5.072116851806641,100,21.337779998779297,-8.565609e-06,37.51679503977406,1610000,0.1744985580444336,3675.3989791870117,26.75855127375702,15.191457509994507,160,1.4866657456952443,-0.0021912279,34.40908851450139
0.37744784355163574,22.582595825195312,30.287988992461372,5.341264963150024,100,23.19115900993347,-8.552575e-06,37.78843746249448,1620000,0.23015069961547852,3698.6077587604523,26.98614812965055,16.78474712371826,161,1.3246473441988662,-0.0024762684,34.675998841434186
0.41497135162353516,20.479483127593994,30.921985097078615,5.036988258361816,100,21.044260025024414,-8.533443e-06,37.46468515454807,1630000,0.14885973930358887,3719.6631150245667,27.044913423010318,15.016270875930786,162,1.4530339002333184,-0.0028698847,34.729752281069175
0.45633840560913086,21.699284076690674,30.027991204041474,5.26136040687561,100,22.29985761642456,-8.499311e-06,37.924166845227674,1640000,0.14286494255065918,3741.9795582294464,27.01611507722182,15.994424104690552,163,1.50145823853077,-0.0019503613,34.68363726604669
0.42652368545532227,20.206237316131592,30.854453872571153,5.0962395668029785,100,20.76220703125,-8.4922e-06,38.62738864499353,1650000,0.12549972534179688,3762.753385066986,27.222149876586354,14.669963836669922,164,1.4843349936545585,-0.00070784165,34.91701440171116
0.449188232421875,21.972506284713745,31.497811324535043,5.201308727264404,100,22.586596488952637,-8.479888e-06,38.13872995193159,1660000,0.1636052131652832,3785.3550386428833,27.072315808998837,16.31690526008606,165,1.5074285140535786,-0.0022104415,34.75320700439851
0.45614051818847656,23.633071899414062,30.566665993037937,5.208054304122925,100,24.278076648712158,-8.4743615e-06,38.44922097170992,1670000,0.18755745887756348,3809.648005962372,26.731425323188773,17.965110778808594,166,1.4832147800893816,-0.002465408,34.382461830059036
0.504361629486084,21.90530300140381,31.556056689928443,5.24370265007019,100,22.57118058204651,-8.458432e-06,38.088692268616285,1680000,0.1607954502105713,3832.2317225933075,27.087853141473726,16.18099093437195,167,1.461483270017705,-0.000106476946,34.779423095360464
0.4254143238067627,23.211243629455566,31.30193216348007,5.390094757080078,100,23.8657648563385,-8.445717e-06,38.11414256722244,1690000,0.22797393798828125,3856.119242668152,27.04077374762851,17.345736026763916,168,1.5284863724766862,-0.0016476394,34.697156195776685
0.479841947555542,25.17458724975586,31.446842647537974,5.656578779220581,100,25.822221279144287,-8.413286e-06,37.7842033741381,1700000,0.16532039642333984,3881.9576988220215,26.92440804021367,19.049692153930664,169,1.5171965050969145,-0.0016835725,34.61630774084133
0.42526984214782715,22.999653339385986,30.77301185431919,5.127841472625732,100,23.567014694213867,-8.382023e-06,38.81013806617676,1710000,0.1395864486694336,3905.5425431728363,27.05337267653033,17.38417625427246,170,1.5129691383776211,-0.0007045926,34.75455176334327
0.40872883796691895,22.12993097305298,31.656799383995583,5.455780506134033,100,22.781191110610962,-8.375248e-06,38.1856270571973,1720000,0.24136757850646973,3928.3438534736633,26.967102548341355,16.213191986083984,171,1.440552054551711,-0.0017215579,34.6454271655319
0.43462443351745605,21.465083837509155,30.89837666558924,5.201682806015015,100,22.098010778427124,-8.358699e-06,37.885617851285936,1730000,0.18698787689208984,3950.456287384033,26.858047356878405,15.810044765472412,172,1.5747211979452698,-0.0012741332,34.537574338174515
0.391765832901001,22.862928867340088,31.001749084878004,5.345791339874268,100,23.415789365768433,-8.31138e-06,37.82551468025179,1740000,0.15994548797607422,3973.888245344162,26.76383400928125,17.04446268081665,173,1.5326663662103954,-0.0010429331,34.42664059230734
0.41856884956359863,22.142115116119385,30.555590898226267,5.368186950683594,100,22.783956050872803,-8.313836e-06,38.60388258366714,1750000,0.21838855743408203,3996.6897151470184,27.058359210669096,16.327618837356567,174,1.5045182535474628,-0.0013745675,34.71768982627088
0.4972214698791504,20.644779443740845,30.906158338684364,5.001018524169922,100,21.406855821609497,-8.292188e-06,38.25796018600117,1760000,0.2635495662689209,4018.1129400730133,27.04717625384933,15.198456048965454,175,1.5927338753345361,0.006493349,34.73012605815106
0.38950562477111816,22.369608640670776,31.345537506268183,5.247324228286743,100,22.939956426620483,-8.270684e-06,38.04962870624421,1770000,0.176893949508667,4041.0659170150757,26.922093556061586,16.67866325378418,176,1.548505733022745,0.003295995,34.60224141086912
0.4319450855255127,20.420557022094727,31.74655928904628,5.122093439102173,100,20.994739532470703,-8.241448e-06,38.1893324340387,1780000,0.13990092277526855,4062.080290079117,26.767692846248643,14.877942562103271,177,1.4569338370409288,0.00011052482,34.47032036429777
0.41067957878112793,22.925645112991333,31.472225277812036,5.326574087142944,100,23.416986227035522,-8.219454e-06,38.14621166335815,1790000,0.07944178581237793,4085.513447523117,27.315930735127328,17.144588232040405,178,1.4467748973741223,0.0015528619,35.01026942701509
0.4198648929595947,20.349777698516846,31.760508377777246,5.101457595825195,100,20.965845346450806,-8.193474e-06,38.76189577895892,1800000,0.19462347030639648,4106.497574329376,26.829993714839024,14.806502342224121,179,1.4408990494147305,-0.001097958,34.47631480752816
0.5028791427612305,24.356223106384277,31.012790500916015,5.54745626449585,100,25.01906967163086,-8.1923845e-06,38.02249982771131,1810000,0.15906858444213867,4131.528113365173,27.100265012694972,18.315245389938354,180,1.415811710680996,0.00041834143,34.76122839712693
0.4923558235168457,20.39560890197754,31.251063945973286,5.010878562927246,100,21.032613515853882,-8.158889e-06,37.36689397163078,1820000,0.14288854598999023,4152.578424453735,26.69607574509907,14.951168060302734,181,1.4013087311484036,0.0009274854,34.337134192783736
0.3974926471710205,22.981064081192017,30.61943742058744,5.187855958938599,100,23.523529529571533,-8.156622e-06,38.07152414252741,1830000,0.142256498336792,4176.115514039993,26.81380411493324,17.328343629837036,182,1.5969181206979632,0.00040632763,34.44126137758567
0.5169699192047119,23.6308114528656,31.058191925212412,5.335254430770874,100,24.418018102645874,-8.129885e-06,38.19092007415749,1840000,0.2681248188018799,4200.548623561859,26.93415641445406,17.822793006896973,183,1.4175626733883075,0.003804233,34.572600871013535
0.39406585693359375,24.70784640312195,31.51021322526339,5.518648862838745,100,25.315866231918335,-8.111044e-06,38.25430287187029,1850000,0.21155977249145508,4225.878253698349,26.941702330994712,18.715238332748413,184,1.4563367248548724,-0.0017228778,34.5911191740552
0.47615671157836914,23.361279249191284,31.7587727278598,5.352280616760254,100,23.961536645889282,-8.095486e-06,38.474142701383144,1860000,0.12336111068725586,4249.856253147125,26.915112029339593,17.54600477218628,185,1.569490768646233,0.004803428,34.54893666542964
0.42359137535095215,22.898425817489624,30.774270228311206,5.345459699630737,100,23.477187395095825,-8.080145e-06,38.44783624799579,1870000,0.15426397323608398,4273.349502563477,26.955749176500575,17.10554552078247,186,1.4208238440400511,0.00893644,34.594251685024794
0.43710994720458984,23.37001395225525,31.004903096774466,5.324174165725708,100,23.94929075241089,-8.064295e-06,37.46682849470515,1880000,0.14074325561523438,4297.314925909042,26.711583746289286,17.55250096321106,187,1.4343543112652273,-0.0022294533,34.289535544936086
0.4346315860748291,21.21556830406189,31.260540862078052,5.29422402381897,100,21.801352739334106,-8.055887e-06,38.36735690337226,1890000,0.14762091636657715,4319.1286635398865,26.814721363339444,15.468584775924683,188,1.4851509099395437,0.0056617185,34.41909468301334
0.42021751403808594,22.753467321395874,31.462000583974437,5.247056722640991,100,23.322768211364746,-8.0369855e-06,38.544780391295205,1900000,0.14772725105285645,4342.468133687973,26.942363868104437,17.014668703079224,189,1.4473120830537547,0.0017509332,34.545135860347074
0.49733805656433105,21.91639471054077,30.862259863987198,5.242444276809692,100,22.617084980010986,-8.01975e-06,38.25619071378978,1910000,0.20060324668884277,4365.102212429047,26.656948227036125,16.205387353897095,190,1.6191223560845043,0.001917233,34.23497591094552
0.4325859546661377,20.957554578781128,30.62421129108995,5.37491250038147,100,21.615286588668823,-8.017144e-06,38.874714590171,1920000,0.2035505771636963,4386.733641386032,26.79716107683951,15.13591742515564,191,1.525308378186666,0.00082166836,34.38545245494568
0.48094916343688965,22.783165454864502,29.840601450979143,5.279068470001221,100,23.410142183303833,-8.011715e-06,39.1588249451022,1930000,0.14272212982177734,4410.163529157639,27.085669342968444,17.04892897605896,192,1.7143032986921103,-0.0022769475,34.71327835355302
0.47858738899230957,22.26570224761963,30.40003395254024,5.227515697479248,100,22.97400164604187,-7.970475e-06,38.04386873005774,1940000,0.20228290557861328,4433.157774448395,27.040148453184152,16.59989094734192,193,1.542165899902843,-0.001791735,34.63216937301808
0.4468040466308594,21.736287355422974,30.760994633783987,5.356373310089111,100,22.367036819458008,-7.938671e-06,38.87514817662503,1950000,0.18004417419433594,4455.539689779282,26.842193367585086,15.923360109329224,194,1.4901774692030916,-0.0016505301,34.428594273339776
0.44913792610168457,21.748204946517944,31.910330534618787,5.1694581508636475,100,22.334304094314575,-7.894554e-06,38.28874914872045,1960000,0.13524484634399414,4477.889256477356,27.104826432277637,16.126671075820923,195,1.3836380422744503,-0.00086857326,34.73383087278755
0.5196082592010498,23.545745849609375,30.90367279092512,5.385579347610474,100,24.28508448600769,-7.854395e-06,38.84730181199188,1970000,0.21903395652770996,4502.190336942673,27.00245934538868,17.687135457992554,196,1.6841532526971628,0.0019374632,34.60210848113431
0.49790263175964355,22.51806116104126,31.033091742830802,5.397576093673706,100,23.187777757644653,-7.848375e-06,38.04661695887585,1980000,0.1689910888671875,4525.38937664032,27.101997237667362,16.63996648788452,197,1.6539459372430907,0.000640124,34.70283251406651
0.47194933891296387,23.044353008270264,31.353933189795764,5.225620985031128,100,23.674355268478394,-7.832207e-06,38.181461432793895,1990000,0.15707015991210938,4549.075639247894,26.61879474170891,17.37167716026306,198,1.4472242648915112,-0.0030941544,34.23199508957215
0.41676902770996094,24.582446098327637,31.989998737513755,5.580730438232422,100,25.185656785964966,-7.813984e-06,38.75867456605528,2000000,0.18575572967529297,4574.275614261627,27.04274716937725,18.525212287902832,199,1.4472871117595896,-0.0009877947,34.670586943923944
0.44565343856811523,22.755399465560913,30.121308092719772,5.355999708175659,100,23.3479425907135,-7.805114e-06,38.20501040168568,2010000,0.14165949821472168,4597.641191959381,26.945041095425296,16.943130016326904,200,1.5684786221079636,-0.0012492262,34.57987005087458
0.4239029884338379,24.159152030944824,31.74857596270229,5.44284987449646,100,24.735740661621094,-7.7655395e-06,39.00009717569133,2020000,0.15205144882202148,4622.389678955078,27.035413904471614,18.25812792778015,201,1.6965106672109935,-0.000979012,34.65639188356731
0.40604209899902344,23.01136064529419,30.20663352554206,5.545871257781982,100,23.580336570739746,-7.770222e-06,38.98708849776642,2030000,0.16234397888183594,4645.985835075378,26.93860955256459,16.994590044021606,202,1.5679594107132937,0.00046460156,34.54783715067212
0.43157267570495605,23.34395122528076,30.424751794238727,5.601953029632568,100,23.919907331466675,-7.717468e-06,38.55112269293437,2040000,0.14174127578735352,4669.921341657639,27.153630177183835,17.263625621795654,203,1.6451334639674642,-0.0011417776,34.77818363056122
0.6207301616668701,23.901662588119507,31.00907517015202,5.376640558242798,100,24.693086862564087,-7.720733e-06,37.885815355308424,2050000,0.16790151596069336,4694.63004899025,26.88327552399411,18.044371128082275,204,1.3814111934772473,1.6490263e-05,34.51854422350469
0.43454670906066895,21.991319179534912,30.183402780640282,5.421172142028809,100,22.618555307388306,-7.696253e-06,38.97092987241025,2060000,0.18462467193603516,4717.26598405838,27.178194512653707,16.1117582321167,205,1.6083868070177996,-0.0007516812,34.82442475000553
0.45470643043518066,24.29901671409607,31.183102369638124,5.401304244995117,100,25.011701107025146,-7.672603e-06,38.39135293168149,2070000,0.251389741897583,4742.289197921753,27.12692872422896,18.393420696258545,206,1.5658706920524144,-0.00022415484,34.80238042975106
0.4806971549987793,23.481366634368896,30.824164973095804,5.468117713928223,100,24.1489577293396,-7.63281e-06,38.38305170592846,2080000,0.1862335205078125,4766.483751535416,26.999630249267952,17.526465892791748,207,1.5792391071832415,0.0029914759,34.67072987500703
0.444713830947876,21.889840602874756,30.70327154971524,5.332741022109985,100,22.492217302322388,-7.635758e-06,38.91404731565068,2090000,0.15625858306884766,4788.992930650711,27.098316092704916,16.08651089668274,208,1.725722877007741,-0.0013202095,34.75057496882895
0.4709432125091553,24.839064836502075,31.004596836667766,5.761502742767334,100,25.53040909767151,-7.633727e-06,38.09254804563766,2100000,0.21471738815307617,4814.539212226868,27.28993492486651,18.588134050369263,209,1.4709419696304433,-0.00063117826,34.96140920610274
0.492966890335083,23.36518621444702,30.881527645099236,5.59050178527832,100,24.039385557174683,-7.617584e-06,38.6680879789668,2110000,0.17868924140930176,4838.603721141815,26.88396071143971,17.23261547088623,210,1.5903101658637395,-0.0016888619,34.5661861855998
0.41245055198669434,22.285155296325684,31.035087078282764,5.429820775985718,100,22.860034942626953,-7.598601e-06,38.65863434839132,2120000,0.15892910957336426,4861.480496168137,26.911956627544967,16.387216567993164,211,1.8124380040661743,-0.00109924,34.583170987256565
0.4360787868499756,23.1449716091156,31.50506698113163,5.433462142944336,100,23.74610471725464,-7.587784e-06,39.16455687890706,2130000,0.1645498275756836,4885.238961458206,27.081552994867803,17.21825623512268,212,1.5282851617177673,9.1118265e-05,34.76970212403794
0.5385010242462158,24.14985680580139,31.91810209302696,5.4776740074157715,100,24.887993574142456,-7.5698576e-06,39.47747795485535,2140000,0.1963205337524414,4910.1452651023865,27.016002925230072,18.195124864578247,213,1.4094703467495673,0.0004955841,34.69534196078306
0.48287487030029297,24.918318271636963,31.580351893728565,5.8740394115448,100,25.55825901031494,-7.5465896e-06,37.67463350931602,2150000,0.15628409385681152,4935.718098640442,27.078406113954646,18.55466604232788,214,1.4565000888995145,0.0007093202,34.77091736290745
0.38436126708984375,24.314133167266846,30.819443068362684,5.582947731018066,100,24.853108406066895,-7.5514563e-06,38.07761505280691,2160000,0.15361738204956055,4960.585933923721,27.170967171722285,18.221959590911865,215,1.7103574298893642,0.002365658,34.902034309112786
0.5442967414855957,23.06816339492798,31.67410875227268,5.438755750656128,100,23.769452333450317,-7.5405746e-06,38.43532905390341,2170000,0.15545654296875,4984.3713121414185,26.909600772986927,17.15781545639038,216,1.5050876465059437,0.0062720375,34.632810129143024
0.4356729984283447,23.91011071205139,31.112259922260524,5.397294998168945,100,24.53691339492798,-7.529108e-06,38.608385062525365,2180000,0.1891324520111084,5008.925354719162,27.193287449806903,18.03455090522766,217,1.5887546276474822,0.0012626328,34.93492275989449
0.41431260108947754,21.72101378440857,30.803309941200133,5.346351385116577,100,22.282245874404907,-7.535566e-06,38.44168432711544,2190000,0.14614081382751465,5031.222223043442,26.967282558206357,15.893316268920898,218,1.4813421180629134,0.00011688972,34.67029813960466
0.48096704483032227,23.360068798065186,31.680080215720356,5.503170013427734,100,24.02990698814392,-7.5010657e-06,38.725447191615096,2200000,0.18355560302734375,5055.278777122498,27.24397768095176,17.393500089645386,219,1.4156892969761,0.0001741215,34.96360639425709
0.475266695022583,22.718317985534668,31.346274216861136,5.2483069896698,100,23.379626750946045,-7.482892e-06,38.45694087182637,2210000,0.18123936653137207,5078.674790382385,27.17416959642811,17.028965950012207,220,1.3567636751869778,-0.0011024346,34.89477747854196
0.38494348526000977,22.994058847427368,31.408855466904946,5.472772598266602,100,23.524966716766357,-7.4747263e-06,38.585416746702286,2220000,0.14440679550170898,5102.215300321579,27.07932727527735,17.05354404449463,221,1.402599341968138,0.0018658589,34.79346630553189
0.44127464294433594,24.479822874069214,31.163795231074765,5.427142143249512,100,25.042031288146973,-7.4641143e-06,38.09458021647385,2230000,0.11757302284240723,5127.273084402084,26.889863699873196,18.56593656539917,222,1.5323705599330868,0.0004002161,34.614411562422355
0.42490553855895996,22.807698249816895,31.404711255157334,5.5097339153289795,100,23.39728569984436,-7.4564036e-06,38.876831885393344,2240000,0.16266536712646484,5150.688612699509,26.956295578270396,16.833839178085327,223,1.5079759907061436,0.0056325938,34.71058609239498
0.4207608699798584,21.482481002807617,30.786225137045516,5.3373682498931885,100,22.09743332862854,-7.429697e-06,38.100067222515726,2250000,0.1905226707458496,5172.801367282867,27.146989051408877,15.668749809265137,224,1.6019448626149912,0.0033154204,34.93896211475187
0.5009679794311523,23.47642469406128,31.652718880902906,5.551851511001587,100,24.141902446746826,-7.410244e-06,38.20740649857303,2260000,0.16382622718811035,5196.955335140228,27.24131293880065,17.460116386413574,225,1.6327159069911297,-0.00074839103,35.01712571089637
0.5951328277587891,23.186611890792847,31.45062608021117,5.45840048789978,100,23.981553554534912,-7.394832e-06,38.308616723213596,2270000,0.19611477851867676,5220.95933508873,27.003362033311383,17.22615671157837,226,1.4512831061372342,-0.0031476612,34.75553961590822
0.5483682155609131,23.813045024871826,31.16603739593014,5.572100639343262,100,24.516119718551636,-7.4014174e-06,38.68482983337075,2280000,0.1457672119140625,5245.485595941544,27.08168688099629,17.741662979125977,227,1.5337822882206142,0.0045078793,34.871552271860324
0.4449582099914551,23.794050693511963,31.74879069598058,5.50860071182251,100,24.37055468559265,-7.3916453e-06,38.0104718171842,2290000,0.12697291374206543,5269.8757219314575,26.949317530386043,17.798327445983887,228,1.3229456601810827,-0.00106093,34.70117594459544
0.5208053588867188,22.025800704956055,31.037089367503064,5.296405553817749,100,22.81249237060547,-7.385719e-06,38.467043301875634,2300000,0.26528072357177734,5292.69938826561,27.00187912673493,16.26940369606018,229,1.667402147498081,0.0035351377,34.72589396601059
0.43771934509277344,23.05111312866211,30.66280114878561,5.39672327041626,100,23.64339566230774,-7.3622914e-06,38.22941065443665,2310000,0.15404319763183594,5316.365760564804,27.1160901333833,17.18430805206299,230,1.7241803505370754,0.0059084864,34.83096578835733
0.4317934513092041,23.20576548576355,30.227252086730942,5.5915913581848145,100,23.81487011909485,-7.372385e-06,37.9336351466007,2320000,0.1756119728088379,5340.198007583618,26.84543718082417,17.149677515029907,231,1.7327333932827242,0.0034391975,34.54504202874608
0.463240385055542,24.173360347747803,30.7518074539945,5.456614017486572,100,24.765692472457886,-7.353208e-06,39.16068937697688,2330000,0.12566614151000977,5364.977633237839,26.974132227959,18.232738494873047,232,1.5769780682649255,0.0019368434,34.68681709154629
0.4424726963043213,23.78879714012146,31.741778283478723,5.6950976848602295,100,24.40609073638916,-7.3540386e-06,37.582077374740365,2340000,0.17384862899780273,5389.398459196091,27.061699467369166,17.600051164627075,233,1.3789485612965762,0.005637764,34.76558161610617
0.4900498390197754,22.641969919204712,31.086763459192884,5.467455148696899,100,23.285420894622803,-7.336977e-06,38.2691288499842,2350000,0.15213680267333984,5412.699809551239,27.031170731639612,16.711577892303467,234,1.4547740210948583,-0.0007729119,34.71468397721515
0.44182658195495605,22.707298040390015,31.094438688844257,5.67608118057251,100,23.299625873565674,-7.3154497e-06,38.49404185715109,2360000,0.14923787117004395,5436.020279169083,26.977353200463828,16.553670644760132,235,1.5297658449018114,0.00022313617,34.63734467742851
0.4558603763580322,21.62669086456299,31.610098553780837,5.374681234359741,100,22.308379650115967,-7.3089245e-06,38.426112356210446,2370000,0.22527050971984863,5458.343957424164,27.05153340507429,15.787192344665527,236,1.4392728989151349,0.0006790596,34.69220090557819
0.4452362060546875,23.714517831802368,30.727067336763202,5.585378408432007,100,24.325042724609375,-7.295612e-06,38.12253252278136,2380000,0.1645796298980713,5482.684547185898,26.984777944425492,17.662915468215942,237,1.5097267915660388,-0.0014710417,34.65850763107445
0.40999388694763184,23.842724323272705,31.74148415832501,5.470392227172852,100,24.39464259147644,-7.2450957e-06,37.60867628700579,2390000,0.14081406593322754,5507.094364643097,27.10721745165504,17.887398719787598,238,1.342416554766217,-0.00045477317,34.73103457271878
0.4965806007385254,23.004274129867554,30.0373575063341,5.608078718185425,100,23.673155546188354,-7.2130606e-06,37.78394857728613,2400000,0.17106008529663086,5530.787105083466,26.790360011128058,16.910706996917725,239,1.6489401224401006,-0.0022623597,34.41153145973345
0.480027437210083,23.130088567733765,31.126694578288564,5.58126425743103,100,23.775030612945557,-7.1899885e-06,37.67969326996267,2410000,0.16402745246887207,5554.581225156784,27.053256256764115,17.07440710067749,240,1.4252523411997895,-3.8923263e-05,34.673628095964496
0.5269196033477783,23.552025318145752,31.414383033019682,5.579201936721802,100,24.2463219165802,-7.1727736e-06,38.03323297794323,2420000,0.16604232788085938,5578.848163604736,27.148069464153867,17.481167554855347,241,1.468678534339885,-0.0005348366,34.77974102050942
0.3739964962005615,22.174638032913208,31.248402989359505,5.462168216705322,100,22.709869861602783,-7.155274e-06,37.95681907613605,2430000,0.15909266471862793,5601.579823970795,27.077820699780542,16.24554753303528,242,1.4959813654591425,0.0024474075,34.72191512504828
0.4552631378173828,23.89309048652649,30.936128512603872,5.59308934211731,100,24.48072338104248,-7.1528725e-06,37.61379384800023,2440000,0.13091397285461426,5626.076991081238,26.80869779464776,17.82624864578247,243,1.640344962496931,-0.00026165735,34.47111622930439
0.5134570598602295,25.77597451210022,30.786559545102925,5.58504843711853,100,26.459891080856323,-7.1529635e-06,38.284291873602776,2450000,0.16810965538024902,5652.55517411232,26.899311631797797,19.674210786819458,244,1.4734949455427881,0.0013603122,34.567862694726614
0.4026212692260742,22.375157356262207,31.36024031376021,5.572566032409668,100,22.904428958892822,-7.141477e-06,37.800847473708316,2460000,0.12566542625427246,5675.472772836685,26.88851982577637,16.329951524734497,245,1.4711973669290155,0.00038344445,34.55664970982854
0.39864563941955566,23.045817613601685,31.052031387172345,5.606613397598267,100,23.573545932769775,-7.1294126e-06,38.81252859566778,2470000,0.12816739082336426,5699.0581476688385,27.184404818521116,16.904319763183594,246,1.6045578086168297,-0.00058905117,34.849185109975615
0.3814582824707031,23.190810203552246,31.398535246917124,5.375323534011841,100,23.782140731811523,-7.0988667e-06,38.42742387784146,2480000,0.1956193447113037,5722.859390735626,26.82345210493595,17.340912103652954,247,1.540167247711456,-0.0022979688,34.48562084637614
0.47536563873291016,21.077059030532837,31.933142816391054,5.292321443557739,100,21.747716188430786,-7.0591423e-06,38.80049120783472,2490000,0.18952012062072754,5744.621395587921,27.141740544976045,15.348382711410522,248,1.477358698472962,-0.0011840789,34.836221750736804
0.4126291275024414,22.13448405265808,30.565175547078184,5.461758613586426,100,22.742850065231323,-7.054412e-06,38.07142608092888,2500000,0.19524669647216797,5767.377794504166,26.97961588627347,16.18713140487671,249,1.4720607827324708,-0.0009585969,34.70282393946669
0.4947042465209961,23.59707546234131,30.938700945287316,5.62237286567688,100,24.272216081619263,-7.014353e-06,37.52265236546949,2510000,0.17823529243469238,5791.664026975632,27.111815774452584,17.500317335128784,250,1.442239741208427,-0.00018827138,34.86371448474216
0.39113879203796387,23.69277548789978,31.53946448714181,5.448416709899902,100,24.252796173095703,-6.9918215e-06,38.47860908740548,2520000,0.16529345512390137,5815.933301687241,27.04470233824295,17.791295051574707,251,1.464586941823056,-0.0014312335,34.784600194453226
0.4939765930175781,23.04580807685852,31.363747263373792,5.5561864376068115,100,23.75174307823181,-6.9536363e-06,38.01836900260717,2530000,0.21069645881652832,5839.701506614685,27.000447565391454,17.03602933883667,252,1.4709702631780086,-0.0021244842,34.71584828707035
0.42665696144104004,22.219242572784424,31.059298405251457,5.397035598754883,100,22.820538997650146,-6.917852e-06,39.10108504860593,2540000,0.1738605499267578,5862.534312009811,27.101362848837688,16.367902994155884,253,1.5817760093946842,-0.002065637,34.83844498170953
0.38932371139526367,24.025768041610718,30.899639519731615,5.527668237686157,100,24.60374426841736,-6.906574e-06,38.970057370360614,2550000,0.18396854400634766,5887.153925418854,27.053853676943714,18.018733501434326,254,1.4613603730790545,0.0019475138,34.78762778635373
0.3814735412597656,23.335248470306396,31.51082797618504,5.404327869415283,100,23.94027590751648,-6.8574896e-06,39.54000430634694,2560000,0.2192397117614746,5911.110115289688,27.300484815349684,17.444674491882324,255,1.524881591582268,-0.00023980354,35.04361106123838
0.43042802810668945,22.722657442092896,31.322014843358083,5.406922340393066,100,23.275693655014038,-6.831592e-06,37.82095278880964,2570000,0.12169241905212402,5934.401840209961,27.011697048392683,16.852783203125,256,1.5169920716124208,-0.00012240239,34.76464200727847
0.49699997901916504,21.09264850616455,31.386180749356328,5.064063310623169,100,21.773018836975098,-6.8025724e-06,37.99488214446474,2580000,0.1809842586517334,5956.187043190002,27.203280670850702,15.588326454162598,257,1.4853340830723079,-0.00048260664,34.96571397233973
0.3948533535003662,22.54275345802307,31.50180642158998,5.319025039672852,100,23.06752109527588,-6.7918404e-06,38.6781772047889,2590000,0.1286306381225586,5979.286082267761,27.320351095170466,16.751887559890747,258,1.4878717877087455,0.024761513,35.05537201962388
0.37729454040527344,23.38864231109619,32.264291003922004,5.51618766784668,100,23.906410932540894,-6.783539e-06,39.005939214437994,2600000,0.1396784782409668,6003.203347206116,27.173792585453754,17.36608076095581,259,1.5084509441437803,0.035545282,34.93684371670825
0.41405677795410156,22.99786067008972,30.85689820437485,5.292176246643066,100,23.560285806655884,-6.7592478e-06,38.93213898694528,2610000,0.1462399959564209,6026.778450489044,27.090718846947958,17.2462215423584,260,1.5596281358138173,0.03067158,34.88551492461229
0.46611714363098145,22.722307682037354,31.161814437795353,5.36512565612793,100,23.3765766620636,-6.760474e-06,38.990379384970204,2620000,0.17217040061950684,6050.1775596141815,27.133127696033558,16.872756481170654,261,1.6699652600804398,0.004461922,34.98471831645264
0.5048518180847168,23.067777633666992,31.655755278878626,5.2534873485565186,100,23.784786224365234,-6.7748374e-06,38.3702239393005,2630000,0.20560932159423828,6073.974782705307,27.258942237755104,17.35295343399048,262,1.5576632244536064,-0.0011164048,35.09847193132444
0.4062967300415039,21.842994689941406,31.44145816014757,5.12805700302124,100,22.44569969177246,-6.7597307e-06,38.89166557211702,2640000,0.19483423233032227,6096.437256574631,27.221116386304356,16.261420249938965,263,1.5382005197054711,0.0024774058,35.03576409170103
0.48602771759033203,21.971275091171265,31.59463866272507,5.3504798412323,100,22.632572650909424,-6.7507135e-06,38.91568060953065,2650000,0.17437219619750977,6119.090474367142,27.18484215569684,16.170682668685913,264,1.5832777668759335,-0.00028391057,34.99812473348582
0.416912317276001,22.22542381286621,31.479608118845537,5.1649675369262695,100,22.78545308113098,-6.7375036e-06,38.22290482410229,2660000,0.14153194427490234,6141.903636932373,27.146790547919,16.618916273117065,265,1.4859412632929063,-0.0016789581,34.96446386372657
0.43738365173339844,21.557387113571167,31.080879507288394,5.245216369628906,100,22.158565759658813,-6.7118776e-06,38.42240635993053,2670000,0.1622939109802246,6164.078950405121,27.025530801940445,15.857807159423828,266,1.604957316977567,-0.0023430802,34.82431205319877
0.43151116371154785,23.49564266204834,31.13676539174775,5.483442068099976,100,24.114687204360962,-6.665844e-06,38.943933790511906,2680000,0.18622493743896484,6188.206703901291,27.05273288181156,17.543277978897095,267,1.7058219779898074,0.0003666494,34.86146973391258
0.3983016014099121,23.271962642669678,31.657191669310997,5.486921787261963,100,23.793771028518677,-6.6466037e-06,38.98657655401606,2690000,0.1203913688659668,6212.01743388176,27.227562630561824,17.311212062835693,268,1.6459948250674272,-0.0019789897,35.04551087089355
0.4951210021972656,22.70513153076172,31.45899501356878,5.511345148086548,100,23.329079151153564,-6.624077e-06,39.212777979706665,2700000,0.12618494033813477,6235.361860513687,27.230513263869174,16.708189964294434,269,1.5890574382430342,-0.001085667,35.05975713642333
0.41704630851745605,21.55559992790222,31.67283392336818,5.235339403152466,100,22.148218393325806,-6.615517e-06,37.82135957537311,2710000,0.17415308952331543,6257.527900457382,27.111270471702998,15.848184823989868,270,1.46824838180532,-0.0015585191,34.93586088827343
0.46280574798583984,23.83857798576355,31.590446131126267,5.964486360549927,100,24.498146533966064,-6.5933677e-06,38.32819112943871,2720000,0.19164490699768066,6282.042664527893,27.08289438000461,17.400479555130005,271,1.411265014755034,-0.0018284789,34.911470291548994
0.4417860507965088,23.107921361923218,30.667744222802526,5.583871841430664,100,23.734793663024902,-6.586423e-06,38.56878770465401,2730000,0.18132710456848145,6305.78871512413,27.169135503744556,17.041669368743896,272,1.491543871168676,-0.0007180053,34.98035833938022
0.42511820793151855,24.41260600090027,31.50342591510277,5.442357778549194,100,24.991042852401733,-6.5709673e-06,38.90575875869428,2740000,0.15223002433776855,6330.798104286194,27.061161518487875,18.48308038711548,273,1.5226857299077006,-0.0014064645,34.85488371384442
0.46381521224975586,21.201250076293945,31.273365674923557,5.325329542160034,100,21.82914662361145,-6.5567947e-06,38.49356781981209,2750000,0.1612262725830078,6352.644010305405,27.250696922073836,15.42177963256836,274,1.568320051942138,-0.00022503616,35.057972353998224
0.4159083366394043,22.333935260772705,31.476772762536022,5.315372467041016,100,22.9496169090271,-6.5198037e-06,38.12243779291289,2760000,0.17922639846801758,6375.612034320831,27.0512272428448,16.49984049797058,275,1.6494922118320081,-0.0012835083,34.855399762545744
0.42402052879333496,22.862454414367676,30.88697422166357,5.45495867729187,100,23.425501346588135,-6.518092e-06,39.53852958797773,2770000,0.13752436637878418,6399.056565761566,27.168055959006452,16.94941997528076,276,1.5962543211278026,-0.0016654432,34.9734660727615
0.45149993896484375,24.606067180633545,31.6774837741428,5.4563024044036865,100,25.2303946018219,-6.4924025e-06,39.4147611579336,2780000,0.1661665439605713,6424.301249742508,27.048256979103066,18.691497087478638,277,1.5267623928191176,0.014143294,34.851128275900216
0.38995814323425293,23.207932949066162,31.46265371934672,5.596211910247803,100,23.761045694351196,-6.471655e-06,39.144052143221415,2790000,0.1624610424041748,6448.079218626022,27.32339192080146,17.118666648864746,278,1.6013336920493653,-0.0021494501,35.13959241045405
0.5130801200866699,23.80170702934265,31.088531773911537,5.512586832046509,100,24.46727466583252,-6.4653977e-06,38.51809778815189,2800000,0.1515803337097168,6472.558484077454,27.255395404649775,17.817228317260742,279,1.6089531337035354,-0.0015203668,35.09034135966144
0.5706892013549805,25.358235597610474,31.393756086588226,5.738081216812134,100,26.15087604522705,-6.449658e-06,37.83843460789584,2810000,0.2180652618408203,6498.725510835648,27.04853687767318,19.099691152572632,280,1.3874169849334017,-0.0007972087,34.83389970931032
0.4902820587158203,21.90094804763794,31.162223141300643,5.340423822402954,100,22.547454357147217,-6.4524743e-06,37.91380713151612,2820000,0.15349555015563965,6521.287526845932,27.009658980684765,16.079216241836548,281,1.4778713792472438,-0.0020349196,34.79505464879184
0.6978199481964111,22.54256248474121,32.07648593127659,5.396856069564819,100,23.38613724708557,-6.4495866e-06,39.10894301369585,2830000,0.14443588256835938,6544.6911787986755,27.273296497373032,16.687267065048218,282,1.4772541006621056,-0.0013817488,35.090484824509964
0.46934008598327637,23.372474670410156,31.68479920912802,5.259569883346558,100,23.944082736968994,-6.429983e-06,38.540620516931426,2840000,0.10116171836853027,6568.657108068466,27.18028504612783,17.66213607788086,283,1.4464840040360656,0.00160333,34.9900944249045
0.432633638381958,22.000067234039307,31.335868441237782,5.181932687759399,100,22.57187032699585,-6.393257e-06,38.92934434662997,2850000,0.1360938549041748,6591.244563579559,27.064306010640852,16.383317470550537,284,1.6514066228246256,-0.00053244433,34.913261205006854
0.4832906723022461,21.482085943222046,30.883548947552384,5.231394052505493,100,22.149166107177734,-6.3556217e-06,38.61022067960603,2860000,0.18280029296875,6613.411033153534,27.002284317849266,15.796958684921265,285,1.5231029507879283,-0.0013630674,34.86550288406028
0.4612264633178711,22.591713905334473,31.130917199504744,5.516878843307495,100,23.210033416748047,-6.332573e-06,39.14654006781345,2870000,0.1552731990814209,6636.638881921768,27.126113609848588,16.613397359848022,286,1.3833965988814243,0.0007963062,35.008390904923004
0.43152332305908203,22.487342357635498,31.620073206707122,5.535972356796265,100,23.071350812911987,-6.2999898e-06,38.87007612774343,2880000,0.14558172225952148,6659.7341067790985,26.99430172266351,16.479393005371094,287,1.5991611282689964,-0.00076848466,34.85708090989413
0.46950197219848633,22.123228311538696,31.673112986103202,5.284536361694336,100,22.75512409210205,-6.275712e-06,37.974137980357966,2890000,0.15913748741149902,6682.50216293335,26.85846559130492,16.38811683654785,288,1.50971207890745,0.0020319591,34.68707681479883
0.5321249961853027,22.28998327255249,31.074810157252838,5.392873525619507,100,23.01094937324524,-6.2243894e-06,39.02123290745062,2900000,0.1841259002685547,6705.531844854355,27.356792932708085,16.45378828048706,289,1.5713208498052766,0.000285087,35.24161501120964
0.4492919445037842,22.723206520080566,31.821147380370157,5.2638938426971436,100,23.306285619735718,-6.1887727e-06,38.27627499949956,2910000,0.13089895248413086,6728.860498905182,26.93389177351532,17.003164052963257,290,1.5070081477791977,-0.0018324662,34.77881058330801
0.42653489112854004,20.93272113800049,31.626926476210016,5.193511724472046,100,21.563185691833496,-6.1421265e-06,38.575349109338376,2920000,0.19817566871643066,6750.440994501114,27.07816374777946,15.295781135559082,291,1.5755684122586258,-0.0021575473,34.940177590595226
0.30335378646850586,18.47090983390808,31.547915663774365,5.276726007461548,100,18.923961639404297,-6.1095143e-06,39.022844989461916,2930000,0.14744281768798828,6769.380168437958,27.080390634683344,12.757106304168701,292,1.4839901826852864,-0.00026706178,34.94692871793684
0.2935459613800049,14.094017267227173,31.774446135991887,4.742736577987671,100,14.461400032043457,-6.0761963e-06,38.73287240772254,2940000,0.07265210151672363,6783.85520195961,27.15313415960272,8.946637868881226,293,1.6109813344626402,0.0015816074,35.01439518264589
0.3118565082550049,14.173353910446167,31.523630116586013,4.788475275039673,100,14.608778238296509,-6.0555194e-06,38.39026386624967,2950000,0.12225914001464844,6798.475127220154,27.143058288343845,8.964056968688965,294,1.5278890442719735,0.0013679296,35.04612741579125
0.27602648735046387,14.2476966381073,31.502221465821222,4.808572769165039,100,14.658996105194092,-6.047237e-06,38.624588208603626,2960000,0.13481450080871582,6813.14478635788,27.176528144465802,9.029409170150757,295,1.5812956221057768,-0.002030815,35.07016206028114
0.30544424057006836,14.252548217773438,31.243927670426405,4.7787535190582275,100,14.671681880950928,-6.00767e-06,39.61347365416403,2970000,0.11284494400024414,6827.828839302063,27.170961624098908,9.060290813446045,296,1.564901352957684,0.0027708316,35.06464585419265
0.23429393768310547,13.738726615905762,31.950781627647206,4.628946304321289,100,14.051071643829346,-5.9832573e-06,38.72126900044824,2980000,0.0772864818572998,6841.8895382881165,27.18337047413149,8.699625968933105,297,1.3298810682023783,-0.0022601066,35.05350738682418
0.2080085277557373,10.9652681350708,31.848506696667773,3.9341988563537598,100,11.28740406036377,-5.9501335e-06,38.328859895427854,2990000,0.1136927604675293,6853.186922550201,27.091033487316633,6.704789161682129,298,1.318341974681945,-0.003218421,34.99201881752802
0.2164289951324463,10.068583965301514,31.04918895381602,3.6233537197113037,100,10.349924087524414,-5.9306103e-06,38.90746258542124,3000000,0.06450271606445312,6863.546426296234,27.216813294963586,6.1395063400268555,299,1.509345119317769,0.002018089,35.0920857569865
